ID,cleaned_smiles,label,set
751823,O=C1CN=C(c2ccccc2)c2cc(Cl)ccc2N1,1,Train
10621731,CC(=O)N[C@H](Cc1ccccc1)C(=O)N1C[C@H](OCc2ccc3ccccc3c2)C[C@@H]1CCCNC(=N)N,0,Train
13927906,COc1cccc(CNC(=O)c2cccc(C(=O)NCc3ccc(C(=O)O)cc3)c2)c1,0,Train
29232387,O=c1[nH]cnc2c(-n3cc(CCN4CCC(c5ccc(F)cc5F)CC4)cn3)nccc12,1,Train
21598068,Cc1c(C(=O)O)sc2ccc(NC(=O)C3(NC(=O)c4ccc5c(C6CCCCC6)c(-c6ccccn6)n(C)c5c4)CCC3)cc12,0,Train
21660169,CN1CCN(CCCNC(=O)[C@@H](Cc2ccc(Cl)cc2)NC(=O)Cc2ccc(Cl)cc2)CC1,0,Train
1084707,CC(C)(C)NC[C@H](O)COc1nsnc1N1CCOCC1,1,Train
9303551,NC1CCN(C2CN(CC[C@]3(c4ccc(Cl)c(Cl)c4)CCC(=O)N(CC4CC4)C3)C2)CC1,0,Train
23305856,O=C(Nc1nnc(NC2CCCC2)s1)c1ccc(O[C@H]2CC[C@@H](C(=O)O)CC2)cc1,0,Train
20243733,CC1CCNC(=O)[C@H](CC2CC2)NC(=O)[C@@H](C(C)C)NC(=O)[C@@H](Cc2cccc(F)c2)NCCOc2ccccc21,1,Train
29190132,Cn1cc(-c2ccc(Cc3n[nH]c4ccc(C(=O)N5CC(F)(F)C5)cc34)cc2)cn1,1,Train
24368069,COCCOCCOCCOc1ccc(C[C@H](NC(=O)O[C@H]2CO[C@H]3OCC[C@@H]23)[C@H](O)CN(CC(C)C)S(=O)(=O)c2ccc(N)cc2)cc1,0,Train
29657827,COc1ccc(-c2cc(C(F)(F)F)c3c(N)ncnn23)cc1N1CCN(C(C)=O)C(C)(C)C1=O,1,Train
4173280,CCN=c1cc2oc3cc(NCC)c(C)cc3c(-c3ccccc3C(=O)OCC)c-2cc1C.Cl,1,Train
23290287,Cc1cc(C)cc(Nc2nccc(-n3cc(C)c(CN4CC[C@@H](O)C4)c3)n2)c1,0,Train
20083455,CN1CCN(Cc2ccc(-c3cccn4nc(Nc5ccc(C(=O)NC6CC6)cc5)nc34)cc2)CC1,0,Train
23434656,O=C(NCCCCC1CC1)c1ccc(N2CCN(C(=O)c3ccccc3C(F)(F)F)CC2)nn1,1,Train
30708679,CC(C)Nc1cc(-n2ccc3cncnc32)ncc1-c1cn([C@@H]2CCNC[C@H]2O)nn1,0,Train
140641,O=c1[nH]c2ccccc2c2ccccc12,1,Train
28803439,COC(=O)/C=C/c1cccc(N(Cc2ccc(-c3ccc4c(cnn4C)c3)cc2)C(=O)C2CCCCC2)c1,0,Train
30875480,CCCCCCNc1nc(NC2CCN(C)CC2)c2cc(OC)c(OC)cc2n1,0,Train
25795811,COC(=O)c1ccc(-c2ccc(Cl)c(OC3OC(CO)C(O)C(O)C3O)c2)cc1,0,Train
27783137,CC[C@H](C)[C@@H]([C@@H](CC(=O)N1CCC[C@H]1[C@H](OC)[C@@H](C)C(=O)N[C@@H](Cc1c[nH]c2ccccc12)C(=O)O)OC)N(C)C(=O)[C@@H](NC(=O)[C@H](C(C)C)N(C)CCCCCC(=O)NCCCC[C@H](N)C(=O)O)C(C)C,0,Train
21895697,Cn1cc(C2CCNCC2)c2ccc(Nc3ccc(F)c(F)c3)cc21,0,Train
25083770,COc1ccc(N2N=C(C(N)=O)C3CCN(c4ccc(C5(CC(N)=O)CC5)cc4)C(=O)C32)cc1.O=C(O)C(F)(F)F,0,Train
3570374,COc1ccc2cc3[n+](cc2c1OC)CCc1cc2c(cc1-3)OCO2,0,Train
27334668,CC(=O)OC[C@H]1O[C@@H](SCc2nnn(-c3ccccc3)c2I)[C@H](OC(C)=O)[C@@H](OC(C)=O)[C@@H]1OC(C)=O,1,Train
18942345,CN(CC(=O)NC1CC1)C(=O)c1ccc2c(c1)c1c(n2C)CC[C@@H](C2CCOCC2)C1,1,Train
24519371,Cc1nc2nc(C(=O)N3CC[C@H](NS(C)(=O)=O)C3)cn2c(-c2ccc(Cl)cc2Cl)c1CN.O=C(O)C(F)(F)F,0,Train
11646853,COc1ccc(-n2nc(C#N)c3c2C(=O)N(c2ccc(C4(CN5CCOCC5)CC4)cc2)CC3)cc1,1,Train
23013072,Cc1nc(-c2c(C3CCCC3)c3ccc(C(=O)NC4(C(=O)Nc5ccc(/C=C/C(=O)O)cc5)CCC4)cc3n2C)cs1,0,Train
10719587,COCC[C@H](CC1(C(=O)NCCCc2ccc(Cl)cc2)CCCC1)C(=O)O,1,Train
18489571,Cc1cccc(C(=O)N2c3cccc(O)c3NC3=C(C(=O)CC(C)(C)C3)[C@@H]2c2ccc(OCc3ccccc3)cc2F)n1,1,Train
30597073,CC(C)(O)[C@H](F)CNC(=O)c1cnc(-c2cnc3cc(C#N)cnn23)cc1Nc1cnn(CC(F)F)c1,0,Train
26534874,CCOC(=O)C1=C(C)N(C(C(=O)OCC)C(=O)OCC)C(C)=C(C(=O)OCC)C1C=Cc1ccccc1,0,Train
6341890,CC(C)NCC(COc1cccc2ccccc12)OC(=O)C1CC1,1,Train
4891881,Cc1nc2n(c(=O)c1CCN1CCC(c3noc4cc(F)ccc34)CC1)CCCC2,1,Train
31506998,CC(C)OC(=O)[C@H](C)NP(=O)(OC[C@H]1O[C@@H](n2ccc(N)nc2=O)C[C@@H]1O)Oc1cccc2ccccc12,0,Train
32612658,Cc1ccnc([C@@H]2CCC[C@H](c3nc4cccc(N5CCN(C)CC5)c4[nH]3)N2C)c1,1,Train
20083502,CC1CN(C(=O)c2ccc(-c3cccn4nc(Nc5ccc(C(=O)N6CCOCC6)cc5)nc34)cc2)CC(C)O1,0,Train
24570988,CC1(C)NC(=O)c2cc(S(=O)(=O)Nc3ccc(C(F)(F)F)cc3)cnc2NC1=O,1,Train
23864741,O=C(N[C@@H]1O[C@H](CO)[C@@H](O)[C@H](O)[C@H]1O)c1nnc(-c2ccccc2)o1,0,Train
779271,CC(=O)Oc1ccccc1C(=O)O,0,Train
9496624,O=C(O)c1ccc2nc(-c3cc(Cl)cc(Cl)c3)oc2c1,1,Train
24828806,CC(=O)N[C@@H](CCN1C2CCC1CC(n1c(C)nc3c1CN(C(=O)C(C)C)CC3)C2)c1ccccc1,1,Train
23176828,CCCN(c1cccnc1)P(=O)(c1ccccc1)c1ccccc1,1,Train
5465006,C=CCNc1nc(NCC=C)nc(N2CCC(NCC(c3ccc(F)cc3)c3ccc(F)cc3)CC2)n1,0,Train
12908230,CC(C)COC(=O)OC[C@H]1O[C@@H](n2ccc(N)nc2=O)[C@](C)(F)[C@@H]1OC(=O)OCC(C)C,0,Train
29268242,COc1nnc2ccc(N3CCC(c4ccc(OCCN5CCN(C)C(=O)[C@H]5C)cc4)CC3)nn12,1,Train
24142632,NC(=O)[C@@H]1CCCN1C(=O)[C@H](Cc1cnc[nH]1)NC(=O)[C@@H]1CCC(=O)N1,0,Train
29066499,CN1CC[C@@]23C=C[C@H](O)C[C@@H]2Oc2c(OC(N)=O)ccc(c23)C1,1,Train
18484663,N=C(N)SCc1c(Br)ccc2c1oc1c(CSC(=N)N)c(Br)ccc12,0,Train
12482318,C[C@@H](c1cccnc1F)c1c(CCN(C)C)sc2ccccc12,1,Train
24710560,CC(C)[C@@H](NC(=O)C(O)(CCC(=O)Nc1cc(C(=O)N[C@@H](C)c2ccccc2)cc(N(C)S(C)(=O)=O)c1)CCc1ccccc1)C(=O)Nc1ccccc1,0,Train
27682095,O=C(NCc1ccccc1-c1ccccc1/C=C/c1ccc(O)cc1)c1ccccc1,0,Train
7801246,CC(=O)N1CCN(C(=O)C(Cc2cccc(C(=N)N)c2)NS(=O)(=O)c2ccc3ccccc3c2)CC1,0,Train
33289302,CC[C@@H](NC(=O)N1C(=O)[C@H](Cc2ccnc(N)c2)[C@H]1C(=O)N(C)c1ncccn1)C1CCCCC1,1,Train
30847433,COCCCOc1cc2c(cc1OC)-c1cc(=O)c(C(=O)O)cn1[C@H](C(C)C)C2,1,Train
6578777,CO[C@@]12CC[C@@]3(C[C@@H]1[C@](C)(O)C(C)(C)C)[C@H]1Cc4ccc(O)c5c4[C@@]3(CCN1CC1CC1)[C@H]2O5,1,Train
20223894,N[C@@H](CC(=O)N1CCC[C@H]1c1noc(C2(C(F)(F)F)CC2)n1)Cc1cc(F)c(F)cc1F,1,Train
12308546,Cc1cc(CC(CC(=O)N2CCC(N3Cc4ccccc4NC3=O)CC2)c2ccccn2)cc2cn[nH]c12,1,Train
12873734,CN1CC[C@]23c4c5ccc(O)c4O[C@H]2[C@@H](O)C=C[C@H]3[C@@H]1C5,0,Train
21199111,CC(=O)Nc1sc2c(c1-c1nc3ccccc3s1)CCN(C(C)C)C2,1,Train
28398791,C=CC(=O)N[C@H]1CCN(c2ccc(C(N)=O)c(Nc3ccc(N4C[C@H](C)O[C@H](C)C4)nc3)n2)C1,0,Train
23600158,CCC1(C)NC(=O)c2cc(S(=O)(=O)N(C)c3ccccc3)ccc2NC1=O,1,Train
21895877,c1cc2c(C3CCNCC3)c[nH]c2cc1Nc1ccc2c(C3CCNCC3)c[nH]c2c1,0,Train
26883105,C[C@@H](NC(=O)Cc1ccc(-c2ccccc2)cc1)c1ccccc1,1,Train
23617981,CCNCC(=O)Nc1ccc(-c2nc(=O)n(CCOC)c3c2oc2ccc(-c4ccc5c(c4)CCN(C)C5)cc23)cc1,0,Train
30280078,Cc1cccc(CN2C(=O)c3cc(-c4nc(Nc5ccnn5C)ncc4C)cn3C[C@H]2C)n1,1,Train
5482739,O=S(=O)(c1cccc2cnccc12)N1CCCNCC1,1,Train
28644360,Cc1cn(-c2ccnc(Nc3cc(C)c(OCCO)c(C)c3)n2)cc1CN1CC[C@@H](O)C1,1,Train
31507008,CC(C)OC(=O)[C@H](C)NP(=O)(OC[C@H]1O[C@@H](n2cnc3c(=O)[nH]c(N)nc32)C[C@@H]1O)Oc1cccc2ccccc12,0,Train
27060703,CS(=O)(=O)c1cc(C#N)ccc1[C@H]1NC(=O)N(c2cccc(C(F)F)c2)C2=C1C(=O)CC2,1,Train
23013163,Nc1cnc2nnn(Cc3ccc4ncccc4c3)c2n1,1,Train
27380028,COc1cc(C(=O)c2ccn(-c3cccc(N)c3)c2)cc(OC)c1OC,1,Train
25265488,CCCCCCC(N)C(=O)NC(=O)[C@H](Cc1ccccc1)NC(=O)[C@H](Cc1c[nH]c2ccccc12)NC(=O)[C@@H]1CCCN1C(=O)[C@H](Cc1ccc(O)cc1)NC(=O)CCC(=O)NC1OC(CO)C(O)C(O)C1O,0,Train
19115698,CCN(CC)c1nn(CCC(C)C)c(=O)c(C2=NS(=O)(=O)c3cc(NS(C)(=O)=O)ccc3N2)c1O,0,Train
30428596,Cc1nc2ccc(-n3ncc(C(=O)c4cc5ccc(S(C)(=O)=O)cc5[nH]4)c3N)cc2[nH]1,0,Train
1071183,Cc1c2oc3c(C)ccc(C(=O)NC4C(=O)NC(C(C)C)C(=O)N5CCCC5C(=O)N(C)CC(=O)N(C)C(C(C)C)C(=O)OC4C)c3nc-2c(C(=O)NC2C(=O)NC(C(C)C)C(=O)N3CCCC3C(=O)N(C)CC(=O)N(C)C(C(C)C)C(=O)OC2C)c(N)c1=O,0,Train
32182783,Cl.N=C(N)NC(=N)N1CC[C@H](c2ccc(F)cc2)C1,0,Train
10369129,CC(C)c1nnc2ccc(-c3cnoc3-c3cc(F)ccc3F)cn12,1,Train
12646503,CCOC(=O)c1cc(C#N)c(N2CCC(C(=O)NS(=O)(=O)c3ccc(Cl)s3)CC2)nc1C,0,Train
92760,Oc1cc(O)c2c(c1)O[C@H](c1ccc(O)c(O)c1)[C@H](O)C2,0,Train
18425047,CN(c1ccc2c(c1)S(=O)(=O)N=C(c1c(O)c(-c3cccs3)nn(CCC(C)(C)C)c1=O)N2)S(C)(=O)=O,0,Train
33607702,CC(C)CCC(=O)NCCCN1C(=O)CCc2cc3cc(c21)OCCCCO[C@H]1C[C@@H](CO)N(C1)c1cc(n2ncc(C#N)c2n1)N3,0,Train
11119644,Cc1c(CN(CCc2ccc(N)cc2)C2CCN(C(=O)c3c(F)cccc3F)CC2)c(=O)n(-c2ccc(F)cc2)n1C,0,Train
8375881,COC(=O)c1ccccc1-c1c2ccc(N)cc2[o+]c2cc(N)ccc12.[Cl-],0,Train
32614138,Cc1cccnc1[C@@H]1CCC[C@H](c2nc3cccc(N4CCN(C(C)C)CC4)n3c2Cl)N1C,0,Train
23670922,COc1ccc(C(C)(C)c2cnc(SCCOc3ccc(-n4ccnc4)cc3)n2-c2ccc(F)cc2)cc1OC,0,Train
25793164,COc1ccc(CCN2CCC(CCc3ccccc3)CC2)cc1,1,Train
10600047,CS(=O)(=O)CCCn1c(Cn2c(=O)n(C3CC3)c3ccncc32)nc2ccccc21,0,Train
1299162,COc1cc2c(c(OC)c1OC)-c1c(cc3c(c1OC)OCO3)C[C@H](C)[C@@](C)(O)C2,1,Train
24425542,C=CCO[C@H](CCC(C)(C)O)[C@](C)(O)[C@H]1CC[C@@]2(O)C3=CC(=O)[C@@H]4C[C@@H](O)[C@@H](O)C[C@]4(C)[C@H]3CC[C@]12C,1,Train
31636871,COc1cc2c(cc1OC)CN(CCc1ccc(NCc3cc(OC)c(OC)c(OC)c3)cc1)CC2,0,Train
28903959,CS(=N)(=O)Cc1cc2nc(c1)OCCCOc1cc(F)ccc1-c1cc(ncc1F)N2,0,Train
20051286,COc1ccc(-c2cccc3nc(Nc4ccc(-c5nnn[nH]5)nc4)nn23)cc1,0,Train
12517323,Cc1ccc2c(c1)c(O)c(C1=CS(=O)(=O)c3ccccc3N1)c(=O)n2CCC1CC1,0,Train
26496350,COC(=O)O[C@H]1C(=O)[C@]2(C)[C@@H](OC)C[C@H]3OC[C@@]3(OC(C)=O)[C@H]2[C@H](OC(=O)c2ccccc2)[C@]23OC(=O)O[C@H]2[C@H](OC(=O)[C@H](O)[C@@H](NC(=O)OC(C)(C)C)c2ccccc2)C(C)=C1C3(C)C,0,Train
26693357,COc1ccc2c(O[C@@H]3C[C@H]4C(=O)N[C@]5(C(=O)NS(=O)(=O)C6CC6)C[C@H]5C=CCCCCC[C@@H](NC(=O)c5ccc(C)s5)C(=O)N4C3)cc(OC(C)C)nc2c1C,0,Train
32179999,CC(=O)N(C)c1ccc(S(=O)(=O)Nc2ccc(Oc3ccc(Cl)c(C(F)(F)F)c3)c(C#N)c2)cc1,0,Train
18462163,N=C(N)SCc1ccccc1Sc1cc(F)ccc1CSC(=N)N,0,Train
11586380,CNC1(c2ccc(N3CCc4c(C(N)=O)nn(-c5ccc(OC)cc5)c4C3=O)cc2)CC1.O=C(O)C(F)(F)F,0,Train
12476116,COc1ccc(C2=N[C@@H](c3ccc(Cl)cc3)[C@@H](c3ccc(Cl)cc3)N2C(=O)N2CCNC(=O)C2)c(OC(C)C)c1,1,Train
9304137,O=C(O)COCCN1CCN(C(COCc2cc(C(F)(F)F)cc(C(F)(F)F)c2)c2ccccc2)CC1,0,Train
32704825,Nc1ncc(-c2cnc(C3CCNCC3)s2)cc1OC1CCCCC1,0,Train
831231,Cn1c(S)nc2c1c(=O)n(Cc1ccccc1)c(=O)n2C,1,Train
12745427,COc1ccc2c(Oc3ccc(NC(=O)c4c(C)n(CC(C)(C)O)n(-c5ccccc5)c4=O)nc3)ccnc2c1,1,Train
11625967,O=c1cc(-c2ccc(O)cc2)oc2ccncc12,0,Train
28665371,CC(=O)C1=C(O)C(Cc2ccccc2)N(CCn2c([N+](=O)[O-])cnc2C)C1=O,1,Train
23618035,CCNCC(=O)Nc1ccc(-c2nc(=O)n(CCCOC)c3c2oc2ccc(Cl)cc23)cc1,0,Train
21543474,CCCS(=O)(=O)Nc1ccc(F)c(C(=O)Nc2cnc3[nH]ccc3c2)c1F,0,Train
30487039,COc1ccc(-c2nnc(C(=O)N3CCC(Oc4ccc(CN5CCN(C)CC5)cc4)CC3)o2)cc1,0,Train
32257222,CC(=O)N1CCN([C@H]2CC[C@H](Nc3ncnn4ccc(C5CCOCC5)c34)CC2)CC1,1,Train
19574299,Cc1ccccc1C#Cc1ccc(CCC(=O)O)cc1,1,Train
11806079,COc1cccc(Cn2nnc(-c3cccc(C(=O)NCc4ccc(C(=O)O)cc4)c3)n2)c1,0,Train
2162244,CCCC(=O)Nc1ccc(OCC(O)CNC(C)C)c(C(C)=O)c1,0,Train
32601115,Cc1cccnc1C1CCCN1Cc1cn2c(N3CCN(C)C4(CC4)C3)cccc2n1,1,Train
10492881,CCCOc1ncc(C(C)=O)cc1-c1nc2c(CC)n(C3CN(C(C)C)C3)nc2c(=O)[nH]1,1,Train
28935769,Cc1nc(-c2nc[nH]n2)ccc1-c1cnc2c(n1)N([C@H]1CC[C@@H](O)CC1)C(=O)CN2,0,Train
24398241,Cl.Cn1c(N2CCN(CCCN3c4ccccc4Sc4ccc(CC(=O)O)cc43)CC2)cc(=O)n(C)c1=O,1,Train
26750955,O=C(O)CC1CCC(c2ccc(-c3ccc4c(c3)OCCN4C(=O)Nc3ccccc3)cc2)CC1,1,Train
12676280,COc1cc(C)c(S(=O)(=O)N(C)CCOCC(=O)N2CCN(CC3CCN(C)CC3)CC2)c(C)c1.O=C(O)/C=C/C(=O)O,0,Train
32614185,CN1[C@H](c2ncccc2Cl)CCC[C@@H]1c1cn2c(N3CCN(C)C4(CC4)C3)cccc2n1,1,Train
27682014,COc1ccc(/C=C/c2ccccc2-c2ccccc2CNC(=O)Cc2ccc(OC)cc2)cc1,0,Train
28803416,[2H]C(c1ccc(-c2ccc(N(C)C)cc2)cc1)N(C(=O)C1C[C@H]2CC[C@@H]1C2)c1cc(F)cc(/C=C/C(=O)OC)c1,0,Train
30169891,O=[N+]([O-])c1ccc(N[C@H]2CC[C@H](Oc3cncc(N4CCN(Cc5ccc(C(F)(F)F)cc5)CC4)c3)CC2)cc1C(F)(F)F,0,Train
8452129,COc1ccc2ccc(S(=O)(=O)N[C@@H]3CCN(Cc4cccc(C(=N)N)c4)C3=O)cc2c1,0,Train
18942344,CN(CCC(=O)NC1CC1)C(=O)c1ccc2c(c1)c1c(n2C)CCC(C2CCOCC2)C1,1,Train
20052139,O=C(O)CCc1ccc(C#Cc2cc(Cl)nc(Cl)c2)cc1,1,Train
30708677,CC(C)Nc1cc(-n2ncc3cc(C#N)cnc32)ncc1-c1cn([C@H]2CCN(S(C)(=O)=O)C[C@H]2O)nn1,0,Train
12590933,O=C(c1ccccc1C(F)(F)F)N(CC1CCC1)[C@H]1CCNC1,1,Train
24190075,CN1C(=N)N[C@](C)(c2cc(NC(=O)c3ccc(Cl)cn3)ccc2F)CS1(=O)=O,1,Train
28803342,[2H]C(c1ccc(-c2ccc(N(C)C)cc2)cc1)N(C(=O)[C@@H]1C[C@@H]2CC[C@H]1C2)c1cccc(/C=C/C(=O)OC)c1,0,Train
20267526,Cn1nnc(-c2c(F)cc(Cl)cc2-c2cnc(CNC(=O)N(O)C3CCC(F)(F)CC3)c(F)c2)n1,1,Train
23751817,Cc1ccc(C(=O)N(CC(=O)Nc2ncc(-c3ccc(N)cc3)s2)Cc2ccccc2)cn1,1,Train
11586426,COc1ccc(-n2nc(S(C)(=O)=O)c3c2C(=O)N(c2ccc(C4(CN5CCCC5)CC4)cc2)CC3)cc1.O=C(O)C(F)(F)F,0,Train
13005131,O=C(O)Cn1cc(-c2cnc3nnn(Cc4ccc5ncccc5c4)c3n2)cn1,0,Train
23906647,N#Cc1ccc2cc3c(=O)[nH]c(=O)nc-3n(-c3cccc(S(N)(=O)=O)c3)c2c1,1,Train
32601114,Cc1cccnc1C1CCCN1Cc1nc2cccc(N3CCN(C)C4(CC4)C3)c2[nH]1,1,Train
5284008,CC(C)NCC(O)COc1ccc(CCC(=O)O)cc1,1,Train
15557730,CC(=O)CC(c1ccccc1)c1c(O)c2ccccc2oc1=O.[NaH],1,Train
14172658,CCCCN1CCC(CNC(=O)c2cc(Cl)c(N)n(C)c2=O)CC1,0,Train
33289327,CN(C(=O)[C@@H]1[C@@H](Cc2ccnc(N)c2)C(=O)N1C(=O)N[C@@H](C1CC1)C(F)(F)F)c1ccccc1,1,Train
24073851,CCCS(=O)(=O)Nc1ccc(F)c(C(=O)Nc2cnc3[nH]c(-c4ccccc4)cc3c2)c1F,0,Train
32571729,c1ccc2c(c1)OCCN2c1ccnc2[nH]ccc12,1,Train
27007974,Cc1ncc(CN[C@@H]2CCN(CCn3c(=O)ccc4ccc(C#N)cc43)C[C@@H]2F)cc1C#N,1,Train
29190138,Cn1cc(-c2ccc(Cc3n[nH]c4ccc(C(=O)N5CCNCC5)cc34)cc2)cn1,0,Train
29232383,O=c1[nH]cnc2c(-n3cc(CCN4CCC(c5cccc(Cl)c5)CC4)cn3)nccc12,1,Train
23305823,O=C(Nc1nnc(Cc2ccccc2)s1)c1ccc(O[C@H]2CC[C@@H](C(=O)O)CC2)cc1,0,Train
14574003,C=CC(=O)Nc1ccc2ncnc(Nc3ccc(OCc4cccc(F)c4)c(Cl)c3)c2c1,0,Train
64479,O=c1c(-c2ccc(O)cc2)coc2cc(O[C@@H]3O[C@H](CO)[C@@H](O)[C@H](O)[C@H]3O)cc(O)c12,0,Train
12733020,O=C1N(Cc2ccc(Cl)cc2)c2ccccc2C1(O)c1ccccc1,1,Train
15873776,O=C(C1CCN(c2ccncc2)CC1)N1CC[C@@H](CNS(=O)(=O)c2ccc(-c3ccc(Cl)s3)s2)C1,0,Train
2194425,CC1=C(O)C(=O)C=C2C1=CC=C1[C@@]3(C)CC[C@@]4(C)CC[C@@](C)(C(=O)O)C[C@H]4[C@]3(C)CC[C@@]21C,0,Train
11716280,COc1c(C)cnc(Cn2cc(C#CCC(C)(C)O)c3c(Cl)nc(N)nc32)c1C,1,Train
11646866,COc1ccc(-n2nc(C(N)=O)c3c2C(=O)N(c2ccc(C4(N(C)CCO)CC4)cc2)CC3)cc1,0,Train
27104772,CCNC(=O)N1C(=O)N(c2cccc(C(F)(F)F)c2)C2=C(C(=O)CC2)[C@H]1c1ccc(C#N)cc1S(C)(=O)=O,1,Train
32601177,Cc1cccnc1CN1CCCC1c1nccn1CC1CCN(C)CC1,1,Train
12287778,CCCC(=O)Nc1ccc(C(=O)Nc2nccs2)cc1,1,Train
27219163,CCn1ccc(-c2cnc3oc4c(-c5ccc(NC)nc5)nc(=O)n(CCC5CCCCO5)c4c3c2)c1,0,Train
30279914,Cc1cccc(CN2C(=O)c3cc(-c4nc(Nc5ccnn5C)ncc4C)cn3C[C@@H]2C)n1,1,Train
18556843,CCCCn1c(=O)c2cc(Cl)cnc2n1Cc1ccc(-c2ccccc2-c2nn[nH]n2)cc1,1,Train
73066,CCN1C[C@@]2(COC)[C@H]3[C@@H](OC)[C@H]4C1[C@]3([C@@H](OC)C[C@H]2O)[C@@H]1C[C@]2(O)[C@@H](OC)[C@H](O)[C@@]4(O)[C@H]1[C@H]2OC(=O)c1ccccc1,0,Train
4839096,CCc1c2c(nc3ccc(OC(=O)N4CCC(N5CCCCC5)CC4)cc13)-c1cc3c(c(=O)n1C2)COC(=O)[C@]3(O)CC,0,Train
11226308,CCC[C@@H](C[C@H](C)NC(=O)[C@H](C)C[C@@H](NC(=O)[C@@H](Cc1ccccc1)C[C@@H](C)N)C(C)C)C(=O)O,0,Train
23692253,COc1cccc(-c2cccc(C3(C)COCC(N)=N3)c2)c1,1,Train
21578264,CCCCc1ccc(-c2nc(C)c(C(C)=NNC(=N)N)s2)cc1,0,Train
30698653,CN(C)S(=O)(=O)n1cc(-c2nc(-c3nc(C4(c5ccccc5)CC4)n(C)n3)cnc2N)cn1,1,Train
31164430,Cc1ccc(NC(=O)c2cccc(C(F)(F)F)c2)cc1NC(=O)c1cncc(-c2cnn(C)c2)c1,1,Train
22956781,C=C1c2ccccc2C(=O)N(C)c2ccc(O)cc21,1,Train
29817441,COC[C@@H](Nc1ncnc2[nH]c(-c3ccccc3OC(F)F)cc12)c1ccccc1,1,Train
11625981,O=c1cc(-c2ccc(O)c(F)c2)oc2ncccc12,0,Train
22143008,Cc1ccc(NS(C)(=O)=O)c(C(=O)N2CCCC[C@H]2c2cc3[nH]c(C)c(C)c(=O)n3n2)c1,0,Train
12676247,COc1cc(C)c(S(=O)(=O)N(C)CCOCC(=O)N2CCC(N3CCN(C)CC3)CC2)c(C)c1.O=C(O)/C=C/C(=O)O,0,Train
18301870,Cc1nn(-c2ccccn2)c(O)c1-c1ccc(C(F)(F)F)cc1,0,Train
32584357,Cc1cn2c(-c3cn[nH]c3)cnc2c(Nc2cc(Cc3ccccn3)ns2)n1,0,Train
32601262,Cc1cccnc1C1CCCN1Cc1nc2cccc(N3CCN(C)CC3)n2c1Br,1,Train
28803443,COC(=O)/C=C/c1cc(F)cc(N(Cc2cccc3cc4cnn(C)c4cc23)C(=O)[C@@H]2C[C@@H]3CC[C@H]2C3)c1,0,Train
21859086,Nc1ncnc2c1C(=O)N(c1ccc(-c3ccc(CN4CC[C@H](O)C4=O)cc3Cl)cc1)CCO2,0,Train
32378561,COC(=O)N1CCN([C@H]2CC[C@H](Nc3ncnn4ccc(C(C)C)c34)CC2)CC1,1,Train
25663426,COC(=O)N[C@@H](C(=O)NN(CC[C@@]1(Cc2ccccc2)C(=O)N(C2c3ccccc3C[C@H]2O)C[C@@H]1O)Cc1ccc(-c2cccnc2)cc1)C(C)(C)C,0,Train
27367644,COC(=O)N[C@H](C(=O)NN(CCC[C@@]1(O)Cc2ccc(cc2)/C=C\\CNC(=O)[C@H](C(C)C)NC1=O)Cc1ccc(-c2ccccn2)cc1)C(C)(C)C,0,Train
32700691,C[C@]12CC(=O)N3[C@@H]1c1[nH]c4ccccc4c1C[C@@H]3C(=O)N[C@@H](CCC(=O)O)C(=O)N[C@H](C(N)=O)Cc1ccc(cc1)OC/C=C/c1cccc(c1)C2,0,Train
25873643,CCCCCCC(N)C(=O)N[C@@H](CCC(N)=O)C(=O)N[C@@H](Cc1cnc[nH]1)C(=O)N1CCC[C@H]1C(=O)NC1OC(C(N)=O)C(O)C(O)C1O,1,Train
1915950,CC(=O)[C@H]1CC[C@H]2[C@@H]3CCC4=CC(=O)CC[C@]4(C)[C@H]3CC[C@]12C,1,Train
10221370,Cn1nnnc1-c1cccc(NC(=O)N[C@@H]2CCCC[C@H]2CN2CCC[C@@H](Cc3ccc(F)cc3)C2)c1,0,Train
24624895,CN1CCN(C[C@@H](NC(=O)C[C@H]2CNC(=O)c3cc(-c4cccc(F)c4)cn32)C2CCCCC2)CC1.O=C(O)C(F)(F)F,0,Train
18484652,N=C(N)SCc1cccc2c1sc1c(CSC(=N)N)cccc12,0,Train
29619279,COc1cc(NC(=O)c2cnc3ccccc3c2)c(C(=O)Nc2ccc(CCN3CCc4cc(OCCF)c(OC)cc4C3)cc2)cc1OC,0,Train
32612663,Cc1cccnc1[C@@H]1CCC[C@H](c2nc3ccccc3[nH]2)N1CCCCN,0,Train
12229887,CC(C)(CNC(=O)c1ccc(NC=O)cc1)[C@H]1Nc2ccc(C#N)cc2[C@H]2C=CC[C@H]21,1,Train
12530285,O=C(N[C@@H](Cc1ccc(F)c(Br)c1)C(=O)O)c1ccc(Br)cc1NS(=O)(=O)c1cccc2nccnc12,0,Train
27178002,COC[C@H](NC(=O)Cc1cc(Cl)cc(Cl)c1)C(=O)NCc1ccnc(C#N)n1,1,Train
25266020,COc1ccc(-c2c(C3CCCC3)c3ccc(C(=O)NC(C)(C)C(=O)Nc4ccc(/C=C/C(=O)O)cc4)cc3n2C)cn1,0,Train
20611466,COc1ccc2oc(C(=O)NC3(C(=O)N[C@@H](CCCN4CCN(CC5CCOCC5)CC4)Cc4ccccc4)CCCC3)cc2c1.O=C(O)C(F)(F)F,0,Train
32357261,CC(=NNC1=NCCN1)c1sc(-c2ccc(C#CC3CC3)cc2)nc1C,0,Train
29230772,CN1CCC2=C(C1=O)[C@@H](c1ccc(C#N)cc1)NC(=O)N2c1cccc(C(F)(F)F)c1,1,Train
29357909,C[C@@H]1CN(c2cc(=O)c3cc(C(=O)N4CCOCC4)cc(CN4CCOc5c(F)cc(F)cc54)c3o2)CCO1,0,Train
10221745,CS(=O)(=O)c1ccccc1-c1ccc(NC(=O)c2cc(C(F)(F)F)nn2-c2ccc3onc(N)c3c2)c(F)c1,0,Train
12223443,CN(Cc1ccccc1)C(=O)[C@@]1(c2ccc(Cl)c(Cl)c2)C[C@H]1CN1CCC(NC(N)=O)(c2ccccc2)CC1,0,Train
20646538,O=C(NN=Cc1cc(Br)cc(Br)c1O)c1ccc(Br)cc1,0,Train
21448131,CC(=O)N1CCC(Nc2ncc3cc(Oc4ccc(F)cc4F)c(=O)n(C)c3n2)CC1.Cl,1,Train
11415694,O=C(CN1CCC[C@H](NS(=O)(=O)c2ccc3cc(Cl)ccc3c2)C1=O)N1CC2CC(C1)CN(C(=O)C1CCNCC1)C2,0,Train
24526901,CC(Cc1cc(F)ccc1F)Nc1cc[nH]c(=O)c1-c1nc2cc3c(cc2[nH]1)CNC3=O,0,Train
12549358,Cc1ccc(N2c3cccc(C(=O)Nc4ccc(OC(F)(F)F)cc4)c3OC[C@@H]2CO)nc1,1,Train
30708614,[2H]C([2H])([2H])C(=O)N1CC(n2cc(-c3cnc(-n4ncc5cc(C#N)cnc54)cc3NC(C)C)nn2)C1,0,Train
5286468,O=C1OC[C@H](Cc2cccc(O)c2)[C@H]1Cc1cccc(O)c1,1,Train
11300181,CC#CCn1c(N2CCC[C@@H](N)C2)nc2c1c(=O)n(Cc1nc(C)c3ccccc3n1)c(=O)n2C,0,Train
29236019,CS(=O)(=O)c1cc(C#N)ccc1C1C2=C(CCCC2=O)N(c2cccc(C(F)(F)F)c2)C(=O)N1CC1COC1,1,Train
28157265,C=CC(=O)N1CCN(c2ccc(C(N)=O)c(Nc3ccc(CCN4CCCC4)cc3)n2)CC1,0,Train
30708944,CC(C)Nc1cc(-n2ncc3cc(C#N)cnc32)ncc1-c1cn([C@H]2CC[C@H](N)CC2)nn1,0,Train
24523513,CC(=O)N1CCC(Nc2ncc3cc(Oc4ccc(F)cc4F)c(=O)n(C)c3n2)CC1.Cl,1,Train
33381117,CC[C@@H](O)[C@@](C)(O)C1OC(=O)[C@H](C)[C@@H](O[C@H]2C[C@@](C)(OC)[C@@H](O)[C@H](C)O2)[C@H](C)[C@@H](O[C@@H]2O[C@H](C)C[C@H](NC)[C@H]2O)[C@@]2(C)CC(C)=C(O2)[C@@H]1O,0,Train
21177500,COc1cccc(-c2cccc(C3(C4CCOCC4)N=C(C)C(N)=N3)c2)c1,1,Train
22663959,CCN(CC)C(=O)COC(=O)c1ccc2nc(C(F)(F)F)n(C)c2c1,1,Train
20083477,O=C(NC1CC1)c1ccc(Nc2nc3c(-c4ccc(CN5CCC(F)CC5)cc4)cccn3n2)cc1,0,Train
32614160,CC(C)N1CC2CCC(C1)N2c1cccc2nc([C@H]3CCC[C@@H](c4ncccc4Cl)N3C)c(CO)n12,1,Train
23718326,CC1CCC(C(=O)N(c2ccc(Oc3ncccc3C(F)(F)F)cc2C(=O)O)C(C)C)CC1,1,Train
2997467,CC(C)C[C@H](NC(=O)[C@@H](N)Cc1ccc(O)cc1)C(=O)O,0,Train
22093637,C[C@H](CCC(=O)N[C@@H](CCCCNC(=O)c1cccnc1)C(=O)O)[C@H]1CC[C@H]2[C@H]3[C@H](CC[C@@]21C)[C@@]1(C)CC[C@@H](O)C[C@H]1C[C@H]3O,0,Train
12646407,CCCC(=O)c1cnc(N2CCN(C(=O)NS(=O)(=O)c3ccc(Cl)s3)CC2)c(Cl)c1,0,Train
33434971,C=CC(=O)N[C@H]1CCN(c2nc(Nc3ccc(N4C[C@H](C)O[C@H](C)C4)cc3)c(C(N)=O)cc2F)C1,0,Train
20009245,O=C(NCCC1CC1)c1ccc(N2CCN(C(=O)c3ccccc3C(F)(F)F)CC2)nn1,1,Train
21177491,CC#Cc1cncc(-c2cccc(C3(C4CC4)N=C(C)C(N)=N3)c2)c1,1,Train
26161557,Cn1c(-c2ccccn2)c(C2CCCCC2)c2ccc(C(=O)NC3(C(=O)Nc4ccc(/C=C/C(=O)O)cc4)CCOCC3)cc21,0,Train
10717969,O=C1NC(c2cccs2)(c2cccs2)CN1C1CCN(Cc2cccc(F)c2)CC1,1,Train
18424986,CC(C)CCn1nc(-c2cccs2)c(O)c(C2=NS(=O)(=O)c3cc(NS(C)(=O)=O)ccc3N2)c1=O,0,Train
31519820,CCS(=O)(=O)N1C[C@H](N(C)c2ncnc3[nH]ccc23)C2(CC2)C1,1,Train
32746068,COc1ccccc1[C@H](N)CNc1cc(C)nc2nc(N[C@H](CC#N)c3cccc(Cl)c3)nn12,0,Train
13062395,C[C@@H]1CCCN1CCCOc1ccc(C2=NNC(=O)[C@H]3C[C@@H]23)cc1,1,Train
32632831,COc1cc(NC2CN(CCCF)C2)ccc1[C@@H]1c2ccc3[nH]ncc3c2C[C@@H](C)N1CC1(F)CC1,0,Train
32329083,OC[C@H]1O[C@H](Sc2cc(Cl)c(F)c(Cl)c2)[C@H](O)[C@@H](n2cc(-c3cscn3)nn2)[C@H]1O,0,Train
24230980,COc1ccc(-n2nc(C(N)=O)c3c2C(=O)N(c2ccc(C4(CC(N)=O)CC4)cc2)CC3)cc1.O=C(O)C(F)(F)F,0,Train
30597020,CC(C)(O)[C@H](F)CNC(=O)c1cnc(-c2cnc3cc(C#N)cnn23)cc1NCCC(F)(F)F,0,Train
26467371,C[C@@H]1COCCN1c1cc(=O)n2c(n1)N(Cc1ccon1)[C@H](C(F)(F)F)CC2,0,Train
29657724,CC(=O)N1CCN(c2cccc(-c3cc(-c4nnc(C)s4)c4c(N)ncnn34)c2)C(=O)C1(C)C,1,Train
10602710,N#CCCCn1c(Cn2c(=O)n(CC(F)(F)F)c3ccncc32)nc2ccccc21,1,Train
19611824,N=C(N)NCCC[C@@H](NC(=O)[C@@H](CCCNC(=N)N)NC(=O)[C@@H](CCCNC(=N)N)NC(=O)[C@@H](CCCNC(=N)N)NC(=O)[C@@H](CCCNC(=N)N)NC(=O)[C@@H](CCCNC(=N)N)NC(=O)[C@@H](CCCNC(=N)N)NC(=O)CCCNC(=O)[C@@H](CC(N)=O)NC(=O)CCC(=O)OCCNC(=S)Nc1ccc(-c2c3ccc(=O)cc-3oc3cc(O)ccc23)c(C(=O)O)c1)C(N)=O,0,Train
29254145,CC(=O)C1=C(C)N(c2cccc(C(F)(F)F)c2)C(=O)N(C)C1c1ccc(C#N)cc1-c1nnc(C)o1,1,Train
18484656,N=C(N)SCc1c(F)ccc2c1oc1c(CSC(=N)N)c(F)ccc12,0,Train
30708563,CC[C@@](C)(O)Cn1cc(-c2cnc(-n3ncc4cc(C#N)cnc43)cc2NC(C)C)nn1,1,Train
11157896,CCOCCN(c1c(Cl)c(Cl)cc2[nH]c(=O)c(=O)[nH]c12)S(C)(=O)=O,1,Train
20446589,C=CCCCCN(C)C(=O)[C@@H]1C[C@H](Oc2nc(-c3ccc(F)cc3)nc3cc(OC)ccc23)C[C@H]1C(=O)N[C@]1(C(=O)NS(=O)(=O)C2CC2)C[C@H]1C,1,Train
26010742,CC1(C)CC(OC(=O)c2ccc(Oc3cccc(-c4ccnnc4)c3C#N)c(Cl)c2)CC(C)(C)N1,1,Train
26150194,COc1ccc2c(O[C@@H]3C[C@H]4C(=O)N[C@]5(C(=O)NS(=O)(=O)C6CC6)C[C@H]5/C=C\\CCCCCCNC(=O)N4C3)nc(-c3ccccc3)nc2c1C,1,Train
12093747,O=C(c1ccc(O)cc1OC[C@@H](O)CN1CCC2(CC1)Cc1cc(Cl)ccc1O2)N1CCCC1,1,Train
32186340,COCc1nn(Cc2ccc(Cn3cc(C)cn3)cc2)cc1C(=O)NCc1c(-n2cnnn2)ccc(OC)c1F,1,Train
31185963,COc1ccc2c(c1CN1CCNCC1)OC(=Cc1c[nH]c3ncccc13)C2=O,0,Train
12446725,O=C1c2ncc3c(c(S(=O)(=O)N4CCOCC4)cn3Cc3ccc(F)cc3)c2CCN1O,0,Train
237979,COc1ccc(-c2coc3cc(O)ccc3c2=O)cc1,1,Train
12733088,O=C1N(CC2CCC2)c2ccccc2C1(O)c1ccc2c(c1)OCO2,1,Train
29190117,CNC(=O)c1ccc2[nH]nc(Cc3ccc(-c4cnn(C)c4)cc3)c2c1,1,Train
26161559,CN1CCC(NC(=O)c2ccc3c(C4CCCCC4)c(-c4ccccn4)n(C)c3c2)(C(=O)Nc2ccc(/C=C/C(=O)O)cc2)CC1,0,Train
9882647,Cc1cc(COc2ccc(S(=O)(=O)CC3(CC(=O)NO)CCCNC3)cc2)c2ccccc2n1,0,Train
29186247,COc1ccc(S(=O)(=O)Nc2cc3c(cc2Oc2cccc(OCc4ccccc4)c2)n(C)c(=O)n3C)cc1OC,1,Train
12773730,CCCc1nc(C)c2c(=O)[nH]c(-c3cc(S(=O)(=O)N(C)[C@@H](C)C(=O)N(C)C)ccc3OCC)nn12,1,Train
12666744,COc1cc(C)c(S(=O)(=O)N(C)CCOCC(=O)N2CCC(N3CCN(C)CC3)CC2)c(C)c1,0,Train
30631446,CCSC(=O)O[C@H]1C[C@H]2OC[C@@]2(OC(C)=O)[C@H]2[C@H](OC(=O)c3ccccc3)[C@]3(O)C[C@H](OC(=O)[C@H](O)[C@@H](NC(=O)N(C)C)c4ccccc4)C(C)=C([C@@H](OC)C(=O)[C@]12C)C3(C)C,1,Train
20490008,O=C(O)C1CN(Cc2ccc(-c3noc(-c4onc(-c5ccccc5)c4C(F)(F)F)n3)cc2)C1,1,Train
12287785,CC(C)(C)CC(=O)Nc1ccc(C(=O)Nc2nccs2)cc1,1,Train
4275446,N[C@@H](Cc1ccc(O)cc1)C(=O)N[C@@H](Cc1c[nH]c2ccccc12)C(=O)O,0,Train
22001290,CCOC(=O)N1CCC(NC(=O)Cc2ccc(N3CC[C@H](N4CCC[C@@H]4C)C3)cc2)CC1,0,Train
13022037,OCCNc1cnc2nnn(Cc3ccc4ncccc4c3)c2n1,0,Train
30698659,Cn1nc(-c2cnc(N)c(-c3ccc(C(N)=O)cc3)n2)nc1C1(c2ccccc2)CC1,0,Train
32515454,COc1cc(C)cc2cc(-c3cc(CN4CCN(C(C)=O)CC4)n4ncnc(N)c34)sc12.O=CO,1,Train
25762419,COC(=O)c1nnc(NS(=O)(=O)c2ccc(N)cc2)s1,0,Train
22108287,COc1ccc(-c2nnc(C(=O)N3CC(Oc4ccc(CN5CCOCC5)c(OC)c4)C3)o2)cc1,1,Train
20051448,O=C(c1ccc(-c2cccc3nc(Nc4ccc(C(=O)N5CCOCC5)cc4)nn23)cc1)N1CCCCC1,0,Train
22108269,COc1ccc(-c2nnc(C(=O)N3CC(Oc4ccc(CN5CCCC5)cc4)C3)o2)cc1,1,Train
2708696,CC1CC2C3CCC4=CC(=O)C=C[C@]4(C)C3=CC[C@]2(C)C1(O)C(=O)CO,1,Train
12446745,O=C1c2ncc3c(c(CN4CCC(F)(F)C4)cn3Cc3ccc(F)cc3)c2CCN1O,0,Train
10219441,Nc1noc2ccc(-n3nc(C(F)(F)F)cc3C(=O)Nc3ccc(-n4ccnc4CO)cc3F)cc12,0,Train
11987872,COc1cc(NC(=O)CCN2CCC(OC(=O)Nc3ccccc3-c3ccccc3)CC2)c(Cl)cc1CNC[C@H](O)c1ccc(O)c2[nH]c(=O)ccc12,0,Train
18565029,CNCC(=O)N[C@H](c1cccc(F)c1N1CCN(C(=O)[C@H](C)Cc2ccc(Cl)cc2Cl)CC1)C(C)C.CS(=O)(=O)O,0,Train
27806683,CS(=O)(=O)Cn1cnc2c(N3CCOCC3)nc(-c3cccc4[nH]ccc34)cc21,1,Train
19799943,O=C(c1ccc(OC2CC(N3CCCCC3)C2)cc1)N1CCC(F)(F)C1,1,Train
23013104,CNc1nc(-c2c(C3CCCC3)c3ccc(C(=O)NC4(C(=O)Nc5ccc(C=CC(=O)O)cc5)CCCC4)cc3n2C)cs1,0,Train
31636873,COc1cc2c(cc1OC)CN(CCc1ccc(NC/C=C/c3cc(OC)c(OC)c(OC)c3)cc1)CC2,0,Train
23745583,CN(C)c1ccc(-c2nc(=O)n(CCC3CCCO3)c3c2oc2cc(F)c(-c4cnn(C)c4)cc23)cn1,0,Train
13023349,Cc1nc2ccccc2c(-c2ccc(Cl)cc2)c1[C@H](OC(C)(C)C)C(=O)O,1,Train
13087108,Cc1nc(OCc2c(-c3c(Cl)cccc3Cl)noc2C(C)C)ccc1N(C)S(=O)(=O)c1ccc(C(=O)O)cc1,1,Train
26424179,CC(=O)N1CCN(c2ccc(Oc3ccc(Cl)cc3O)cc2)CC1,1,Train
27345439,NC1=N[C@](c2ccc(OC(F)F)cc2)(c2cccc(OCCF)c2)C2=NCC(F)(F)CN12,0,Train
3918400,CCCCNc1ccc(C(=O)OCCN(C)C)cc1.Cl,1,Train
20606812,CCCS(=O)(=O)c1ccc(F)c(C#Cc2cc(Cl)ccc2OCC(=O)O)c1,1,Train
31037252,CC(C)OC(=O)C1(NP(=O)(OC[C@H]2O[C@@H](c3cnc4c(N)ncnn34)[C@](C)(F)[C@@H]2O)Oc2ccccc2)CCC1,0,Train
24368073,COCCOCCOCCOCCOCCOCCOCCNc1ccc(S(=O)(=O)N(CC(C)C)C[C@@H](O)[C@H](Cc2ccccc2)NC(=O)O[C@H]2CO[C@H]3OCC[C@@H]23)cc1,0,Train
14112791,CNC(=O)c1ccc(OC)c2c(C(=O)C(=O)N3CCN(C(=O)c4ccccc4)CC3)c[nH]c12,0,Train
25825534,CCC1(O)CC2CC[C@@H](NC(=O)c3nc(-c4cccc(-c5cnn(C)c5)c4)cnc3N)C(C2)C1,1,Train
29475921,COc1ccc(-c2nnn[nH]2)cc1-c1ccc(C#CCO)s1,0,Train
12763526,CC1CCCN1CCCOc1ccc(-c2nc(CNC3CCCC3)co2)cc1,1,Train
23718322,O=c1ncn(Cc2c(F)cc(F)cc2F)c2ccc(Oc3cccnc3C(F)(F)F)cc12,1,Train
25994341,N=C(N)NCCC[C@H](NC(=O)[C@H](CCCNC(=N)N)NC(=O)[C@H](CCCNC(=N)N)NC(=O)[C@H](CCCNC(=N)N)NC(=O)[C@H](CCCNC(=N)N)NC(=O)[C@H](CCCNC(=N)N)NC(=O)[C@H](CCCNC(=N)N)NC(=O)CCCNC(=O)C(CN)NC(=O)CCC(=O)OCCNC(=S)Nc1ccc(-c2c3ccc(=O)cc-3oc3cc(O)ccc23)c(C(=O)O)c1)C(N)=O,0,Train
26830591,N[C@H]1CCCC[C@H]1Nc1cc2nc[nH]c(=O)c2c(Nc2cccc3cc[nH]c23)n1,0,Train
25999079,COc1cc([C@H]2Oc3c(OC)c(I)c4cc(I)c(=O)oc4c3O[C@@H]2CO)cc(I)c1OC,1,Train
20007937,CC(C)CC1CN(C(=O)C(=O)c2c[nH]c3cccc(F)c23)CCN1C(=O)c1ccccc1,1,Train
26691445,O=c1ncn(Cc2c(F)cc(F)cc2F)c2ccc(Oc3cccc(-c4ccc5[nH]cnc5c4)c3C(F)(F)F)cc12,0,Train
8180351,NC(=O)[C@H](Cc1ccccc1)NC(=O)[C@H](Cc1c[nH]c2ccccc12)NC(=O)[C@@H]1CCCN1C(=O)[C@@H](N)Cc1ccc(O)cc1,0,Train
10603917,O=c1n(Cc2nc3ccccc3n2CCCCO)c2cnccc2n1C1CCCC1,1,Train
20834828,O=C(c1nnc(-c2ccccc2)o1)N1CC(Oc2ccc(CN3CC4(COC4)C3)cc2)C1,1,Train
24436143,COc1ccc(C(=O)Cn2cnc3c(C#N)c(N4CCC[C@H](N)C4)n(CC=C(C)C)c3c2=O)cc1,0,Train
25808251,Cc1cc(C)c(CSC(=N)N)c(C)c1CSC(=N)N,0,Train
15832209,CC(C)[C@H]1NC(=O)[C@@H](Cc2cccc(Cl)c2)NCCOc2ccccc2CCCNC(=O)[C@H](Cn2cccn2)NC1=O,1,Train
7303083,CCCCCC[C@H]([C@H](C)O)n1cnc2c(N)ncnc21,1,Train
12646683,CCOC(=O)c1cc(C#N)c(N2CCN(C(=O)NS(=O)(=O)c3ccc(C)cc3)CC2)nc1C(F)(F)F,0,Train
22751724,Br.N=C(N)SCc1cccc2c1sc1c(CSC(=N)N)c(Br)ccc12,0,Train
11288912,CC(C)(C)C(NC(=O)N[C@H](C(=O)N1C[C@H]2[C@@H]([C@H]1C(=O)NC(CC1CC1)C(=O)C(=O)NCc1ccccc1)C2(C)C)C(C)(C)C)C(=O)O,0,Train
18444227,CCN(CC)c1nn(CCC(C)C)c(=O)c(C2=Nc3ccc(NS(C)(=O)=O)cc3S(=O)(=O)N2)c1O,0,Train
10598813,CC(C)(O)CCCn1c(Cn2c(=O)n(C3CC3)c3ccncc32)nc2ccccc21,1,Train
23901970,COc1cc(N2CCOCC2)ccc1-c1nc2c(N[C@H]3[C@@H](C(N)=O)[C@@H]4C=C[C@H]3C4)c(Cl)cnc2[nH]1,1,Train
32612664,Cc1cccnc1[C@@H]1CCC[C@H](c2nc3cccc(N4CCN(C5CC5)CC4)c3[nH]2)N1C,1,Train
27178020,N#CCNC(=O)CNC(=O)[C@H](Cc1ccccc1)NC(=O)[C@@H](O)c1cccc(Cl)c1,0,Train
26496352,CO[C@H]1C(=O)[C@]2(C)[C@@H](OC(=O)N(C)C)C[C@H]3OC[C@@]3(OC(C)=O)[C@H]2[C@H](OC(=O)c2ccccc2)[C@]23OC(=O)O[C@H]2[C@H](OC(=O)[C@H](O)[C@@H](NC(=O)OC(C)(C)C)c2ccccn2)C(C)=C1C3(C)C,0,Train
23477678,CC(=O)N1CCN(C(=O)c2ccc(Oc3ccc(Cl)cc3O)o2)CC1,1,Train
11586387,COc1ccc(-n2nc(C(N)=O)c3c2C(=O)N(c2ccc(C4(CN(C)C)CC4)cc2)CC3)cc1.O=C(O)C(F)(F)F,0,Train
26534867,CCOC(=O)C(C(=O)OCC)N1C(C)=C(C(=O)OC)C(c2ccccc2[N+](=O)[O-])C(C(=O)OC)=C1C,0,Train
23170277,Cc1nc(C)c(-c2ccc(C3CCC(CC(=O)O)CC3)cc2)nc1C(N)=O,1,Train
12306332,CC(=O)N[C@@H](CCN1[C@H]2CC[C@@H]1C[C@H](n1c(C)nc3c1CCN(C(C)=O)C3)C2)c1cccc(F)c1,0,Train
24095652,O=C(Nc1ccc(OC(F)(F)Cl)cc1)c1cnc(N2CC[C@@H](O)C2)c(-c2[nH]ncc2F)c1,0,Train
24338475,CC1(c2cc(=O)[nH]o2)CCNCC1,0,Train
22143007,CNc1c(C)c(C)nc2cc([C@@H]3CCCCN3C(=O)c3cc(C)ccc3NS(C)(=O)=O)nn12,1,Train
31636877,COc1ccc(C(CNc2ccc(CCN3CCc4cc(OC)c(OC)cc4C3)cc2)c2ccc(OC)cc2)cc1,0,Train
15584369,O=C(O)c1ccc(/C=C2\\SC(=S)N(c3cccc(C(F)(F)F)c3)C2=O)cc1,1,Train
24217276,Cl.FC(F)(F)c1ccc(N2CCNCC2)nc1Cl,1,Train
21420698,CC(C(=O)O)c1ccc2c(c1)N(CCCN1CCCN(c3cc(=O)n(C)c(=O)n3C)CC1)c1ccccc1CO2,0,Train
24919977,CO[C@H]1C[C@@H]2CC[C@@H](C)[C@@](O)(O2)C(=O)C(=O)N2CCCC[C@H]2C(=O)O[C@H]([C@H](C)CC2CCC(O)CC2)CC(=O)[C@H](C)/C=C(/C)[C@@H](O)[C@@H](OC)C(=O)[C@H](C)C[C@H](C)/C=C/C=C\\C=C\\1C,0,Train
26951974,Cc1coc2cc(Cl)c(Oc3ccncc3C(=O)N3CCN(C4CC4)c4ccccc43)cc12,0,Train
12631403,Cc1ccc(-c2nn(Cc3ccccc3)c(=O)c(C3=Nc4ccccc4S(=O)(=O)N3)c2O)s1,0,Train
18365157,CC(C)CC1(C(=O)c2ccc3[nH]ncc3c2)CCCN1,1,Train
10750283,Nc1noc2ccc(-n3nc(C(F)(F)F)c4c3C(=O)N(c3ccc(-c5ccccc5CN5CC[C@@H](O)C5)cc3F)CC4)cc12,1,Train
26496343,CO[C@H]1C[C@H]2OC[C@@]2(OC(C)=O)[C@H]2[C@H](OC(=O)c3ccccc3)[C@]34OC(=O)O[C@H]3[C@H](OC(=O)[C@H](O)[C@@H](NC(=O)OC(C)(C)C)c3ccccn3)C(C)=C([C@@H](OC)C(=O)[C@]12C)C4(C)C,0,Train
11226305,CC(C)[C@H](N)CC(=S)N[C@@H](C)CC(=O)O,0,Train
19916016,N#Cc1ccc(COc2ccc(-c3cccc4nc(NC(=O)C5CC5)nn34)cc2)cn1,1,Train
23145336,Cc1cc(O)cc(C)c1C[C@H](N)C(=O)N[C@H](CCCNC(N)=O)C(=O)N[C@@H](Cc1ccccc1)C(=O)N(C)[C@@H](CCCCN)C(N)=O,0,Train
22747995,NC(=O)C[C@H]1CCc2sc3ncnc(O[C@H]4CC[C@H](N5CCOCC5)CC4)c3c21,1,Train
23071010,CCCC(=O)c1cnn(-c2ccc(NC(=O)c3cn(CC(=O)N4CCN(C)CC4)c4ccc(Cl)cc34)cc2)c1C.Cl,0,Train
19432421,CNC(=O)c1ccc(C(c2nnnn2Cc2ccccc2)N2CCCN(C3CCC3)CC2)cc1,0,Train
30708971,CC(=O)N[C@H]1CC[C@H](c2cc(-c3cnc(-n4ncc5cc(C#N)cnc54)cc3NC(C)C)on2)CC1,1,Train
20083517,O=C(NC1CC1)c1ccc(Nc2nc3c(-c4ccc(CN5CCC(C(F)(F)F)CC5)cc4)cccn3n2)cc1,0,Train
18877893,Cc1ccc(-c2ccc(C(=O)NC3(C(=O)N[C@H](Cc4ccccc4)C(=O)NCC4CCN(CC5CCOCC5)CC4)CCCC3)cc2)cc1,1,Train
33162793,C=CC(=O)N1CCC[C@@H](n2nc(-c3ccc(C(=O)Nc4ccccn4)cc3)c3c(N)ncc(OC)c32)C1,1,Train
24476672,COc1ccc(-c2oc3c(CC=C(C)C)c(OC4O[C@H](CO)[C@@H](O)[C@H](O)[C@H]4O)cc(O)c3c(=O)c2O[C@@H]2O[C@@H](C)[C@H](O)[C@@H](O)[C@H]2O)cc1,0,Train
27334677,O=S(=O)(Cc1cn(-c2ccccc2)nn1)[C@@H]1O[C@H](CO)[C@@H](O)[C@H](O)[C@H]1O,0,Train
19367081,NC(=O)C[C@H]1CC[C@H](c2ccc(-c3cncc(C(N)=O)n3)cc2)CC1,1,Train
12945616,Cc1cc(=O)[nH]c(C)c1C(=O)N1C[C@@H]2CN(CC[C@H](NC(=O)C3CCCC3)c3ccccc3)C[C@@H]2C1,0,Train
29555407,CCCCc1ccc(-c2nc(C)c(-c3ccnc(N)n3)s2)cc1,1,Train
23864728,O=C(N[C@@H]1O[C@H](CO)[C@@H](O)[C@H](O)[C@H]1O)c1nc(-c2ccccc2)no1,0,Train
11234353,Cc1ccc(N2CCN(C(=O)[C@H](C)Cc3ccc(Cl)cc3)CC2)c([C@@H](N)C(C)C)c1,0,Train
12093520,CC(=O)Nc1ccc(O)cc1OC[C@@H](O)CN1CCC2(CC1)Cc1cc(Cl)ccc1O2,1,Train
21726566,C/C=C(\\C)C(=O)N[C@@H](c1ccccc1)[C@@H](O)C(=O)O[C@H]1C[C@@]2(O)[C@@H](OC(=O)c3cccc(N=[N+]=[N-])c3)[C@H]3[C@](C)(C(=O)[C@H](O)C(=C1C)C2(C)C)[C@@H](OC(=O)NC)C[C@H]1OC[C@]13OC(C)=O,1,Train
19053296,C[C@@H]1CN[C@@H](C2CC2)C(=O)N(C)[C@H](C)C(=O)N[C@H](Cc2ccc(O)cc2)C(=O)NCCCC2CCCCC2O1,1,Train
24218689,C/C=C1\\NC(=O)[C@@H]2CSSCC/C=C/[C@H](CC(=O)N[C@H](C(C)C)C(=O)N2)OC(=O)[C@H](C(C)C)NC1=O,0,Train
8090770,N=C(N)c1ccc(CNC(=O)[C@@H]2CCN2C(=O)[C@H](NCC(=O)O)C2CCCCC2)cc1,0,Train
1791537,CCCC(C)(COC(N)=O)COC(=O)NC(C)C,1,Train
24285287,COCCOCCOCCOC(=O)N[C@H](C(=O)N[C@@H](Cc1ccccc1)[C@@H](O)CN(Cc1ccc(-c2ccccn2)cc1)NC(=O)[C@@H](NC(=O)OC)C(C)(C)C)C(C)(C)C,0,Train
616612,N=C(N)NC(=O)c1nc(Cl)c(N)nc1N,0,Train
12327528,COC[C@H](C)Oc1cc(Oc2cc(F)cc(F)c2)cc(C(=O)Nc2ccc(C(=O)O)cn2)c1,0,Train
12646480,CCOC(=O)c1cc(C#N)c(N2CCN(C(=O)NS(=O)(=O)c3ccccc3)CC2)nc1C,0,Train
29550771,CN1CCN(c2ccc(-n3cc(-c4ccncc4OCC4CCNCC4)cn3)cc2)CC1,1,Train
24526069,Cc1cc(CC(OC(=O)N2CCC(N3CCc4ccccc4NC3=O)CC2)c2cc(C(=O)N(C)C)cc(Cl)n2)cc2c(CN3CCCC3)n[nH]c12,0,Train
20917194,CC(C)(C)CC(c1ccc(CC(=O)O)cc1-c1ccc(C(F)(F)F)cc1)N1CCC(C(F)(F)F)CC1,1,Train
27682007,O=C(Cc1cnc[nH]1)NCc1ccccc1-c1ccccc1/C=C/c1ccc(O)cc1,0,Train
32614102,CNCCCc1c([C@@H]2CCC[C@H](c3ncccc3C)N2C)nc2ccccn12,0,Train
29600446,COc1ccc(-c2noc(CC(=O)N3CCc4cc(OC)c(OC)cc4C3)c2-c2ccc(OC)cc2)cc1,1,Train
4269710,OC(Cn1cncn1)(Cn1cncn1)c1ccc(F)cc1F,1,Train
21097256,COC(=O)c1ccc(-c2ccc(Cl)c(O[C@H]3O[C@H](CO)[C@@H](O)[C@H](O)[C@@H]3O)c2)cc1,0,Train
22290033,COc1ccc(CCC[N+](C)(C)CCNC(=O)c2nc(Cl)c(N)nc2N)cc1,0,Train
26496345,CO[C@H]1C(=O)[C@]2(C)CC[C@H]3OC[C@@]3(OC(C)=O)[C@H]2[C@H](OC(=O)c2ccccc2)[C@]23OC(=O)O[C@H]2[C@H](OC(=O)[C@H](O)[C@@H](NC(=O)OC(C)(C)C)c2ccccc2)C(C)=C1C3(C)C,0,Train
21379642,CC1=C(C#N)C(c2ccc3[nH]nc(C)c3c2)C(C#N)=C(C(F)(F)F)N1C,1,Train
12426059,C[C@H](NCCOc1ccc(-c2ccc(C(=O)O)c(C3CCCC3)c2)cc1)[C@H](O)c1ccc(O)cc1,0,Train
24434322,Cl.NCC(=O)N1CCn2c(nc(-c3ccc(F)cc3)c2Nc2ccc(Cl)c(F)c2)C1,0,Train
32186350,COCc1nn(Cc2cnc(N3CCCC3)nc2)cc1C(=O)NCc1cc(OC)ccc1-n1cnnn1,1,Train
26170112,Cc1cn2nc([C@@H]3CCCCN3C(=O)c3cc(Cl)ccc3NS(C)(=O)=O)cc2nc1N1CCC(F)(F)C1,1,Train
25265998,Cn1c(-c2nccs2)c(C2CCCC2)c2ccc(C(=O)NC(C)(C)C(=O)Nc3ccc(/C=C/C(=O)O)cc3)cc21,0,Train
27345444,CC#Cc1cncc(-c2cc(Cl)c([C@]3(C)CS(=O)(=O)N(C)C(N)=N3)s2)c1,1,Train
32115639,N#Cc1cc(COC(=O)N2C[C@H]3[C@H](CNC(=O)N4CCc5[nH]nnc5C4)[C@H]3C2)cc(OC(F)(F)F)c1,0,Train
10752509,Cl.O=C1/C(=C/c2ccc(Cl)cc2)CN(C(=O)c2ccc(OCCN3CCOCC3)cc2)C/C1=C\\c1ccc(Cl)cc1,0,Train
28803469,[2H]C(c1ccc(-c2ccc3c(cnn3C)c2)cc1F)N(C(=O)c1ccccc1)c1cc(F)cc(/C=C/C(=O)OC)c1,0,Train
3591067,COc1ccc2cc([C@H](C)C(=O)O)ccc2c1,1,Train
28922728,Cc1ccc(-n2nc3c(=O)n(CCCC(=O)NCC(C)c4ccccc4)nc(C)c3c2C)cc1,1,Train
32601197,CN1CCC(Cn2ccnc2CN2CCCC2c2ccccn2)CC1,1,Train
11233664,Cn1cnc(S(=O)(=O)N(CCn2cccc2)C2Cc3cc(C#N)ccc3N(Cc3cncn3C)C2)c1,0,Train
26859904,C[C@H]1CN([C@@H](C)CO)C(=O)c2cccc(N(C)C(=O)c3ccncc3)c2O[C@@H]1CN(C)Cc1ccc(Oc2ccccc2)cc1,1,Train
20430778,CCN(C(C)C)[C@@H]1CC[C@H](N2CC[C@H](NC(=O)c3cccc(C(F)(F)F)c3)C2=O)[C@H](CS(=O)(=O)c2ccccc2)C1,0,Train
19933311,C#CCNc1ccnc2sc3c(=O)n(-c4ccc(Cl)cc4)cnc3c12,1,Train
31507010,Cc1cn([C@H]2C[C@H](O)[C@@H](COP(=O)(N[C@@H](C)C(=O)OC(C)C)Oc3ccc(F)cc3)O2)c(=O)[nH]c1=O,0,Train
12733202,O=C1N(Cc2ccc(Cl)cc2)c2ccccc2C1(O)c1ccc2c(c1)OCCO2,0,Train
21785267,CN1C(=O)N(Cc2cc(Cl)ccc2F)C(=O)[C@]12C(=O)N(CC(=O)O)c1ccc(Cl)cc12,0,Train
26170239,Cc1[nH]c2cc([C@@H]3CCCCN3C(=O)c3ccccc3NS(C)(=O)=O)nn2c(=O)c1C,0,Train
24436139,COc1ccc(C(=O)Cn2cnc3c(C#N)c(N4CCC[C@H](N)C4)n(Cc4ccccc4)c3c2=O)cc1,0,Train
32571732,O=C(NC1COC1)c1cc2c(N3CCCC3c3cccnc3)ccnc2[nH]1,0,Train
29357915,CN(C)C(=O)c1cc(CN2CCOc3c(F)cccc32)c2oc(N3CCOCC3)cc(=O)c2c1,0,Train
12482286,COc1ncccc1[C@H](C)c1c(CCN(C)C)sc2ccccc12,1,Train
21420708,Cn1c(N2CCCN(CCCN3c4ccccc4CCc4ccc(CC(=O)O)cc43)CC2)cc(=O)n(C)c1=O,0,Train
24367794,Cc1cc(C#N)nc(C)c1C(=O)N1CC2CN(CC[C@H](NC(=O)C3CCCC3)c3ccccc3)CC2C1,0,Train
30708900,CC(C)Nc1cc(-n2ncc3cc(C#N)cnc32)ncc1-n1cc(C2CCOCC2)nn1,1,Train
28803332,COC(=O)/C=C/c1cncc(N(Cc2ccc(-c3ccc(N(C)C)cc3)cc2F)C(=O)C2CCCCC2)c1,0,Train
11689990,O=C(O)c1ccc(CNC(=O)c2cc(Cl)ccc2Oc2ccc(F)cc2)cc1,1,Train
12795581,O=C(COc1ccc([C@@H]2[C@@H](SCC(O)c3ccc4c(c3)CCO4)C(=O)N2c2ccc(F)cc2)cc1)NCC(=O)N[C@H](CC1CCCCC1)C(=O)O,0,Train
29704904,COc1ccc(OC)c(CCn2cnc3sc4c(c3c2=O)CCC(C(=O)N(C)C)C4)c1,1,Train
31298128,c1ccc(C2CC(c3ccco3)=Nc3ccccc3S2)cc1,1,Train
20442443,CCCC[C@]1(CC(=O)O)OCCc2c1[nH]c1c(C)ccc(C#N)c21,1,Train
28111404,COc1ccc2c3c([nH]c2c1)[C@H](CC(C)C)N1C(=O)[C@H](C)NC(=O)[C@H]1C3,1,Train
4029431,C=CCc1ccccc1OCC(O)CNC(C)C.Cl,1,Train
12411894,O=c1[nH]c2cc(-c3ccncn3)c(-c3ccco3)nc2[nH]1,1,Train
23037309,CCCN(CCO)C(=O)c1cc2ccccn2c1-c1ccccc1,1,Train
23012864,C/C(=C\\c1ccc(NC(=O)C2(NC(=O)c3ccc4c(C5CCCC5)c(-c5cccc(N)n5)n(C)c4c3)CCC2)cc1)C(=O)O,0,Train
24395295,COc1ccc2c(O[C@@H]3C[C@H]4C(=O)N[C@]5(C(=O)NS(=O)(=O)C6CC6)C[C@H]5/C=C\\CCCCN(C)C(=O)N4C3)nc(-c3ccc(F)cc3)nc2c1C,1,Train
28803312,[2H]C(c1ccc(-c2ccc(N(C)C)cc2)cc1)N(C(=O)c1ccccc1)c1cccc(/C=C/C(=O)OC)c1,0,Train
25805760,CCOC(=O)CN[C@H](C(=O)N1CC(C(=O)NCc2ccc(/C(N)=N/O)cc2)C1)C1CCCCC1,0,Train
20051370,CCN1CCC(CNC(=O)c2ccc(Nc3nc4cccc(-c5ccc(OC)cc5)n4n3)cc2)CC1,0,Train
5752328,CN/C(=N/C#N)NCCSCc1nc[nH]c1C,0,Train
15424603,CCc1ccc(N(C(=O)Nc2c(CC)c(N)cc(Cl)c2CC)C(C)c2ccc3c(c2)ncn3C)cc1,0,Train
26879456,O=C(COC1CCC(Nc2ccc([N+](=O)[O-])c(C(F)(F)F)c2)CC1)N1CCN(Cc2cc3ccc(Cl)cc3o2)CC1,0,Train
27986536,CNc1cc(F)cc2c1[nH]c1nc(Oc3cnc(C)nc3)nc(N3C[C@H]4[C@H](O)[C@H]4C3)c12,0,Train
23036906,CC(=O)N[C@@H](Cc1ccccc1)[C@H](O)CNC1CC(C)(C)Cc2nn(CC(C)(C)C)cc21,0,Train
31864979,COc1ccc(CN(CC(=O)N2CCC(CN)CC2)c2ccc(C#N)cc2)cc1F.Cl,0,Train
28803323,COC(=O)/C=C/c1cc(F)cc(N(Cc2ccc(-c3ccc4c(cnn4C)c3)cc2Cl)C(=O)c2ccccc2)c1,0,Train
19761417,Cn1c(C2=CCN(CCCN3c4ccccc4Sc4ccc(CC(=O)O)cc43)CC2)cc(=O)n(C)c1=O,0,Train
18301847,Cc1nn(-c2ccccn2)c(O)c1-c1ccc(C#N)cc1,1,Train
20834832,COc1ccc(-c2nnc(C(=O)N3CC(Oc4ccc(CN5CC6(COC6)C5)cc4)C3)o2)cc1,1,Train
24108421,O=C(O)c1ccccc1-c1ccc(CN2CCC(COC(=O)c3c4n(c5ccccc35)CCCO4)CC2)cc1,0,Train
30596996,CC(C)(O)[C@H](F)CNC(=O)c1cnc(-c2cnc3cc(Cl)cnn23)cc1NC1CCC1,1,Train
20006189,N#Cc1c(-c2csc(-c3no[n+]([O-])c3C#N)c2)no[n+]1[O-],0,Train
26467384,C[C@@H]1COCCN1c1nc2n(c(=O)c1F)CC[C@@H](C(F)(F)F)N2Cc1ccno1,0,Train
19450098,OC[C@H](O)CN1CCc2nc(-c3ccc(OC4CC(N5CCCCC5)C4)cc3)sc2C1,0,Train
32107354,COc1ccc(-c2noc(CC(=O)NCCCCC(=O)OC[C@H]3O[C@H](O)[C@H](O)[C@@H](O)[C@H]3O)c2-c2ccc(OC)cc2)cc1,1,Train
22373383,NC1=NC(c2ccc(OC(F)F)cc2)(c2cccc(OCCCF)c2)C2=NCC(F)(F)CN12,1,Train
31026659,Cc1cn2c(C(=O)NCc3ccc(S(F)(F)(F)(F)F)cc3)c(C)nc2s1,0,Train
21660153,CN(C)CCCNC(=O)[C@@H](Cc1ccc(Cl)cc1)NC(=O)Cc1ccc(Cl)cc1,0,Train
23718323,O=c1ncn(Cc2c(F)cc(F)cc2F)c2ccc(Oc3ccccc3C(F)(F)F)cc12,0,Train
33289344,CC[C@@H](NC(=O)N1C(=O)[C@H](Cc2ccnc(N)c2)[C@H]1C(=O)N(CC)c1ncccn1)C1CCCCC1,1,Train
28803465,[2H]C(c1ccc(-c2ccc(N(C)C)cc2)cc1F)N(C(=O)C1CCCCC1)c1cncc(/C=C/C(=O)OC)c1,0,Train
27938211,N#Cc1ccc(-c2ccc(NC(=O)Cn3cnc([N+](=O)[O-])n3)cc2)cc1,1,Train
30596874,CC(C)Nc1cc(-c2cnn3cc(C#N)cnc23)ncc1C(=O)NC[C@@H](F)C(C)(C)O,0,Train
23224661,NC1=N[C@@]2(c3cc(NC(=O)c4ccc(Cl)cn4)ccc3F)OCC[C@H]2CS1,1,Train
23692192,COc1cccc(-c2cccc(C3(c4ccncc4)N=C(N)CS3)c2)c1,1,Train
10601140,O=c1n(Cc2nc3ccccc3n2CCC2(O)CC2)c2cnccc2n1C1CC1,1,Train
32378556,CC(=O)N1CCN([C@H]2CC[C@H](Nc3ncnn4ccc([C@H](C)CC(N)=O)c34)CC2)CC1,0,Train
10738530,CC(=O)[C@H]1CC[C@H]2[C@@H]3CC=C4C[C@@H](OC(=O)CCCC(=O)O)CC[C@]4(C)[C@H]3CC[C@]12C,1,Train
27104811,CCNC(=O)N1C(=O)N(c2cccc(C(F)F)c2)C2=C(C(=O)CC2)C1c1ccc(C#N)cc1,1,Train
12268527,CNCC(=O)N[C@H](c1cccc(F)c1N1CCN(C(=O)[C@H](C)Cc2ccc(Cl)cc2OC)CC1)C(C)C,0,Train
24098738,Cc1ccc(NS(C)(=O)=O)c(C(=O)N2CCCC[C@H]2c2cc3nc(C)cc(C)n3n2)c1,1,Train
21474973,Cn1cc(-c2cnc3c(NC(=O)NC4CC4)ccnc3c2)cn1,1,Train
12933470,Cn1c(=O)c2c(c(C#N)c(N3CCC[C@H](N)C3)n2Cc2ccccc2)n(C)c1=O,0,Train
11809583,CCC[C@H](CO)Nc1nc(SCc2ccccc2)nc2nc(N)sc12,0,Train
23741976,N#Cc1ccnc(N2C(=O)CC[C@H]2C(=O)N(c2cc(F)cc(S(N)(=O)=O)c2)[C@H](C(=O)NC2CC(F)(F)C2)c2ccccc2Cl)c1,0,Train
11119640,Cc1c(CN(CCc2ccccn2)C2CCN(C(=O)c3c(F)cccc3F)CC2)c(=O)n(-c2ccc(F)cc2)n1C,0,Train
30596879,CC(C)(O)[C@H](F)CNC(=O)c1cnc(-c2cnn3cc(C#N)cnc23)cc1NC1CC1,0,Train
23618046,CNc1ccc(-c2nc(=O)n(CCC3CCCO3)c3c2oc2ccc(-c4cnn(C)c4)cc23)cn1,0,Train
30708966,CC(=O)N1CC[C@H](c2cc(-c3cnc(-n4ncc5cc(C#N)cnc54)cc3NC(C)C)on2)C1,1,Train
9145286,CC(C)C[C@@H](C=O)NC(=O)[C@@H](NS(=O)(=O)c1ccc(F)cc1)C(C)C,0,Train
9030753,COc1ccc(Cn2ccc(C)c(NC(=O)C(Cc3ccc(C(C)(C)C(=O)O)cc3)NC(=O)C(C)(C)c3ccc4ccccc4c3)c2=O)cc1,0,Train
23726765,CC(C)(C)c1nc2c(C(=O)NCC3CCN(CC(O)CN4CCN(S(C)(=O)=O)CC4)CC3)cccc2[nH]1,0,Train
12995668,NCc1c(-c2ccc(Cl)cc2Cl)ncn1Cc1ccccc1,1,Train
24283654,CC(C)n1c(=O)c(C(=O)N[C@H]2C[C@@H]3CC[C@H](C2)N3C[C@@H](O)CN(C)S(C)(=O)=O)cc2ccccc21,1,Train
10736987,O=C1CC(c2ccc(C[C@H](Nc3nc4cc(Cl)ccc4s3)c3nc4ccccc4[nH]3)cc2)S(=O)(=O)N1,0,Train
25266094,Cc1ccc(-c2c(C3CCCC3)c3ccc(C(=O)NC4(C(=O)Nc5ccc(/C=C/C(=O)O)cc5)CCCC4)cc3n2C)nc1,0,Train
33425244,COCCOc1cc(F)c2c(Nc3ccc(NC(=O)Cn4cc(C(C)C)nn4)cc3)ncnc2c1,1,Train
13066015,C=C[C@@H]1C[C@]1(NC(=O)[C@@H]1C[C@@H](Oc2cc(-c3csc(NC(C)C)n3)nc3cc(OC)ccc23)CN1C(=O)[C@@H](NC(=O)OC1CCCC1)C(C)(C)C)P(=O)(O)Cc1ccc(F)cc1,0,Train
32378535,CN(C)[C@H]1CC[C@H](Nc2ncnn3ccc([C@H]4CC[C@H](C(N)=O)CC4)c23)CC1,0,Train
21585356,CCN1CC(C)(C)OC(=O)C1CC(=O)NCc1cccc(-c2ccccc2)c1,1,Train
33611426,C[C@H]1CN(C(=O)c2ccnc(Nc3cc4[nH]c(-c5ccc(F)c(C(F)(F)F)c5)nc4cn3)c2)C[C@@H](C)N1C,0,Train
29600439,CCN=c1cc2oc3cc(NCC)c(C)cc3c(-c3ccccc3C(=O)NCCCCNC(=O)Cc3onc(-c4ccc(Cl)o4)c3-c3ccccc3)c-2cc1C.Cl,1,Train
92130,NCC(=O)N[C@@H](Cc1c[nH]c2ccccc12)C(=O)O,0,Train
23385926,CS(=O)(=O)NCc1cccc(-c2cc(=O)n(CC3CN4CCC3CC4)c3ccccc23)c1,0,Train
24186643,CC1(C)CC=C(c2ccccc2)c2cc(/C=C/c3ccc(C(=O)O)cc3)ccc21,0,Train
24233453,O=C(NCCN1CCOCC1)Nc1nc2ccc(Sc3nnc4ccc(NC5CCCCC5)nn34)cc2s1,0,Train
30596930,CC(C)Nc1cc(-c2cnc3cc(C#N)cnn23)ncc1C(=O)NC[C@@H](F)C(C)(C)O,1,Train
30708892,CC(C)Nc1cc(-n2ncc3cc(C#N)cnc32)ncc1-n1cc(CCN2CCOCC2)nn1,1,Train
11621170,CC(C)C(OC(=O)NCC1(CC(=O)O)CCCCC1)OC(=O)C(C)(C)C,1,Train
8302670,COc1cc(C)c(S(=O)(=O)N[C@@H](CC(=O)OC(C)(C)C)C(=O)NC(Cc2ccc3c(N)nccc3c2)C(=O)N2CCCCC2)c(C)c1C,0,Train
20223871,CC(C)(F)c1nc([C@@H]2CCCN2C(=O)C[C@H](N)Cc2cc(F)c(F)cc2F)no1,1,Train
22098398,COC(=O)[C@H](C)NP(=O)(OC[C@H]1O[C@@](C#N)(c2ccc3c(N)ncnn23)[C@](C)(O)[C@@H]1O)Oc1ccccc1,0,Train
26490823,COc1ncnc(Cn2cc(C(=O)NCCO)c3ncc(C)cc32)c1C,1,Train
24243533,COCC12CN(C)C3C4C(OC)[C@H]1C3(C(OC)CC2O)[C@@H]1C[C@@]2(O)C(OC(=O)c3ccccc3)[C@@H]1[C@]4(OC(C)=O)C(O)[C@@H]2OC,1,Train
12976801,CC(=O)Nc1cn2cc(-c3cnc(N)c(C(F)(F)F)c3)ccc2n1,1,Train
31157603,NCCNc1nonc1C(=NO)Nc1ccc(F)c(Br)c1,0,Train
12676211,COc1cc(C)c(S(=O)(=O)N(C)CCOCC(=O)N2CCC(C(C)(C)CN(C)C)CC2)c(C)c1.O=C(O)C(F)(F)F,1,Train
2652002,O=C(NS(=O)(=O)c1ccccc1)c1ccccc1,0,Train
31967203,CC(C)N[C@H]1CCC=C(c2ccc(F)cc2)[C@@H]1COc1cc(F)c(S(=O)(=O)Nc2cscn2)cc1Cl.Cl,0,Train
10510686,Cc1cc(C(=O)Nc2ccc(-c3ccccc3S(C)(=O)=O)cc2)n(-c2cccc(CN)c2)n1.O=C(O)C(F)(F)F,0,Train
26883080,O=C(Cc1ccc(-c2ccc3c(c2)OCO3)cc1)NCc1ccco1,1,Train
32601118,Cc1cccnc1C1CCCN1Cc1cn2c(N3CCN(C4CC4)CC3)cccc2n1,1,Train
24179972,CC(C)=CCC[C@](C)(O)[C@@H]1CC[C@]2(C)[C@@H]1[C@H](O)C[C@@H]1[C@@]3(C)CC[C@H](O[C@@H]4O[C@H](CO)[C@@H](O)[C@H](O)[C@H]4O)C(C)(C)[C@@H]3CC[C@]12C,0,Train
11288891,CC(C)[C@@](C)(NC(=O)N[C@H](C(=O)N1C[C@H]2[C@@H]([C@H]1C(=O)NC(CC1CC1)C(=O)C(N)=O)C2(C)C)C(C)(C)C)C(=O)OCc1ccccc1,0,Train
7370264,Oc1cc(C2CCNCC2)on1,0,Train
22001285,Cc1cc(N2CC[C@H](N3CCC[C@@H]3C)C2)ccc1C(=O)NC1CCOCC1,0,Train
21895720,Fc1ccc(Nc2ccc3c(C4CCNCC4)c[nH]c3n2)cc1F,1,Train
9802866,CN(C)CCCOc1ccc(-c2nc3cccc4c3n2CCNC4=O)cc1,1,Train
22340088,C=CC(=O)Nc1ccc(S(=O)(=O)N2CCN(C(=O)C34CC5CC(CC(C5)C3)C4)CC2)cc1,1,Train
20083336,CC(C)(O)Cn1cc(-c2cccn3nc(Nc4ccc(C(=O)NC5CC5)cc4)nc23)cn1,0,Train
24074042,CC(=O)OC[C@H]1OC(SCc2nnn(-c3ccccc3)c2I)[C@H](OC(C)=O)[C@@H](OC(C)=O)[C@@H]1OC(C)=O,1,Train
24007134,N#Cc1ccc(-c2cnc3ccc(-c4ccc(C(=O)N5CCOCC5)cc4)nn23)cc1,1,Train
41062,Nc1ccn([C@H]2C[C@H](O)[C@@H](COP(=O)(O)O)O2)c(=O)n1,0,Train
7958714,CN(C(=O)[C@H](Cc1ccc(/C(N)=N/N)cc1)NS(=O)(=O)c1ccc2ccccc2c1)C1CCCC1,0,Train
32614109,Cc1cccnc1[C@@H]1CCC[C@H](c2nc3cccc(N4CCN(C)CC4)n3c2Br)N1C(C)C,0,Train
29165878,O=C1Cc2cc(C(=O)N[C@@H]3C[C@@H]4CC[C@H](C3)N4S(=O)(=O)CC3CCN(CCCC(F)(F)F)CC3)c(Cl)cc2N1,0,Train
10773011,CC[C@]1(O)C[C@H]2CN(CCc3c([nH]c4ccccc34)[C@@](C(=O)OC)(c3cc4c(cc3OC)N(C)[C@H]3[C@@](O)(C(=O)OC)[C@H](OC(C)=O)[C@]5(CC)C=CCN6CC[C@]43[C@@H]65)C2)C1,0,Train
13110432,COc1cc(C(C)C)c(Oc2cnc(N)nc2N)cc1S(N)(=O)=O,0,Train
23751928,CN(C)c1ncc(-c2nc(=O)n(CCC3CCCO3)c3c2oc2ncc(-c4cnn(C)c4)cc23)cn1,1,Train
23033267,CC#Cc1cncc(-c2cccc(C3(c4ccnc(C(F)F)c4)N=C(N)c4c(F)cccc43)c2)c1,0,Train
30631443,CCSC(=O)O[C@H]1C(=O)[C@]2(C)[C@@H](OC)C[C@H]3OC[C@@]3(OC(C)=O)[C@H]2[C@H](OC(=O)c2ccccc2)[C@]2(O)C[C@H](OC(=O)[C@H](O)[C@@H](NC(=O)OC(C)(C)C)c3ccccc3)C(C)=C1C2(C)C,1,Train
32035226,FCCOc1ccccc1CCC1CCN(CCc2ccc(F)cc2)CC1,1,Train
18386042,CC(C)CCN1C(=O)C(C2=NS(=O)(=O)c3cc(NS(C)(=O)=O)ccc3N2)=C(O)C2CCCC21,0,Train
131903,CSc1nc2ccccc2n1C,0,Train
28019642,CN(Cc1cc(=O)[nH]c2ccc(Cl)cc12)C(=O)[C@H](Cc1ccccc1)N(C)C(=O)c1ccc2[nH]c(=O)cc(O)c2c1,0,Train
12561661,COCN1C(=O)NC(=O)C(c2ccccc2)(c2ccccc2)C1=O,1,Train
6161273,CC(NC(C)(C)C)C(=O)c1cccc(Cl)c1.Cl,0,Train
19601334,CC(=O)OC[C@H]1O[C@@H](S(=O)(=O)Cc2cn(-c3ccc(S(N)(=O)=O)cc3)nn2)[C@H](OC(C)=O)[C@@H](OC(C)=O)[C@@H]1OC(C)=O,0,Train
25266005,CC(=O)Nc1nc(-c2c(C3CCCC3)c3ccc(C(=O)NC(C)(C)C(=O)Nc4ccc(/C=C/C(=O)O)cc4)cc3n2C)cs1,0,Train
27752219,Cc1c(C(=O)N(c2ccc(O)cc2)c2cc(C#N)n(C)c2)cc(-c2cc(Cl)ccc2C(=O)N2Cc3ccccc3C[C@H]2CN2CCOCC2)n1C,0,Train
26791856,Cn1cc(-c2ccc(-c3ccc(C4=NC5(CC5)C(=O)N4C[C@@H]4CCN(C(=O)C5CC5)C4)cc3)cc2)cn1,0,Train
24600776,COc1ccc2nc(NC(c3ccccc3O)P(=O)(OC)OC)sc2c1,0,Train
10744958,Cc1nn(-c2ccc3onc(N)c3c2)c2c1CCN(c1ccc(-c3ccccc3CN3CC[C@@H](O)C3)cc1)C2=O,0,Train
32115630,N#Cc1cc(COC(=O)N2C[C@H]3[C@H](CNC(=O)c4ccc5[nH]c(=O)oc5c4)[C@H]3C2)cc(OC(F)(F)F)c1,1,Train
8281860,C[C@@H]1CC[C@H]2[C@@H](C)[C@H](c3ccco3)O[C@@H]3O[C@]4(C)CC[C@@H]1[C@@]23OO4,1,Train
30708968,CC(=O)N1CCC[C@@H](c2cc(-c3cnc(-n4ncc5cc(C#N)cnc54)cc3NC(C)C)on2)C1,1,Train
23783591,Cc1nn(-c2ccnc(Nc3ccc4c(c3)c(Cl)c(C)n4C)n2)cc1CN1CC(O)C1,0,Train
29190140,Cn1ncc2cc(Cc3n[nH]c4ccc(C(=O)N5CC[C@H](O)C5)cc34)ccc21,0,Train
26625006,Cl.O=C1N[C@H](C(=O)O)Cc2cn(cn2)CC=CCOc2ccc(Cl)c1c2,0,Train
29260957,Cc1cccc(-n2c(N)c(NC(=O)c3c(C)c(O)c(C)c4c3OC(C)(C)C4)c(=O)n(C)c2=O)c1,1,Train
21935039,CC(=O)OC[C@H]1O[C@@H](SCc2nnn(-c3ccc(S(N)(=O)=O)cc3)c2I)[C@H](OC(C)=O)[C@@H](OC(C)=O)[C@@H]1OC(C)=O,0,Train
18877886,Cc1ccccc1/C=C/C(=O)NC1(C(=O)N[C@H](Cc2ccccc2)C(=O)NCC2CCN(CC3CCOCC3)CC2)CCCC1,0,Train
30708868,CC(C)Nc1cc(-n2ncc3cc(C#N)cnc32)ncc1-n1cc(C2CCN(C(C)C)CC2)nn1,0,Train
12359027,COc1ccc2c(O[C@@H]3C[C@H]4C(=O)N[C@]5(C(=O)NS(=O)(=O)C6CC6)C[C@H]5/C=C\\CCCCN(C)C(=O)[C@@H]4C3)cc(-c3ccccc3)nc2c1,0,Train
23434675,O=C(NCc1ccc(C(F)(F)F)o1)c1ccc(N2CCN(C(=O)c3ccccc3C(F)(F)F)CC2)nn1,1,Train
1888141,Cc1cc(O)c2c(c1)C(=O)c1cc(O)cc(O)c1C2=O,0,Train
23027621,CC#Cc1cncc(-c2cccc(C3(c4cc(C)c(OC)c(C)c4)N=C(C)C(N)=N3)c2)c1,1,Train
373316,NS(=O)(=O)c1cc2c(cc1C(F)(F)F)NC(Cc1ccccc1)NS2(=O)=O,0,Train
25806511,CNC(=O)N(C)C1(c2ccccc2)CCN(C[C@@H]2C[C@@]2(C(=O)N(C)Cc2ccccc2)c2ccc(Cl)c(Cl)c2)CC1,0,Train
26883071,CC(=O)c1ccccc1-c1ccc(CC(=O)NCc2ccco2)cc1,1,Train
12908303,CCCOC(=O)OC[C@H]1O[C@@H](n2ccc(N)nc2=O)[C@](C)(F)[C@@H]1OC(=O)OCCC.Cl,1,Train
30242110,COCCOCCOCCOCCOCCOCCOCCOP(=O)(OCCOCCOCCOCCOCCOCCOCCOC)OC[C@H]1O[C@@H](n2cc(F)c(=O)[nH]c2=O)C[C@@H]1O,0,Train
8878981,NNC(=O)NN1C(=O)c2cc(S(=O)(=O)O)cc3c(N)c(S(=O)(=O)O)cc(c23)C1=O,0,Train
23740162,C[C@@H](c1ccccc1)[C@H](NC(=O)[C@@H](N)Cc1ccccc1)C(N)=O,0,Train
8889814,Cc1cc(C(=O)Nc2ccc(-c3ccccc3S(N)(=O)=O)cc2)n(-c2cccc(C(=N)N)c2)n1.O=C(O)C(F)(F)F,0,Train
26879347,O=C(COC1CCC(Nc2ccc([N+](=O)[O-])c(C(F)(F)F)c2)CC1)N1CCN(Cc2ccc3cc(C(F)(F)F)ccc3n2)CC1,0,Train
27339164,CC[C@H](C)[C@H](NC(=O)[C@H](CO)NC(=O)[C@H](CC(N)=O)NC(=O)[C@H](CC(C)C)NC(=O)[C@H](Cc1ccc(O)cc1)NC(=O)[C@@H]1CCCCNC(=O)CC[C@H](NC(=O)[C@H](CCC(N)=O)NC(=O)[C@H](CCCCN)NC(=O)[C@H](CCCNC(=N)N)NC(=O)[C@H](CC(C)C)NC(=O)[C@H](CCCNC(=N)N)NC(=O)[C@@H](NC(=O)[C@H](Cc2ccc(O)cc2)NC(=O)[C@H](CC(N)=O)NC(=O)[C@H](CC(=O)O)NC(=O)[C@@H](NC(=O)[C@H](Cc2ccccc2)NC(=O)[C@@H](NC(=O)[C@H](C)NC(=O)[C@H](CC(=O)O)NC(=O)[C@H](CO)NC(=O)[C@@H](N)Cc2cnc[nH]2)C(C)C)[C@@H](C)O)[C@@H](C)O)C(=O)N[C@@H](C)C(=O)N[C@@H](C(C)C)C(=O)N[C@@H](CCCCN)C(=O)N1)C(=O)N[C@@H](CC(C)C)C(=O)N[C@@H](CC(N)=O)C(=O)NCC(=O)N[C@@H](CCCCN)C(N)=O,0,Train
23780571,C=C[C@@H]1C[C@]1(NC(=O)[C@@H]1C[C@@H](c2csc(-c3cc(OC)ccc3OC)n2)CN1C(=O)[C@@H](NC(=O)OC1CCCC1)C(C)(C)C)C(=O)NS(=O)(=O)C1(C)CC1,1,Train
5469491,CC(C)(C)NC(=O)[C@@H]1C[C@@H]2CCCC[C@@H]2CN1C[C@@H](O)[C@H](Cc1ccccc1)NC(=O)[C@H](CC(N)=O)NC(=O)c1ccc2ccccc2n1,0,Train
32601189,Cc1cccnc1CN1CCCC1c1cn2c(N3CCN(C)CC3)cccc2n1,1,Train
6832242,CC(C)(C(=O)O)c1ccc(C(O)CCCN2CCC(C(O)(c3ccccc3)c3ccccc3)CC2)cc1,0,Train
27219169,CC[C@H]1C[C@@H](n2c(=O)nc(-c3cnn(C)c3)c3oc4nc(C)c(-c5cnco5)cc4c32)CCO1,1,Train
33056176,O=C(NCCc1c[nH]c2ccccc12)C1CCN(C(=O)c2ccc(-c3ccccc3)cc2)CC1,1,Train
23263472,Cc1cc(C(F)(F)F)c(-c2ccc(CC(NC(=O)c3c(Cl)cccc3Cl)C(=O)OCC3CCOC3)cc2)c(=O)n1C,1,Train
18877885,Cc1ccc(/C=C/C(=O)NC2(C(=O)N[C@H](Cc3ccccc3)C(=O)NCC3CCN(CC4CCOCC4)CC3)CCCC2)cc1,0,Train
10318022,Nc1noc2ccc(-n3nc(C(F)(F)F)cc3C(=O)Nc3ccc(-c4ccccc4CN4CC[C@@H](N)C4)cc3F)cc12,0,Train
30596877,CC(C)(O)[C@H](F)CNC(=O)c1cnc(-c2cnn3cc(C#N)cnc23)cc1NC1CCOCC1,0,Train
18877897,CCOc1ccc(C(=O)NC2(C(=O)N[C@H](Cc3ccccc3)C(=O)NCC3CCN(CC4CCOCC4)CC3)CCCC2)cc1.O=C(O)C(F)(F)F,0,Train
20247153,N#Cc1cncc(-c2cccc(C3(c4ccnc(C(F)(F)F)c4)N=C(N)c4c(F)cccc43)c2)c1,1,Train
28019641,CN(Cc1cc(=O)[nH]c2ccc(Cl)cc12)C(=O)[C@H](Cc1ccccc1)NC(=O)c1ccc2[nH]c(=O)cc(O)c2c1,0,Train
22751741,Br.N=C(N)SCc1cc(F)cc2c1sc1c(CSC(=N)N)cc(Cl)cc12,0,Train
23071061,CCCC(=O)c1cnn(-c2ccc(NC(=O)c3cn(CC(=O)N4CCN(CCO)CC4)c4ccc(Cl)cc34)cc2)c1C.Cl,0,Train
9101905,O=C(O)CC1c2ccccc2C(=O)N(CC(=O)NCc2ccc(Nc3nc4ccccc4[nH]3)cc2)c2ccccc21,0,Train
24425555,CO[C@@H]1C[C@H]2C(=O)C=C3[C@H](CC[C@]4(C)[C@@H]([C@@](C)(O)[C@@H](CCC(C)C)OC)CC[C@@]34O)[C@@]2(C)C[C@@H]1O,1,Train
29218741,CNC(=O)c1cc(C#N)ccc1[C@@H]1C2=C(CCC2=O)N(c2cccc(C(F)(F)F)c2)C(=O)N1C,1,Train
32601190,CN1CCN(c2cccc3nc(C4CCCN4Cc4ccccn4)[nH]c23)CC1,1,Train
32186325,COCc1nn(Cc2ccc(Cn3cc(C)cn3)cc2)cc1C(=O)NCc1nccc(OC)c1F,1,Train
33162786,C=CC(=O)N1CCC[C@@H](n2nc(-c3ccc(C(=O)Nc4ccccn4)cc3)c3c(N)ncc(C#N)c32)C1,0,Train
10616013,N=C(N)c1cccc(CC(NS(=O)(=O)c2ccc3ccccc3c2)C(=O)N2CCC(C(=O)O)CC2)c1,0,Train
9586955,O=C(C(=O)N1CCN(C(=O)c2ccccc2)CC1)c1c[nH]c2cccc(F)c12,1,Train
28803334,[2H]C(c1ccc(-c2ccc3c(cnn3C)c2)cc1)N(C(=O)[C@@H]1C[C@@H]2CC[C@H]1C2)c1cc(F)cc(/C=C/C(=O)OC)c1,0,Train
30303894,COc1ccc2oc(=O)c(C(=O)C(F)(F)F)c(Nc3ccc(C)c(O)c3)c2c1,1,Train
20611442,COc1ccc2oc(C(=O)NC3(C(=O)N[C@@H](CCCN4CCN(CC5CCOCC5)CC4)Cc4ccccc4)CCCC3)cc2c1,0,Train
26490816,COc1ncnc(Cn2cc(C(=O)NCCF)c3ncc(C)cc32)c1C,1,Train
26859913,C[C@@H](CO)N1C[C@@H](C)[C@@H](CN(C)Cc2ccc(Oc3ccccc3)cc2)Oc2c(cccc2N(C)C(=O)c2ccncc2)C1=O,1,Train
8181929,COc1cc(C)c(S(=O)(=O)N[C@@H](CC(=O)NCCCC(=O)O)C(=O)N[C@H](Cc2ccc(C(=N)N)cc2)C(=O)N2CCCCC2)c(C)c1C,0,Train
24186151,O=C(CC1CNC(=O)c2cc(-c3ccc(F)c(F)c3)cn21)NCC1CCCCC1,1,Train
19872347,Cn1cnc(-c2nc([C@@H](O)[C@H](O)[C@H](O)CO)c[nH]2)c1,1,Train
27219181,CC[C@H]1C[C@@H](n2c(=O)nc(-c3ccc(OC)nc3)c3oc4ccc(-c5cn(C)cn5)nc4c32)CCO1,1,Train
29657833,CC(=O)N1CCN(c2cccc(-c3cc(C)c4c(N)ncnn34)c2)C(=O)C1(C)C,1,Train
131781,Cn1c(=S)[nH]c2ccccc21,0,Train
11342152,COc1ccc2c(c1)C(CCCN1CCc3cc(OC)c(OC)cc3C1)=CCC2.Cl,1,Train
23726783,CC(=O)N1CCN(CCN2CCC(CNC(=O)c3cccc4[nH]c(C(C)C)nc34)CC2)CC1,0,Train
25621733,Cc1cc(C[C@H](Nc2nc3ccccc3s2)c2nc3ccccc3[nH]2)ccc1C1CC(=O)NS1(=O)=O,0,Train
331267,O=C(CCCN1CCC(O)(c2ccc(Cl)cc2)CC1)c1ccc(F)cc1,0,Train
30169879,O=[N+]([O-])c1ccc(N[C@H]2CC[C@H](Oc3ccnc(N4CCN(CC5CCCC5)CC4)c3)CC2)cc1C(F)(F)F,0,Train
24015034,CCc1n[nH]c2cc(O)c(-c3nnc(C(=O)NC4CC4)n3-c3ccc(N4CCOCC4)cc3)cc12,1,Train
20051136,O=C(Nc1nc2cccc(N3CCC(NS(=O)(=O)c4cccc(Cl)c4)CC3)n2n1)C1CC1,0,Train
24368075,COCCOCCOCCOCCOCCOCCOCCNC(=O)C[C@H](NC(=O)c1ccc2ccccc2n1)C(=O)N[C@@H](Cc1ccccc1)[C@H](O)CN1C[C@H]2CCCC[C@H]2C[C@H]1C(=O)NC(C)(C)C,0,Train
10749091,Nc1noc2ccc(-n3nc(C(F)(F)F)c4c3C(=O)N(c3ccc(-c5ccccc5CN5CCC(O)CC5)cc3)CC4)cc12,0,Train
12774448,O=C(O)CN1C(=O)[C@@]2(CC(=O)N(Cc3cc(Cl)ccc3F)C2=O)c2cc(Cl)ccc21,1,Train
26967287,CN1CCc2nc([14C](=O)N[C@@H]3C[C@@H](C(=O)N(C)C)CC[C@@H]3NC(=O)C(=O)Nc3ccc(Cl)cn3)sc2C1,1,Train
27219135,CCC[C@H]1C[C@@H](n2c(=O)nc(-c3cnn(C)c3)c3oc4cc(C#N)c(-c5cnn(C)c5)nc4c32)CCO1,1,Train
20267496,COc1cc(C(=O)Nc2nonc2NCc2ccc(-c3cc(Cl)cc(F)c3-c3noc(C)n3)cc2F)on1,1,Train
22516467,Cc1cc(CC(OC(=O)N2CCC(c3cc4ccccc4[nH]c3=O)CC2)c2cc(C(=O)N(C)C)cc(Cl)n2)cc2cn[nH]c12,0,Train
31277701,O=C1N=S(=O)(NCc2ccccc2)c2ccccc21,1,Train
20651917,COC(=O)c1ccc(-c2ccc(O[C@H]3O[C@H](CO)[C@@H](O)[C@H](O)[C@@H]3O)cc2)cc1,0,Train
12114557,O=C(Nc1ccc(S(=O)(=O)C(F)(F)F)cc1)C1=CCN(c2ncccc2C(F)(F)F)CC1,1,Train
32571721,O=C(NC1CC1)c1cc2c(N3CCCC3c3ccccn3)ccnc2[nH]1,1,Train
1209007,CCC1(O)CC2CN(CCc3c([nH]c4ccccc34)C(C(=O)OC)(c3cc4c(cc3OC)N(C)C3C(O)(C(=O)OC)C(OC(C)=O)C5(CC)C=CCN6CCC43C65)C2)C1,0,Train
7589268,Nc1nnc(-c2cccc(Cl)c2Cl)c(N)n1,1,Train
32612572,Cc1cccnc1[C@@H]1CCC[C@H](c2nccn2C2CCN(C3CC3)CC2)N1C,1,Train
25796985,CC(=O)C(F)(F)F.Fc1cccc(OC2CN(c3c4c(nc5ccnn35)CCNCC4)C2)c1,0,Train
10607373,COc1cnn(C)c(=O)c1-c1ccc(C[C@H](NC(=O)c2c(Cl)cccc2Cl)C(=O)O)cc1,0,Train
8183012,COc1cc(C)c(S(=O)(=O)N[C@@H](CC(=O)NC2OC(CO)C(O)C(O)C2NC(C)=O)C(=O)N[C@H](Cc2ccc(C(=N)N)cc2)C(=O)N2CCCCC2)c(C)c1C,0,Train
20051301,CS(=O)(=O)Nc1ccc(-c2cccc3nc(Nc4ccc(C(=O)O)cc4)nn23)cc1,0,Train
12821823,CCOC(=O)c1cc(C#N)c(N2CCC(C(=O)NS(=O)(=O)Cc3ccc(C(C)C)cc3)CC2)nc1C,1,Train
987417,CC(C)NCC(O)COc1cccc2ccccc12,1,Train
23148336,CC#Cc1cncc(-c2cc(Cl)c([C@]3(C)CC(=O)N(C)C(=N)N3)s2)c1.O=CO,1,Train
25965420,CC(C)(C)C(NC(=O)N[C@H](C(=O)N1C[C@H]2[C@@H]([C@H]1C(=O)NC(CC1CC1)C(=O)C(N)=O)C2(C)C)C(C)(C)C)C(=O)OC1Cc2ccccc2C1,0,Train
28184447,Cc1[nH]c2cc([C@@H]3CCCCN3C(=O)c3c(Cl)cccc3NS(C)(=O)=O)nn2c(=O)c1C,0,Train
30596872,CC(O)CCNc1cc(-c2cnn3cc(Cl)cnc23)ncc1C(=O)NC[C@@H](F)C(C)(C)O,0,Train
30353050,C=CC(=O)N1CCC[C@@H](n2nc(-c3ccc4ccccc4c3)c3c(N)ncnc32)C1,0,Train
19872338,CC(=O)c1cccc([C@@H](O)[C@H](O)[C@H](O)CO)n1,1,Train
28803305,COC(=O)/C=C/c1cc(F)cc(N(Cc2ccc(-c3ccc(N(C)C)cc3)cc2F)C(=O)[C@@H]2C[C@@H]3CC[C@H]2C3)c1,0,Train
12375381,Cn1ncc(-c2ccc(F)cc2)c(-c2ccc(C[C@H](NC(=O)c3c(Cl)cccc3Cl)C(=O)O)cc2)c1=O,0,Train
32186337,COCc1nn(Cc2ccc(Cn3ccccc3=O)nc2)cc1C(=O)NCc1c(C#N)ccc(OC)c1F,0,Train
18462192,N=C(N)SCc1cc(F)ccc1Oc1cc(F)ccc1CSC(=N)N,0,Train
28960232,O=C1CSCCN1c1ccc(CO[C@@H]2COc3nc([N+](=O)[O-])cn3C2)cc1F,1,Train
8543750,CCOP(=O)(OCC)C(C)N=C=S,0,Train
24874870,C=CCN1CCC(C(=O)NO)C(CS(=O)(=O)c2ccc(OCc3cc(C)nc4ccccc34)cc2)C1,0,Train
29690061,CC(O)c1cc(C#N)ccc1C1C2=C(CCC2=O)N(c2cccc(C(F)(F)F)c2)C(=O)N1C,1,Train
9301462,NC(=O)CN1CCN(C(COCc2cc(C(F)(F)F)cc(C(F)(F)F)c2)c2ccccc2)CC1,0,Train
25965416,CCCC(NC(=O)C1C[C@@H](OC(C)(C)C)CN1C(=O)[C@@H](NC(=O)OCC(C)C)C(C)(C)C)C(=O)C(=O)NCC(=O)NC(C(=O)N(C)C)c1ccccc1,0,Train
26711130,CCCCCc1c(Cl)nc(NC(=O)NC(C)(C)C)c(=O)n1CC(=O)Nc1ccccc1C(=O)NS(=O)(=O)c1ccc(C(F)(F)F)cc1,0,Train
10556563,COCCCNc1nc(C)nc2cc(N)ncc12,1,Train
12545011,Cc1cn(Cc2ccc(Cl)cc2Cl)c2c(/C=C/C(=O)NS(=O)(=O)c3cc(Cl)c(Cl)s3)cc(F)cc12,1,Train
31507001,C[C@H](NP(=O)(OC[C@H]1O[C@@H](n2cnc3c(=O)[nH]c(N)nc32)C[C@@H]1O)Oc1cccc2ccccc12)C(=O)OCc1ccccc1,0,Train
25265984,Cc1ccc(-c2c(C3CCCC3)c3ccc(C(=O)NC4(C(=O)Nc5ccc(/C=C/C(=O)O)cc5)CCN(C)CC4)cc3n2C)nc1,0,Train
30680284,COc1cccc(OCc2onc(C)c2-c2ccc(CNS(=O)(=O)C3(C)CC3)cc2)c1,1,Train
25266096,Cc1cccc(-c2c(C3CCCC3)c3ccc(C(=O)NC4(C(=O)Nc5ccc(/C=C/C(=O)O)cc5)CCCC4)cc3n2C)n1,0,Train
24709284,C[C@@H]1OC(=O)C[C@H](O)C[C@H](O)CC[C@@H](O)[C@H](O)C[C@H](O)C[C@]2(O)C[C@H](O)[C@@H](C(=O)O)[C@H](C[C@@H](O[C@@H]3O[C@H](C)[C@@H](O)[C@H](N)[C@@H]3O)/C=C\\C=C\\C=C\\C=C\\C=C\\C=C\\C=C\\[C@H](C)[C@@H](O)[C@H]1C)O2,0,Train
11830529,CCc1c(N)cc(Cl)c(CC)c1NC(=O)N(c1ccc(OC)cc1F)[C@@H](C)c1ccc(Cl)cc1,0,Train
27669665,CCOC(=O)CNC(=O)/C=C/c1oc2cc(Cl)c(Oc3ccncc3C(=O)N3CCN(C4CC4)c4ccccc43)cc2c1C,0,Train
27104684,N#Cc1ccc(C2C3=C(CCC3=O)N(c3cccc(C(F)(F)F)c3)C(=O)N2C(=O)NCCCO)cc1,1,Train
29593996,Cc1sc2c(c1C)C(c1ccc(Cl)cc1)=N[C@@H](CC(=O)OC/C(Br)=C(\\Br)CO)c1nnc(C)n1-2,1,Train
10617228,CN1C(=O)NC(=O)[C@]12Cc1ccc(NC(=O)Cn3c(=O)n(-c4cncnc4)c4ccccc43)cc1C2,1,Train
9963209,C[C@H](Cc1c[nH]c2c(OS(C)(=O)=O)cccc12)NC[C@H](O)c1cccc(OCc2ccccc2)c1,0,Train
4913068,O=C(c1ccc(F)cc1)C1CCN(CCn2c(=O)[nH]c3ccccc3c2=O)CC1,1,Train
24571023,CCc1cc(S(=O)(=O)Nc2ccc(F)cc2F)cc2c1NC(=O)C(C)(CC)NC2=O,1,Train
8456568,COc1ccc2ccc(S(=O)(=O)NC(Cc3ccc4c(N)nccc4c3)C(=O)N3CCC(C)CC3)cc2c1,0,Train
24907099,CNC(=O)[C@@H](NC(=O)[C@@](O)(CCCN(Cc1ccc(-c2cccnc2)cc1)NC(=O)C(NC(=O)OC)C(C)(C)C)Cc1ccccc1)C(C)(C)C,1,Train
29875259,O=C(c1cccc(C(F)(F)c2n[nH]c(=O)c3c2CCCC3)c1)N1CCn2c(nnc2C(F)(F)F)C1,0,Train
30487043,O=C(c1nnc(-c2ccc(OC(F)F)cc2)o1)N1CCC(Oc2ccc(CN3CCCC3)cc2)CC1.O=CO,1,Train
10734758,Cc1cc(Cc2ccc(C(=O)N[C@@H]3CN(CC(C)(C)C)C[C@@H]3C(=O)NO)cc2)c2ccccc2n1,0,Train
11030341,C/C=C(\\C)C(=O)O[C@@H]1C[C@H]2[C@@H](CC=C3C[C@@H](O[C@H]4C[C@H](OC)[C@H](O[C@H]5C[C@H](OC)[C@H](O[C@@H]6O[C@H](C)[C@@H](O)[C@H](OC)[C@H]6O)[C@@H](C)O5)[C@@H](C)O4)CC[C@@]32C)[C@@]2(O)CC[C@H](C(C)=O)[C@@]12C,0,Train
20083513,O=C1c2ccc(Nc3nc4c(-c5ccc(CN6CCCC(F)C6)cc5)cccn4n3)cc2CN1C1CC1,0,Train
22098402,CC(C)OC(=O)[C@H](C)NP(=O)(OC[C@H]1O[C@@](C#N)(c2ccc3c(N)ncnn23)[C@](C)(O)[C@@H]1O)Oc1ccccc1,0,Train
12172224,CN[C@@H](Cn1c(=O)c(-c2cccc(OCCCCC(=O)O)c2F)c(C)n(Cc2c(F)cccc2C(F)(F)F)c1=O)c1ccccc1,0,Train
24231234,CC(C)C[C@H](NC(=O)c1ccc(-c2nc(N3CCN(C)CC3)sc2F)cc1)C(=O)N1C[C@@H](Cl)[C@H]2OCC(=O)[C@H]21,1,Train
30708695,CC(C)Nc1cc(-n2ncc3cc(C#N)cnc32)ncc1-c1cn(C2CCN(S(C)(=O)=O)CC2)nn1,0,Train
30708914,CC(C)(O)CCc1cn(-c2cnc(-n3ncc4cc(C#N)cnc43)cc2N[C@H]2CC[C@H](F)C2)nn1,0,Train
20051085,O=C(Nc1nc2cccc(N3CCC(O)(c4ccc(Cl)cc4)CC3)n2n1)C1CC1,1,Train
26693354,CCOc1cc(O[C@@H]2C[C@H]3C(=O)N[C@]4(C(=O)NS(=O)(=O)C5CC5)C[C@H]4C=CCCCCC[C@@H](NC(=O)c4cc[nH]n4)C(=O)N3C2)c2ccc(OC)c(C)c2n1,0,Train
26883067,O=C(Cc1ccc(-c2ccccc2)cc1)Nc1ccccc1,1,Train
23745875,CCc1ccc(-c2nc(=O)n(CCC3CCCO3)c3c2oc2ncc(-c4cnn(C)c4)cc23)cn1,1,Train
10619612,Cn1cnc(S(=O)(=O)N(CCN(Cc2cncn2C)c2ccc(C#N)cc2)CC2CCN(C(=O)OC(C)(C)C)CC2)c1,0,Train
30597090,CC(C)(O)[C@H](F)CNC(=O)c1cnc(-c2cnc3cc(Cl)cnn23)cc1Nc1cnn(C2CC(F)(F)C2)c1,0,Train
356241,O=C(O)c1cc(/N=N/c2ccc(S(=O)(=O)Nc3ccccn3)cc2)ccc1O,0,Train
24828821,COC(=O)N[C@@H](CCN1C2CCC1CC(n1c(C)nc3c1CN(C(C)=O)CC3)C2)c1cccc(F)c1,0,Train
25081764,CCC1OC(=O)C(C)C(OC2CC(C)(OC)C(C)C(C)O2)C(C)C(OC2OC(C)CC(N(C)C)C2C)C(C)(O)CC(C)C(=O)C(C)C(O)C1(C)O,0,Train
26373955,C=C[C@@H]1C[C@]1(NC(=O)[C@@H]1C[C@@](OC)(c2ccc(-c3ccc(OC)cc3)cc2)CN1C(=O)[C@@H](NC(=O)OC1CCCC1)C(C)(C)C)C(=O)NS(=O)(=O)C1CC1,1,Train
32612667,COc1ccnc([C@@H]2CCC[C@H](c3nc4cccc(N5CCN(C)CC5)c4[nH]3)N2C)c1C,0,Train
33028530,COc1cc2c(cc1Cl)nc(OC)n2CCNC(C)=O,1,Train
20247127,COc1c(C)cc(C2(c3cccc(-c4cncnc4)c3)N=C(N)c3c(F)cccc32)nc1C,1,Train
10737121,O=C1CC(c2ccc(C[C@H](Nc3nc4ccccc4s3)c3nc4ccccc4[nH]3)cc2F)S(=O)(=O)N1,0,Train
29657822,CC(=O)N1CCN(c2cccc(-c3cc(C(F)(F)F)c4c(N)ncnn34)c2)C(=O)C1(C)C,1,Train
7800725,O=C(O[C@H]1Cc2c(O)cc(O)cc2O[C@H]1c1cc(O)c(O)c(O)c1)c1cc(O)c(O)c(O)c1,0,Train
27219147,CC[C@H]1C[C@@H](n2c(=O)nc(-c3cnn(C)c3)c3oc4cc(F)c(-c5cnc(C)o5)cc4c32)CCO1,1,Train
20905504,O=C(NCCN1CCOCC1)Nc1nc2ccc(Sc3nnc4cccnn34)cc2s1,0,Train
23751946,CNc1ccc(-c2nc(=O)n(CCC3CCOCC3)c3c2oc2ncc(-c4cnn(C)c4)cc23)cn1,0,Train
26275319,O=c1cc(-c2ccccc2)c2ccccc2n1CC1CNCCO1,1,Train
21816458,CS(=O)(=O)NCC1CCC(Nc2nc3c(s2)CCSc2ccccc2-3)CC1,1,Train
28683802,COCCCOc1cc(C(=O)N(C[C@@H]2CNC[C@H]2NS(=O)(=O)Cc2ccccc2)C(C)C)ccc1OC,0,Train
1211455,Oc1noc2cc(Cl)ccc12,1,Train
24571028,CCC1(C)NC(=O)c2cc(S(=O)(=O)Nc3ccc(C(F)(F)F)cc3F)cc(Cl)c2NC1=O,1,Train
20083398,CNC(=O)c1ccc(Nc2nc3c(-c4ccc(CN5CC[C@@H](F)C5)cc4)cccn3n2)cn1,1,Train
22751737,Br.N=C(N)SCc1c(Br)ccc2c1oc1c(CSC(=N)N)c(Br)ccc12,0,Train
11332101,COc1ncc(OC)c2c(C(=O)C(=O)N3CCN(C(=O)c4ccccc4)CC3)c[nH]c12,1,Train
27334666,COC(=O)[C@H]1O[C@@H](SCc2nnn(-c3ccc(S(N)(=O)=O)cc3)c2I)[C@H](OC(C)=O)[C@@H](OC(C)=O)[C@@H]1OC(C)=O,0,Train
22059445,CCN(C)C(=O)[C@H]1C[C@@H](c2ccc(CN3CCCC3)c(F)c2)C1,1,Train
24875408,CONC(=O)[C@H]1CCCN(C)[C@@H]1C(=O)Nc1ccc(OCc2cc(C)nc3ccccc23)cc1,0,Train
3968138,O=C1N=C(O)NC1(c1ccccc1)c1ccccc1,1,Train
26662069,NC(=O)c1sc(N2CCOCC2)nc1CC(=O)N1CCc2cc(F)ccc21,1,Train
9685664,COc1ccc2c(O[C@@H]3C[C@H]4C(=O)N[C@]5(C(=O)O)C[C@H]5/C=C\\CCCCC[C@H](NC(=O)OC5CCCC5)C(=O)N4C3)cc(-c3csc(NC(C)C)n3)nc2c1,0,Train
12093710,O=C(NC1CC1)c1ccc(O)cc1OC[C@@H](O)CN1CCC2(CC1)Cc1cc(Cl)ccc1O2,1,Train
23745570,Cn1cc(-c2ccc3oc4c(-c5ccc(N6CCOCC6)nc5)nc(=O)n(CCC5CCCO5)c4c3c2)cn1,0,Train
32454298,CC(C)CC(=O)N[C@H](C(=O)N[C@H](C(=O)N[C@@H](CC(C)C)[C@@H](O)[C@H](F)C(=O)N[C@@H](C)C(=O)N[C@@H](CC(C)C)[C@@H](O)CC(=O)O)C(C)C)C(C)C,0,Train
23071068,CCCC(=O)c1cnn(-c2ccc(NC(=O)c3cn(CC(=O)N4CCN(CC(=O)N(C)C)CC4)c4ccc(Cl)cc34)cc2)c1C.Cl,0,Train
20308381,NC1=N[C@](c2ccnc(C(F)(F)F)c2)(c2ccc(F)c(-c3cncnc3)c2)c2cccc(F)c21,1,Train
21216174,CN(Cc1ccc(F)cc1)C(=O)[C@@]1(c2ccc(Cl)c(Cl)c2)C[C@H]1CN1CCN(C(=O)CN2CCCCC2)CC1,0,Train
20616791,CNC(=O)N1CCC(CN2C[C@@H](c3ccccc3)N(C3CCN(C4(C)CCN(C(=O)c5c(C)ncnc5C)CC4)CC3)C2=O)CC1,0,Train
21338109,Cc1nc2ncnn2c2c1CCN2[C@H](c1ccc(F)cc1)C(F)(F)F,1,Train
8889933,Cc1cc(C(=O)Nc2ccc(-c3ccccc3S(N)(=O)=O)cc2F)n(-c2cccc(CN)c2)n1.O=C(O)C(F)(F)F,0,Train
23866634,Nc1ncc(-c2ccc(C(=O)N3CCNCC3)cc2)nc1-c1ccc(C(F)(F)F)cc1,1,Train
25083795,CNCC1(c2ccc(N3CCC4C(C#N)=NN(c5ccc(OC)cc5)C4C3=O)cc2)CC1.O=C(O)C(F)(F)F,0,Train
27197163,CC(C)(O)CNC(=O)N1C(=O)N(c2cccc(C(F)(F)F)c2)C2=C(C(=O)CCC2)C1c1ccc(C#N)cc1,1,Train
11342156,COc1ccc2c(c1)CCC=C2CCCN1CCc2cc(OC)c(OC)cc2C1.Cl,1,Train
29314773,CNc1nc2nc3c1[nH]c(=O)n3Cc1cccc(c1)OCCNC(=O)CO2,0,Train
18365125,CCCC1(C(=O)c2ccc(N)c(Cl)c2)CCCN1,1,Train
19565774,Oc1ccc(-c2ccc(-c3cccc(O)c3)s2)cc1,1,Train
27877289,CCOc1nc(NC(=O)C2(NC(=O)c3ccc4c(C5CCCC5)c(-c5ccccn5)n(C)c4c3)CCC2)ccc1C=CC(=O)O,1,Train
18506684,CC(F)(F)CNC(=O)N1Cc2nc(N)nc(-c3c(Cl)cc(Cl)cc3OCCn3cccn3)c2C1,0,Train
24108422,CC(C)(C)C(=O)OCn1nnc(-c2ccccc2-c2ccc(CN3CCC(COC(=O)c4c5n(c6ccccc46)CCCO5)CC3)cc2)n1,0,Train
30708913,CC(C)(O)CCc1cn(-c2cnc(-n3ncc4cc(C#N)cnc43)cc2NC2CC(F)(F)C2)nn1,0,Train
24108432,CC(=O)OCOC(=O)c1ccccc1-c1ccc(CN2CCC(COC(=O)c3c4n(c5ccccc35)CCCO4)CC2)cc1.CS(=O)(=O)O,0,Train
26883075,COc1c(C)cc(-c2ccc(CC(=O)NCc3ccco3)cc2)cc1C,1,Train
26035408,CC(C)N(C)[C@H]1CC[C@@H](N2CC[C@H](NC(=O)c3cccc(C(F)(F)F)c3)C2=O)[C@@H](CS(=O)(=O)c2ccccc2)C1,0,Train
10734756,COC(=O)N1C[C@@H](NC(=O)c2ccc(Cc3cc(C)nc4ccccc34)cc2)[C@@H](C(=O)NO)C1,0,Train
25294672,C/C=C/C[C@@H](C)[C@@H](O)[C@H]1C(=O)N[C@H](CC)C(=O)N(C)CC(=O)N(C)[C@@H](CC(C)C)C(=O)N[C@@H](C(C)C)C(=O)N(C)[C@H](CC(C)C)C(=O)N[C@@H](C)C(=O)N[C@@H](C)C(=O)N(C)[C@@H](CC(C)C)C(=O)N(C)[C@@H](CC(C)C)C(=O)N(C)[C@H](C(C)C)C(=O)N1C,0,Train
23489105,O=C(NC1C2CC3CC1CC(O)(C3)C2)N1CCN(c2ccc(N3CCN(S(=O)(=O)C4CC4)CC3)cn2)c2ccccc21,0,Train
9104760,O=C(O)CC1c2ccccc2C(=O)N(CC(=O)NC[C@H]2CC[C@H](Nc3nc4ccccc4[nH]3)CC2)c2ccccc21,0,Train
18462213,N=C(N)SCc1cc(F)ccc1Oc1cc(Cl)ccc1CSC(=N)N,0,Train
22516466,Cc1cc(CC(OC(=O)N2CCC(n3c(=O)[nH]c4ncccc43)CC2)c2cc(C(=O)N(C)C)cc(Cl)n2)cc2cn[nH]c12,0,Train
22775074,Cc1ccc(-c2cccc([S@]3(=O)=NC(=O)[C@H](C)N3)c2)cc1,1,Train
9297968,COc1ccc2ccc(S(=O)(=O)N[C@@H](CCCCN)C(=O)N3CCC(C)CC3)cc2c1,0,Train
32081727,O=C(CCN1CCCCC1)Nc1cc(-c2ccco2)c2oc(-c3ccco3)nc2c1,0,Train
33162844,C=CC(=O)N1CCC[C@@H](n2nc(-c3cnc(C(=O)Nc4cc(C(F)(F)CC)ccn4)nc3)c3cncc(Cl)c32)C1,0,Train
23027626,CC(C)C1=NC(c2ccccc2)(c2cccc(-c3cncnc3)c2)N=C1N,1,Train
32186342,O=C(NCc1c(F)cccc1-n1cnnn1)c1cn(Cc2ccc(Cn3ccccc3=O)cc2)nc1C(F)(F)F,0,Train
19867602,NS(=O)(=O)NCCNc1nonc1/C(=N/O)Nc1ccc(F)c(Br)c1,0,Train
27877332,CCOc1nc(NC(=O)C2(NC(=O)c3ccc4c(C5CCCC5)c(-c5cnccn5)n(C)c4c3)CCC2)ccc1C=CC(=O)O,1,Train
26711139,CC(C)(C)NC(=O)Nc1nc(Cl)c(-c2ccc(-c3cccnc3)cc2)n(CC(=O)Nc2ccccc2C(=O)NS(=O)(=O)c2ccc(C(F)(F)F)cc2)c1=O,0,Train
606492,CN(C)C(=N)NC(=N)N,0,Train
25999077,COc1cc(Cl)c([C@H]2Oc3c(OC)c(Cl)c4ccc(=O)oc4c3O[C@@H]2CO)cc1OC,1,Train
25079950,CCCOCCn1c(=O)c(N[C@H]2CC[C@H](O)CC2)nc2cnc(-c3ccc(OC)nc3)cc21,1,Train
26494621,O=C(Nc1ccc(O)cc1OC[C@@H](O)CN1CCC2(CC1)Cc1cc(Cl)ccc1O2)NC1CC1,0,Train
32110187,CCNC(=O)c1c(NC(=O)c2c(F)c(F)c(F)c(F)c2F)sc2c1CCN(CC)C2,0,Train
23477668,Oc1cc(Cl)ccc1Oc1ccc(C(F)(F)F)cc1Cl,1,Train
32115623,O=C(NC[C@H]1[C@@H]2CN(C(=O)CCc3cc(Cl)cc(Cl)c3)C[C@H]12)c1ccc2[nH]c(=O)oc2c1,1,Train
20007946,CCCCCC1CN(C(=O)C(=O)c2c[nH]c3cccc(F)c23)CCN1C(=O)c1ccccc1,0,Train
29298633,CN(C)c1cc(OCc2cc(F)c(Oc3ccc(Cl)c(C(F)(F)F)c3)c(F)c2)nc(=O)n1C,0,Train
28803467,[2H]C(c1ccc(-c2ccc(N(C)C)cc2)cc1Cl)N(C(=O)C1CCCCC1)c1cccc(/C=C/C(=O)OC)c1,0,Train
30753640,Cc1cccc(-c2nc(N)sc2-c2ccc3ncccc3n2)c1,1,Train
24193618,N[C@@H](C(=O)N[C@H]1C(=O)N2C(C(=O)O)=C(Cl)CC[C@@H]12)c1ccccc1,0,Train
20848158,N#Cc1nc(CCCNCC(N)=O)cc(-c2cccc(C(F)(F)F)c2)n1,0,Train
24874871,C#CN1CCC(C(=O)NO)C(CS(=O)(=O)c2ccc(OCc3cc(C)nc4ccccc34)cc2)C1,0,Train
31277702,O=C1N=S(=O)(Nc2ccccc2)c2ccccc21,0,Train
24140982,Cc1c2oc3c(C)ccc(C(=O)N[C@@H]4C(=O)N[C@H](C(C)C)C(=O)N5CCC[C@H]5C(=O)N(C)CC(=O)N(C)[C@@H](C(C)C)C(=O)OC4C)c3nc-2c(C(=O)N[C@@H]2C(=O)N[C@H](C(C)C)C(=O)N3CCC[C@H]3C(=O)N(C)CC(=O)N(C)[C@@H](C(C)C)C(=O)OC2C)c(N)c1=O,0,Train
8163357,CC[C@]12CCN(CC3(O)CC3)[C@H](Cc3ccc(O)cc31)C2(C)C,0,Train
29232381,O=c1[nH]cnc2c(-n3cc(CCN4CCC(c5cc(Cl)cc(Cl)c5)CC4)cn3)nccc12,0,Train
27323427,O=C(c1cc(-c2cc3c(cc2C(=O)N2Cc4ccccc4C[C@H]2CN2CCOCC2)OCO3)n2c1CCCC2)N(c1ccccc1)c1ccc(O)cc1,0,Train
12308635,Cc1ccc(C(CC(=O)N2CCC(N3Cc4ccccc4NC3=O)CC2)Cc2cc(C)c3[nH]ncc3c2)nc1,0,Train
29236020,CS(=O)(=O)c1cc(C#N)ccc1[C@@H]1C2=C(CCCC2=O)N(c2cccc(C(F)(F)F)c2)C(=O)N1CC1COC1,1,Train
20611469,Cc1ccc(-c2ccc(C(=O)NC3(C(=O)N[C@@H](CCCN4CCN(CC5CCOCC5)CC4)Cc4ccccc4)CCCC3)cc2)cc1.O=C(O)C(F)(F)F,0,Train
33162745,C=CC(=O)N1CCC[C@@H](n2nc(-c3ccc(Oc4ccncc4)cc3)c3c(N)ncc(C#N)c32)C1,1,Train
27963961,Cc1cc(O)cc(C)c1C=C1C(=O)N(Cc2ccccc2)C(=O)N(Cc2ccccc2)C1=O,0,Train
21177347,COc1ccc(C2(c3cccc(-c4cncnc4)c3)N=C(C)C(N)=N2)cc1C,1,Train
29314755,CNc1nc2nc3c1[nH]c(=O)n3Cc1cccc(c1)OCCCCCO2,0,Train
18578647,COc1cc2c(cc1OC)CN(C(=O)c1ccc(-c3ccccc3)cc1)CC2,1,Train
10380065,CCN(C(=O)N1CCOCC1)c1ccc(C(O)(C(F)(F)F)C(F)(F)F)cc1,1,Train
23592572,COc1cc(Nc2nc3n(n2)CCCC3c2ccccc2)ccc1-n1cnc(C)c1,1,Train
11288921,CC(C)(C)OC(=O)[C@@H](NC(=O)N[C@H](C(=O)N1C[C@H]2[C@@H]([C@H]1C(=O)NC(CC1CCC1)C(=O)C(N)=O)C2(C)C)C1Cc2ccccc2C1)C(C)(C)C,0,Train
4273483,CCOC(=O)N1CCC(=C2c3ccc(Cl)cc3CCc3cccnc32)CC1,1,Train
25266011,Cc1ccc(-c2c(C3CCCC3)c3ccc(C(=O)NC(C)(C)C(=O)Nc4ccc(/C=C/C(=O)O)cc4)cc3n2C)nc1,0,Train
24526885,C[C@@H](Cc1c(F)c(F)cc(F)c1F)Nc1cc[nH]c(=O)c1-c1nc2cc3c(cc2[nH]1)C(=O)N(c1cccnc1)C3O,0,Train
20247123,NC1=NC(c2cccc(-c3cncnc3)c2)(c2ccnc(C3CC3)c2)c2cccc(F)c21,1,Train
5303758,O=C1c2c(O)cc(O)cc2O[C@H](c2cc(O)c(O)c(O)c2)[C@H]1O,0,Train
24624884,NC[C@@H](NC(=O)C[C@H]1CNC(=O)c2cc(-c3ccnc(F)c3)cn21)c1ccccc1.O=C(O)C(F)(F)F,0,Train
4165671,C=CCOc1ccccc1OCC(O)CNC(C)C.Cl,1,Train
22663952,Cn1c(S)nc2ccc(Cl)cc21,1,Train
23070482,CCCC(=O)c1cnn(-c2ccc(NC(=O)c3cn(CC(=O)N(C)C)c4cc(C)c(C)cc34)cc2)c1C,1,Train
33002219,COc1ccc2c(NCc3ccc(C(=O)NO)cc3)ncnc2c1,0,Train
20038508,Cc1cc(O)cc(-c2ccc(-c3ccc(O)cc3)s2)c1,1,Train
984016,Cc1cc(C)c2c(N)c(C(N)=O)sc2n1,1,Train
24007139,N#Cc1ccc(-c2cnc3ccc(-c4ccc(C(=O)N5CCNCC5)cc4)nn23)cc1,0,Train
20127795,CN(C[C@@H]1CCCN1C(=O)C[C@H](N)Cc1cc(F)c(F)cc1F)S(=O)(=O)C(F)(F)F,1,Train
25079894,C[C@@H]1CN(C(=O)c2ccccc2)[C@H](C)CN1C(=O)C(=O)c1c[nH]c2cccc(F)c12,0,Train
32584352,Cc1cn2c(-c3cn[nH]c3)cnc2c(Nc2cc([C@H](NC(C)(C)C)c3ccccn3)ns2)n1,0,Train
19761444,Cn1c(N2CCCN(CCCN3c4ccccc4Sc4ccc(C(C)(C)C(=O)O)cc43)CC2)cc(=O)n(C)c1=O,0,Train
21994154,Cc1sc2c(c1C)C(c1ccc(Cl)cc1)=N[C@@H](CC(=O)OC(C)(C)C)c1nnc(C)n1-2,1,Train
14111946,O=C(C(=O)N1CCN(C(=O)c2ccccc2)CC1)c1c[nH]c2c(-c3ncon3)ccc(F)c12,1,Train
178813,COc1ccc2c(c1)[nH]c1c(C)nccc12,1,Train
21598053,Cn1c(-c2ccccn2)c(C2CCCCC2)c2ccc(C(=O)NC(C)(C)C(=O)Nc3ccc(CCC(=O)O)cc3)cc21,1,Train
11220387,C=C[C@@H]1C[C@]1(NC(=O)[C@@H]1C[C@@H](Oc2cc(-c3ccccc3)nc3cc(OC)ccc23)CN1C(=O)[C@@H](NC(=O)OC(C)(C)C)C(C)(C)C)C(=O)NNS(=O)(=O)c1ccccc1,0,Train
124132,O=C(O)c1cc2ccccc2[nH]1,1,Train
24368070,COCCOCCOCCOCCOCCNc1ccc(S(=O)(=O)N(CC(C)C)C[C@@H](O)[C@H](Cc2ccccc2)NC(=O)O[C@H]2CO[C@H]3OCC[C@@H]23)cc1,0,Train
18981467,CCCN(CC1CC1)c1cc(C(=O)Nc2ccc3[nH]ncc3c2)ncn1,0,Train
24185868,CC(C)N(C)[C@H]1CC[C@@H](N2CC(C)(C)[C@H](NC(=O)c3cccc(C(F)(F)F)c3)C2=O)[C@@H](CS(=O)(=O)c2ccccc2)C1,0,Train
24434319,Cc1ccc(Nc2c(-c3ccc(F)cc3)nc3n2CCN(C(=O)C(C)(C)N)C3)cc1.Cl,0,Train
32186352,COCc1nn(Cc2cnc(N3CCC(F)(F)C3)nc2)cc1C(=O)NCc1c(-n2cnnn2)ccc(OC)c1F,1,Train
26020909,CC(=O)N[C@@H](CCN1C2CCC1CC(n1c(C)nc3c1CCN(C(=O)C(C)(C)C)C3)C2)c1cccc(F)c1,1,Train
23261310,COc1cc(Sc2c(-n3cncn3)[nH]c3ccccc23)cc(OC)c1OC,1,Train
28803460,[2H]C(c1ccc(-c2ccc3c(cnn3C)c2)cc1Cl)N(C(=O)C1CCCCC1)c1cccc(/C=C/C(=O)OC)c1,0,Train
32571716,CC(=O)O.COC(C)(C)C1CCCN1c1ccnc2[nH]ncc12,1,Train
14491706,COc1ccc2c(c1)nc(S(=O)Cc1ncc(C)c(OC)c1C)n2S(=O)(=O)c1cccc(C(=O)O)c1,0,Train
1098242,CCCO,1,Train
11586395,COc1ccc(-n2nc(C(F)(F)F)c3c2C(=O)N(c2ccc(C4(CN(C)C)CC4)cc2)CC3)cc1.O=C(O)C(F)(F)F,0,Train
29232385,O=c1[nH]cnc2c(-n3cc(CCN4CCC(c5cc(F)cc(F)c5)CC4)cn3)nccc12,1,Train
30675174,COc1ccc(N2CCOCC2)c2sc(NC(=O)C3(C)CCC(C)(O)CC3)nc12,1,Train
24367863,CCCCC1CN(C2CCOCC2)C(=O)N1C1CCN(C2(C)CCN(C(=O)c3c(C)ncc(C#N)c3C)CC2)CC1,0,Train
23726784,CC(C)c1nc2c(C(=O)NCC3CCN(CC(O)CN(C)S(C)(=O)=O)CC3)cccc2[nH]1,0,Train
30428588,Cc1nc2ccc(-n3ncc(C(=O)c4cc5ccc(CN6CCOCC6)cc5[nH]4)c3N)cc2[nH]1,0,Train
31298118,O=[N+]([O-])c1ccc(C2CC(c3ccco3)=Nc3ccccc3S2)cc1,1,Train
21859088,Nc1ncnc2c1C(=O)N(c1ccc(-c3ccc(CC(=O)N4CC[C@@H](O)C4)cc3Cl)cc1)CCO2,0,Train
20187207,Cc1cc(C(=O)Nc2ccc(N3CCC(N4CCCC4C)C3)cc2)n[nH]1,0,Train
25083799,COc1ccc(N2N=C(C(N)=O)C3CCN(c4ccc(C5(CN(C)C)CC5)cc4)C(=O)C32)cc1.O=C(O)C(F)(F)F,0,Train
21216132,CC(C)NC[C@@H]1C[C@@]1(C(=O)N(C)Cc1ccc(F)cc1)c1ccc(Cl)c(Cl)c1,1,Train
25265970,CN1CC[C@](NC(=O)c2ccc3c(C4CCCC4)c(-c4cnccn4)n(C)c3c2)(C(=O)Nc2ccc(/C=C/C(=O)O)cc2)C1,1,Train
26411972,Nc1cc(O)ccc1-c1cc(=O)c2ccccc2o1,0,Train
23012958,Cn1c(-c2ccc(Cl)cn2)c(C2CCCC2)c2ccc(C(=O)NC(C)(C)C(=O)Nc3ccc(C=CC(=O)O)cc3)cc21,0,Train
27219165,CC[C@H]1C[C@@H](n2c(=O)nc(-c3cnn(C)c3)c3oc4ncc(-c5cnn(CC)c5)cc4c32)CCO1,1,Train
25083810,COc1ccc(N2N=C(C#N)C3CCN(c4ccc(C5(CN6CCOCC6)CC5)cc4)C(=O)C32)cc1.O=C(O)C(F)(F)F,1,Train
29459193,C[C@](O)(CSc1ccc(C(F)(F)F)cc1)C(=O)Nc1ccc(C#N)c(C(F)(F)F)c1,0,Train
20110840,COc1cccc(CNC(=O)c2cc(-c3nnn(Cc4ccc(C(=O)O)cc4)n3)cc(C)n2)c1,0,Train
12702581,COc1cccc(-c2nc3ccc(-c4cccc(CN(C)C)c4)cc3c(=O)n2CC(=O)NC(C)C)c1,1,Train
32471077,COc1cc(OCCNCCCF)ccc1[C@@H]1c2[nH]c3ccccc3c2C[C@@H](C)N1CC1(F)CC1,0,Train
25838294,C=CC[C@@H]1/C=C(\\C)C[C@H](C)CC[C@H]2O[C@@](O)(C(=O)C(=O)N3CCCC[C@H]3C(=O)O[C@H](C(C)=C[C@@H]3CC[C@@H](O)[C@H](OC)C3)[C@H](C)[C@@H](O)CC1=O)[C@H](C)C[C@@H]2OC,0,Train
23978093,O=C(Cc1nc(N2CCOCC2)cc(=O)[nH]1)N1CCc2c(-c3ccncc3)cccc21,0,Train
26769163,CN(C)CCC(Oc1ccc(NC(=O)Nc2ccc3c(ccn3C)c2)cc1)c1ccccc1,0,Train
29593992,Cc1sc2c(c1C)C(c1ccc(Cl)cc1)=N[C@@H](CC(=O)OCCCO)c1nnc(C)n1-2,1,Train
26771579,Cn1cncc1CN1C[C@H](c2cc(F)cc(F)c2)CC1=O,1,Train
33002220,COc1cc2ncnc(NCc3ccc(C(=O)NO)cc3)c2cc1OC,0,Train
12543158,O=C(N[C@@H](Cc1ccc(F)c(Br)c1)C(=O)O)c1cc(Cl)c(Cl)cc1NS(=O)(=O)c1cccc2nsnc12,0,Train
21379655,CC1=C(C#N)C(c2cc3c(C)n[nH]c3cc2F)C(C#N)=C(C(F)(F)F)N1,1,Train
3657947,CC1COc2c(N3CCN(C)CC3)c(F)cc3c(=O)c(C(=O)O)cn1c23,0,Train
24942150,N=C(N)NCCC[C@H](NC(=O)[C@H](CCCNC(=N)N)NC(=O)[C@H](CCCNC(=N)N)NC(=O)[C@H](CCCNC(=N)N)NC(=O)[C@H](CCCNC(=N)N)NC(=O)[C@H](CCCNC(=N)N)NC(=O)[C@H](CCCNC(=N)N)NC(=O)CCCNC(=S)Nc1ccc(-c2c3ccc(=O)cc-3oc3cc(O)ccc23)c(C(=O)O)c1)C(N)=O,0,Train
3584085,C[C@@H]1O[C@@H](O[C@@H]2[C@@H](O)[C@H](OCCc3ccc(O)c(O)c3)O[C@H](CO[C@@H]3OC[C@](O)(CO)[C@H]3O)[C@H]2OC(=O)/C=C/c2ccc(O)c(O)c2)[C@H](O)[C@H](O)[C@H]1O,0,Train
30596843,CC(C)(O)[C@H]1CC[C@H](Nc2cc(-c3cnn4cc(Cl)cnc34)ncc2C(=O)NC[C@@H](F)C(C)(C)O)C1,0,Train
30708724,CC(C)Nc1cc(-n2ncc3cc(C#N)cnc32)ncc1-c1cn(C(C)C)nn1,1,Train
26879489,O=C(COC1CCC(Nc2ccc([N+](=O)[O-])c(C(F)(F)F)c2)CC1)N1CCN(Cc2nc3cc(F)ccc3s2)CC1,1,Train
26711125,CC(C)(C)NC(=O)Nc1nc(Cl)c(CCc2ccccc2)n(CC(=O)Nc2ccccc2C(=O)NS(=O)(=O)c2ccc(C(F)(F)F)cc2)c1=O,0,Train
24600783,COc1ccc2nc(NC(c3ccc(F)cc3)P(=O)(OC)OC)sc2c1,0,Train
3628192,COc1ccc2[nH]c(S(=O)Cc3ncc(C)c(OC)c3C)nc2c1,1,Train
10737005,Cc1nn(-c2ccc3onc(N)c3c2)c2c1CCN(c1ccc(-c3ccccc3CN(C)C)cc1)C2=O,0,Train
12093819,O=C(c1ccc(O)cc1OC[C@@H](O)CN1CCC2(CC1)Cc1cc(Cl)ccc1O2)N1CC[C@@H](O)C1,0,Train
11586104,COc1ccc(-n2nc(C(N)=O)c3c2C(=O)N(c2ccc(C(C)(C)C#N)cc2)CC3)cc1,0,Train
25451258,O=C(O)CC1CCC(=O)N(CC(=O)NCC2CCC(Nc3nc4ccccc4[nH]3)CC2)c2ccc(Cl)cc21,0,Train
153970,O=c1ccc2ccc3occc3c2o1,1,Train
12093779,Cc1ccc(C(=O)N2CC[C@H](O)C2)c(OC[C@@H](O)CN2CCC3(CC2)Cc2cc(Cl)ccc2O3)c1,0,Train
10316729,Nc1noc2ccc(-n3nc(C(F)(F)F)cc3C(=O)Nc3ccc(-c4ccccc4CNC4CCC4)cc3F)cc12,0,Train
32614159,CN(C)C1CCN(c2cccc3nc([C@H]4CCC[C@@H](c5ncccc5Cl)N4C)c(Cl)n23)CC1,0,Train
24238072,CC(C)NCC(O)COc1ccc(CCNC(=O)NC(C)C)cc1,0,Train
27850044,CCOc1cc(NC(=O)C2(NC(=O)c3ccc4c(C5CCCC5)c(-c5ncc(Cl)cn5)n(C)c4c3)CCC2)nnc1C=CC(=O)O,0,Train
19761424,Cn1c(N2CCCN(CCCN3c4ccccc4Sc4cccc(C(=O)O)c43)CC2)cc(=O)n(C)c1=O,0,Train
27752192,Cc1c(N(C(=O)c2cc(-c3cc(F)ccc3C(=O)N3Cc4ccccc4C[C@H]3CN3CCOCC3)n(C)c2C)c2ccc(O)cc2)cc(C#N)n1C,0,Train
29817460,CN(C)CCNCc1ccc(-c2cc3c(N[C@H](CO)c4ccccc4)ncnc3[nH]2)cc1F,0,Train
171120,O=C(O)CCCc1c[nH]c2ccccc12,1,Train
32858011,CC[C@H]1CC[C@H]2[C@@H]3CC=C4C[C@@H](OC(=O)CCC(=O)O)CC[C@]4(C)[C@H]3CC[C@]12C,0,Train
24108435,CS(=O)(=O)O.Cc1oc(=O)oc1COC(=O)c1ccccc1-c1ccc(CN2CCC(COC(=O)c3c4n(c5ccccc35)CCCO4)CC2)cc1,1,Train
9821133,NC(=O)c1cc(OCCc2ccc(Cl)cc2Cl)cc(C(=O)NCC2CCN(c3ccncc3)CC2)c1,0,Train
32612646,Cc1cccnc1[C@@H]1CCC[C@H](c2nc3cccc(N4CC5CCC(C4)N5C)c3[nH]2)N1C,1,Train
13098694,CCNC(=O)N1CCc2nc(-c3ccc(OCCCN4CCC[C@H]4C)cc3)sc2C1,0,Train
8373630,CC(C)c1c(C(=O)Nc2ccccc2)c(-c2ccccc2)c(-c2ccc(F)cc2)n1CC[C@@H](O)C[C@@H](O)CC(=O)O,0,Train
24395272,COc1ccc2c(O[C@@H]3C[C@H]4C(=O)N[C@]5(C(=O)NS(=O)(=O)C6CC6)C[C@H]5/C=C\\CCCCN(C)C(=O)[C@@H]4C3)nc(-c3ccccc3)nc2c1C,1,Train
11157890,COCCN(c1c(Cl)c(Cl)cc2[nH]c(=O)c(=O)[nH]c12)S(C)(=O)=O,0,Train
25265985,Cc1cccc(-c2c(C3CCCC3)c3ccc(C(=O)NC4(C(=O)Nc5ccc(/C=C/C(=O)O)cc5)CCN(C)CC4)cc3n2C)n1,0,Train
27516515,O=C(c1ccc(COc2ccccc2)cc1Cl)c1c[nH]c2ncc(-c3cnn(C4CCNCC4)c3)cc12,0,Train
22663951,CSc1nc2ccc(Cl)cc2n1C,0,Train
22974810,CC1(C)[C@H](Nc2c(C(N)=O)cnn3cc(-c4ccncc4)cc23)CC[C@]1(C)N,0,Train
24189172,COc1ccc2c(c1)OCCN[C@@H](C(C)C)C(=O)N(C)[C@@H]([C@@H](C)O)C(=O)N[C@H](Cc1ccc(F)cc1)C(=O)NC1CCC2C1,1,Train
22373382,COc1ccc(C2(c3ccc(F)c(-c4cccnc4)c3)N=C(N)N3CC(F)(F)CN=C32)cc1C,0,Train
27219161,CC[C@H]1C[C@@H](n2c(=O)nc(-c3cnn(C)c3)c3oc4ncc(-c5cnn(C)c5)cc4c32)CCO1,0,Train
21532749,O=C1c2ncc3c(c(CCC(F)(F)F)cn3Cc3ccc(F)cc3)c2CCN1O,1,Train
9456498,O=C(O)CC1CCCN(CC(=O)NC[C@H]2CC[C@H](Nc3nc4ccccc4[nH]3)CC2)c2ccccc21,0,Train
12646545,CCOC(=O)c1cc(C#N)c(N2CC3CN(C(=O)NS(=O)(=O)c4ccccc4)CC3C2)nc1C,0,Train
23740170,C[C@@](Cc1ccccc1)(NC(=O)[C@@H](N)Cc1ccccc1)C(N)=O,1,Train
29836467,CCc1cnc(-c2cc(OC[C@H]3CN(C)CCO3)cc(C(=O)N[C@H](C)c3ccc(C(F)(F)F)nn3)c2)s1,1,Train
10595283,O=c1n(Cc2nc3ccccc3n2CCCCF)c2cnccc2n1C1CC1,1,Train
26768786,Cc1ccc(F)cc1C(C)(C)C[C@@](O)(Cc1cc2cnccc2[nH]1)C(C)(C)C,1,Train
25179310,CC#Cc1cncc(-c2cc(Cl)c([C@]3(C)CC(=O)N(C)C(N)=N3)s2)c1,1,Train
21149324,CC(C)CCN1C(=O)C(C2=NS(=O)(=O)c3cc(NS(C)(=O)=O)ccc3N2)=C(O)[C@@H]2CCCC[C@@H]21,0,Train
22316951,Cn1c2c(c3cc(S(=O)(=O)c4ccc5[nH]ccc5c4)ccc31)C1CCC(C2)N1,0,Train
7737096,CC(C)(C)NC(=O)[C@@H]1CC2CCCCC2CN1C[C@@H](O)[C@H](Cc1ccccc1)NC(=O)[C@H](CC(N)=O)NC(=O)c1ccc2ccccc2n1,0,Train
20083269,CC(=O)Nc1ccc(Nc2nc3c(-c4ccc(C(=O)N(C)C)cc4)cccn3n2)cc1,0,Train
32614192,Cc1c([C@@H]2CCC[C@H](c3ncccc3Cl)N2)nc2cccc(N3CCN(C)CC3)n12,1,Train
21660159,CN1CCC(NC(=O)[C@@H](Cc2ccc(Cl)cc2)NC(=O)Cc2ccc(Cl)cc2)CC1,0,Train
20051425,CC(=O)Nc1ccc(Nc2nc3cccc(-c4ccc(C(=O)N5CCCCC5)cc4)n3n2)cc1,0,Train
28803422,[2H]C(c1ccc(-c2ccc3c(cnn3C)c2)cc1F)N(C(=O)C1CCCCC1)c1cccc(/C=C/C(=O)OC)c1,0,Train
12911625,Cc1ccc(N2c3cccc(C(=O)Nc4ccc(OCC(F)(F)F)nc4)c3OC[C@@H]2CO)nc1,1,Train
27219167,CC[C@H]1C[C@@H](n2c(=O)nc(-c3cnn(C)c3)c3oc4ncc(-c5cnn(C)c5)cc4c32)CO1,0,Train
24366680,Cc1c(CCO[C@@H]2O[C@H](CO)[C@@H](O)[C@H](O)[C@H]2O)c(C)c2c(c1O[C@@H]1O[C@H](CO)[C@@H](O)[C@H](O)[C@H]1O)CC(C)(C)C2=O,0,Train
28803474,COC(=O)/C=C/c1cccc(N(Cc2ccc(-c3ccc4c(cnn4C)c3)cc2Cl)C(=O)[C@@H]2C[C@@H]3CC[C@H]2C3)c1,0,Train
19601326,NS(=O)(=O)c1ccc(-n2cc(CS[C@@H]3O[C@H](CO)[C@@H](O)[C@H](O)[C@H]3O)nn2)cc1,0,Train
31185956,COc1ccc2c(c1CN1CCNCC1)OC(=Cc1n[nH]c3ccccc13)C2=O,0,Train
23036979,CC(=O)N[C@@H](Cc1ccccc1)[C@H](O)CN[C@H]1CC(C)(C)Cn2nc(CC(C)(C)C)cc21,0,Train
22582291,CCOC(=O)c1[nH]cc2c1NC1=C(C(=O)CCC1)[C@H]2c1cccc(Oc2nc3ccccc3[nH]2)c1,0,Train
18952382,CC(C)c1cc(Oc2c(Cl)cc(-n3nc(C#N)c(=O)[nH]c3=O)cc2Cl)nn(COC(=O)CN2CCOCC2)c1=O,0,Train
29190135,Cn1cc(-c2ccc(Cc3n[nH]c4ccc(C(=O)N5CCCC5)cc34)cc2)cn1,1,Train
24526905,CC(Cc1c(F)c(F)cc(F)c1F)Nc1cc[nH]c(=O)c1-c1nc2cc3c(cc2[nH]1)C(=O)N(C)C3,0,Train
21704917,Cc1ccccc1[C@H](CC(=O)O)NC(=O)c1cc(O)n(-c2ccccc2F)n1,0,Train
23462971,O=C(O)c1cc(-c2ccc(OC(F)(F)F)c(Cl)c2)ncn1,1,Train
23740164,Cc1ccccc1C[C@H](NC(=O)[C@@H](N)Cc1ccccc1)C(N)=O,0,Train
23386089,O=C(NCCC1CC1)c1ccc2[nH]c(-c3ccc(Oc4ccccc4Cl)cc3)nc2c1,1,Train
21175567,CN1CC2=C(C1=O)C(c1ccc(C#N)cc1S(C)(=O)=O)N(C(=O)NCCO)C(=O)N2c1cccc(C(F)(F)F)c1,0,Train
9294983,FC(F)(F)c1cc(COCC(c2ccccc2)N2CCNCC2)cc(C(F)(F)F)c1,0,Train
26883101,O=C(NCc1ccco1)c1ccc(-c2ccccc2)cc1,1,Train
21859080,CN(Cc1ccc(-c2ccc(N3CCOc4ncnc(N)c4C3=O)cc2)c(Cl)c1)C(=O)CN,0,Train
26273800,Cc1cc(C(F)(F)F)c(-c2ccc(C[C@H](NC(=O)c3c(Cl)cccc3Cl)C(=O)OCCN3CCOCC3)cc2)c(=O)n1C,1,Train
111296,Cc1c[nH]c2ccccc12,1,Train
21660157,O=C(Cc1ccc(Cl)cc1)N[C@H](Cc1ccc(Cl)cc1)C(=O)NC1CCNCC1,0,Train
20243738,CC(C)[C@H]1NC(=O)[C@@H](Cc2cccc(F)c2)NCCOc2ccccc2C[C@H](C)CNC(=O)[C@H](CN(C)C)NC1=O,0,Train
20616785,Cc1cc(C#N)nc(C)c1C(=O)N1CCC(C)(N2CCC(N3C(=O)N(CC4CCOCC4)C[C@H]3c3ccccc3)CC2)CC1,0,Train
27675866,C[C@@H](Nc1ccccc1)c1cc(C(=O)N2CCN(C)CC2)cn2c(=O)cc(N3CCOCC3)nc12,0,Train
11157880,CS(=O)(=O)N(Cc1cccc(F)c1)c1c(Cl)c(Cl)cc2[nH]c(=O)c(=O)[nH]c12,0,Train
8454904,CC(=O)N[C@H](Cc1ccccc1)C(=O)N(C)[C@H](Cc1ccccc1)C(=O)N(C)[C@H](Cc1ccccc1)C(N)=O,1,Train
30596853,C[C@H](F)CNc1cc(-c2cnn3cc(Cl)cnc23)ncc1C(=O)NC[C@@H](F)C(C)(C)O,1,Train
24143848,NC(=O)[C@H](Cc1ccccc1)NC(=O)[C@H](Cc1ccccc1)NC(=O)[C@@H]1CCCN1C(=O)[C@@H](N)Cc1ccc(O)cc1,0,Train
8807268,O=C(Nc1cc(C(F)(F)F)cc(C(F)(F)F)c1)c1cnc(Cl)nc1C(F)(F)C(F)(F)F,0,Train
21180796,NCC(=O)N1CCn2c(nc(-c3ccc(F)cc3)c2Nc2ccc(Cl)cc2)C1,0,Train
10219094,CC(=O)c1cccc(NC(=O)N[C@@H]2CCCC[C@H]2CN2CCC[C@@H](Cc3ccc(F)cc3)C2)c1,1,Train
10743169,COc1cc2cncc(Cc3nc4c([nH]3)c(=O)n(C)c(=O)n4Cc3ccc(NS(=O)(=O)C(C)C)cc3)c2cc1OC,0,Train
2062020,CC/C(=C(\\c1ccccc1)c1ccc(OCCN(C)C)cc1)c1ccccc1,0,Train
27219130,CC[C@H]1C[C@@H](n2c(=O)nc(-c3cnn(C)c3)c3oc4ccc(-c5cnn(C)c5)nc4c32)C[C@@H](C)O1,1,Train
9952714,O=c1n(Cc2nc3ccccc3n2CCCCO)c2cnccc2n1C1CC1,1,Train
2632294,CC(=O)[C@H]1CC[C@H]2[C@@H]3CC=C4C[C@@H](OS(=O)(=O)O)CC[C@]4(C)[C@H]3CC[C@]12C,1,Train
19565797,Oc1cccc(-c2nsc(-c3cccc(O)c3)n2)c1,0,Train
32612628,Cc1cccnc1[C@@H]1CCC[C@H](c2nc3c(N4CCN(C)CC4)cccc3n2C)N1C,1,Train
13005124,N[C@@H]1CCN(c2cnc3nnn(Cc4ccc5ncccc5c4)c3n2)C1,1,Train
23305908,O=C(Nc1nnc(Cc2cc(F)cc(F)c2)s1)c1ccc(O[C@H]2CC[C@@H](C(=O)O)CC2)cc1,0,Train
18365205,CCCC1(C(=O)c2cc(F)c3[nH]ccc3c2)CCCN1,1,Train
12572158,Cc1c(-c2nn(CCOc3ccc(Cl)cc3)c(=O)c3ccccc23)c2cc(Cl)ccc2n1CC(=O)O,0,Train
20933610,CC(C)N(C(=O)CN1C(=O)[C@H](NC(=O)Nc2cccc(C(=O)O)c2)C(=O)N(c2ccccc2)c2ccccc21)c1ccccc1,0,Train
140032,Cc1nc2cc(Cl)ccc2n1C,0,Train
33417226,C=CC(=O)N[C@H]1CCN(c2ccc(C(N)=O)c(Nc3ccc(C(=O)NC(C)(C)C)cc3)n2)C1,0,Train
32601154,CN1CCN(c2c(CN3CCCC3c3nccn3C)nc3ccccn23)CC1,1,Train
30708984,CC(C)Nc1cc(-n2ncc3cc(C#N)cnc32)ncc1-c1cc(C2CC(F)(F)CCN2)no1,1,Train
28088789,C[C@H](NC(=O)c1c(N)nn2cccnc12)c1cc2cccc(C#Cc3cnn(C)c3)c2c(=O)n1-c1ccccc1,1,Train
23864726,O=C(N[C@@H]1O[C@H](CO)[C@@H](O)[C@H](O)[C@H]1O)c1noc(-c2cccc3ccccc23)n1,0,Train
21689637,CC(C)COP(=O)(CN=C=S)OCC(C)C,0,Train
27219154,CC[C@H]1C[C@@H](n2c(=O)nc(-c3cnn(C)c3)c3oc4cc(C#N)c(-c5cnn(C)c5)cc4c32)C[C@@H](C)O1,1,Train
27669668,Cc1c(/C=C/C(=O)NCC(=O)O)oc2cc(Cl)c(Oc3ccncc3C(=O)N3CCN(C4CC4)c4ccccc43)cc12,0,Train
30708989,CC(=O)N1CC[C@H]1c1cc(-c2cnc(-n3ncc4cc(C#N)cnc43)cc2NC(C)C)on1,0,Train
18603157,CCCCCCCCCCC(N)C(=O)N[C@@H](Cc1ccc(O)cc1)C(=O)N1CCC[C@H]1C(=O)N[C@@H](Cc1c[nH]c2ccccc12)C(=O)N[C@@H](Cc1ccccc1)C(N)=O,0,Train
26617752,CC(=NO)c1cccc(C(C)(C)NC(=O)Nc2ccc(Cl)c([N+](=O)[O-])c2)c1,1,Train
23751950,CNc1ccc(-c2nc(=O)n(CCC3CC(C)(C)CO3)c3c2oc2ncc(-c4cnn(C)c4)cc23)cn1,0,Train
30597004,CCNc1cc(-c2cnc3cc(C#N)cnn23)ncc1C(=O)NC[C@@H](F)C(C)(C)O,0,Train
23013102,Cn1c(-c2csc(N)n2)c(C2CCCC2)c2ccc(C(=O)NC3(C(=O)Nc4ccc(C=CC(=O)O)cc4)CCCC3)cc21,0,Train
30597045,CC(C)(O)[C@H](F)CNC(=O)c1cnc(-c2cnn3cc(C#N)cnc23)cc1Nc1ccn(CC(F)F)n1,0,Train
28718361,C[C@H](NC(=O)[C@@H]1CSSC[C@@H](NC(=O)c2nc3ccccc3cc2O)C(=O)NCC(=O)N1C)c1ccccc1,0,Train
13074026,NC1=NC(c2ccncc2)(c2cccc(-c3cncnc3)c2)C2=NCC(F)(F)CN12,0,Train
11852456,O=C(O)/C=C/c1ccc(NC(=O)C2(NC(=O)c3ccc4c(c3)nc(-c3ccccn3)n4C3CCCCC3)CCCC2)cc1,0,Train
18969618,CN1CCN(c2ccc(C(=O)Nc3n[nH]c4ccc(Cc5cc(F)cc(F)c5)cc34)c(NCCF)c2)CC1,0,Train
20083422,O=C(NC1CC1)c1ccc(Nc2nc3c(-c4ccc(CN5CCOCC5)cc4)cccn3n2)cc1,1,Train
28803468,[2H]C(c1ccc(-c2ccc(N(C)C)cc2)cc1Cl)N(C(=O)C1CCCCC1)c1cncc(/C=C/C(=O)OC)c1,0,Train
21127670,O=C(O)CC(c1cccnc1)N1CCc2cc(Oc3cccc4c3nc3n4CCCN3)ccc2C1=O,0,Train
12976708,CCN(CC)C(=O)[C@@]1(c2ccc3c(c2)OCO3)C[C@H]1CN,0,Train
30597013,CC(C)Nc1cc(-c2cnc3cc(C#N)cnn23)ncc1C(=O)NCC(F)C1CCNCC1,0,Train
28213498,Cn1ncc(C(=O)N2[C@H]3CC[C@@H]2C[C@H](Nc2n[nH]c4ccc(F)cc24)C3)c1Cl,1,Train
12549362,Cc1ccc(N2c3cccc(C(=O)Nc4ccc(OC(F)(F)F)c(Cl)c4)c3OC[C@@H]2CO)nc1,0,Train
23013120,Cc1ccc(-c2c(C3CCCC3)c3ccc(C(=O)NC(C)(C)C(=O)Nc4ccc5c(c4)cc(C(=O)O)n5C)cc3n2C)nc1,1,Train
26146816,CC(C)C[C@H]1NC(=O)[C@H](Cc2ccccc2)NC(=O)[C@@H](CC(=O)O)NC(=O)CNC(=O)[C@@H](CCCNC(=N)N)N(C)C(=O)CNC1=O,0,Train
25265994,Cn1c(-c2ccoc2)c(C2CCCC2)c2ccc(C(=O)NC(C)(C)C(=O)Nc3ccc(/C=C/C(=O)O)cc3)cc21,0,Train
23434659,CCCCCNC(=O)c1ccc(N2CCN(C(=O)c3ccccc3C(F)(F)F)CC2)nn1,1,Train
28803473,COC(=O)/C=C/c1cccc(N(Cc2ccc(-c3ccc4c(cnn4C)c3)cc2Cl)C(=O)C2CCN(C)CC2)c1,0,Train
22514250,COC(=O)N[C@H](C(=O)NN(CC[C@@]1(Cc2ccccc2)C(=O)N([C@H]2c3ccccc3C[C@H]2O)C[C@@H]1O)Cc1ccc(-c2cccnc2)cc1)C(C)(C)C,0,Train
208987,Cc1nc(C(=O)O)cc2c1[nH]c1ccccc12,0,Train
14116431,Cc1cc(COc2ccc(S(=O)(=O)C[C@@H]3CN(CC(C)C)CC[C@@H]3C(=O)NO)cc2)c2ccccc2n1,0,Train
26147615,NS(=O)(=O)c1ccc(NC(=S)N[C@H](CO)[C@H](O)c2ccc([N+](=O)[O-])cc2)cc1,0,Train
12247515,CC(C)[C@H](N)C(=O)O[C@H]1[C@H](CO)O[C@H](n2cnc(C(N)=O)n2)[C@H]1OC(=O)[C@@H](N)C(C)C,0,Train
24484915,O=C(c1ccc(O[C@H]2C[C@H](N3CCCCC3)C2)cc1)N1CCCC1,1,Train
14451759,O=C(N[C@H]1[C@H](CCF)OC[C@@H]1O)[C@H](CC1CCCCCC1)NC(=O)N1CCOCC1,0,Train
11743676,CCCCN1C(=O)[C@H](CC2CCCCC2)NC(=O)C12CCN(Cc1ccc(Oc3ccc(C(=O)NC)cc3)cc1)CC2,0,Train
30487071,O=C(c1nnc(-c2ccccc2)o1)N1CCC(Oc2ccc(CN3CCC(O)C3)cc2)CC1,1,Train
24074036,CC(=O)OC[C@H]1OC(O[C@H]2[C@H](OC(C)=O)[C@@H](OC(C)=O)C(S(=O)(=O)Cc3cn(-c4ccc(S(N)(=O)=O)cc4)nn3)O[C@@H]2COC(C)=O)[C@H](OC(C)=O)[C@@H](OC(C)=O)[C@@H]1OC(C)=O,0,Train
8458640,COc1cc2ccc(S(=O)(=O)NC(Cc3cc4c(N)nccc4s3)C(=O)N3CCC(C)CC3)cc2cc1OC,0,Train
27219131,CC[C@H]1C[C@@H](n2c(=O)nc(-c3cnn(C)c3)c3oc4ccc(-c5cnn(C)n5)nc4c32)CCO1,1,Train
13248533,C=CC1=C(C(=O)O)N2C(=O)[C@@H](NC(=O)/C(=N/OCC(=O)O)c3csc(N)n3)[C@H]2SC1,0,Train
13074519,NC1=NC(c2ccncc2)(c2cccc(-c3cncnc3)c2)C2=NCCCN12,0,Train
12766491,COc1cc(C)c(S(=O)(=O)N(C)CCOCC(=O)N2CCC(C3CCN(C)CC3)CC2)c(C)c1,0,Train
26026910,CC(C)CC[C@]1(C)CN(C2CCC2)C(=O)C(C2=NS(=O)(=O)c3cc(NS(C)(=O)=O)ccc3N2)=C1O,0,Train
26699722,C=Cc1cc(C(NC(=O)[C@@H](NC(=O)OC(C)(C)C)C(C)(C)C)C(=O)Nc2cccc(C(=O)NS(=O)(=O)c3ccc(C(F)(F)F)cc3)c2)ccc1Oc1cc(OC)nc(-c2ccccc2)n1,0,Train
22986797,CCCC(=O)c1cnn(-c2ccc(NC(=O)c3cn(CC(=O)N4CCN(CCOC)CC4)c4ccc(Cl)cc34)cc2)c1C.Cl,0,Train
32858008,CC(=O)[C@H]1CC[C@H]2[C@@H]3CC=C4C[C@@H](OC(=O)CCCCCC(=O)O)CC[C@]4(C)[C@H]3CC[C@]12C,1,Train
8104779,CC[C@H]1OC(=O)[C@H](C)C(=O)[C@H](C)[C@@H](O[C@@H]2O[C@H](C)C[C@H](N(C)C)[C@H]2O)[C@](C)(OC)C[C@@H](C)C(=O)[C@H](C)[C@H]2N(CCCCn3cnc(-c4cccnc4)c3)C(=O)O[C@]12C,0,Train
22751707,Br.N=C(N)SCc1ccccc1Sc1ccc(F)cc1CSC(=N)N,0,Train
20442101,N#Cc1cnc(NCC(F)(F)c2ccccc2)c(=O)n1CC(=O)NCCONC(=N)N,0,Train
24526070,Cc1cc(CC(OC(=O)N2CCC(n3c(=O)[nH]c4ncccc43)CC2)c2cc(C(=O)N(C)C)cc(Cl)n2)cc2c(CN3CCCC3)n[nH]c12,0,Train
15757192,COc1cccc2c1CCC/C2=C\\CCN1CCCCC1.Cl,1,Train
24368063,COCCOCCOCCOCCOCCOCCOCCOC(=O)N[C@H](C(=O)N[C@@H](Cc1ccccc1)[C@@H](O)CN(Cc1ccc(-c2ccccn2)cc1)NC(=O)[C@@H](NC(=O)OC)C(C)(C)C)C(C)(C)C,0,Train
30708927,CC(C)(O)CCc1cn(-c2cnc(-n3ncc4cc(C#N)cnc43)cc2NC2COCC2F)nn1,0,Train
25170125,OCC(O)C(O)C(O)C(O)[14CH2]O,0,Train
18565033,COc1cc(Cl)ccc1C[C@@H](C)C(=O)N1CCN(c2c(F)cccc2[C@@H](NC(=O)C2CNC2)C(C)C)CC1.CS(=O)(=O)O,0,Train
27060713,CS(=O)(=O)c1cc(C#N)ccc1[C@@H]1C2=C(CCC2=O)N(c2cccc(C(F)(F)F)c2)C(=O)N1CC#N,1,Train
32611570,CNC(=O)c1cc(Cn2nc(C)c(NC(=O)c3ccc(COc4ccc(C(F)(F)F)cc4)cc3)c2C)ccn1,0,Train
6355,O=c1[nH]c2cc(Cl)ccc2o1,1,Train
11822098,CCNC(=O)c1c(C)c2c(Nc3cc(C(=O)NC4CC4)ccc3C)ncnn2c1CN1CCN(C)CC1,0,Train
685249,C=CCn1c(=O)c2cccnc2n(C2CCCCC2)c1=O,1,Train
30597072,CC(C)(O)[C@H](F)CNC(=O)c1cnc(-c2cnc3cc(C#N)cnn23)cc1Nc1cnn(C2CC(F)(F)C2)c1,0,Train
26009665,CC(C)N(c1ccc(Oc2ncccc2C(F)(F)F)cc1C(=O)O)C(=O)[C@H]1CC[C@H](C)CC1,1,Train
19367066,NC(=O)c1cncc(-c2ccc([C@H]3CC[C@H](CCO)CC3)cc2)n1,1,Train
24092199,C[C@@H]1Cc2ccccc2N1C(=O)Cc1nc(N2CCOCC2)cc(=O)[nH]1,0,Train
10381797,O=C(N[C@@H](Cc1ccccc1)C(=O)NNC(=O)c1ccccc1)OCc1ccccc1,1,Train
23434677,O=C(CNC(=O)c1ccc(N2CCN(C(=O)c3ccccc3C(F)(F)F)CC2)nn1)c1ccccc1,1,Train
10629303,CCCCN1C(=O)C(CC(C)C)NC(=O)C12CCN(Cc1ccc(Oc3ccccc3)cc1)CC2.Cl,0,Train
12352486,COC1=C(OC)C(=O)C(CCCCCCCCCC[P+](c2ccccc2)(c2ccccc2)c2ccccc2)=C(C)C1=O,0,Train
7954568,O=C(Nc1cc(C(F)(F)F)cc(C(F)(F)F)c1)c1cnc(Cl)nc1C(F)(F)F,0,Train
32186345,COCc1nn(Cc2ccc(Cn3ccccc3=O)cc2)cc1C(=O)NCc1cc(Cl)ccc1-n1cnnn1,0,Train
9812478,CC(C)N1CCC(NC(=O)c2cc3ccccc3n2CC(=O)Nc2ccc(Cl)cc2)CC1,0,Train
11644456,Cc1cc(C)cc(C(=O)N(NC(=O)c2ccc3c(c2C)OCCO3)C(C)(C)C)c1,1,Train
20442122,Cc1cnc(NCCc2ccc(F)cc2)c(=O)n1CC(=O)NCCONC(=N)N.O=C(O)C(F)(F)F,0,Train
32186343,Nc1nn(Cc2ccc(Cn3ccccc3=O)cc2)cc1C(=O)NCc1cc(Cl)ccc1-n1cnnn1,0,Train
24143177,CC(C)C[C@@H](NC(=O)[C@H](Cc1ccccc1)NC(=O)CNC(=O)[C@@H](C)NC(=O)[C@@H](N)Cc1ccc(O)cc1)C(=O)O,0,Train
25180456,COCCOCCOCCNC(=O)C[C@H](NC(=O)c1ccc2ccccc2n1)C(=O)N[C@@H](Cc1ccccc1)[C@H](O)CN1CC2CCCCC2C[C@H]1C(=O)NC(C)(C)C,0,Train
20051388,O=C(c1ccc(-c2cccc3nc(Nc4ccccc4)nn23)cc1)N1CCCCC1,0,Train
23489096,CS(=O)(=O)N1CCN(c2ccc(N3CCN(C(=O)NC4C5CC6CC4CC(C(N)=O)(C6)C5)c4ccccc43)cc2)CC1,0,Train
18877913,CCSc1ccc(C(=O)NC2(C(=O)N[C@H](Cc3ccccc3)C(=O)NCC3CCN(CC4CCOCC4)CC3)CCCC2)cc1,0,Train
12646381,CCOC(=O)c1cnc(N2CCN(C(=O)NS(=O)(=O)c3ccc(C)cc3)CC2)c(Cl)c1,0,Train
18462217,N=C(N)SCc1ccccc1Sc1ccc(F)cc1CSC(=N)N,0,Train
24244273,CCNC(=O)[C@H]1C[C@@](F)(c2ccc(CN3CCCC3)c(F)c2)C1.Cc1ccc(S(=O)(=O)[O-])cc1,1,Train
30596986,CC(C)Nc1cc(-c2cnn3cc(C#N)cnc23)ncc1C(=O)NCCC(C)(C)C#N,1,Train
7835657,[3H]C1C2=CC(=O)C([3H])C([3H])[C@]2(C)[C@H]2[C@@H](O)C[C@@]3(C)[C@@H](CC[C@]3(O)C(=O)CO)[C@@H]2C1[3H],1,Train
23477687,CC(C)(C)OC(=O)N1CCN(C(=O)c2ccc(Oc3ccc(Cl)cc3O)s2)CC1,1,Train
12530299,O=C(N[C@@H](Cc1ccc(Cl)c(Br)c1)C(=O)O)c1ccc(Br)cc1NS(=O)(=O)c1cccc2nccnc12,0,Train
7230586,CC(=O)[C@H]1CC[C@H]2[C@@H]3CC=C4C[C@@H](OC(=O)CCC(=O)O)CC[C@]4(C)[C@H]3CC[C@]12C,1,Train
11234359,CNCC(=O)N[C@H](c1cc(C)ccc1N1CCN(C(=O)[C@H](C)Cc2ccc(Cl)cc2F)CC1)C(C)C,0,Train
23646213,COc1cc(C)cc2cc(-c3c(COCCO)c(CN4CCNCC4)n4ncnc(N)c34)sc12.Cl,0,Train
4851114,C#C[C@]1(O)CC[C@H]2[C@@H]3CCC4=Cc5oncc5C[C@]4(C)[C@H]3CC[C@@]21C,0,Train
1558273,CN(C)C(=O)C(CCN1CCC(O)(c2ccc(Cl)cc2)CC1)(c1ccccc1)c1ccccc1,0,Train
12306346,CC(=O)N[C@@H](CCN1[C@H]2CC[C@@H]1C[C@H](n1c(C)nc3c1CCN(C(=O)C(C)C)C3)C2)c1cccc(F)c1,0,Train
26879320,CN(c1ccc([N+](=O)[O-])c(C(F)(F)F)c1)C1CCC(OCC(=O)N2CCN(CC3Cc4cc(F)ccc4O3)CC2)CC1,0,Train
27390807,COc1cccc(CCC2CCN(CCc3ccccc3OC)CC2)c1,1,Train
32614172,CN1CCN(c2cccc3nc([C@@H]4CCC[C@H](c5ncccc5Cl)N4)cn23)CC1,1,Train
192445,CN(C)CCC(c1ccccc1)c1ccccn1,1,Train
10605100,O=C(NC1Cc2ccccc2N(C[C@@H](O)CO)C1=O)c1cc2cc(Cl)sc2[nH]1,1,Train
29405556,CCN[C@H]1C[C@H](C)S(=O)(=O)c2sc(S(=O)(=O)NCCOCCOCCOCCOCCOCCNS(=O)(=O)c3cc4c(s3)S(=O)(=O)[C@@H](C)C[C@@H]4NCC)cc21,1,Train
4649146,CO/N=C1\\C[C@]2(C[C@@H]3C[C@@H](C/C=C(\\C)C[C@@H](C)/C=C/C=C4\\CO[C@@H]5[C@H](O)C(C)=C[C@@H](C(=O)O3)[C@]45O)O2)O[C@H](/C(C)=C/C(C)C)[C@H]1C,0,Train
26273795,COCCOC(=O)[C@H](Cc1ccc(-c2c(C(F)(F)F)cc(C)n(C)c2=O)cc1)NC(=O)c1c(Cl)cccc1Cl,1,Train
23751809,Cc1nc(NC(=O)Cc2nc(-c3ccccc3)c(C)o2)sc1-c1ccc(N)nc1,1,Train
94536,O=C(NCC(=O)N1CCC[C@H]1C(=O)O)OCc1ccccc1,0,Train
29657852,COc1ccc(-c2cc(Cl)c3c(N)ncnn23)cc1N1CCN(C(C)=O)C(C)(C)C1=O,1,Train
32669464,Cc1cccnc1[C@@H]1CCC[C@H](c2nc3ccccn3c2CN2CCOCC2)N1C,1,Train
27339170,CCC(C)C(NC(=O)C(CO)NC(=O)C(CC(N)=O)NC(=O)C(CC(C)C)NC(=O)C(Cc1ccc(O)cc1)NC(=O)C(CCCCN)NC(=O)C(CCCCN)NC(=O)C(NC(=O)C(C)NC(=O)C1(C)CCCC=CCCCC(C)(NC(=O)C(CCCNC(=N)N)NC(=O)C(NC(=O)C(Cc2ccc(O)cc2)NC(=O)C(CC(N)=O)NC(=O)C(CC(=O)O)NC(=O)C(NC(=O)C(Cc2ccccc2)NC(=O)C(NC(=O)C(C)NC(=O)C(CC(=O)O)NC(=O)C(CO)NC(=O)C(N)Cc2cnc[nH]2)C(C)C)C(C)O)C(C)O)C(=O)NC(CCCNC(=N)N)C(=O)NC(CCCCN)C(=O)NC(CCC(N)=O)C(=O)N1)C(C)C)C(=O)NC(CC(C)C)C(=O)NC(CC(N)=O)C(=O)NCC(=O)NC(CCCCN)C(N)=O,0,Train
32601161,CN1CCN(c2c(CN3CCCC3c3ccc(F)cn3)nc3ccccn23)CC1,1,Train
24390253,Cc1nc2ccccc2n1C1CC2CCC(C1)N2CC[C@H](NC(=O)Cn1ncnn1)c1ccccc1,1,Train
13044504,NC1=NC(c2ccncc2)(c2cccc(-c3cncnc3)c2)c2ccccc21.O=C(O)C(F)(F)F,0,Train
31167784,N=C(Nc1ccc(F)c(Br)c1)c1nonc1NCCNS(N)(=O)=O,0,Train
19450111,O=C(N1CCOCC1)N1CCc2nc(-c3ccc(OC4CC(N5CCCCC5)C4)cc3)sc2C1,1,Train
20000072,O=C(Nc1nc2cccc(-c3ccc(OCc4ccccc4)cc3)n2n1)C1CC1,1,Train
28664716,O=C1NCc2nc(-c3c(F)cccc3F)cc(Nc3ccc(C(=O)N4CCOCC4)nc3)c21,0,Train
30103607,CCOc1ccccc1-c1cc2c(N[C@H](CO)c3ccccc3)ncnc2[nH]1,1,Train
32378518,CC(C)n1ccc2ncnc(N[C@H]3CC[C@H](N(C)C)CC3)c21,0,Train
12625991,COc1c(Nc2ccc(S(C)(=O)=O)nc2C)ncnc1OC1CCN(C(=O)OC(C)C)CC1,1,Train
20693572,O=C(CNC(=O)c1ccc(C2=NO[C@@](c3cc(Cl)cc(Cl)c3)(C(F)(F)F)C2)c2ccccc12)NCC(F)(F)F,0,Train
9144306,CNC(=O)[C@H](Cc1ccccc1)NC(=O)[C@@H](N)Cc1ccccc1,0,Train
32500035,C[C@H](CC(=O)N1CCC(O)(Cn2cnc3c(-c4ccc(CO)cc4)n(C)nc3c2=O)CC1)c1ccccc1,0,Train
11244814,COc1ccc(-n2nc(C(N)=O)c3c2C(=O)N(c2ccc(-c4ccccc4CN4CCCC4)cc2)CC3)cc1,0,Train
20083448,O=C(NC1CC1)c1ccc(Nc2nc3c(-c4ccc(CN5CC[C@H](O)C5)cc4)cccn3n2)cc1,0,Train
20728803,O=c1cc([C@H]2CCN[C@@H](Cc3cccc(F)c3)C2)o[nH]1,0,Train
12514620,CCOc1cc(NC(=O)C2(NC(=O)c3ccc4c(C5CCCC5)c(-c5ncc(Cl)cn5)n(C)c4c3)CCC2)ccc1/C=C/C(=O)O,1,Train
21420693,Cn1c(N2CCCN(CCCN3c4ccccc4CCc4ccc(C(=O)O)cc43)CC2)cc(=O)n(C)c1=O,0,Train
12946125,O=S(=O)(NC[C@@H]1CCC[C@@]2(S(=O)(=O)c3ccc(C(F)(F)F)cc3)c3c(F)ccc(F)c3OC[C@@H]12)C(F)(F)F,1,Train
19450082,NC(=O)CN1CCc2nc(-c3ccc(OC4CC(N5CCCCC5)C4)cc3)sc2C1,0,Train
8149353,CC(C(=O)O)c1cccc(C(=O)c2ccccc2)c1,1,Train
24567252,COc1ccc(-c2oc3c(CC=C(C)C)c(OC4O[C@H](CO)[C@@H](O)[C@H](O)[C@H]4O)cc(O)c3c(=O)c2O[C@@H]2O[C@@H](C)[C@H](O)[C@@H](O)[C@H]2O[C@@H]2OC[C@@H](O)[C@H](O)[C@H]2O)cc1,0,Train
22751744,N=C(N)SCc1ccccc1C(=O)c1cc([N+](=O)[O-])ccc1CSC(=N)N,0,Train
27219142,CC[C@@H]1C[C@H](n2c(=O)nc(-c3ccc(NC)nc3)c3oc4ccc(-c5cnn(C)c5)cc4c32)CO1,0,Train
24190100,CC#Cc1cncc(-c2cc(Cl)c([C@]3(C)CS(=O)(=O)N(C)C(=N)N3)s2)c1,1,Train
27219164,CC[C@H]1C[C@@H](n2c(=O)nc(-c3ccc(NC)nc3)c3oc4ncc(-c5cnn(C)c5)cc4c32)CCO1,0,Train
28803479,COC(=O)/C=C/c1cc(F)cc(N(Cc2ccc(-c3ccc4c(cnn4C)c3)cc2)C(=O)c2ccccc2)c1,0,Train
28347085,Cc1nn(Cc2ccc(F)cc2)c(C)c1NC(=O)c1cc(C(F)(F)F)nc2ccc(Br)cc12,0,Train
9884949,COc1ccc(CC(=O)N(Cc2ccc(C)cc2)C2CCN(C)CC2)cc1.Cl,1,Train
12646363,CCOC(=O)c1cnc(N2CCN(C(=O)NS(=O)(=O)c3ccccc3)CC2)c(Cl)c1,0,Train
26903690,COc1cc(F)ccc1-c1cc(Nc2cc(CS(C)(=N)=O)cc(C(F)(F)F)n2)ncc1F,0,Train
18578646,COc1cc2c(cc1OC)CN(Cc1ccccc1-c1ccccc1)CC2,1,Train
29459115,CC(O)(CSc1ccccc1C(F)(F)F)C(=O)Nc1ccc([N+](=O)[O-])c(C(F)(F)F)c1,0,Train
21097267,COC(=O)c1ccc(-c2cc(Cl)c(O[C@H]3O[C@H](CO)[C@@H](O)[C@H](O)[C@@H]3O)c(Cl)c2)cc1,0,Train
12543120,O=C(N[C@@H](Cc1ccc(F)c(Br)c1)C(=O)O)c1ccc(Cl)cc1NS(=O)(=O)c1cccc2nsnc12,0,Train
33654524,CCN(c1cc2oc(-c3ccc(F)cc3)c(C(=O)NC)c2cc1-c1ccc(OC)c(C(=O)NC2(c3ncccn3)CC2)c1)S(C)(=O)=O,1,Train
29161644,CCCC(C)Oc1ccc(-c2ccc(CN3CCc4cc(OC)c(OC)cc4C3)cc2)cc1,0,Train
24551218,O=C1C[C@@H](c2ccc(C[C@H](Nc3nc4ccccc4s3)c3nc4ccccc4[nH]3)cc2F)S(=O)(=O)N1,0,Train
10617037,COC(=O)C1CCCN(C(=O)C(Cc2cccc(C(=N)N)c2)NS(=O)(=O)c2ccc3ccccc3c2)C1,0,Train
20309542,O=C1CN(Cc2ccc(-c3ccc(F)c(CN4CCS(=O)(=O)CC4)n3)cc2)C(=O)N1C1CC1,1,Train
32238353,O=C(O)C1CCC(CC(=O)N2CCc3c(n(Cc4ccc(Cl)cc4F)c4ncccc34)C2)CC1,1,Train
13059979,CS(=O)(=O)Nc1ccc2c(c1)S(=O)(=O)N=C(c1c(O)c3cccn3n(Cc3ccc(F)cc3)c1=O)N2,0,Train
24476533,CC[C@H](C)[C@@H]1NCCOc2ccccc2CCCNC(=O)[C@@H](Cc2ccc(Cl)cc2)NC(=O)[C@@H](C)N(C)C1=O.Cl,1,Train
12933553,CC(C)=CCn1c(N2CCC[C@H](N)C2)c(C#N)c2ncn(Cc3nccc4ccccc34)c(=O)c21,0,Train
21347180,C[C@@H](O)[C@H](NC(=O)c1cc2ccccc2cn1)C(=O)OCc1ccccc1,0,Train
24332996,COc1cc(C(=O)NC(=N)Nc2ccc(C)c(NC(=O)c3ccc(CCc4ccccc4)cc3)c2)cc(OC)c1OC.Cl,0,Train
27219156,CC[C@H]1C[C@@H](n2c(=O)nc(-c3cnn(C)c3)c3oc4cc(OC)c(-c5cnn(C)c5)cc4c32)CCO1,0,Train
26711037,CC[C@@H](C)OC(=O)[C@H](C)NP(=O)(OC[C@H]1O[C@@](C#N)(c2ccc3c(N)ncnn23)[C@](C)(O)[C@@H]1O)Oc1ccccc1,0,Train
5406414,Cn1nnnc1SCC1=C(C(=O)O)N2C(=O)[C@@H](NC(=O)[C@H](OC=O)c3ccccc3)[C@H]2SC1,0,Train
25180460,COCCOCCOCCOCCOCCOCCOCCNC(=O)C[C@H](NC(=O)c1ccc2ccccc2n1)C(=O)N[C@@H](Cc1ccccc1)[C@H](O)CN1CC2CCCCC2C[C@H]1C(=O)NC(C)(C)C,0,Train
26156770,F[C@@H]1CNCCC1n1cc(-c2ccc3c(c2)Cc2c[nH]nc2-3)c(-c2ccncc2)n1,1,Train
22773556,O=C(NCc1ccc(F)cc1)c1c(O)n(O)c(=O)c2cc([N+](=O)[O-])ccc12,0,Train
26467342,CC(C)C(=O)CN1c2nc(N3CCOC[C@H]3C)c(F)c(=O)n2CC[C@H]1C(F)(F)F,1,Train
26883063,CN(Cc1ccccc1)C(=O)Cc1ccc(-c2ccccc2)cc1,1,Train
12439659,CCO[C@@H]1Cc2cc(C(F)(F)F)ccc2[C@H]1N1CCN(C2(C)CCN(C(=O)c3c(C)ncnc3C)CC2)C[C@@H]1C,1,Train
27187199,Cc1ncc(NC(=O)c2cccc(C(F)(F)F)c2)cc1-c1cnc(OC2CCOCC2)c(N2CCOCC2)c1,1,Train
10559927,CCCCOc1nc(C)nc2cc(NC(C)=O)ncc12,1,Train
10623240,CN(C)Cc1ccccc1-c1ccc(N2CCc3c(C(F)(F)F)nn(-c4ccc5onc(N)c5c4)c3C2=O)cc1,0,Train
32632848,C[C@@H]1Cc2c(ccc3[nH]ncc23)[C@@H](c2ccc(NC3CN(CCCF)C3)c(F)n2)N1CC(F)(F)F,1,Train
30708856,N#Cc1cnc2c(cnn2-c2cc(NC3CC3)c(-c3cn(CCN4CCOCC4)nn3)cn2)c1,1,Train
23265688,C[C@@H]1CN(c2nnc(C(F)(F)F)o2)CCN1c1ncc(OCc2ccncc2C#N)cn1,1,Train
27728511,COc1nc(-c2ccc(CN[C@H](C)c3cccc4ccncc34)cc2)ccc1C(=O)O,1,Train
14537691,CC(C)n1c(=O)c(C(=O)N[C@@H]2C[C@@H]3CC[C@H](C2)N3CC(O)CN2CCN(S(C)(=O)=O)CC2)cc2ccccc21,1,Train
12503279,c1ccc(-n2ncc3c2CCCC3CCN2CCCCC2)cc1,1,Train
29875257,C[C@H]1Cn2c(nnc2C(F)(F)F)CN1C(=O)c1cccc(Cc2n[nH]c(=O)c3c2CCCC3)c1,0,Train
13082337,CC[C@H](C)[C@H](NC(=O)[C@H](CCCNC(=N)N)NC(=O)[C@H](CC(C)C)NC(=O)CN)C(=O)N[C@@H](CC(C)C)C(=O)N[C@@H](CC(C)C)C(=O)N[C@@H](CC(C)C)C(=O)N[C@@H](CCCCN)C(=O)N[C@H](C(=O)O)C(C)C,0,Train
12549357,Cc1ccc(N2c3cccc(C(=O)Nc4ccc(OC(C)(C)C)c(F)c4)c3OC[C@@H]2CO)nc1,1,Train
21420711,Cn1c(N2CCCN(CCCN3c4ccccc4COc4ccc(C(C)(C)C(=O)O)cc43)CC2)cc(=O)n(C)c1=O,0,Train
28665329,CC(=O)C1=C(O)C(COC(C)(C)C)N(CCn2c([N+](=O)[O-])cnc2C)C1=O,1,Train
19023671,COc1ccc2c(O[C@@H]3C[C@H]4C(=O)N[C@]5(C(=O)NS(=O)(=O)C6CC6)C[C@H]5/C=C\\CCCCN(C)C(=O)[C@@H]4C3)cc(-c3nccs3)nc2c1,0,Train
27728509,C[C@@H](NCc1ccc(-c2ccc(C(=O)O)cn2)cc1)c1cccc2ccncc12,0,Train
10580271,CCC[C@H](CC1(C(=O)Nc2nnc(C)s2)CCCC1)C(=O)O,0,Train
26771589,O=C1C[C@@H](c2cc(F)c(F)c(F)c2)CN1Cc1ccncc1F,1,Train
18424988,CC(C)CCn1nc(-c2cccs2)c(O)c(C2=NS(=O)(=O)c3cc(N(C)S(C)(=O)=O)ccc3N2)c1=O,0,Train
22751700,Br.N=C(N)SCc1ccccc1Sc1ccccc1CSC(=N)N,0,Train
26669717,CON=C(C)c1cccc(C(C)(C)NC(=O)Nc2ccc(Cl)c(C(F)(F)F)c2)c1,1,Train
75279,CC[C@H]1OC(=O)[C@H](C)[C@@H](O[C@H]2C[C@@](C)(OC)[C@@H](O)[C@H](C)O2)[C@H](C)[C@@H](O[C@@H]2O[C@H](C)C[C@H](N(C)C)[C@H]2O)[C@](C)(O)C[C@@H](C)C(=O)[C@H](C)[C@@H](O)[C@]1(C)O,0,Train
23751932,Cn1cc(-c2cnc3oc4c(-c5cscn5)nc(=O)n(CCC5CCCO5)c4c3c2)cn1,0,Train
11746013,COc1ccc(CNc2nc(N3CCC[C@H]3CO)ncc2C(=O)NCc2ncccn2)cc1Cl,1,Train
27228181,C=C[C@@H]1C[C@]1(NC(=O)[C@@H]1C[C@@H](c2nc(-c3ccccc3)cs2)CN1C(=O)[C@@H](NC(=O)OC1CCCC1)C(C)(C)C)C(=O)NS(=O)(=O)C1CC1,0,Train
25303935,Cc1cc(NC(=O)c2ccc3ccccc3c2)ccc1-c1cnc(OCC(C)(C)C(=O)O)c(C)n1,1,Train
87671,NCCC(=O)N[C@@H](Cc1c[nH]cn1)C(=O)O,0,Train
12139846,C[C@@H]1CN(c2ccc(F)cc2)CCN1c1nc(-c2ccncn2)cc(=O)n1C,1,Train
26306989,O=C(Cc1nc(N2CCOCC2)cc(=O)[nH]1)N1CCc2cc(Cl)ccc21,0,Train
8742352,Cc1cc(=O)c2c(O)cc(O[C@@H]3O[C@H](COC(=O)C4=CC[C@H](C(C)(C)O)CC4)[C@@H](O)[C@H](O)[C@H]3O)cc2o1,0,Train
24193653,[3H]Oc1cc(C)c(C[C@H](N)C(=O)N[C@H](CCCNC(=N)N)C(=O)N[C@@H](Cc2ccccc2)C(=O)N[C@@H](CCCCN)C(N)=O)c(C)c1,1,Train
10599528,N#CCCCn1c(Cn2c(=O)n(C3CCC3)c3ccncc32)nc2ccccc21,1,Train
18428718,CCOC(=O)c1cc(C#N)c(N2CCC(C(=O)NS(=O)(=O)Cc3ccc(F)cc3F)CC2)nc1C,0,Train
22098421,C[C@H](NP(=O)(OC[C@H]1O[C@@](C#N)(c2ccc3c(N)ncnn23)[C@](C)(O)[C@@H]1O)Oc1ccccc1)C(=O)OC1CCCC1,0,Train
19057932,CN(C)C(=O)c1ccc(-c2ccc3c(c2)CCN(CCN2CCCC2)C3=O)cc1.Cl,1,Train
25083757,COc1ccc(N2N=C(C(F)(F)F)C3CCN(c4ccc(C5(c6ncc[nH]6)CC5)cc4)C(=O)C32)cc1.O=C(O)C(F)(F)F,0,Train
20083222,COc1ccc(-c2cccn3nc(Nc4cccc(NC(C)=O)c4)nc23)cc1,1,Train
23012876,Cc1cccc(-c2c(C3CCCC3)c3ccc(C(=O)NC4(C(=O)Nc5ccc(C=CC(=O)O)cc5)CCN(C)CC4)cc3n2C)n1,0,Train
27104761,N#Cc1ccc(C2C3=C(CCC3=O)N(c3cccc(C(F)(F)F)c3)C(=O)N2C(=O)N[C@H]2CCC[C@@H]2O)cc1,1,Train
25133178,C[C@@H]1NS(=O)(c2cccc(-c3cccc(C#N)c3)c2)=NC1=O,0,Train
2816484,COc1cc(CNC(=O)CCCC/C=C/C(C)C)ccc1O,0,Train
2222155,O=C(O)c1cc(O)c2c(c1)C(=O)c1cccc(O)c1C2=O,0,Train
23600161,CCC1(C)C(=O)Nc2ccc(S(=O)(=O)Nc3ccc(F)cc3F)cc2C(=O)N1C,0,Train
14114466,Cc1cc(COc2ccc(S(=O)(=O)C[C@@H]3CCN(C(C)C)C[C@@H]3C(=O)NO)cc2)c2ccccc2n1,0,Train
19171266,Cc1nc(-n2ccc(C3CC3)cc2=O)sc1C(=O)NCc1ccccc1,1,Train
30596802,CC(C)(O)[C@H](F)CNC(=O)c1cnc(-c2cnn3cc(Cl)cnc23)cc1N[C@@H]1COCC1(F)F,0,Train
74310,C[C@H]1O[C@@H](O[C@H]2[C@@H](O)C[C@H](O[C@H]3CC[C@]4(C)[C@H]5C[C@@H](O)[C@]6(C)[C@@H](C7=CC(=O)OC7)CC[C@]6(O)[C@@H]5CC[C@@H]4C3)O[C@@H]2C)C[C@H](O)[C@@H]1O,0,Train
24709036,CC(=O)O.N=C(N)NCCC[C@H](NC(=O)[C@@H]1CCCN1C(=O)[C@H]1CSSCCC(=O)N[C@@H](Cc2ccc(O)cc2)C(=O)N[C@H](Cc2ccccc2)C(=O)N[C@@H](CCC(N)=O)C(=O)N[C@H](CC(N)=O)C(=O)N1)C(=O)NCC(N)=O,0,Train
30708525,CCCn1cc(-c2cnc(-n3cnc4cc(C#N)cnc43)cc2Nc2cnn(CC)c2)nn1,1,Train
14113053,Cc1cc(COc2ccc(S(=O)(=O)C[C@@H]3CN(C)CC[C@@H]3C(=O)NO)cc2)c2ccccc2n1,0,Train
23592600,COc1cc(Nc2nc3n(n2)CCC(=O)N3Cc2ccccc2C)ccc1-c1ccnnc1,1,Train
13098629,CC(=O)N1CCc2nc(-c3ccc(OCCCN4CCC[C@H]4C)cc3)sc2C1,1,Train
23330744,NC(=O)c1ccccc1OCCCN1CCN(c2cccc3c2ccn3S(=O)(=O)c2ccccc2)CC1,0,Train
32198644,Cn1c(-c2cc3c(s2)CNCC3)nc2c(C(N)=O)cc(F)cc21,0,Train
26414239,O=C(COc1ccc([C@@H]2[C@@H](SCC(O)c3ccc4c(c3)OCO4)C(=O)N2c2ccc(F)cc2)cc1)NCC(=O)N[C@@H](CC1CCCCC1)C(=O)O,0,Train
3572742,CCCCCCCCCC(=O)[O-].[Na+],0,Train
28946086,CCCCC(=O)c1c(C)[n+]([O-])c2cc([N+](=O)[O-])ccc2[n+]1[O-],0,Train
2267673,CC(C)Cc1ccc(C(C)C(=O)NO)cc1,1,Train
4830084,CCCCc1nc(Cl)c(C(=O)O)n1Cc1ccc(-c2ccccc2-c2nn[nH]n2)cc1,0,Train
3559819,CCN1CCC[C@H]1CNC(=O)c1c(O)c(Cl)cc(Cl)c1OC,1,Train
31772754,C=CC(=O)N1CCC[C@@H](n2nc(-c3cnc4[nH]ccc4c3)c3c(N)ncnc32)C1,0,Train
18765689,CCCCC1CN(CC2CCOCC2)C(=O)N1C1CCN(C2(C)CCN(C(=O)c3c(C)ncnc3C)CC2)CC1,0,Train
30708533,CC(C)Nc1cc(-n2ncc3cc(C#N)cnc32)ncc1-c1cn([C@@H]2CCCC[C@@]2(C)O)nn1,1,Train
23013122,Cc1ccc(-c2c(C3CCCC3)c3ccc(C(=O)NC(C)(C)C(=O)Nc4ccc5c(c4)cc(C(=O)O)n5C)cc3n2C)cn1,0,Train
24074053,OC[C@H]1OC(SCc2cn(-c3ccccc3)nn2)[C@H](O)[C@@H](O)[C@@H]1O,0,Train
27060635,CNC(=O)N1C(=O)N(c2cccc(C(F)(F)F)c2)C2=C(C(=O)CC2)[C@H]1c1ccc(C#N)cc1F,1,Train
24368068,COCCOCCOCCNc1ccc(S(=O)(=O)N(CC(C)C)C[C@@H](O)[C@H](Cc2ccccc2)NC(=O)O[C@H]2CO[C@H]3OCC[C@@H]23)cc1,0,Train
32378543,CN(C)[C@H]1CC[C@H](Oc2ncnn3ccc([C@H]4CC[C@H](C(N)=O)CC4)c23)CC1.O=CO,0,Train
9787669,O=C1NCCn2c(CCc3ccccc3)nc3cccc1c32,1,Train
32584295,Cc1cn2c(-c3cn[nH]c3)cnc2c(Nc2cc(Cc3cccnc3)ns2)n1,0,Train
23705927,N#Cc1cc(C(=O)N2CC[C@@H](C(=O)O)C2)c(OCCCN2CCC3(CC2)Cc2cc(Cl)ccc2O3)cc1Cl,0,Train
28960238,O=[N+]([O-])c1cn2c(n1)OC[C@@H](OCc1ccc(N3CCCCC3)nc1)C2,1,Train
19872348,OC[C@@H](O)[C@@H](O)[C@H](O)c1c[nH]c(-c2ncon2)n1,1,Train
30597014,CC1(Nc2cc(-c3cnc4cc(Cl)cnn34)ncc2C(=O)NC[C@H](F)C(C)(C)O)CC1,1,Train
11680392,CCCCN1C(=O)[C@H]([C@@H](O)C2CCCCC2)NC(=O)C12CCN(Cc1ccc(Oc3ccc(C(=O)O)cc3)cc1)CC2.Cl,0,Train
12223332,CN(Cc1ccccc1)C(=O)[C@@]1(c2ccc(Cl)c(Cl)c2)C[C@H]1CN1CCC(NS(C)(=O)=O)(c2ccccc2)CC1,0,Train
19175953,N#Cc1c(-c2cccs2)no[n+]1[O-],0,Train
25867393,CCCCCCCCC(N)C(=O)NCC(=O)N[C@@H](CC(C)C)C(=O)N[C@@H](CCCNC(=N)N)C(=O)N[C@H](C(=O)N[C@@H](CC(C)C)C(=O)N[C@@H](CC(C)C)C(=O)N[C@@H](CC(C)C)C(=O)N[C@@H](CCCCN)C(=O)N[C@H](C(=O)O)C(C)C)[C@@H](C)CC,0,Train
20051321,COc1ccc(-c2cccc3nc(Nc4ccc(N5CCN(C(C)C)CC5)cc4)nn23)cc1,1,Train
23486620,O=C1c2ccccc2-n2c1nc1c(c2=O)CCCC1,1,Train
24571025,CCC1(C)NC(=O)c2cc(S(=O)(=O)Nc3ccc(F)cc3F)cc(Cl)c2NC1=O,1,Train
20247090,COc1ccc(C2(c3cccc(-c4cncnc4)c3)N=C(N)c3c(F)cccc32)cc1,1,Train
20051303,NS(=O)(=O)c1ccc(-c2cccc3nc(Nc4ccc(C(=O)O)cc4)nn23)cc1,0,Train
27175831,C[C@H](Nc1cccc(Cl)c1F)c1cc(C(=O)NCCN(C)C)cn2c(=O)cc(N3CCOCC3)nc12,0,Train
27967959,CCOC(=O)N=S(=O)(NC(=O)c1ccccc1)c1ccccc1,0,Train
30169894,O=C(Cc1ccc(F)cc1)N1CCN(c2cncc(O[C@H]3CC[C@H](Nc4ccc([N+](=O)[O-])c(C(F)(F)F)c4)CC3)c2)CC1,0,Train
30708860,CC(=O)Cc1cn(-c2cnc(-n3ncc4cc(C#N)cnc43)cc2NC(C)C)nn1,0,Train
26750953,O=C(O)CC1CCC(c2ccc(-c3ccc4c(c3)CCN4C(=O)Nc3ccccc3)cc2)CC1,1,Train
20051366,COc1ccc(-c2cccc3nc(Nc4ccc(C(=O)NCCN5CCCC5)cc4)nn23)cc1,0,Train
1768450,CN(CC(=O)O)C(=O)CN,0,Train
9081400,CC(C)OC(=O)OCOP(=O)(O)CO[C@H](C)Cn1cnc2c(N)ncnc21,0,Train
28960233,O=C1CSCCN1c1ccc(CO[C@@H]2COc3nc([N+](=O)[O-])cn3C2)cn1,1,Train
2666438,NC(=O)[C@H](Cc1ccccc1)NC(=O)OCc1ccccc1,1,Train
9799575,CC(=O)N[C@H](Cc1c[nH]c2ccccc12)C(=O)N[C@H](C(N)=O)C(C)C,0,Train
20083317,COc1ccc(-c2cccn3nc(Nc4ccc(C(=O)N5CCOCC5)cc4)nc23)cc1,1,Train
26496341,CO[C@H]1C[C@H]2OC[C@@]2(OC(C)=O)[C@H]2[C@H](OC(=O)c3ccccc3)[C@]34OC(=O)O[C@H]3[C@H](OC(=O)[C@H](O)[C@@H](NC(=O)c3ccccc3)c3ccccc3)C(C)=C([C@@H](OC)C(=O)[C@]12C)C4(C)C,0,Train
8881225,CS(=O)(=O)c1ccccc1-c1ccc(NC(=O)c2cc(C(F)(F)F)nn2-c2cccc(CN)c2)c(F)c1,0,Train
33289245,CC[C@@H](NC(=O)N1C(=O)[C@H](Cc2ccnc(N)c2)[C@H]1C(=O)N(C)c1ccccc1)C1CCCCC1,1,Train
27752133,Cc1c(C(=O)N(c2ccc(OP(=O)([O-])[O-])cc2)c2cc(C#N)n(C)c2)cc(-c2cc(Cl)ccc2C(=O)N2Cc3ccccc3C[C@H]2CN2CCOCC2)n1C.[Na+],0,Train
10672219,C[C@H](NC(=S)[C@@H](N)Cc1ccccc1)C(=O)O,0,Train
30708661,CC(=O)Cn1cc(-c2cnc(-n3ncc4cc(C#N)cnc43)cc2NC(C)C)nn1,0,Train
14675828,COc1cc2c(cc1OC)[C@@H]1CN(C)CC[C@@H]1N=C2c1ccc(NS(=O)(=O)c2ccc(C)cc2)cc1,1,Train
12908221,CC(C)C(=O)OC[C@H]1O[C@@H](n2ccc(N)nc2=O)[C@](C)(F)[C@@H]1OC(=O)C(C)C,0,Train
30708880,CC(C)Nc1cc(-n2ncc3cc(C#N)cnc32)ncc1-n1cc(CC(F)C(C)(C)O)nn1,1,Train
22289775,CN(C)C(=O)C(C)(C)COc1nnc(-c2ccc(NC(=O)c3ccc4ccccc4c3)cc2)n1C,1,Train
20223873,CC(C)(C)c1noc([C@@H]2CCCN2C(=O)C[C@H](N)Cc2cc(F)c(F)cc2F)n1,1,Train
27681966,Cc1ccc(CC(=O)NCc2ccccc2-c2ccccc2/C=C/c2ccc(O)cc2)cc1,0,Train
21420670,Cn1c(N2CCN(CCCN3c4ccccc4COc4ccc(C(=O)O)cc43)CC2)cc(=O)n(C)c1=O,0,Train
32378570,CNC(=O)C[C@@H](C)c1ccn2ncnc(N[C@H]3CC[C@H](N4CCN(C(=O)OC)CC4)CC3)c12,1,Train
19756457,COc1ccc2cc(CCC(C)=NOCCOCCOCCOC(=O)C[C@H](NC(=S)[C@H](C)N)C(=O)O)ccc2c1,0,Train
21948663,Nc1cc(-c2cc3c(s2)C2(CCCCC2)CCC3=O)ccn1,0,Train
24559886,Clc1ccc([C@H]2CN3CCN=C3c3ccccc32)cc1.O=C(O)/C=C/C(=O)O,1,Train
19872357,CCc1[nH]c(C(C)=O)nc1[C@@H](O)[C@H](O)[C@H](O)CO,0,Train
24426893,CNCCCC[C@@H](NC(=O)[C@@H](CC(C)C)NC(=O)[C@@H](Cc1ccccc1)NC(=O)[C@H](N)Cc1ccccc1)C(=O)N1CCC(N2CCC[C@H]2C(=O)O)CC1,0,Train
18312458,COc1ccc2c(O[C@@H]3C[C@H]4C(=O)N[C@]5(C(=O)NS(=O)(=O)C6(C)CC6)C[C@H]5/C=C\\CCCCCNC(=O)N4C3)cc(-c3nc(C(C)C)cs3)nc2c1,1,Train
28647163,Cc1ncc(C(=O)Nc2ccc(-c3cccc(S(=O)(=O)C4CC4)c3)cn2)cn1,1,Train
19042418,Cc1cc(N2CCC(N3CCCC3C)C2)ccc1NC(=O)c1cc(F)ccc1C,0,Train
9880667,Cc1cc(COc2ccc(S(=O)(=O)CC3(CC(=O)NO)CCN(C)C3)cc2)c2ccccc2n1,0,Train
26879397,CC(c1cc2cc(C(F)(F)F)ccc2o1)N1CCN(C(=O)COC2CCC(Nc3ccc([N+](=O)[O-])c(C(F)(F)F)c3)CC2)CC1,0,Train
289959,O=c1cc(-c2ccc(O)cc2)oc2cc(O)c(O)c(O)c12,1,Train
22162098,COc1cc(OC)c(/C=C/S(=O)(=O)Cc2ccc(OC)c(N)n2)c(OC)c1,1,Train
23420271,Cc1cc(OCc2nnc(SC3CCCC3)n2-c2cccnc2)ccc1-c1ccc(S(C)(=O)=O)cc1,1,Train
25266079,Cc1nc(-c2c(C3CCCC3)c3ccc(C(=O)NC4(C(=O)Nc5ccc(/C=C/C(=O)O)cc5)CCCC4)cc3n2C)cs1,0,Train
19126490,Cl.NC(=O)CN1CCN(Cc2nc(-c3cn(CC4CCOCC4)c4c(Cl)cccc34)no2)CC1,0,Train
30708707,CC(=O)N1CC[C@@H](n2cc(-c3cnc(-n4ncc5cc(C#N)cnc54)cc3NC(C)C)nn2)[C@H](O)C1,0,Train
25177296,Cc1nc(NC(=O)[C@H]2CC[C@@H](C(F)(F)F)CC2)sc1-c1ccc(N)nc1,1,Train
30597066,CC(C)(O)CCNC(=O)c1cnc(-c2cnn3cc(Cl)cnc23)cc1Nc1c[nH]nc1CC(F)F,0,Train
32614217,Cc1cccnc1[C@@H]1CCC[C@H](c2cn3ccccc3n2)N1c1ccccc1-n1cccn1,1,Train
27219129,CC[C@H]1C[C@@H](n2c(=O)nc(-c3cnn(C)c3)c3oc4ccc(-c5cnco5)nc4c32)CCO1,1,Train
290482,O=C1CN(/N=C/c2ccc([N+](=O)[O-])o2)C(=O)N1,0,Train
22316911,Cn1c2c(c3cc(S(=O)(=O)c4ccc5[nH]ccc5c4)ccc31)C1CCC(C2)N1,0,Train
22702287,Cc1ncc(C)n2nc(CCc3nc4c5cccnc5ccc4n3C)nc12,1,Train
28803475,COC(=O)/C=C/c1cc(F)cc(N(Cc2ccc(-c3ccc4c(cnn4C)c3)cc2Cl)C(=O)[C@@H]2C[C@@H]3CC[C@H]2C3)c1,0,Train
21598060,Cn1c(-c2ccccn2)c(C2CCCCC2)c2ccc(C(=O)NC(C)(C)C(=O)Nc3ccc(-c4ccc(C(=O)O)o4)cc3)cc21,0,Train
8565311,O=C(O)[C@H](O)[C@@](O)(Cc1ccc(O)cc1)C(=O)O,1,Train
23820478,CC1(C)CN(c2ccc(-c3oc(-c4cccc5[nH]ccc45)nc3C(N)=O)cc2)CCN1,0,Train
27020109,COc1ccc2c(NCC(C)(C)c3ccccc3)noc2c1,0,Train
26749093,CN(c1ccc(Cl)cc1)S(=O)(=O)c1cccc(C(=O)Nc2ccc(S(C)=O)cc2)c1,1,Train
10724482,Cc1cc(Cc2ccc(C(=O)N[C@@H]3CN(C)C[C@@H]3C(=O)NO)cc2)c2ccccc2n1,0,Train
23009931,CN1CCN(c2ccc(C3CC(c4ccc([N+](=O)[O-])o4)=NO3)cn2)C(=O)C1,1,Train
26488206,Cc1c(Cc2ccccc2S(=O)(=O)c2ccccc2)c(-c2ccccc2)nn1CC(=O)O,0,Train
19799929,O=C(c1ccc(OC2CC(N3CCCCC3)C2)cc1)N1CC(O)C1,0,Train
24187701,CC1CCN([C@H](c2ccc(F)cc2)c2ccc([C@H](C)C(=O)O)cc2-c2ccc(C(F)(F)F)cc2)CC1,1,Train
12259974,CC(C)C[C@H](CO)Nc1nc(OCc2ccccc2)nc2[nH]c(=O)sc12,1,Train
21298621,Cl.N#Cc1ccc(Cn2cncc2CN2CCCN(C(=O)C34CC5CC(CC(C5)C3)C4)CC2)cc1,1,Train
20446583,COc1ccc2c(O[C@H]3C[C@@H](C)[C@H](C(=O)N[C@]4(C(=O)NS(=O)(=O)C5CC5)C[C@H]4C=CCCCCN(C)C=O)C3)nc(-c3ccccc3)nc2c1C,1,Train
21478522,O=C(Cc1ccc(Cl)cc1)N[C@H](Cc1ccc(Cl)cc1)C(=O)N[C@@H]1C[C@@H]2CC[C@H](C1)N2,0,Train
28412777,CC(C)NCC(O)COc1cccc2ccccc12.[Cl-],1,Train
26901664,COc1ccccc1-c1cc2c(N[C@H](CO)c3ccccc3)ncnc2[nH]1,1,Train
33162788,C=CC(=O)N1CCC[C@@H](n2nc(-c3ccc(Oc4cccnc4C#N)cc3)c3c(N)ncc(Cl)c32)C1,0,Train
32584305,CCN(CCO)Cc1cc(Nc2nc(C)cn3c(-c4cn[nH]c4)cnc23)sn1,0,Train
220193,COc1ccc2c(=O)cc(-c3ccccc3)oc2c1,1,Train
26879491,N#Cc1ccc(NC2CCC(OCC(=O)N3CCN(Cc4nc5cc(F)ccc5s4)CC3)CC2)cc1C(F)(F)F,0,Train
24370559,CC(C)[C@H](NC(=O)[C@@H]1CCCN1)C(=O)OC[C@@H]1O[C@H](n2cnc(C(N)=O)n2)[C@@H](O)[C@H]1O,0,Train
29593994,Cc1sc2c(c1C)C(c1ccc(Cl)cc1)=N[C@@H](CC(=O)OCC(O)CO)c1nnc(C)n1-2,0,Train
24074035,COC(=O)[C@H]1OC(SCc2nnn(-c3ccc(S(N)(=O)=O)cc3)c2I)[C@H](OC(C)=O)[C@@H](OC(C)=O)[C@@H]1OC(C)=O,0,Train
32704801,Nc1ncc(-c2cnn(C3CCNCC3)c2)c2cc(-c3cccc(F)c3)oc12,0,Train
20083353,CC(C)(CC#N)n1cc(-c2cccn3nc(Nc4ccc(C(=O)NC5CC5)cc4)nc23)cn1,0,Train
14033256,CC(=O)OC(C)OC(=O)[C@H](Cc1ccc(-c2c(C(F)(F)F)cc(C)n(C)c2=O)cc1)NC(=O)c1c(Cl)cccc1Cl,1,Train
25266016,COc1cccc(-c2c(C3CCCC3)c3ccc(C(=O)NC(C)(C)C(=O)Nc4ccc(/C=C/C(=O)O)cc4)cc3n2C)n1,1,Train
7519582,COc1cccc2c1CCCC2CCCN1CCN(C2CCCCC2)CC1,1,Train
20313412,O=C(Nc1ccc(-c2ccncn2)c(-c2ccco2)n1)C1CC1,1,Train
21338105,Cc1nc2ncnn2c2c1CCN2[C@@H](C)c1ccccc1,1,Train
29174268,CCOc1nc(NC(=O)C2(NC(=O)c3ccc4c(c3)c(C)c(-c3ccc(F)cn3)n4C3CCCCC3)CCC2)ccc1/C=C/C(=O)O,1,Train
32418548,CCCOC(=O)[C@H](C)N[P@@](=O)(OC[C@H]1O[C@@H](n2ccc(=O)[nH]c2=O)[C@](C)(F)[C@@H]1O)Oc1ccccc1,0,Train
23171843,Cc1nnc(-c2ccc(F)c3c(C(=O)C(=O)N4CCN(C(=O)c5ccccc5)CC4)c[nH]c23)[nH]1,0,Train
28982727,N#Cc1cccnc1N1CCN(C(=O)c2cccc(C(F)(F)c3n[nH]c(=O)c4ccccc34)c2)CC1,0,Train
30169889,CC(C)(C)OC(=O)N1CCN(c2cncc(O[C@H]3CC[C@H](Nc4ccc([N+](=O)[O-])c(C(F)(F)F)c4)CC3)c2)CC1,0,Train
24467382,COC(=O)N[C@H](C(=O)NN(Cc1ccc(-c2cccnc2)cc1)C[C@@](O)(Cc1ccccc1)C(=O)N[C@H]1c2ccccc2C[C@H]1O)C(C)(C)C.O=CO,1,Train
11849321,NC(=O)CN(C1CCCN(c2ccc(-n3ccccc3=O)cc2)C1=O)S(=O)(=O)c1cc2ccc(Cl)nc2s1,0,Train
23142413,CCCCCCCCCCCCCC(=O)Nc1ccccc1C(=O)Nc1cccc(C(=O)O)c1,1,Train
1739373,C[As](=O)(O)O,0,Train
4338002,CCCCc1ncc(/C=C(\\Cc2cccs2)C(=O)O)n1Cc1ccc(C(=O)O)cc1,0,Train
30596981,CC(C)(O)[C@H](F)CNC(=O)c1cnc(-c2cnn3cc(Cl)cnc23)cc1NCCCO,0,Train
23629139,Cc1ccc(S(=O)(=O)Nc2ccc(Oc3ccccc3)cc2C(=O)O)cc1,0,Train
22316940,Cn1c2c(c3cc(S(=O)(=O)n4ccc5ccccc54)ccc31)C1CCC(C2)N1,1,Train
23033279,NC1=NC(c2cccc(-c3cncnc3)c2)(c2ccnc(C(F)(F)F)c2)c2ccccc21,0,Train
28336571,Cc1nc(-c2nc[nH]n2)ccc1-c1cnc2c(n1)N(CCC1CCOCC1)CC(=O)N2,0,Train
22339883,C=CC(=O)Nc1ccc(S(=O)(=O)N2CCNCC2)cc1,0,Train
21805447,COC(=O)Nc1ccc2c(c1)NC(=O)CCCCC[C@H](NC(=O)/C=C/c1cc(Cl)ccc1-n1cnnn1)c1nc-2c[nH]1.O=C(O)C(F)(F)F,0,Train
32601167,N#CCCc1c(CN2CCCC2c2ccccn2)nc2ccccn12,1,Train
30709055,CCCn1cc(-c2cnc(-n3ncc4cc(C#N)cnc43)cc2NC2CCOCC2)nn1,1,Train
593445,O=[N+]([O-])c1ccc(C=NNc2nc(Nc3ccccc3)nc(Nc3ccccc3)n2)o1,0,Train
3215244,N[C@@H](Cc1ccc(O)cc1)C(=O)N[C@@H](CO)C(=O)O,0,Train
21948653,O=C1CC2(CCCCC2)c2sc(-c3ccncc3)cc21,1,Train
32461501,O=C([O-])c1ccc(N(Cc2ccc(C3CCOCC3)cc2)C(=O)[C@H]2CCCN2S(=O)(=O)c2c(F)c(F)c(F)c(F)c2F)cc1O.[Na+],0,Train
23751797,Nc1ccc(-c2cnc(NC(=O)CN(Cc3ccccc3)C(=O)c3ccncc3)s2)cn1,0,Train
18413220,NC[C@]1(c2cccc(Cl)c2)CC[C@H](N2CCn3c(nnc3C(F)(F)F)C2=O)CC1,0,Train
26778387,COc1ccc(-c2ccc(OCc3cc(C(=O)[N-]S(=O)(=O)c4ccccc4C)oc3C)cc2)nc1.[Na+],1,Train
4219876,CN(Cc1cnc2nc(N)nc(N)c2n1)c1ccc(C(=O)NC(CCC(=O)O)C(=O)O)cc1,0,Train
256892,CN(C)CCCN1c2ccccc2CCc2ccccc21,1,Train
23071080,CCCC(=O)c1cnn(-c2ccc(NC(=O)c3cn(CC(=O)N4CCN(Cc5ccc(F)cc5)CC4)c4ccc(C)cc34)cc2)c1C.Cl,0,Train
3581138,O=C([O-])Cc1ccccc1Nc1c(Cl)cccc1Cl.[Na+],1,Train
30597074,CC(C)(O)[C@H](F)CNC(=O)c1cnc(-c2cnc3cc(Cl)cnn23)cc1Nc1cnn(CC(F)F)c1,0,Train
24074045,CC(=O)OC[C@H]1OC(S(=O)(=O)Cc2cn(-c3ccc(S(N)(=O)=O)cc3)nn2)[C@H](OC(C)=O)[C@@H](OC(C)=O)[C@@H]1OC(C)=O,0,Train
32601185,Cc1cccnc1C1CCCN1Cc1cn2c(C3OCC(N(C)C)CO3)cccc2n1,1,Train
23618039,COCCCn1c(=O)nc(-c2ccc(N3CCN(CCOC)CC3)cc2)c2oc3ccc(Cl)cc3c21,0,Train
30596894,CC(C)(O)[C@H](F)CNC(=O)c1cnc(-c2cnn3cc(C#N)cnc23)cc1NC1CCC(F)(F)C1O,0,Train
26662083,O=C(O)c1sc(N2CCOCC2)nc1CC(=O)N1CCc2c(Cl)cccc21,0,Train
20048950,CCCC(=O)c1cc(C#N)c(N2CCC(C(=O)NS(=O)(=O)C(C)c3ccccc3)CC2)nc1C,0,Train
27967966,N=S(=O)(NC(=O)c1ccc(C(F)(F)F)cc1)c1ccc(C(F)(F)F)cc1,1,Train
24293503,CCOC(OC)c1cc(C#N)c(N2CC(NC(=O)NS(=O)(=O)c3ccccc3)C2)nc1C,0,Train
20430776,Cc1ccc(S(=O)(=O)C[C@@H]2C[C@H](N(C)C(C)C)CC[C@@H]2N2CC[C@H](NC(=O)c3cccc(C(F)(F)F)c3)C2=O)cc1,0,Train
30996541,N=S1(=O)CCC(NC(=O)c2n[nH]cc2NC(=O)c2c(Cl)cccc2Cl)CC1,0,Train
27877501,C[C@H]1OCCN(c2nc(-c3ccncc3F)cc(=O)n2C)[C@@H]1C,1,Train
13100492,CCCc1nc(C)c2c(=O)[nH]c(-c3cc(S(=O)(=O)N(C)CCNC)ccc3OCC)nn12,0,Train
11324028,Cc1nc(N)sc1-c1ccnc(Nc2ccc(N3CCOCC3)cc2)n1,1,Train
18444249,Oc1ccc(-c2cc3ncccc3cn2)cc1,0,Train
11689979,C[C@H](NC(=O)c1cc(Cl)ccc1Oc1cccc(F)c1)c1ccc(C(=O)O)cc1,1,Train
28803454,COC(=O)/C=C/c1cccc(N(Cc2cccc3ccc(N(C)C)cc23)C(=O)C2CCCCC2)c1,0,Train
27060697,CCS(=O)(=O)c1cc(C#N)ccc1[C@H]1NC(=O)N(c2cccc(C(F)(F)F)c2)C2=C1C(=O)CC2,1,Train
23726768,CS(=O)(=O)N1CCN(CC(O)CN2CCC(CNC(=O)c3cccc4[nH]c(C5CC5)nc34)CC2)CC1,0,Train
32186310,COCc1nn(Cc2ccc(Cn3ccccc3=O)cc2)cc1C(=O)NCc1nccc(OC)c1C,1,Train
23785845,N#Cc1ccnc(N2C(=O)CC[C@H]2C(=O)N(c2cc(F)cc(F)c2)[C@H](C(=O)NC2CC(F)(F)C2)c2ccccc2Cl)c1,1,Train
32612697,Cc1cccnc1[C@@H]1CCC[C@H](c2nc3cccc(N4C5CCC4CN(C)C5)c3[nH]2)N1,1,Train
30169870,O=C(OC1CCCC1)N1CCN(c2ccnc(O[C@H]3CC[C@H](Nc4ccc([N+](=O)[O-])c(C(F)(F)F)c4)CC3)c2)CC1,0,Train
26992627,O=C(CNC(=O)c1ccc(C2=NO[C@@](c3cc(Cl)cc(C(F)(F)F)c3)(C(F)(F)F)C2)c2ccccc12)NCC(F)(F)F,0,Train
9098179,CCn1cc(C(C(=O)NS(=O)(=O)c2ccc(C(C)C)cc2)c2ccc3c(c2)OCO3)c2ccc(C(=O)O)cc21,0,Train
23751942,CC[C@H]1C[C@@H](n2c(=O)nc(-c3cnn(C)c3)c3oc4ccc(-c5cn(C)cn5)cc4c32)CCO1,1,Train
32351486,CC(C)(C)Sc1ccc(NC(=O)Cn2ccnc2)cc1,1,Train
25251473,CSCC[C@H](NC(=O)[C@H](CC(C)C)NC(=O)CNC(=O)[C@H](Cc1ccccc1)NC(=O)[C@H](Cc1ccccc1)NC(=O)[C@H](Cc1c[nH]c2ccccc12)NC(=O)[C@@H]1CCCN1C(=O)[C@@H](N)Cc1ccc(O)cc1)C(N)=O,0,Train
13075570,COc1ccc(C2(c3cccc(-c4cncnc4)c3)N=C(N)N3CC(F)(F)CN=C32)cc1,0,Train
9277585,CCC(=O)NCC[C@@H]1CCc2ccc3c(c21)CCO3,1,Train
19799937,O=C(c1ccc(OC2CC(N3CCCCC3)C2)cc1)N1CCOCC1,1,Train
22373388,NC1=NC(c2ccc(OC(F)F)cc2)(c2cccc(-c3cccnc3F)c2)C2=NCC(F)(F)CN12,0,Train
26170188,Cc1cn2nc([C@@H]3CCCCN3C(=O)c3cc(Cl)ccc3NS(C)(=O)=O)cc2nc1N1CC[C@@H](N)C1,0,Train
3632107,O=C1CCc2cc(OCCCCc3nnnn3C3CCCCC3)ccc2N1,1,Train
22289999,COc1ccc(CCC[N+](C)(C)CCNC(=O)c2nc(Cl)c(N)nc2N)cc1.[Br-],0,Train
10715186,O=C(Nc1c(Cl)c[n+]([O-])cc1Cl)c1ccc(OC(F)F)c(OCC2CC2)c1,1,Train
12497152,Cc1c(=O)n(C)c(Nc2ccc(I)cc2F)c2c(=O)n(C3CC3)c(=O)n(-c3cccc(NS(C)(=O)=O)c3)c12,1,Train
27104724,CS(=O)(=O)N1C(=O)N(c2cccc(C(F)(F)F)c2)C2=C(C(=O)CC2)C1c1ccc(C#N)cc1Cl,1,Train
19799928,O=C(c1ccc(OC2CC(N3CCCCC3)C2)cc1)N1CCCC1,1,Train
22830627,C[C@@H]1CN([C@H](C)CO)C(=O)c2cccc(NC(=O)c3ccncc3)c2O[C@@H]1CN(C)Cc1ccc(Oc2ccccc2)cc1,1,Train
26534868,CCOC(=O)C1=C(C)N(C(C(=O)OCC)C(=O)OCC)C(C)=C(C(=O)OCC)C1c1ccccc1[N+](=O)[O-],0,Train
23820468,Cc1ccc2[nH]ccc2c1-c1nc(C(N)=O)c(-c2ccc(N3CCNC(C)(C)C3)cc2)o1,0,Train
11692869,CCCCN1C(=O)[C@@H]([C@@H](O)C2CCCCC2)NC(=O)C12CCN(Cc1ccc(Oc3ccc(C(=O)O)cc3)cc1)CC2.Cl,0,Train
3991406,CNCCC(Oc1ccc(C(F)(F)F)cc1)c1ccccc1,0,Train
28235088,CC1CCC(NC(=O)c2cc3cccnc3n(Cc3ccc([18F])cc3)c2=O)CC1,0,Train
2339601,C[C@]12C[C@H](O)[C@H]3[C@@H](CCC4=CC(=O)CC[C@@]43C)[C@@H]1CC[C@@H]2C(=O)CO,1,Train
26879321,N#Cc1ccc(NC2CCC(OCC(=O)CN3CCN(CC4Cc5cc(Cl)ccc5O4)CC3)CC2)cc1C(F)(F)F,0,Train
30597059,CC(C)(O)[C@H](F)CNC(=O)c1cnc(-c2cnn3cc(Cl)cnc23)cc1Nc1cnn(C2CC2)c1,0,Train
33162739,C=CC(=O)N1CCC[C@@H](n2nc(-c3ccc(Oc4ccncc4)cc3)c3cncc(Cl)c32)C1,1,Train
8671207,CO[C@H]1C[C@H](O[C@@H]2/C(C)=C/C[C@@H]3C[C@@H](C[C@]4(CC[C@H](C)[C@@H](C5CCCCC5)O4)O3)OC(=O)[C@@H]3C=C(C)C(=NO)[C@H]4OC/C(=C\\C=C\\[C@@H]2C)[C@@]34O)O[C@@H](C)[C@@H]1O,0,Train
27967963,N=S(=O)(NC(=O)c1ccc(C(F)(F)F)cc1)c1ccccc1,1,Train
32614208,Cc1cccnc1[C@H]1CCC[C@@H](c2cn3c(-c4cccnc4)cccc3n2)N1C,1,Train
9011170,CCC(CC)[C@H](NC(C)=O)[C@@H]1[C@H](O)[C@@H](C(=O)O)C[C@H]1NC(=N)N,0,Train
10730535,O=C1NC(c2ccc(F)cc2)(c2ccc(F)cc2)CN1C1CCN(Cc2cccc(Cl)c2)CC1,0,Train
4534718,O=C(N[C@@H](Cc1ccccc1)C(=O)NO)OCc1ccccc1,1,Train
27232089,COC(=O)N[C@H](C(=O)NN(CCC[C@@]1(O)Cc2ccc(cc2)/C=C\\CNC(=O)[C@H](C(C)(C)C)NC1=O)Cc1ccc(Br)cc1)C(C)(C)C,1,Train
23745540,C[C@H]1C[C@@H](n2c(=O)nc(-c3cnn(C)c3)c3oc4cc(C#N)c(-c5cnn(C)c5)nc4c32)C[C@@H](C)O1,1,Train
24560438,CC1=NN(C(=O)c2ccc(Cl)cc2)C(=O)C1/N=N/c1ccc(S(=O)(=O)N(C)c2ncccn2)cc1,0,Train
11233824,Cn1cnc(S(=O)(=O)N(Cc2ccc(C(F)(F)F)o2)C2Cc3cc(C#N)ccc3N(Cc3cncn3C)C2)c1,0,Train
18386110,CS(=O)(=O)Nc1ccc2c(c1)S(=O)(=O)N=C(C1=C(O)[C@H]3CCCC[C@H]3N(Cc3ccc(F)cc3)C1=O)N2,0,Train
29357912,C[C@@H]1CN(c2cc(=O)c3cc(C(=O)N(C)C)cc(CN4CCOc5c(F)cccc54)c3o2)CCO1,1,Train
12473683,Cc1c(CC(=O)O)c2cccnc2n1Cc1ccc(S(C)(=O)=O)cc1,0,Train
30242118,COCCOCCOCCOP(=O)(O)OC[C@H]1O[C@@H](n2ccc(N)nc2=O)C(F)(F)[C@@H]1O.Cl,0,Train
11244818,COc1ccc(-n2nc(C(N)=O)c3c2C(=O)N(c2ccc(-c4ccccc4CN4CCC(O)CC4)cc2)CC3)cc1,0,Train
24552449,Cc1ccc(N2CCN(C(=O)[C@H](C)Cc3ccc(Cl)cc3)CC2)c([C@@H](N)C(C)C)c1.Cl,0,Train
12995725,COc1ccccc1Cn1cnc(-c2ccc(Cl)cc2Cl)c1CN,1,Train
10128081,COCc1ccc2c(C(C(=O)NS(=O)(=O)c3ccc(C)cc3OC)c3ccc4c(c3)OCO4)cn(C)c2c1,0,Train
26020903,CC(=O)N[C@@H](CCN1C2CCC1CC(n1c(C)nc3c1CN(C(=O)OC(C)C)CC3)C2)c1ccccc1,0,Train
25266007,CN(C)c1nc(-c2c(C3CCCC3)c3ccc(C(=O)NC(C)(C)C(=O)Nc4ccc(/C=C/C(=O)O)cc4)cc3n2C)cs1,0,Train
10318103,Nc1noc2ccc(-n3nc(C(F)(F)F)cc3C(=O)Nc3ccc(-c4ccccc4CN4CCCCC4)cc3F)cc12,0,Train
1721898,OC[C@@H](O)[C@@H](O)[C@H](O)[C@H](O)CO,0,Train
20933656,Cc1ncnc(C)c1C(=O)N1C[C@@H]2CN(CC[C@@H](c3cccc(F)c3)C3CCC(F)(F)CC3)C[C@@H]2C1,0,Train
23751945,CC[C@H]1C[C@@H](n2c(=O)nc(-c3cnn(C)c3)c3oc4ccc(-c5cn(C)cn5)nc4c32)CCO1,1,Train
23873335,COc1ccc(CNC(=O)c2sc3nnc(C)c(C)c3c2N)cc1F,1,Train
29432876,Cc1ccc(C(=O)Nc2cc(Br)ccc2C(=O)O)cc1S(=O)(=O)Nc1ccc(Cl)c(Cl)c1,1,Train
21359863,O=C(NC1(C(=O)N[C@@H](Cc2ccccc2)C(=O)NCC2CCN(CC3CCOCC3)CC2)CCCC1)c1ccc(-n2cccc2)cc1F,1,Train
18365154,CCCC1(C(=O)c2ccc3[nH]ccc3c2)CCCN1,1,Train
27060674,N#Cc1ccc([C@H]2NC(=O)N(c3cccc(C(F)(F)F)c3)C3=C2C(=O)CC3)cc1,1,Train
4214281,CO[C@]12CC[C@@]3(C[C@@H]1C(C)(C)O)[C@H]1Cc4ccc(O)c5c4[C@@]3(CCN1CC1CC1)[C@H]2O5,1,Train
31755086,NC(=O)c1cc(Cl)c2c(Cl)c(C3CC3)n([C@@H]3CCCNC3)c2n1,0,Train
30708806,CCCc1cn(-c2cnc(-n3ncc4cc(C#N)c(N)nc43)cc2NC(C)C)nn1,1,Train
24290247,CN(C)[C@H]1CC[C@H](NC(=O)[C@@H](Cc2ccc(Cl)cc2)NC(=O)C2(c3ccc(F)cc3)CCCC2)CC1,0,Train
5723476,CO[C@H]1/C=C/O[C@@]2(C)Oc3c(C)c(O)c4c(O)c(c(/C=N/N5CCN(C)CC5)c(O)c4c3C2=O)NC(=O)/C(C)=C\\C=C\\[C@H](C)[C@H](O)[C@@H](C)[C@@H](O)[C@@H](C)[C@H](OC(C)=O)[C@@H]1C,0,Train
33666555,COc1nc(-c2cccc3c2OCCO3)ccc1Nc1ccc(CN(C)C)cc1,0,Train
32186333,COc1ccc(C#N)c(CNC(=O)c2cn(Cc3ccc(Cn4ccccc4=O)cc3)nc2N(C)C)c1F,1,Train
10738362,N#Cc1ccc2nc(N[C@@H](Cc3ccc(C4CC(=O)NS4(=O)=O)cc3)c3nc4ccccc4[nH]3)sc2c1,0,Train
25965418,CCCC(NC(=O)C1CC([C@@H]2CC2(C)C)CN1C(=O)[C@@H](NC(=O)OCC(C)C)C1CCCCC1)C(=O)C(=O)NCC(=O)N[C@H](C(=O)N(C)C)c1ccccc1,0,Train
10617829,CC(C)(C)NC(=O)N[C@H](C(=O)N1C[C@H]2[C@@H]([C@H]1C(=O)NC(CC1CC1)C(=O)C(N)=O)C2(C)C)C(C)(C)C,0,Train
12933642,CC(C)=CCn1c(N2CCCNCC2)c(C#N)c2c1c(=O)n(Cc1nccc3ccccc13)c(=O)n2C,0,Train
157598,O=c1cc(-c2ccccc2)oc2ccccc12,0,Train
1884366,CCN(CC)CCNC(=O)c1cc(Cl)c(N)cc1OC,1,Train
10355273,COc1ccccc1CC(c1ccccc1)N1CCNCC1,1,Train
20728658,CC(C)(C)C[C@H]1C[C@@H](c2cc(=O)[nH]o2)CCN1,0,Train
23726782,COC(=O)N1CCN(CCN2CCC(CNC(=O)c3cccc4[nH]c(C(C)C)nc34)CC2)CC1,0,Train
20083440,CCN1CCC(CNC(=O)c2ccc(Nc3nc4c(-c5ccc(OC)cc5)cccn4n3)cc2)CC1,0,Train
12147039,NC(=O)Nc1ccc(O)cc1OC[C@@H](O)CN1CCC2(CC1)Cc1cc(Cl)ccc1O2,0,Train
25965423,CC(C)(C)C(NC(=O)N[C@H](C(=O)N1C[C@H]2[C@@H]([C@H]1C(=O)NC(CC1CC1)C(=O)C(N)=O)C2(C)C)C(C)(C)C)C(=O)OC1CCCCC1,0,Train
32612676,CN1[C@H](c2ncccc2Cl)CCC[C@@H]1c1nc2cccc(N3CCN4CCCC4C3)c2[nH]1,1,Train
28982719,C[C@H]1Cn2c(nnc2C(F)(F)F)CN1C(=O)c1cccc(Cc2n[nH]c(=O)c3ccccc23)c1,1,Train
23013113,COc1cccc(-c2c(C3CCCC3)c3ccc(C(=O)NC4(C(=O)Nc5ccc(C=CC(=O)O)cc5)CCCC4)cc3n2C)n1,0,Train
19565777,Oc1cccc(-c2ccc(-c3cccc(O)c3)cc2)c1,1,Train
12517368,O=c1c(C2=CS(=O)(=O)c3ccccc3N2)c(O)c2cc(F)ccc2n1CCC1CC1,0,Train
13088886,C#Cc1cnc2nc(O)n(C(CC)CC)c2n1,1,Train
32118831,CC1=Nc2c(F)cc(-c3nc(Nc4ccc(C5CCN(C)CC5)cn4)ncc3F)cc2C12CCCC2,0,Train
7312469,CC(C)C[C@H](N)C(=O)N[C@@H](CCCCN)C(=O)N1CCC[C@H]1C(=O)O,1,Train
32504828,CC1(C)C(=O)N(CCN2CCN(c3cccc(F)c3)CC2)C(=O)c2ccccc21,1,Train
32035221,COc1ccccc1CCN1CCC(CCc2cccc(OCCF)c2)CC1,1,Train
23692232,CC1(c2cccc(-c3cccnc3)c2)N=C(N)c2c(F)cccc2O1,1,Train
23012980,Cn1c(-c2cccc(N)n2)c(C2CCCC2)c2ccc(C(=O)NC(C)(C)C(=O)Nc3ccc(C=CC(=O)O)cc3)cc21,0,Train
18578649,COc1ccc2cc(CN3CCc4cc(OC)c(OC)cc4C3)ccc2c1,1,Train
18877918,CCOc1ccc(C(=O)NC2(C(=O)N[C@H](Cc3ccccc3)C(=O)NCC3CCN(CC4CCOCC4)CC3)CCCC2)cc1,0,Train
23305866,O=C(O)C[C@H]1CC[C@H](c2ccc(C(=O)Nc3nnc(Cc4ccccc4)s3)cc2)CC1,1,Train
20728678,CC(C)(C)CC[C@H]1C[C@@H](c2cc(=O)[nH]o2)CCN1,0,Train
12517549,O=c1c(C2=CS(=O)(=O)c3ccccc3N2)c(O)c2cc(F)ccc2n1Cc1ccc(F)cc1,0,Train
12157118,Cc1cc(-c2ccc(Cl)c(C(=O)NCC3(O)CCCCCC3)c2)nn1C[C@@H](O)CN.Cl,0,Train
33658192,CC(C)[C@@H]1NC(=O)[C@H](C)[C@H](C)CC/C=C/c2cccc(c2)[C@@H](C)OC(=O)[C@@H]2CCCN(N2)C(=O)[C@H](C)NC1=O,1,Train
20051280,CC(=O)Nc1ccc(Nc2nc3cccc(-c4ccc(OC(C)C)cc4)n3n2)cc1,1,Train
32210081,CN(C)[C@H]1CC[C@H](Nc2ncnc3[nH]cc(C4CCOCC4)c23)CC1,0,Train
33051519,C[C@H](N)C(=S)N[C@@H](COC(=O)CC1(CN)CCCCC1)C(=O)O.O=C(O)C(F)(F)F,0,Train
20007931,CCC1CN(C(=O)c2ccccc2)CCN1C(=O)C(=O)c1c[nH]c2cccc(F)c12,1,Train
20636944,COc1cc(C)c(C(=O)N2C[C@@H]3CN(CC[C@H](NC(=O)C4CCCC4)c4ccccc4)C[C@@H]3C2)c(C)c1,1,Train
20965351,C/C(=C\\c1cc(F)c(OCCCF)cc1F)C(=O)N[C@@H]1[C@H](OCc2ccccc2)[C@@H](O)[C@H]2OCO[C@H]2[C@@H]1O,1,Train
28683785,COCCCOc1cc(C(=O)N(C[C@@H]2CNC[C@H]2NC(=O)OCc2ccccc2)C(C)C)ccc1OC,0,Train
24467298,N#C[C@@H]1CCCN1C(=O)[C@@H](N)Cc1ccc(-c2ccc(F)cc2)cc1,0,Train
32186328,COCc1nn(Cc2ccc(Cn3ccccc3=O)cc2)cc1C(=O)NCc1c(-n2cnnn2)ccc(OC)c1F,0,Train
13118113,Nc1nc(C2CCCC2)cc(N2CCNCC2)n1,1,Train
23082301,COc1cc(F)ccc1-c1ncnc(Nc2cccc(CS(C)(=N)=O)c2)n1,0,Train
19432436,c1ccc(Cn2nnnc2C(c2ccc(Cn3cncn3)cc2)N2CCCN(C3CCC3)CC2)cc1,0,Train
28803328,COC(=O)/C=C/c1cccc(N(Cc2ccc(-c3ccc4c(cnn4C)c3)cc2Cl)C(=O)c2ccccc2)c1,0,Train
4281105,Nc1nc(O)c2nc(CNc3ccc(C(=O)N[C@@H](CCC(=O)O)C(=O)O)cc3)cnc2n1,0,Train
30708907,CC(C)Nc1cc(-n2ncc3cc(C#N)cnc32)ncc1-n1cc(C2CCN(S(C)(=O)=O)CC2)nn1,0,Train
26080860,O=C(NC1CC1)c1ccc(Nc2nc3c(-c4ccc(CN5CCS(=O)(=O)CC5)nc4)cccn3n2)cc1,0,Train
25660652,CC[C@]1(NC(=O)[C@@H]2CC(Oc3cc(-c4csc(NC(C)C)n4)nc4c(Cl)c(OCCN5CCOCC5)ccc34)CN2C(=O)[C@@H](NC(=O)O[C@@H]2C[C@@H]3C[C@@H]3C2)C(C)(C)C)C[C@@H]1C(=O)O,0,Train
24399385,O=C(c1ccc(O[C@H]2C[C@H](N3CCCCC3)C2)cc1)N1CCOCC1,1,Train
29357584,COc1cc(NC(=O)Nc2cc(-c3ccccc3)nn2-c2nc(C)cc(=O)[nH]2)cc(OC)c1,1,Train
32378548,O=CO.c1nc(N[C@H]2CC[C@H](N3CCOCC3)CC2)c2c(C3CCOCC3)ccn2n1,1,Train
9985459,CO[C@H]1C[C@@H]2CC[C@@H](C)[C@@](O)(O2)C(=O)C(=O)N2CCCC[C@H]2C(=O)O[C@H]([C@H](C)C[C@@H]2CC[C@@H](OC(=O)C(C)(CO)CO)[C@H](OC)C2)CC(=O)[C@H](C)/C=C(\\C)[C@@H](O)[C@@H](OC)C(=O)[C@H](C)C[C@H](C)/C=C/C=C/C=C/1C,0,Train
32612699,CN1CCN(c2cccc3nc([C@H]4CCC[C@@H](c5ncccc5Cl)N4)[nH]c23)CC1,1,Train
20647898,CC(C)(C)c1cc(NC(=O)[C@@H]2CCCCN2C(=O)N2CCS(=O)(=O)CC2)no1,1,Train
31249519,O=C1CCc2cc3cc(c2N1)OC/C=C/CO[C@H]1C[C@@H](CO)N(C1)c1cc(n2ncc(Cl)c2n1)N3,1,Train
11234356,CNCCN[C@H](c1cc(C)ccc1N1CCN(C(=O)[C@H](C)Cc2ccc(Cl)cc2F)CC1)C(C)C.CS(=O)(=O)O,0,Train
24074054,OC[C@H]1OC(SCc2nnn(-c3ccccc3)c2I)[C@H](O)[C@@H](O)[C@@H]1O,0,Train
28783387,COc1cccc(Oc2cc([N+](=O)[O-])ccc2NS(C)(=O)=O)c1,1,Train
24325128,CC1=NN(C(=O)c2ccc(Cl)cc2)C(=O)C1/N=N/c1ccc(S(=O)(=O)Nc2ncccn2)cc1,0,Train
24189167,C[C@@H](O)[C@H]1C(=O)N[C@H](Cc2ccccc2)C(=O)NCC#Cc2ccccc2OCCN[C@@H](C2(C)CC2)C(=O)N1C,0,Train
32614149,Cc1cccnc1[C@@H]1CCC[C@H](c2nc3cccc(N4CCN(N(C)C)CC4)n3c2Cl)N1C,0,Train
30709047,CC(C)Nc1cc(-n2cnc3cc(C#N)cnc32)ncc1-c1cn(CCC(F)(F)F)nn1,0,Train
24674069,NNC(=O)NN1C(=O)c2cc(S(=O)(=O)[O-])cc3cc(S(=O)(=O)[O-])cc(c23)C1=O.[K+],1,Train
20717849,O=C(CCCN1CC[Si](O)(c2ccc(Cl)cc2)CC1)c1ccc(F)cc1,1,Train
11619717,CC(C)(C)C(=O)OCOC(=O)NCC1(CC(=O)O)CCCCC1,1,Train
20161950,CS(=O)(=O)Nc1ccc2c(c1)S(=O)(=O)N=C(C1=C(O)[C@H]3[C@@H]4CC[C@@H](C4)[C@H]3N(Cc3ccc(F)cc3)C1=O)N2,0,Train
22670278,Cn1c(Cc2nc(N3CCOCC3)cc(=O)[nH]2)nc2cccc(-c3ccccc3)c21,0,Train
20543282,COc1ccc(S(=O)(=O)N2C[C@H](C(=O)N3CCCNCC3)c3ccccc32)c2ccccc12,0,Train
30708566,CC(C)Nc1cc(-n2ncc3cc(C#N)cnc32)ncc1-c1cn([C@@H]2CCCC[C@H]2O)nn1,0,Train
19687649,CCCCCCCCCCCCc1ccc(S(=O)(=O)Nc2nnc(CC)s2)cc1,0,Train
32601174,Cc1cccnc1C1CCCN1Cc1nccn1Cc1ccccn1,1,Train
18768525,O=C(Nc1ccc(C2CCN(C(=O)[C@H]3CC[C@H](C(=O)O)CC3)CC2)cc1)c1nc(-c2ccccc2)oc1C(F)(F)F,1,Train
10231956,CC(=O)c1cccc(NC(=O)N[C@@H]2CCCC[C@H]2CN2CCC[C@@H](Cc3ccc(F)cc3)C2)c1.O=S(=O)(O)c1ccccc1,1,Train
20446593,C=CCCCCN(C)C(=O)N1C[C@H](Oc2nc(-c3ccc(F)cc3)nc3c(C)c(OC)ccc23)C[C@H]1C(=O)N[C@]1(C(=O)NS(=O)(=O)C(C)CC)C[C@H]1C,1,Train
107693,c1ccc2[nH]ccc2c1,1,Train
21119320,CC(=O)N(C)c1ccc(OC2CN(c3c4c(nc5ccnn35)CCNCC4)C2)cc1,0,Train
21895880,c1cc2c(C3CCNCC3)c[nH]c2cc1Nc1ccc2c(C3CCNCC3)c[nH]c2n1,0,Train
30708520,CCCn1cc(-c2cnc(-n3ncc4cc(C#N)cnc43)cc2NCC)nn1,0,Train
12497017,Cc1c(=O)n(C)c(Nc2ccc(I)cc2F)c2c(=O)n(C3CC3)c(=O)n(-c3ccccc3)c12,1,Train
33703116,COCc1ccc(-c2ccc3nnc(C(N)=O)c(N[C@@H](C)C4CCOCC4)c3c2)cn1,1,Train
4327819,CN/C(=C\\[N+](=O)[O-])NCCSCc1ccc(CN(C)C)o1,0,Train
13022206,c1cnc2ccc(Cn3nnc4ncc(-c5cnn(CCN6CCCC6)c5)nc43)cc2c1,1,Train
21177431,CC1=NC(C)(c2cccc(-c3cccnc3)c2)N=C1N,1,Train
19213712,Oc1cccc(-c2ccc3c(-c4ccccc4)c(O)ccc3c2)c1,0,Train
25265995,Cn1c(-c2ccsc2)c(C2CCCC2)c2ccc(C(=O)NC(C)(C)C(=O)Nc3ccc(/C=C/C(=O)O)cc3)cc21,0,Train
22819077,C[C@]12CC[C@H]3[C@@H](CC[C@H]4C[C@@H](NS(N)(=O)=O)CC[C@@]43C)[C@@H]1CCC2=O,1,Train
26334624,NC(=O)[C@H](Cc1ccccc1)NC(=O)[C@H](Cc1c[nH]c2ccccc12)NC(=O)[C@@H]1CCCN1C(=O)[C@H](Cc1ccc(O)cc1)NC(=O)CCC(=O)N[C@@H]1OC(CO)[C@@H](O)[C@@H](O)[C@H]1O,0,Train
23740168,C[C@](N)(Cc1ccccc1)C(=O)N[C@@H](Cc1ccccc1)C(N)=O,1,Train
20446582,C=CCCCCN(C)C(=O)[C@@H]1C[C@H](Oc2nc(-c3ccccc3)nc3cc(OC)ccc23)C[C@H]1C(=O)N[C@]1(C(=O)NS(=O)(=O)C2CC2)C[C@H]1C,1,Train
28803319,[2H]C(c1ccc(-c2ccc(N(C)C)cc2)cc1Cl)N(C(=O)c1ccccc1)c1cncc(/C=C/C(=O)OC)c1,0,Train
19872353,Cc1nc(-c2nc([C@@H](O)[C@H](O)[C@H](O)CO)c[nH]2)cs1,1,Train
28960239,O=[N+]([O-])c1cn2c(n1)OC[C@@H](OCc1ccc(N3CCCCC3)c(F)c1)C2,1,Train
24186170,O=C(CC1CNC(=O)c2cc(-c3cccc(Cl)c3)cn21)NCc1ccco1,1,Train
20728691,O=c1cc([C@@H]2CCN[C@@H](Cc3ccccc3)C2)o[nH]1,0,Train
11689932,CCNCCNC(=O)c1c(C)[nH]c(/C=C2\\C(=O)Nc3ccc(F)cc32)c1C,0,Train
27681979,O=C(Cc1cccnc1)NCc1ccccc1-c1ccccc1/C=C/c1ccc(O)cc1,1,Train
11342157,COc1ccc2c(c1)/C(=C/CCN1CCc3cc(OC)c(OC)cc3C1)CCC2.Cl,1,Train
25762910,CCc1cc(-c2ccc(C(F)(F)F)o2)n(-c2ccc3c(c2)nc(-c2cc(N4CCCC4)ccc2O)n3Cc2ccc(=O)[nH]c2)n1,0,Train
32612554,CCN1[C@H](c2ncccc2C)CCC[C@@H]1c1nc2ccccc2n1CC1CCN(CC(F)(F)F)CC1,1,Train
25865065,O=C1CC(c2ccc(CC(Nc3nc4ccccc4s3)c3nc4ccccc4[nH]3)cc2)S(=O)(=O)N1,0,Train
20491177,Oc1cccc(-c2ccc3c(-c4cccnc4)c(O)ccc3c2)c1,1,Train
26617780,CC(=NOCCN)c1cccc(C(C)(C)NC(=O)Nc2ccc(Cl)c([N+](=O)[O-])c2)c1,1,Train
28397086,CCn1c(=O)c2c(C)c(C(=O)N3CCC(O)CC3)sc2n(CCC(F)(F)F)c1=O,1,Train
11219747,C[C@H](NC(=O)c1cc(Cl)ccc1Oc1ccc(F)cc1)c1ccc(C(=O)O)cc1,1,Train
30169884,N#Cc1ccc(N[C@H]2CC[C@H](Oc3cncc(N4CCN(c5ccc(C(F)(F)F)cn5)CC4)c3)CC2)cc1C(F)(F)F,0,Train
30487040,COc1ccc(-c2nnc(C(=O)N3CCC(Oc4ccc(CN5CCCC5)cc4)CC3)o2)cc1,1,Train
102014,COC(=O)[C@H]1[C@H]2C[C@@H]3c4[nH]c5cc(OC)ccc5c4CCN3C[C@H]2C[C@@H](OC(=O)c2cc(OC)c(OC)c(OC)c2)[C@@H]1OC,0,Train
23591540,Cc1c(O)c(=O)ccn1-c1ccc(CC(=O)Nc2ccc(Cc3nc4ccccc4s3)cc2)cc1,1,Train
26879578,CN(c1ccc([N+](=O)[O-])c(C(F)(F)F)c1)C1CCC(OCC(=O)N2CCN(Cc3cc4cc(C(F)(F)F)ccc4o3)CC2)CC1,0,Train
9510306,c1cc(OCCCN2CCCCC2)ccc1CN1CCCCC1,0,Train
29298645,Cn1c(N2CCC(F)(F)CC2)cc(OCc2cc(F)c(Oc3ccc(Cl)c(C(F)(F)F)c3)c(F)c2)nc1=O,0,Train
24461632,CCNC1CCN(S(=O)(=O)c2cccc3cnccc23)CC1.Cl,1,Train
12911706,Cc1ccc(N2c3cccc(C(=O)Nc4cc(F)c(OCC(F)(F)F)c(F)c4)c3OC[C@@H]2CO)nc1,1,Train
8244354,COC(=O)[C@]12CCC(C)(C)C[C@H]1[C@H]1C(=O)C=C3[C@@](C)(CC[C@H]4C(C)(C)C(=O)C(C#N)=C[C@]34C)[C@]1(C)CC2,0,Train
20083410,CC(=O)Nc1ccc(Nc2nc3c(-c4ccc(C(=O)N5CCCCC5)cc4)cccn3n2)cc1,0,Train
26161599,Cn1c(-c2ccccn2)c(C2CCCCC2)c2ccc(C(=O)N[C@@]3(C(=O)Nc4ccc(/C=C/C(=O)O)cc4)CCCNC3)cc21,0,Train
12686138,O=C(NCCC1CC1)c1ccc(N2CCN(C(=O)c3cc(F)ccc3Cl)CC2)nn1,1,Train
20052136,N#CCc1ccccc1C#Cc1ccc(CCC(=O)O)cc1,1,Train
18603158,CCCCCCCCCCC(NC(=O)[C@H](Cc1ccccc1)NC(=O)[C@H](Cc1c[nH]c2ccccc12)NC(=O)[C@@H]1CCCN1C(=O)[C@@H](N)Cc1ccc(O)cc1)C(N)=O,0,Train
12425930,CC(C)c1cc(C(=O)O)ccc1-c1ccc(OCCN[C@@H](C)[C@H](O)c2ccc(O)cc2)cc1,0,Train
25247149,CC[C@H](C)[C@@H]([C@@H](CC(=O)N1CCCC1[C@H](OC)[C@@H](C)C(=O)N[C@@H](Cc1ccccc1)C(=O)O)OC)N(C)C(=O)[C@@H](NC(=O)[C@@H](NC)C(C)C)C(C)C,0,Train
28803344,[2H]C(c1ccc(-c2ccc(N(C)C)cc2)cc1)N(C(=O)c1ccccc1)c1cc(F)cc(/C=C/C(=O)OC)c1,0,Train
21888451,NC(=O)C1CCN(c2nnc(-c3ccc4c(c3)OCCCO4)s2)CC1.O=C(O)C(F)(F)F,1,Train
27219153,CC[C@H]1C[C@@H](n2c(=O)nc(-c3cnn(C)c3)c3oc4cc(C#N)c(-c5cccnc5)cc4c32)CCO1,1,Train
21795597,CC(=O)NC(c1cccs1)c1cc(Br)c2cccnc2c1O,1,Train
11158726,Cn1cncc1CN1CC(N(CC2CCN(C(=O)OC(C)(C)C)CC2)S(=O)(=O)c2ccccn2)Cc2cc(C#N)ccc21,0,Train
23269719,CCN(CC)C1CCN(C(=O)Cn2c(-c3ccc(Oc4ccccc4)cc3)c(C3CCCCC3)c3ccc(C(=O)NS(=O)(=O)N(C)C)cc32)CC1,0,Train
32816522,COC(=O)N[C@H](C(=O)NN(Cc1ccc(-c2ccccn2)cc1)C[C@H](OC(=O)[C@@H](NC(=O)OC)C(C)(C)C)[C@H](Cc1ccccc1)NC(=O)OC(OC(=O)[C@H](N)C(C)C)C(C)C)C(C)(C)C.Cl,0,Train
26879445,CC(c1cc2cc(F)ccc2o1)N1CCN(C(=O)COC2CCC(Nc3ccc([N+](=O)[O-])c(C(F)(F)F)c3)CC2)CC1,0,Train
29314766,CNc1nc2nc3c1[nH]c(=O)n3Cc1cccc(c1)OCCCCO2,0,Train
30200141,CN(C)CCN(CC1CCCN(C2Cc3ccccc3C2)C1)C(=O)c1ccc2ccccc2c1,1,Train
20636935,Cc1cccc(C)c1C(=O)N1C[C@@H]2CN(CC[C@H](NC(=O)C3CCCC3)c3ccccc3)C[C@@H]2C1,0,Train
9285948,O=C(Nc1cccc(C(F)(F)F)c1)c1ccccc1NCc1ccncc1,0,Train
22001284,C[C@H]1CCCN1[C@H]1CCN(c2ccc(C(=O)NCC3CCOCC3)cc2)C1,0,Train
152784,O=c1ccc2cc3ccoc3cc2o1,1,Train
627692,CN1C(C(=O)Nc2ccccn2)=C(O)c2ccccc2S1(=O)=O,1,Train
29161645,COc1cc2c(cc1OC)CN(Cc1ccc(-c3ccc(OCCCO)cc3)cc1)CC2,0,Train
19633973,CC(C)(O)CCn1c2ccccc2c2cc(NC(=O)c3ccccc3Cl)ccc21,1,Train
12721216,Cc1nc(-c2ccc(OCCCN3CCC[C@H]3C)cc2)oc1C(=O)N1CCOCC1,1,Train
23486599,O=C1c2cc(C(=O)N3CCCCC3)ccc2-n2c1nc1ccccc1c2=O,1,Train
15556939,C#CCN(CC)C(=O)[C@@]1(c2cccs2)C[C@H]1CN,1,Train
24190101,COc1cnc(C(=O)Nc2ccc(F)c([C@]3(C)CS(=O)(=O)N(C)C(=N)N3)c2)cn1,1,Train
12139905,Cc1ccc(S(=O)(=O)N2CCN(c3nc(-c4ccncn4)cc(=O)n3C)[C@H](C)C2)cc1,1,Train
26156553,C[C@]12CC[C@H](NS(C)(=O)=O)C[C@@H]1CC[C@@H]1[C@@H]2CC[C@]2(C)[C@@H](C(=O)CO)CC[C@@H]12,1,Train
29357571,COc1ccc(NC(=O)Nc2nc(-c3ccc(C)c(Cl)c3)c(C)s2)cc1OC1CCCC1,1,Train
9651552,CCN[C@H]1CN(CCCOC)S(=O)(=O)c2sc(S(N)(=O)=O)cc21,0,Train
33028528,CCOc1nc2cc(Cl)c(OC)cc2n1CCCNC(C)=O,1,Train
21689643,C=C(C(N=C=S)c1ccccc1)P(=O)(OCC)OCC,0,Train
32601126,CN1CCN(c2c(CN3CCCC3c3ccccn3)nc3ccccn23)CC1,1,Train
3633996,CCCC1O[C@@H]2C[C@H]3[C@@H]4CCC5=CC(=O)C=C[C@]5(C)[C@H]4[C@@H](O)C[C@]3(C)[C@]2(C(=O)CO)O1,1,Train
21689644,CC(C)COP(=O)(OCC(C)C)C(N=C=S)c1ccccc1,0,Train
23600164,CCC1(CC)CNc2ccc(S(=O)(=O)Nc3ccc(F)cc3F)cc2C(=O)N1,1,Train
28803320,COC(=O)/C=C/c1cc(F)cc(N(Cc2ccc(-c3ccc4c(cnn4C)c3)cc2Cl)C(=O)C2CCCCC2)c1,0,Train
11849762,CNC(=O)CN(C1CCCN(c2ccc(-n3ccccc3=O)cc2F)C1=O)S(=O)(=O)c1cc2ccc(Cl)nc2s1,0,Train
23236290,COc1ccc(S(=O)(=O)N2CCS[C@H]2C(=O)O[C@@H](Cc2c(Cl)c[n+]([O-])cc2Cl)c2ccc(OC(F)F)c(OCC3CC3)c2)cc1C(=O)N(C)C,0,Train
29573250,CCN(C(=O)CO)[C@H]1CN(C(=NC#N)Nc2cc(F)cc(OC(F)F)c2)N=C1c1ccc(Cl)c(Cl)c1,0,Train
12995676,NCc1c(-c2ccc(Cl)cc2Cl)ncn1Cc1cccnc1,1,Train
26442994,O=C(N[C@H]1C=C[C@@]2(O)[C@H]3Cc4ccc(O)c5c4C2(CCN3CC2CC2)[C@H]1O5)c1cc2ccccc2cn1,0,Train
25971205,CC12C=CC(=O)C=C1CCC1C2C(O)CC2(C)C1CCC2(O)C(=O)COC(=O)CCc1ccccc1/N=N/c1ccc(O)c(C(=O)O)c1,1,Train
25256800,CCN(C(C)C)[C@@H]1CC[C@H](N2CCC(c3nc4cccc(C(F)(F)F)c4[nH]3)C2=O)[C@H](CS(=O)(=O)c2ccccc2)C1,0,Train
9882789,Cc1cc(COc2ccc(S(=O)(=O)CC3(CC(=O)NO)CCCCN3C)cc2)c2ccccc2n1,0,Train
9307784,CCS(=O)(=O)N[C@H](CC1CCCCC1)C(=O)N1CCC[C@H]1C(=O)N[C@@H](CCCCN)C(=O)c1nccs1,0,Train
10217839,Cn1ccnc1-c1ccc(NC(=O)c2cc(C(F)(F)F)nn2-c2ccc3onc(N)c3c2)c(F)c1,0,Train
32210068,CC(C)c1c[nH]c2ncnc(N[C@H]3CC[C@H](N(C)C)CC3)c12,1,Train
25265926,Cn1c(-c2ccccn2)c(C2CCCCC2)c2ccc(C(=O)NC(C)(C)C(=O)Nc3ccc(/C=C/C(=O)O)cc3)cc21,1,Train
24559889,C=C1CC(c2scc(Cl)c2-c2ccc(F)cc2)CCN1C.O=C(O)CCC(=O)O,0,Train
18536091,CC(C)C(=O)OC[C@@]1(N=[N+]=[N-])O[C@@H](n2ccc(N)nc2=O)[C@@H](C)[C@@H]1OC(=O)C(C)C,0,Train
18317142,CCc1c(C2CCN(CCCSc3ccc(F)cc3)CC2)c2ccc(F)cc2n1-c1ccc(C(=O)O)cn1,1,Train
12223431,CNC(=O)NC1(c2ccccc2)CCN(C[C@@H]2C[C@@]2(C(=O)N(C)Cc2ccccc2)c2ccc(Cl)c(Cl)c2)CC1,0,Train
22059444,c1cnc(OC[C@H]2C[C@H](c3ccc(CN4CCCC4)cc3)C2)nc1,1,Train
77011,C[C@H]1O[C@@H](O[C@H]2[C@@H](O)C[C@H](O[C@H]3[C@@H](O)C[C@H](O[C@H]4CC[C@]5(C)[C@H]6C[C@@H](O)[C@]7(C)[C@@H](C8=CC(=O)OC8)CC[C@]7(O)[C@@H]6CC[C@@H]5C4)O[C@@H]3C)O[C@@H]2C)C[C@H](O)[C@@H]1O,0,Train
21689640,COc1ccc(C(N=C=S)P(=O)(OC(C)C)OC(C)C)cc1,0,Train
28803382,[2H]C(c1ccc(-c2ccc(N(C)C)cc2)cc1F)N(C(=O)C1C[C@H]2CC[C@@H]1C2)c1cc(F)cc(/C=C/C(=O)OC)c1,0,Train
18487993,Cc1ccc2nc(-n3nc4c(c3O)-c3ccccc3CC4)sc2c1,0,Train
24108436,Cl.O=C(OCc1ccccc1)c1ccccc1-c1ccc(CN2CCC(COC(=O)c3c4n(c5ccccc35)CCCO4)CC2)cc1,0,Train
24724786,CC(C)[C@@H](N)C(=O)O[C@@H]1Cc2ccccc2[C@@H]1NC(=O)[C@H](Cc1ccccc1)C[C@H](O)CN1CCN(Cc2cccnc2)C[C@H]1C(=O)NC(C)(C)C.O=C(O)C(F)(F)F,0,Train
30803906,CC(C)C(=O)OC[C@@H]1[C@@H](OC(=O)C(C)C)[C@H](OC(=O)C(C)C)[C@@H](OC(=O)C(C)C)CN1CCCCCCN(C(=O)NC(C)(C)C)C1CCCCC1,0,Train
11437417,O=[N+]([O-])c1cc(O)ccc1/C=C/c1ccc(O)cc1,0,Train
11103069,NCc1ccc(Cl)cc1CNC(=O)[C@@H]1CCCN1C(=O)[C@@H](CCc1ccccn1)NCC(=O)O,0,Train
19799946,O=C(c1ccc(OC2CC(N3CCCCC3)C2)cc1)N1CCC(O)CC1,0,Train
19611823,N=C(N)NCCC[C@@H](NC(=O)[C@@H](CCCNC(=N)N)NC(=O)[C@@H](CCCNC(=N)N)NC(=O)[C@@H](CCCNC(=N)N)NC(=O)[C@@H](CCCNC(=N)N)NC(=O)[C@@H](CCCNC(=N)N)NC(=O)[C@@H](CCCNC(=N)N)NC(=O)CCCNC(=O)[C@H](CCCN)NC(=O)CCC(=O)OCCNC(=S)Nc1ccc(-c2c3ccc(=O)cc-3oc3cc(O)ccc23)c(C(=O)O)c1)C(N)=O,0,Train
27822262,COc1cc(CN2c3nc(N4CCOC[C@H]4C)c(F)c(=O)n3CC[C@H]2C(F)(F)F)ccn1,1,Train
13065996,C=C[C@@H]1C[C@]1(NC(=O)[C@@H]1C[C@@H](Oc2cc(-c3csc(NC(C)C)n3)nc3cc(OC)ccc23)CN1C(=O)[C@@H](NC(=O)OC1CCCC1)C(C)(C)C)P(=O)(O)Cc1cccc(F)c1,0,Train
13816458,c1cnc2c(c1)C[C@@]1(CN3CCC1CC3)O2,1,Train
30709019,CCCn1cc(-c2cnc(-n3ncc4cc(C#N)c(N)nc43)cc2NC2CC2)nn1,1,Train
23385925,O=c1cc(-c2cccc3[nH]ccc23)c2ccccc2n1CC1CN2CCC1CC2,1,Train
24828793,CC(=O)N[C@@H](CCN1C2CCC1CC(n1c(C)nc3c1CN(C(C)=O)CC3)C2)c1ccccc1,0,Train
27278880,Nc1nc(-c2nn(Cc3ccccc3F)c3ncccc23)nc(N)c1NC(=O)OC1COC1,0,Train
11621169,CCCC(=O)OC(OC(=O)NCC1(CC(=O)O)CCCCC1)C(C)C,1,Train
29704941,COc1ccc(OC)c(CCn2cnc3sc4c(c3c2=O)CCN(S(=O)(=O)N(C)C)C4)c1,1,Train
21773801,CCCn1cc(-c2cc(C3C(=O)N(CC)c4ccc(C(F)(F)F)cc4N(c4ccccc4)C3=O)cc(OC)c2O)cn1,0,Train
27682005,O=C(Cc1ccc(F)cn1)NCc1ccccc1-c1ccccc1/C=C/c1ccc(O)cc1,1,Train
10610603,CC1CCN(C(=O)[C@@H](Cc2cccc(C(=N)N)c2)NS(=O)(=O)c2ccc3ccccc3c2)CC1,0,Train
30708639,CC(=O)N1CC[C@@H](n2cc(-c3cnc(-n4ncc5cc(C#N)cnc54)cc3NC(C)C)nn2)C1,0,Train
840915,NS(=O)(=O)c1cc(C(=O)O)c(NCc2ccco2)cc1Cl,0,Train
27219176,CC[C@H]1C[C@@H](n2c(=O)nc(-c3cnn(C)c3)c3oc4cnc(-c5cnc(C)o5)cc4c32)CCO1,1,Train
780701,Cn1c(S)nc2cc(Cl)ccc21,0,Train
8182794,COc1cc(C)c(S(=O)(=O)N[C@@H](CC(=O)NC2OC(CC(=O)O)C(O)C(O)C2O)C(=O)N[C@H](Cc2ccc(C(=N)N)cc2)C(=O)N2CCCCC2)c(C)c1C,0,Train
30597041,CC(C)(O)[C@H](F)CNC(=O)c1cnc(-c2cnn3cc(Cl)cnc23)cc1Nc1cnn(CC(F)(F)F)c1,0,Train
20491185,Nc1cccc(-c2c(O)ccc3cc(-c4cccc(O)c4)ccc23)c1,1,Train
32303646,Cn1nc2c(=O)n(CC3(O)CCN(C(=O)C[C@H](c4ccccc4)C(F)(F)F)CC3)cnc2c1-c1ccc(CN)cc1,0,Train
26154291,COCCOCCOCCOCCOCCNC(=O)C[C@H](NC(=O)c1ccc2ccccc2n1)C(=O)N[C@@H](Cc1ccccc1)[C@H](O)CN1CC2CCCCC2CC1C(=O)NC(C)(C)C,0,Train
18462168,N=C(N)SCc1cc(F)ccc1Sc1ccc(C(F)(F)F)cc1CSC(=N)N,0,Train
27187187,Cc1ccc(NC(=O)c2cccc(C(F)(F)F)c2)cc1-c1cn(C)c(=O)c(N2CCOCC2)n1,1,Train
8465990,CC(C)C[C@H]1NC(=O)[C@H](Cc2ccccc2)NC(=O)CNC(=O)[C@@H](C)NC(=O)[C@H](Cc2ccc(O)cc2)NC(=O)/C=C\\c2ccccc2OC1=O,0,Train
10745154,Cc1nn(-c2ccc3onc(N)c3c2)c2c(=O)n(-c3ccc(-c4ccccc4CN4CC[C@@H](O)C4)cc3)c(C)nc12,0,Train
28020252,Cc1[nH]nc2c1C(c1cc(C#N)cc(-c3ccc(C(=O)N(C)C)s3)c1)(C(C)C)C(C#N)=C(N)O2,1,Train
11586172,COc1ccc(-n2nc(C(N)=O)c3c2C(=O)N(c2ccc(C4(CN(C)C)CC4)cc2)CC3)cc1,0,Train
18877907,CCCCOc1cccc(C(=O)NC2(C(=O)N[C@H](Cc3ccccc3)C(=O)NCC3CCN(CC4CCOCC4)CC3)CCCC2)c1.O=C(O)C(F)(F)F,0,Train
21532748,O=C1c2ncc3c(c(COCC4CCOCC4)cn3Cc3ccc(F)cc3)c2CCN1O,0,Train
27131960,Nc1ccn([C@@H]2O[C@H](COC(=O)[C@H](N)Cc3ccccc3)[C@@H](O)C2(F)F)c(=O)n1.O=C(O)C(F)(F)F,0,Train
4318684,CNCC[C@@H](Oc1ccccc1C)c1ccccc1,1,Train
27157517,O=C(NC1CCCCC1)c1cccnc1NC1CCCCC1,0,Train
24526803,N=S(=O)(N[C@@H](CO)C(C(F)(F)F)C(F)(F)F)c1ccc(Cl)s1,1,Train
6030951,COC(=O)c1ccccc1-c1c2ccc(=N)cc-2oc2cc(N)ccc12.Cl,0,Train
18365271,CC(C)(C)CCC1(C(=O)c2ccc3[nH]ncc3c2)CCCN1,1,Train
21859004,Nc1ncnc2c1C(=O)N(c1ccc(-c3ccccc3Cl)cc1)CCO2,1,Train
9672240,N[C@@H](Cc1ccccc1)C(=O)CCC(=O)O.O=C(O)C(F)(F)F,0,Train
11646861,COc1ccc(-n2nc(C(N)=O)c3c2C(=O)N(c2ccc(C4(N(C)C)CC4)cc2)CC3)cc1,1,Train
23557650,CC(C)C[C@H](CO)Nc1nc(SCc2ccccn2)nc2nc(N)sc12,0,Train
10508804,COC(=O)N[C@H](C(=O)NN(Cc1cccc(-c2cccnc2)c1)C[C@@](O)(Cc1ccccc1)C(=O)N[C@H]1c2ccccc2C[C@H]1O)C(C)(C)C,1,Train
9811617,CC(C)N1CCC(NC(=O)c2cc3ccccc3n2Cc2cc3ccc(Cl)cc3s2)CC1,0,Train
33093819,Cc1cc(C(O)(C(F)(F)F)C(F)(F)F)cc2c1[nH]c(=O)c1ccccc12,0,Train
68373,OCCN(CCO)c1nc(N2CCCCC2)c2nc(N(CCO)CCO)nc(N3CCCCC3)c2n1,1,Train
18765686,CCCCC1CN(C2CCOCC2)C(=O)N1C1CCN(C2(C)CCN(C(=O)c3c(C)ncnc3C)CC2)CC1,0,Train
12147029,O=C(O)c1ccc(F)cc1OC[C@@H](O)CN1CCC2(CC1)Cc1cc(Cl)ccc1O2,0,Train
26273796,COCCCOC(=O)[C@H](Cc1ccc(-c2c(C(F)(F)F)cc(C)n(C)c2=O)cc1)NC(=O)c1c(Cl)cccc1Cl,1,Train
27443101,C[C@H]1Cc2c(nnn2-c2ncc(F)cn2)CN1C(=O)c1ccnc(C(F)(F)F)c1F,1,Train
30996548,CN(C)C(=O)c1cc2cnc(Nc3ccc(N4CCS(=N)(=O)CC4)cn3)nc2n1C1CCCC1,0,Train
27390806,COc1cccc(CCC2CCN(CCc3ccccc3)CC2)c1,1,Train
21773741,CCN1C(=O)C(c2ccc(O)c(-c3cnn(C)c3)c2)C(=O)N(c2ccccc2)c2cc(C(F)(F)F)ccc21,0,Train
30597044,CC(C)(F)Cn1ccc(Nc2cc(-c3cnn4cc(Cl)cnc34)ncc2C(=O)NC[C@@H](F)C(C)(C)O)n1,1,Train
27923637,N#Cc1cc(Cl)cc(-c2cc(-c3ccc(F)cn3)ncn2)c1,1,Train
25265482,NC(=O)[C@H](Cc1ccccc1)NC(=O)[C@H](Cc1c[nH]c2ccccc12)NC(=O)[C@@H]1CCCN1C(=O)[C@H](Cc1ccc(O)cc1)NC(=O)CCC(=O)NC1OC(CO)C(O)C(O)C1O,0,Train
26980762,Cc1c(C=NNC(=O)c2ccc([N+](=O)[O-])cc2)no[n+]1[O-],0,Train
23618041,COCCCn1c(=O)nc(-c2ccc(N3CCN(CCOC)CC3)nc2)c2oc3ccc(Cl)cc3c21,1,Train
32210093,c1nc(N[C@H]2CC[C@H](N3CCOCC3)CC2)c2c(C3CCOCC3)c[nH]c2n1,1,Train
12696354,CC(=O)Nc1cc(-c2c(-c3ccc(F)cc3)nc(S(C)=O)n2C)ccn1,1,Train
1188293,CCC(=O)N(c1ccccc1)C1(COC)CCN(CCn2nnn(CC)c2=O)CC1,1,Train
24360296,Cc1c(CN(CCc2ccc(Cl)cc2)C2CCN(C(=O)c3cccc[n+]3[O-])CC2)c(=O)n(-c2ccc(F)cc2)n1C.Cl,0,Train
26798461,COc1cccc(N2CCN(Cc3nc(N)nc(Nc4ccc(C)c(C)c4)n3)CC2)c1,1,Train
23906704,COc1ccc(-c2csc(-c3nc4c(=O)n(C)c(=O)nc-4n(C)n3)c2)cc1OC,0,Train
30596880,CCNc1cc(-c2cnn3cc(C#N)cnc23)ncc1C(=O)NC[C@@H](F)C(C)(C)O,0,Train
24360291,Cc1c(CN(CCc2ccccn2)C2CCN(C(=O)c3c(F)cccc3F)CC2)c(=O)n(-c2ccc(F)cc2)n1C.Cl,0,Train
22006639,CCCNP(=O)(CCl)OC[C@H]1O[C@@H](n2cc(C)c(=O)[nH]c2=O)C[C@@H]1N=[N+]=[N-],0,Train
25083814,COc1ccc(N2N=C(S(C)(=O)=O)C3CCN(c4ccc(C5(CN6CCCC6=O)CC5)cc4)C(=O)C32)cc1.O=C(O)C(F)(F)F,0,Train
26693365,COc1ccc2c(O[C@@H]3C[C@H]4C(=O)N[C@]5(C(=O)NS(=O)(=O)C6CC6)C[C@H]5C=CCCCCC[C@@H](NC(=O)c5ccn(CC(F)(F)F)n5)C(=O)N4C3)cc(OC(C)C)nc2c1C,0,Train
23751948,CNc1ccc(-c2nc(=O)n(CCC3CCC(C)O3)c3c2oc2ncc(-c4cnn(C)c4)cc23)cn1,0,Train
30708555,CC(C)Nc1cc(-n2ncc3cc(C#N)cnc32)ncc1-c1cn(C[C@H](O)c2ccccc2)nn1,0,Train
11415445,O=C(CN1CCC[C@H](NS(=O)(=O)c2ccc3cc(Cl)ccc3c2)C1=O)N1C[C@@H]2C[C@H](C1)c1cccc(=O)n1C2,0,Train
12446727,O=C1c2ncc3c(c(COCCc4ccccn4)cn3Cc3ccc(F)cc3)c2CCN1O,0,Train
24724789,CC(C)[C@@H](N)C(=O)O[C@@H](C[C@@H](Cc1ccccc1)C(=O)N[C@H]1c2ccccc2C[C@H]1O)CN1CCN(Cc2cccnc2)C[C@H]1C(=O)NC(C)(C)C.O=C(O)C(F)(F)F,0,Train
23013094,Cn1c(-c2cccc3cccnc23)c(C2CCCC2)c2ccc(C(=O)NC3(C(=O)Nc4ccc(/C=C/C(=O)O)cc4)CCC3)cc21,0,Train
26146823,CC(C)C[C@@H]1C(=O)NCC(=O)N(C)[C@H](CCCNC(=N)N)C(=O)NCC(=O)N[C@H](CC(=O)O)C(=O)N(C)[C@@H](Cc2ccccc2)C(=O)N1C,0,Train
30597017,CC(C)(O)[C@H](F)CNC(=O)c1cnc(-c2cnc3cc(C#N)cnn23)cc1NC1CCOC1,0,Train
29593993,Cc1sc2c(c1C)C(c1ccc(Cl)cc1)=N[C@@H](CC(=O)OCCCCCCO)c1nnc(C)n1-2,1,Train
27602845,CCCC(=O)c1cnn(C2CCN(NC(=O)c3cn(CC(=O)N4CCN(C)CC4)c4ccc(Cl)cc34)CC2)c1C.Cl,0,Train
24563972,O=C(/C=C/c1ccc(O[C@@H]2O[C@H](C(=O)O[C@H]3OC[C@@](O)(CO)[C@@H]3O)[C@@H](O)[C@H](O)[C@H]2O)cc1)c1ccc(O)cc1O,0,Train
28084002,c1ccc2sc(SCCCCn3ccnc3)nc2c1,1,Train
3158485,NC(=O)[C@H](Cc1ccccc1)NC(=O)[C@@H](N)Cc1ccccc1,0,Train
27219126,CC[C@H]1C[C@@H](n2c(=O)nc(-c3cnn(C)c3)c3oc4ccc(-c5cncnc5)nc4c32)CCO1,1,Train
11244822,COc1ccc(-n2nc(C(N)=O)c3c2C(=O)N(c2ccc(-c4ccccc4CN(CCO)CCO)cc2)CC3)cc1,0,Train
29400045,CN(C)CCN(Cc1ccccc1)S(=O)(=O)c1ccc(NC(=O)Nc2ccc3c(ccn3C)c2)cc1,0,Train
23820472,COc1ccc(-c2nc(C(N)=O)c(-c3ccc(N4CCNC(C)(C)C4)cc3)o2)c2cc[nH]c12,0,Train
27204385,C=C[C@@H]1C[C@]1(NC(=O)[C@@H]1C[C@@](OC)(c2ccc(-c3nccs3)nc2)CN1C(=O)[C@@H](NC(=O)OC1CCCC1)C(C)(C)C)C(=O)NS(=O)(=O)C1CC1,0,Train
29645002,CS(=O)(=O)Nc1ccc([N+](=O)[O-])cc1Oc1cccc(I)c1,1,Train
13087119,CC(C)c1onc(-c2c(Cl)cccc2Cl)c1COc1ccc(NC(=O)c2ccc(C(=O)O)cc2)c(C(F)(F)F)n1,1,Train
3918920,CCCCCCCCCCS(=O)(=O)[O-].[Na+],0,Train
5354634,CC1(C)CC(=O)N(CCCCN2CCN(c3ncccn3)CC2)C(=O)C1,1,Train
18877891,O=C(/C=C/c1cccc(F)c1)NC1(C(=O)N[C@H](Cc2ccccc2)C(=O)NCC2CCN(CC3CCOCC3)CC2)CCCC1,0,Train
27675853,CC(Nc1cccc(Cl)c1F)c1cc(C(=O)NCCN(C)C)cn2c(=O)cc(N3CCOCC3)nc12,0,Train
24235906,CC1CCCN1CCCOc1ccc(C2=NC3(CCCCC3)CO2)cn1,1,Train
29230725,CN1CCC2=C(C1=O)C(c1ccc(C#N)cc1-c1cccnc1)N(C)C(=O)N2c1cccc(C(F)(F)F)c1,1,Train
26496347,CO[C@H]1C[C@H]2OC[C@@]2(OC(C)=O)[C@H]2[C@H](OC(=O)c3ccccc3)[C@]34OC(=O)O[C@H]3[C@H](OC(=O)[C@H](O)[C@@H](NC(=O)OC(C)(C)C)c3ccccc3)C(C)=C([C@@H](OC(=O)N(C)C)C(=O)[C@]12C)C4(C)C,1,Train
20000071,O=C(Nc1nc2cccc(-c3ccc(OCc4cccnc4)cc3)n2n1)C1CC1,1,Train
21098459,CN(/N=C/c1cc(-c2cncn2C)nc2ccccc12)C(N)=S,1,Train
32186359,COc1ccnc(CNC(=O)c2cn(Cc3ccc(Cn4ccccc4=O)cc3)nc2N(C)C)c1F,1,Train
129435,O=C(O)c1c[nH]c2ccccc12,1,Train
6017291,CC(C)CC[C@@H](O)[C@](C)(O)[C@H]1CC[C@@]2(O)C3=CC(=O)[C@]4(O)C[C@@H](O)[C@@H](O)C[C@]4(C)[C@H]3[C@H](O)C[C@]12C,1,Train
10590728,CN(C)C(=O)c1cccc(Nc2c(Nc3ccccc3)c(=O)c2=O)c1O,0,Train
27104801,CNC(=O)N1C(=O)N(c2cccc(C(F)(F)F)c2)C2=C(C(=O)CC2)C1c1ccc(C#N)cc1OC,1,Train
27228179,C=C[C@@H]1C[C@]1(NC(=O)[C@@H]1C[C@@H](n2cnc(-c3ccccc3)c2)CN1C(=O)[C@@H](NC(=O)OC1CCCC1)C(C)(C)C)C(=O)NS(=O)(=O)C1CC1,0,Train
12754414,CC(C)c1nc2c(C(=O)NCC3CCN(CC4CCN(S(C)(=O)=O)CC4)CC3)cccc2[nH]1,0,Train
23012952,Cc1cccc(-c2c(C3CCCC3)c3ccc(C(=O)NC(C)(C)C(=O)Nc4ccc(C=CC(=O)O)cc4)cc3n2C)n1,0,Train
23145340,Cc1cc(O)cc(C)c1C[C@H](N)C(=O)N[C@H](CCCNC(N)=O)C(=O)N[C@H]1Cc2ccccc2CN([C@@H](CCCCN)C(N)=O)C1=O,0,Train
24007422,CN(C)C1CCN(C(=O)c2ccc(-c3cn4c(-c5ccc(C#N)cc5)cnc4cn3)cc2)CC1,0,Train
21393848,CC[N+]1([O-])CCN(c2ccc(Nc3cc(N(C)C(=O)Nc4c(Cl)c(OC)cc(OC)c4Cl)ncn3)cc2)CC1,0,Train
18301840,COc1ccc(-c2c(C)nn(-c3ccccn3)c2O)cc1,1,Train
28157014,C=CC(=O)N[C@H]1CCN(c2ccc(C(N)=O)c(Nc3ccc(CCN4CCCC4)cc3)n2)C1,0,Train
26035402,Cc1ccc(S(=O)(=O)C[C@H]2C[C@@H](N(C)C(C)C)CC[C@H]2N2CC[C@H](NC(=O)c3cccc(C(F)(F)F)c3)C2=O)cc1,0,Train
8801300,O=C(Nc1cc(C(F)(F)F)cc(C(F)(F)F)c1)c1cnc(Cl)nc1-c1ccccc1,0,Train
23012969,Cn1c(-c2ccc(C(F)(F)F)cn2)c(C2CCCC2)c2ccc(C(=O)NC(C)(C)C(=O)Nc3ccc(C=CC(=O)O)cc3)cc21,0,Train
26691444,O=c1ncn(Cc2c(F)cc(F)cc2F)c2ccc(Oc3cccc(-c4ccc5[nH]ccc5c4)c3C(F)(F)F)cc12,1,Train
19717913,O=C(N[C@@H]1CC[C@@]2(O)[C@H]3Cc4ccc(O)c5c4[C@@]2(CCN3CC2CC2)[C@H]1O5)c1ccncc1,0,Train
28213501,Cc1onc(C(=O)N2[C@H]3CC[C@@H]2C[C@H](Nc2cc(=O)n(C)c4nccnc24)C3)c1C,1,Train
24710558,C[C@H](NC(=O)c1cc(NC(=O)CCC(O)(CCc2ccccc2)C(=O)N[C@H]2c3ccccc3C[C@H]2O)cc(N(C)S(C)(=O)=O)c1)c1ccccc1,0,Train
15424615,CCc1c(N)cc(Cl)c(CC)c1NC(=O)N(Cc1ccc(Cl)cc1)c1ccc(OC)c2cccnc12,0,Train
21479024,COC[C@H](C)Oc1cc(Oc2ccc(S(C)(=O)=O)cc2)cc(C(=O)Nc2ccc(C(=O)O)cn2)c1,0,Train
3626140,NC(=O)N1C(=O)/C(=C(\\O)c2cccs2)c2cc(Cl)ccc21,1,Train
23751937,CC[C@H]1C[C@@H](n2c(=O)nc(-c3cnn(C)c3)c3oc4ccc(-c5cnn(C)c5)nc4c32)CCO1,1,Train
23978086,O=C(Cc1nc(N2CCOCC2)cc(=O)[nH]1)N1CCc2c(OC(F)(F)F)cccc21,0,Train
11716811,CCCCCC(C)(O)C/C=C/[C@H]1COC(=O)N1CCSc1nc(C(=O)O)cs1,0,Train
23592606,COc1cc(Nc2nc3n(n2)CCC(=O)N3Cc2ccccc2C(F)(F)F)ccc1-n1cnc(C)n1,1,Train
12821479,CCOC(=O)c1cc(C#N)c(N2CCN(C(=O)NS(=O)(=O)Cc3ccccc3)CC2)nc1C,0,Train
25793162,COc1cccc(CCN2CCC(CCc3ccccc3)CC2)c1,1,Train
26494623,O=C(Nc1ccc(O)cc1OC[C@@H](O)CN1CCC2(CC1)Cc1cc(F)ccc1O2)NC1CC1,0,Train
317313,O=c1c(O)c(-c2ccc(O)c(O)c2)oc2cc(O)cc(O)c12,0,Train
27967961,N=S(=O)(NC(=O)c1ccccc1)c1ccccc1,1,Train
23798983,CC[C@@]1(O)C(=O)OCc2c1cc1n(c2=O)Cc2cc3c(CNC(C)=O)c(O)ccc3nc2-1,0,Train
13045989,COC1=NOC2(C1)CN1CCC2CC1,1,Train
24190095,CN1C(=N)N[C@](C)(c2c(F)ccc(NC(=O)c3ccc(F)cn3)c2F)CS1(=O)=O,1,Train
2943832,COc1cccc([C@@]2(O)CCCC[C@@H]2CN(C)C)c1,1,Train
30596862,CC(C)(O)[C@H](F)CNC(=O)c1cnc(-c2cnn3cc(Cl)cnc23)cc1Nc1cnn(CC(F)F)c1,0,Train
9309881,Cc1cccc(C)c1OCC(=O)N[C@@H](Cc1ccccc1)[C@@H](O)C[C@H](Cc1ccccc1)NC(=O)[C@H](C(C)C)N1CCCNC1=O,1,Train
30596848,CCNc1cc(-c2cnn3cc(Cl)cnc23)ncc1C(=O)NC[C@@H](F)C(C)(C)O,1,Train
25266104,Cc1ccc(-c2c(C3CCCC3)c3ccc(C(=O)NC4(C(=O)Nc5ccc(/C=C/C(=O)O)cc5)CCCC4)cc3n2C)cn1,0,Train
32612553,Cc1cccnc1[C@@H]1CCC[C@H](c2nc3ccccc3n2Cc2ccccc2-n2cccn2)N1,1,Train
29232333,CN(CCc1cnn(-c2nccc3c(=O)[nH]cnc23)c1)Cc1ccc(Cl)c(Cl)c1,1,Train
156158,O=c1[nH]c(=O)c2[nH]c(=O)[nH]c2[nH]1,0,Train
23751951,CCC1(OC)CC(n2c(=O)nc(-c3ccc(NC)nc3)c3oc4ncc(-c5cnn(C)c5)cc4c32)C1,0,Train
11288907,CC(C)CC(NC(=O)N[C@H](C(=O)N1C[C@H]2[C@@H]([C@H]1C(=O)NC(CC1CC1)C(=O)C(N)=O)C2(C)C)C(C)(C)C)C(=O)O,0,Train
25247325,CC[C@H](C)[C@@H]([C@@H](CC(=O)N1CCCC1[C@H](OC)[C@@H](C)C(=O)N[C@@H](Cc1ccccc1)C(=O)OC)OC)N(C)C(=O)[C@@H](NC(=O)[C@@H](NC)C(C)C)C(C)C,0,Train
27681977,O=C(Cc1ccccn1)NCc1ccccc1-c1ccccc1/C=C/c1ccc(O)cc1,0,Train
32571737,CC(=O)O.CCNC(=O)c1cc2c(N3CCOC[C@@H]3C)ccnc2[nH]1,1,Train
24369319,COc1ccc(Cn2c([C@@H](Cc3c[nH]c4ccccc34)NC(C)=O)nnc2[C@@H](Cc2c[nH]c3ccccc23)NC(=O)C(C)(C)N)cc1.O=C(O)C(F)(F)F,0,Train
32612706,Cc1cccnc1[C@@H]1CCC[C@H](c2nc3cccc(N4CCNC5(CC5)C4)c3[nH]2)N1C,1,Train
22670269,O=c1cc(N2CCOCC2)nc(Cc2nc3c(-c4ccccc4)cccc3o2)[nH]1,1,Train
30708626,CC(C)Nc1cc(-n2ncc3cc(C#N)cnc32)ncc1-c1cn(C2CN(C(C)C)C2)nn1,0,Train
23751918,Cn1cc(-c2cnc3oc4c(-c5ccncc5)nc(=O)n(CCC5CCCO5)c4c3c2)cn1,1,Train
20446586,C=CCCCCN(C)C(=O)N1C[C@H](Oc2nc(-c3ccccc3)nc3c(C)c(OC)ccc23)C[C@H]1C(=O)N[C@]1(C(=O)NS(=O)(=O)C(C)CC)C[C@H]1C,0,Train
24368090,Cc1ncnc(C)c1C(=O)N1CCC(C)(N2CCC(N3C(=O)N(CC4CCN(S(C)(=O)=O)CC4)C[C@H]3c3ccccc3)CC2)CC1,0,Train
23895996,Ic1ccc(OCCCCn2ccnc2)cc1,1,Train
28157258,C=CC(=O)N[C@H]1CCN(c2ccc(C(N)=O)c(Nc3ccc(N4CCCCC4)nc3)n2)C1,0,Train
743996,c1ccc2c(-c3ccncc3)c[nH]c2c1,1,Train
12041298,CC(=O)N1Cc2cc(Cl)ccc2-n2c(nnc2C2CCN(c3ccccn3)CC2)C1,1,Train
9244561,CCCCC1=NC2(CCCC2)C(=O)N1Cc1ccc(-c2ccccc2S(=O)(=O)Nc2onc(C)c2C)c(CN2CCC(C)(C)C2=O)c1,0,Train
22290027,C[N+](C)(CCCCNC(=O)Cc1ccc(OCc2ccccc2)cc1)CCNC(=O)c1nc(Cl)c(N)nc1N,0,Train
11139049,CC(C)CCNC(=O)c1ccc(N2CCN(C(=O)c3ccccc3C(F)(F)F)CC2)nn1,1,Train
2088227,COc1ccc(CC(C)N)cc1,1,Train
29357911,C[C@@H]1CN(c2cc(=O)c3cc(C(=O)N4CCOCC4)cc(CN4CCOc5ccc(F)cc54)c3o2)CCO1,1,Train
9604537,COc1ccc(-n2nc(C)cc2C(=O)Nc2ccc(-c3ccccc3S(N)(=O)=O)cn2)cc1.O=C(O)C(F)(F)F,0,Train
26904956,C=C[C@@H]1C[C@]1(NC(=O)[C@@H]1C[C@@H](Oc2cc(-c3csc(NC(=O)C(C)C)n3)nc3c(Br)c(OC)ccc23)CN1C(=O)[C@@H](NC(=O)O[C@H]1CC[C@H](O)C1)C(C)(C)C)C(=O)O,0,Train
25584277,COc1cc2ccc(S(=O)(=O)NC(Cc3cc4c(N)nccc4s3)C(=O)N3CCC(C)CC3)cc2cc1OC.Cl,1,Train
19761427,Cn1c(N2CCN(CCCCN3c4ccccc4Sc4ccc(C(=O)O)cc43)CC2)cc(=O)n(C)c1=O,1,Train
26159710,CC(C)[C@H](C[C@H](O)[C@@H]1COCc2cccc(c2)C(c2ccccc2)NC(=O)c2cc(cc(N(C)S(C)(=O)=O)c2)C(=O)N1)C(=O)NF,0,Train
32632847,COc1cc(NC2CN(CCCF)C2)ccc1[C@@H]1c2ccc3[nH]ncc3c2C[C@@H](C)N1CC(F)(F)F,1,Train
2227587,O=C(/C=C/c1ccc(O)c(O)c1)O[C@H](Cc1ccc(O)c(O)c1)C(=O)O,0,Train
31967199,CN[C@H]1CCC=C(c2ccc(F)cc2)[C@@H]1COc1cc(F)c(S(=O)(=O)Nc2cscn2)cc1Cl.Cl,0,Train
1893026,COc1cc(C[C@@H](CO)[C@H](CO)Cc2ccc(O)c(OC)c2)ccc1O,0,Train
10547239,Nc1cc2nc[nH]c(=O)c2c(-c2ccsc2)n1,1,Train
26716945,Cl.Nc1ccc2ccc(CCNCCc3cccc(Cl)c3)cc2n1,1,Train
24627227,C=CCNC(=O)[C@@H](NC(=O)[C@@](O)(CCCN(Cc1ccc(Br)cc1)NC(=O)[C@@H](NC(=O)OC)C(C)(C)C)Cc1ccc(CC=C)cc1)C(C)(C)C,1,Train
26924281,CCCC(=O)C1=CC(C#N)=C(N2CCC(C(=O)NS(=O)(=O)Cc3ccccc3)CC2)NC1SC,0,Train
27682032,O=S(=O)(Cc1ccc(F)cc1)NCc1ccccc1-c1ccccc1/C=C/c1ccc(O)cc1,0,Train
30597051,CC(C)(O)[C@H](F)CNC(=O)c1cnc(-c2cnn3cc(C#N)cnc23)cc1Nc1cnn(CC(F)(F)F)c1,0,Train
12780561,O=C(Nc1ccc2c(c1)CCN(C(=O)OCc1ccccc1)C2)c1ccccc1-c1ccc(C(F)(F)F)cc1,0,Train
18661952,COc1cc(/C=C2\\CCCN3C2=NOC3(C)c2ccc(F)cc2)ccc1-n1cnc(C)c1,1,Train
10369845,O=[N+]([O-])c1cn2c(n1)OC[C@@H](OCc1ccc(OC(F)(F)F)cc1)C2,1,Train
24230928,CNC1(c2ccc(N3CCc4c(C(F)(F)F)nn(-c5ccc(OC)cc5)c4C3=O)cc2)CC1.O=C(O)C(F)(F)F,0,Train
1302648,COc1ccc(-c2coc3cc(OC4O[C@H](CO)[C@@H](O)[C@H](O)[C@H]4O)cc(O)c3c2=O)cc1,0,Train
21023394,CCOC(=O)C[C@@H](C#N)NC(=O)[C@@H]1CCCN1C(=O)[C@@H](NC(=O)c1ccc(N)c(Cl)c1)C(C)(C)C,0,Train
26496355,COC(=O)O[C@H]1C[C@H]2OC[C@@]2(OC(C)=O)[C@H]2[C@H](OC(=O)c3ccccc3)[C@]34OC(=O)O[C@H]3[C@H](OC(=O)[C@H](O)[C@H](CC(C)C)NC(=O)OC(C)(C)C)C(C)=C([C@@H](OC)C(=O)[C@]12C)C4(C)C,0,Train
24325396,CC1=NN(C(=O)c2ccccc2)C(=O)C1/N=N/c1ccc(S(=O)(=O)Nc2ncccn2)cc1,0,Train
30596813,CC(C)Nc1cc(-c2cnc3cccnn23)ncc1C(=O)NC[C@@H](F)C(C)(C)O,1,Train
27120660,Clc1ccc(-c2ccc(-c3nccn3-c3ccc(N4CCNCC4)cc3)o2)cc1,0,Train
25806672,CO[C@]12CC[C@@]3(C[C@@H]1C(C)C)C1Cc4ccc(O)c5c4[C@@]3(CCN1CC1CC1)[C@H]2O5,1,Train
18565020,CNCC(=O)N[C@H](c1cccc(F)c1N1CCN(C(=O)[C@H](C)Cc2ccc(Cl)cc2)CC1)C(C)C.CS(=O)(=O)O,0,Train
22670236,Cn1c(Cc2nc(N3CCOCC3)cc(=O)[nH]2)nc2cc(F)ccc21,0,Train
19574777,C=CCN(C(=O)[C@@]1(c2cccs2)C[C@H]1CN)C1CC1,1,Train
30680312,Cc1noc2c1-c1ccc(cc1)CNS(=O)(=O)CCCc1cccc(c1)OC2,1,Train
12821748,CCOC(=O)c1cc(C#N)c(N2CCC(C(=O)NS(=O)(=O)Cc3ccc(C)cc3)CC2)nc1C,1,Train
759809,COC(=O)Nc1nc2cc(C(=O)c3ccccc3)ccc2[nH]1,0,Train
207310,COc1ccc2c3c([nH]c2c1)C(C)=NCC3,1,Train
13066014,C=C[C@@H]1C[C@]1(NC(=O)[C@@H]1C[C@@H](Oc2cc(-c3csc(NC(C)C)n3)nc3cc(OC)ccc23)CN1C(=O)[C@@H](NC(=O)OC1CCCC1)C(C)(C)C)P(=O)(O)Cc1ccc(OC)cc1,0,Train
12459023,COc1ccc(C2(c3cccc(-c4cncnc4)c3)N=C(N)N3CCCN=C32)cc1,0,Train
31118543,CO[C@@H]1CC[C@@]2(C)[C@H](C[C@H](OS(=O)(=O)[O-])[C@@H]3[C@@H]2CC[C@@]2(C)[C@H]3CC[C@@H]2[C@H](C)CCC(=O)N2CCCC2)C1.[Na+],0,Train
26693347,COc1cc(O[C@@H]2C[C@H]3C(=O)N[C@]4(C(=O)NS(=O)(=O)C5CC5)C[C@H]4C=CCCCCC[C@@H](NC(=O)OC(C)(C)C)C(=O)N3C2)c2ccc(OC)c(C)c2n1,0,Train
25650905,CCS(=O)(=O)CCCn1c(Cn2c(=O)n(C(F)F)c3ccncc32)nc2ccccc21,0,Train
12933503,COc1cccc(C(=O)Cn2cnc3c(C#N)c(N4CCNCC4)n(CC=C(C)C)c3c2=O)c1,0,Train
32612556,Cc1cccnc1[C@@H]1CCC[C@H](c2nc3cccc(N4CCN(c5ccccn5)CC4)c3[nH]2)N1,1,Train
12630060,C[C@H]1CN(Cc2cc(Cl)ccc2OCC(=O)O)CCN1C(=O)Cc1ccc(Cl)cc1,0,Train
27367641,COC(=O)N[C@H](C(=O)NN(CCC[C@@]1(O)Cc2ccc(cc2)CC/C=C\\NC(=O)[C@H](C(C)C)NC1=O)Cc1ccc(-c2nccs2)cc1)C(C)(C)C,0,Train
2951842,CC1=C(CC(=O)O)c2cc(F)ccc2/C1=C\\c1ccc(S(C)=O)cc1,0,Train
32186347,COCc1nn(Cc2ccc(Cn3ccccc3=O)cc2)cc1C(=O)NCc1ccccc1-n1cnnn1,0,Train
9882930,Cc1cc(COc2ccc(S(=O)(=O)CC3(CC(=O)NO)CCCN(C(C)C)C3)cc2)c2ccccc2n1,0,Train
10735038,CC#CCN1C[C@@H](NC(=O)c2ccc(Cc3cc(C)nc4ccccc34)cc2)[C@@H](C(=O)NO)C1,0,Train
32614156,CCN1CCN(c2cccc3nc([C@H]4CCC[C@@H](c5ncccc5Cl)N4C)c(Cl)n23)CC1,0,Train
27204386,C=C[C@@H]1C[C@]1(NC(=O)[C@@H]1C[C@@](OC)(c2ccc(-c3cc(C)ccc3OC)nc2)CN1C(=O)[C@@H](NC(=O)OC1CCCC1)C(C)(C)C)C(=O)NS(=O)(=O)C1CC1,0,Train
29461165,COc1cccc(C(=O)Nc2ccc(NC(=O)c3ccco3)cc2)c1,1,Train
23477659,O=S(=O)(c1ccc(Oc2ccc(Cl)cc2O)cc1)N1CCCCC1,1,Train
10028521,CC(C)=CCC/C(C)=C/CNCCNC1C2CC3CC(C2)CC1C3,1,Train
19799958,O=C(c1ccc(OC2CC(N3CCCCC3)C2)cc1)N1CCC(F)(F)CC1,1,Train
10736790,O=C1CC(c2ccc(C[C@H](Nc3nc4ccc(Br)cc4s3)c3nc4ccccc4[nH]3)cc2)S(=O)(=O)N1,0,Train
4333393,Cc1c(OCC(F)(F)F)ccnc1CS(=O)c1nc2ccccc2[nH]1,1,Train
27850042,CCOc1cc(NC(=O)C2(NC(=O)c3ccc4c(C5CCCC5)c(-c5ncc(Cl)cn5)n(C)c4c3)CCC2)cnc1C=CC(=O)O,0,Train
20243729,CC(C)[C@H]1NC(=O)[C@@H](Cc2cccc(Cl)c2)NCCOc2ccccc2CCCNC(=O)[C@H](CCN(C)C)NC1=O,0,Train
31755088,NC(=O)c1cc(Cl)c2c(Cl)c(C3CC3)n([C@H]3CCCNC3)c2n1,0,Train
32601133,CN1CCN(c2cccc3nc(CN4CCCC4c4nccs4)[nH]c23)CC1,1,Train
32601146,CN1CCN(c2c(CN3CCCC3c3ccccn3)nc3c(F)cccn23)CC1,1,Train
23751938,CC[C@H]1C[C@@H](n2c(=O)nc(-c3cnn(C)c3)c3oc4cc(C#N)c(-c5cnn(C)c5)cc4c32)CCO1,1,Train
26146814,CC(C)C[C@@H]1C(=O)NCC(=O)N[C@H](CCCNC(=N)N)C(=O)NCC(=O)N[C@H](CC(=O)O)C(=O)N[C@@H](Cc2ccccc2)C(=O)N1C,0,Train
4296396,CN/C(=N\\C#N)NCCSCc1nc[nH]c1C,0,Train
29254195,CC(=O)C1=C(C)N(c2cccc(C(F)(F)F)c2)C(=O)N(C)C1c1ccc(C#N)cc1C(=O)NCC#N,1,Train
18877568,NS(=O)(=O)c1ccc(-n2cc(-c3ccccc3)nn2)cc1,1,Train
24236422,COc1ccc(C2CC(c3ccco3)=Nc3ccccc3S2)cc1,1,Train
1435532,N=C(N)c1ccc(-c2ccc(-c3ccc(C(=N)N)cc3)o2)cc1,0,Train
10375949,O=C(Nc1cc(-c2ccnc(Nc3ccccc3)c2)ccn1)C1CCOCC1,1,Train
18371330,COC[C@H]1CCCN1c1cc(NC(C)=O)nc(-n2nc(C)cc2C)n1,1,Train
14974194,N=C(N)c1cccc(CN2CCC(NS(=O)(=O)c3ccc4ccccc4c3)C2=O)c1,0,Train
24074033,CC(=O)OC[C@H]1OC(SCc2nnn(-c3ccc(S(N)(=O)=O)cc3)c2I)[C@H](OC(C)=O)[C@@H](OC(C)=O)[C@H]1OC(C)=O,0,Train
11415729,Nc1n[nH]cc1C(=O)N1CC2CC(CN(C(=O)CN3CCC[C@H](NS(=O)(=O)c4ccc5cc(Cl)ccc5c4)C3=O)C2)C1,0,Train
24874874,Cc1cc(COc2ccc(S(=O)(=O)CC3CCNCC3C(=O)NO)cc2)c2ccccc2n1,0,Train
24186996,CCOC(=O)[C@H]1CC[C@@H](N2CC(NC(=O)CNc3nn(C(N)=O)c4ccc(C(F)(F)F)cc34)C2)CC1,0,Train
19126534,NC(=O)CN1CCN(Cc2nc(-c3cn(CC4CCOCC4)c4c(Cl)cccc34)no2)CC1,0,Train
18444229,CC(C)CCn1nc(N2CCCC2)c(O)c(C2=Nc3ccc(NS(C)(=O)=O)cc3S(=O)(=O)N2)c1=O,0,Train
31055171,Nc1ncc2n1CC(Cc1cccc3c1OCO3)CC2,1,Train
7062471,CCCOc1ccc2c(c1)[C@@H](c1ccc(OC)cc1OCC(=O)O)[C@H](C(=O)O)[C@H]2c1ccc2c(c1)OCO2,0,Train
26463114,Cc1ncc(-c2nc(Nc3cc(F)c(CN4C(C)COCC4C)cc3F)ncc2F)n1C1CCOCC1,1,Train
28803347,[2H]C(c1ccc(-c2ccc3c(cnn3C)c2)cc1)N(C(=O)c1ccccc1)c1cncc(/C=C/C(=O)OC)c1,0,Train
30708926,CC(C)Nc1cc(-n2ncc3cc(C#N)cnc32)ncc1-n1cc(CCC(C)(C)OC(=O)CN)nn1,0,Train
24230920,COc1ccc(-n2nc(C(F)(F)F)c3c2C(=O)N(c2ccc(C4(Cn5ccnc5C)CC4)cc2)CC3)cc1.O=C(O)C(F)(F)F,0,Train
28960241,O=[N+]([O-])c1cn2c(n1)OC[C@@H](OCc1ccc(N3CCSCC3)c(F)c1)C2,1,Train
5385660,C[C@H]1COc2c(N3CCN(C)CC3)c(F)cc3c(=O)c(C(=O)O)cn1c23,0,Train
30597010,CC(C)Nc1cc(-c2cnc3cc(C#N)cnn23)ncc1C(=O)NC[C@H](F)C(C)(C)O,0,Train
61653,O=C1C[C@@H](c2ccc(O[C@@H]3O[C@H](CO)[C@@H](O)[C@H](O)[C@H]3O)cc2)Oc2cc(O)ccc21,0,Train
26898642,CN1CCC(c2cc(=O)[nH]o2)CC1,0,Train
33437490,C[C@@H]1CC[C@H]2[C@@H](C)[C@@H](OCCN3CCN(c4ccc(C(=O)NS(=O)(=O)c5ccc(NCC6CCOCC6)c([N+](=O)[O-])c5)c(Oc5cnc6[nH]ccc6c5)c4)CC3)O[C@@H]3O[C@]4(C)CC[C@@H]1[C@@]23OO4,0,Train
32251750,COc1cc2c(Oc3ccc4[nH]c(C)cc4c3F)ccnc2cc1OCC1(N)CC1.Cl,0,Train
22098184,CCc1nc(CCO)n(CC)c1Oc1cc(C#N)cc(C#N)c1,1,Train
22952355,Cc1nc2ccccc2c(-c2ccc3c4c(ccnc24)CCO3)c1[C@H](OC(C)(C)C)C(=O)O,1,Train
21933125,COCCn1cc(C(=O)Nc2cccc3ccccc23)c2ccccc21,1,Train
2225571,CCCCC[C@H](O)/C=C/[C@H]1[C@H](O)C[C@H](O)[C@@H]1C/C=C\\CCCC(=O)O,0,Train
23751949,CNc1ccc(-c2nc(=O)n(CCC3(C)CCCO3)c3c2oc2ncc(-c4cnn(C)c4)cc23)cn1,0,Train
30596864,CC(C)(O)[C@H](F)CNC(=O)c1cnc(-c2cnn3cc(Cl)cnc23)cc1NC12CCC(O)(CC1)C2,0,Train
24397693,CC[C@H](C)CN1C(=O)c2ccccc2[C@@H](C(=O)O)[C@@H]1c1cc2ccccc2o1,1,Train
24708364,COc1ccc(CCN(CCC[C@](C)(C#N)c2ccc(OC)c(OC)c2)C(C)C)cc1OC,0,Train
12260030,CC(C)C[C@H](CO)Nc1nc(S(=O)Cc2ccccc2)nc2[nH]c(=O)sc12,0,Train
31864973,COc1ccc(CN(CC(=O)N2CCC(N)CC2)c2ccc(C#N)cc2)cc1F,0,Train
23027623,CC(C)C1=NC(C)(c2cccc(-c3cccnc3)c2)N=C1N,1,Train
19799915,O=C(c1ccc(O[C@H]2C[C@H](N3CCCCC3)C2)cc1)N1CCCCC1,1,Train
10282209,O=C(Nc1cnc2ccccc2c1)c1ccccc1NCc1ccncc1,0,Train
12549364,O=C(Nc1ccc(OCC(F)(F)F)c(Cl)c1)c1cccc2c1OCCN2c1ncc(CO)cc1Cl,0,Train
21660165,O=C(Cc1ccc(Cl)cc1)N[C@H](Cc1ccc(Cl)cc1)C(=O)NC1CCCNCC1,0,Train
13126340,Cc1ccc(-c2nn(Cc3ccccc3)c(=O)c(C3=CS(=O)(=O)c4ccccc4N3)c2O)s1,0,Train
250451,CC(=O)Oc1ccc(-c2cc(=O)c3ccccc3o2)cc1,0,Train
30708694,CC(C)Nc1cc(-n2ncc3cc(C#N)cnc32)ncc1-c1cn(C2CCNCC2)nn1,0,Train
20372367,COc1ccc(COc2ccc(OC)cc2CCCNC(C)=O)cc1,1,Train
90221,O=c1[nH]c(=O)n([C@H]2C[C@H](O)[C@@H](CO)O2)cc1F,0,Train
24325397,CC1=NN(C(=O)c2ccc(C(C)(C)C)cc2)C(=O)C1/N=N/c1ccc(S(=O)(=O)Nc2ncccn2)cc1,0,Train
23170170,Cc1nc(C)c(-c2ccc(C3CCC(CC(=O)NC(C)(C)C(=O)O)CC3)cc2)nc1C(N)=O,0,Train
44723,COc1cc(-c2oc3cc(O)cc(O)c3c(=O)c2O)ccc1O,0,Train
30708899,CC(F)Cc1cn(-c2cnc(-n3ncc4cc(C#N)cnc43)cc2NC2CC2)nn1,1,Train
11328742,Cc1c(-c2ccnc(Nc3ccc(N4CCNCC4)cc3)n2)sc(=O)n1C,0,Train
10372598,CC(C)C(=O)N(CCO)c1ccc(C(O)(C(F)(F)F)C(F)(F)F)cc1,1,Train
23013079,Cc1ccc(-c2c(C3CCCC3)c3ccc(C(=O)NC4(C(=O)Nc5ccc(/C=C/C(=O)O)cc5)CCC4)cc3n2C)nc1,1,Train
5236983,C/C=C/CC(C)C(O)C1C(=O)NC(CC)C(=O)N(C)CC(=O)N(C)C(CC(C)C)C(=O)NC(C(C)C)C(=O)N(C)C(CC(C)C)C(=O)NC(C)C(=O)NC(C)C(=O)N(C)C(CC(C)C)C(=O)N(C)C(CC(C)C)C(=O)N(C)C(C(C)C)C(=O)N1C,0,Train
32601113,CN1CCN(c2cccc3nc(CN4CCCC4c4ncccc4Cl)cn23)CC1,1,Train
20049583,CC(=O)Nc1nc2ccc(-c3nn(C4CCCC4)c4ncnc(N)c34)cc2s1,1,Train
11135782,O=C(N[C@H]1CCC[C@H]1NC(=O)c1ccc(Cl)s1)c1ccc(-n2ccccc2=O)cc1,0,Train
22290022,C[N+](C)(CCCCNC(=O)Cc1ccc(OCc2ccccc2)cc1)CCNC(=O)c1nc(Cl)c(N)nc1N.F[P-](F)(F)(F)(F)F,0,Train
20083492,O=C(NC1CC1)c1ccc(Nc2nc3c(-c4ccc(CN5CCOCC5)c(F)c4)cccn3n2)cc1,1,Train
22291202,CC#CCn1c(N2CCCNCC2)c(C#N)c2ncn(Cc3ncc4ccccc4n3)c(=O)c21,0,Train
20616761,Cc1cc(C#N)nc(C)c1C(=O)N1CCC(C)(N2CCC(N3C(=O)N(C)C[C@H]3c3ccccc3)CC2)CC1,0,Train
25295987,Fc1ccc(C2CC(c3ccco3)=Nc3ccccc3S2)cc1,1,Train
28320755,Cl.NCc1ccc(C(=O)Nc2ccncc2F)cc1-c1cccc(C(=O)Nc2ccccc2)c1,0,Train
24724780,CC(C)[C@@H](N)C(=O)O[C@H](CN1CC2CCCCC2C[C@H]1C(=O)NC(C)(C)C)[C@H](Cc1ccccc1)NC(=O)[C@H](CC(N)=O)NC(=O)c1ccc2ccccc2n1.O=C(O)C(F)(F)F,0,Train
27938210,O=[N+]([O-])c1ncn(CC(O)(Cn2cncn2)c2ccc(-c3ccccc3)cc2)n1,1,Train
15439409,CC[C@H](C)[C@@H]([C@@H](CC(=O)N1CCC[C@H]1[C@H](OC)[C@@H](C)C(=O)N[C@@H](Cc1ccccc1)C(=O)O)OC)N(C)C(=O)[C@@H](NC(=O)[C@@H](NC)C(C)C)C(C)C,0,Train
24368072,COCCOCCOCCOCCOCCOCCOCCOc1ccc(C[C@H](NC(=O)O[C@H]2CO[C@H]3OCC[C@@H]23)[C@H](O)CN(CC(C)C)S(=O)(=O)c2ccc(N)cc2)cc1,0,Train
23864744,O=C(N[C@@H]1O[C@H](CO)[C@@H](O)[C@H](O)[C@H]1O)c1nnc(-c2cccc3ccccc23)o1,0,Train
26711127,CC(C)(C)NC(=O)Nc1nc(Cl)c(COCc2ccccc2)n(CC(=O)Nc2ccccc2C(=O)NS(=O)(=O)c2ccc(C(F)(F)F)cc2)c1=O,0,Train
20007933,CCCC1CN(C(=O)C(=O)c2c[nH]c3cccc(F)c23)CCN1C(=O)c1ccccc1,1,Train
24559888,CC(=O)O[C@@]1(C)[C@@H](O)[C@H](O)[C@@H](CO)O[C@@]1(OC(C)=O)[C@H]1O[C@H](CN)[C@@H](O)[C@H](O)[C@@H]1N,1,Train
12995713,NCc1c(-c2ccc(Cl)cc2Cl)ncn1C(CO)c1ccccc1,1,Train
10502512,CCN1CCC(C(=O)NC2(C(=O)O)CCN(Cc3cccc(Oc4ccccc4Cl)c3)CC2)(c2ccccc2)CC1,1,Train
11690013,C[C@H](NC(=O)c1cc(F)cnc1Oc1ccc(F)cc1)c1ccc(C(=O)O)cc1,1,Train
19660537,Cc1nc(C(=O)N2c3cccc(O)c3NC3=C(C(=O)CC(C)(C)C3)[C@@H]2c2ccc(OCc3ccccc3)cc2F)c(C)o1,1,Train
29690064,CN1C(=O)N(c2cccc(C(F)(F)F)c2)C2=C(C(=O)CC2)C1c1ccc(C#N)cc1S(=O)(=O)CCO,1,Train
27367640,COC(=O)N[C@H](C(=O)NN(CCC[C@@]1(O)Cc2ccc(cc2)C/C=C\\CNC(=O)[C@H](C(C)C)NC1=O)Cc1ccc(-c2nccs2)cc1)C(C)(C)C,0,Train
25129749,CC1(C2[C@@H](O)C[C@@]3(C)[C@]4(C)C[C@H](O)C5C(C)(C)[C@@H](O)CC[C@@]56C[C@@]46CC[C@]23C)CCC(C)(C(C)(C)O)O1,1,Train
24186200,O=C(C[C@H]1CNC(=O)c2cc(-c3cccc(F)c3)cn21)N[C@H](CO)Cc1ccccc1,0,Train
18565019,CNCCN[C@H](c1cccc(F)c1N1CCN(C(=O)[C@H](C)Cc2ccc(Cl)cc2)CC1)C(C)C.CS(=O)(=O)O,0,Train
31636855,COc1cc2c(cc1OC)CN(CCc1ccc(NC(=O)C3c4ccccc4-c4ccccc43)cc1)CC2,0,Train
8816648,C=C(Br)C(=O)Nc1cc(C(=O)Nc2cc(C(=O)NCCC(=N)N)n(C)c2)n(C)c1.Cl,0,Train
24624886,NC[C@@H](NC(=O)C[C@H]1CNC(=O)c2cc(-c3cccc(F)c3)cn21)c1ccccc1.O=C(O)C(F)(F)F,0,Train
28960229,O=C1CCCCN1c1ccc(CO[C@@H]2COc3nc([N+](=O)[O-])cn3C2)cn1,1,Train
1756501,O=C(O)P(=O)(O)O,0,Train
24571043,COc1c(S(=O)(=O)Nc2ccc(C(F)(F)F)cc2)ccc2c1C(=O)NC(C)(C)C(=O)N2,0,Train
28996639,N=C(N)c1ccc(CC(NC(=O)CNS(=O)(=O)c2ccc3ccccc3c2)C(=O)N2CCCCC2)cc1,0,Train
12376018,Cc1c(Cl)cc(C(=O)NCC2CCN(CC3(O)CCOCC3)CC2)c(=O)n1C(C)C.Cl,0,Train
14709306,O=C(O)C(=O)Nc1sc2c(c1C(=O)O)CCN[C@H]2CNC(=O)c1cc2cc(F)ccc2[nH]1,0,Train
22196107,Cc1nn(-c2ccccn2)c(O)c1C(=O)Nc1ccccc1[N+](=O)[O-],1,Train
10745875,C=CC[C@]1(O)CC[C@H]2[C@@H]3CCC4=CC(=O)CCC4=C3[C@@H](c3ccc(P(=O)(OCC)OCC)cc3)C[C@@]21C,1,Train
90741,O=C(/C=C/C=C/c1ccc2c(c1)OCO2)N1CCCCC1,1,Train
26534875,CCOC(=O)C(C(=O)OCC)N1C(C)=C(C(=O)OC)C(C=Cc2ccc([N+](=O)[O-])cc2)C(C(=O)OC)=C1C,0,Train
22017213,N#Cc1c[nH]c2nc(Nc3ccc4c(C5CCNCC5)c[nH]c4c3)ccc12,0,Train
24556912,CN(C)CCN(C)C(=O)CN(C1CCCN(c2ccc(-n3ccccc3=O)cc2F)C1=O)S(=O)(=O)c1cc2ccc(Cl)nc2s1.O=C(O)C(F)(F)F,0,Train
30708947,CC(C)Nc1cc(-n2ncc3cc(C#N)cnc32)ncc1-c1cn([C@H]2CC[C@H](NCC(F)F)CC2)nn1,0,Train
25266002,Cc1nc(-c2c(C3CCCC3)c3ccc(C(=O)NC(C)(C)C(=O)Nc4ccc(/C=C/C(=O)O)cc4)cc3n2C)cs1,0,Train
10080181,c1cnc2cc3c(cc2n1)[C@H]1CNC[C@@H]3C1,1,Train
24828819,COC(=O)N[C@@H](CCN1C2CCC1CC(n1c(C)nc3c1CN(C(=O)OC)CC3)C2)c1cccc(F)c1,1,Train
28320757,COC(=O)c1ccc(NC(=O)c2cccc(-c3cc(C(=O)Nc4ccncc4F)ccc3CN)c2)cc1.Cl,0,Train
23618037,COCCCn1c(=O)nc(-c2ccc(N3CCNCC3)cc2)c2oc3ccc(Cl)cc3c21,0,Train
21855547,COc1cc(Sc2c(-c3cccnc3)[nH]c3ccccc23)cc(OC)c1OC,0,Train
32035222,COc1ccc(CCN2CCC(CCc3cccc(OCCF)c3)CC2)cc1,1,Train
21859069,CS(=O)(=O)NCc1ccc(-c2ccc(N3CCOc4ncnc(N)c4C3=O)cc2)c(Cl)c1,1,Train
27334676,CC(=O)OC[C@H]1O[C@@H](S(=O)(=O)Cc2cn(-c3ccccc3)nn2)[C@H](OC(C)=O)[C@@H](OC(C)=O)[C@@H]1OC(C)=O,1,Train
32500090,C[C@H](CC(=O)N1CCC(O)(Cn2cnc3c(-c4ccccc4)n(C)nc3c2=O)CC1)c1ccccc1,0,Train
23037330,CCN(CCO)C(=O)c1cc2ccccn2c1-c1cccc(OC)n1,1,Train
11061211,O=C(O)C(F)(F)F.O=C1NCCc2[nH]c(-c3ccnc(-c4ccccc4F)c3)cc21,0,Train
26457570,C[C@@H](Oc1ccnc2ccccc12)c1cn(-c2ccc3cccnc3c2)nn1,1,Train
12933611,CC(C)=CCn1c(N2CCC[C@H](N)C2)c(C#N)c2ncn(Cc3nc(C)c4ccccc4n3)c(=O)c21,0,Train
10201846,C[C@](O)(COc1ccc(C#N)cc1)C(=O)Nc1ccc(C#N)c(C(F)(F)F)c1,1,Train
23988163,CCOc1nc(NC(=O)C2(NC(=O)c3ccc4c(C5CCCC5)c(-c5ccc(F)cn5)n(C)c4c3)CCC2)ccc1C=CC(=O)O,1,Train
22775066,Cc1ccc(-c2cccc(-c3nn[nH]n3)c2)cc1,0,Train
20728819,O=c1cc([C@H]2CCN[C@@H](CC3CCCCC3)C2)o[nH]1,0,Train
8366578,COCc1c(C(C)C)nc(C(C)C)c(/C=C/[C@@H](O)C[C@@H](O)CC(=O)O)c1-c1ccc(F)cc1,0,Train
23012914,Cn1c(-c2cscn2)c(C2CCCC2)c2ccc(C(=O)NC(C)(C)C(=O)Nc3ccc(C=CC(=O)O)cc3)cc21,0,Train
24290256,O=C(Cc1ccc(Cl)cc1)N[C@H](Cc1ccc(Cl)cc1)C(=O)N[C@H]1CC[C@@H](O)CC1,0,Train
27157503,CCCn1c(=O)c2cccnc2n(CCC)c1=O,1,Train
23477684,O=C(O)c1ccc(Oc2ccc(Cl)cc2O)s1,1,Train
82109,CN1CCC[C@H]1c1cccnc1,1,Train
32601183,Cc1cccnc1C1CCCCN1Cc1ccccc1-n1cccn1,1,Train
8466936,Cc1cc(C)c2c(c1)OC(=O)[C@H](CC(C)C)NC(=O)[C@H](Cc1ccccc1)NC(=O)CNC(=O)CNC(=O)[C@H](Cc1ccc(O)cc1)NC(=O)CC2(C)C,0,Train
7677907,CC(C)N(C(=O)CN1C(=O)C(NC(=O)Nc2cccc(C(=O)O)c2)C(=O)N(c2ccccc2)c2ccccc21)c1ccccc1,0,Train
27211686,N#Cc1ccc2cc3c(=O)[nH]c(=O)nc-3n(-c3cccc(CS(N)(=O)=O)c3)c2c1,1,Train
10615493,CN1C(=O)NC(=O)[C@]12Cc1ccc(NC(=O)Cn3c(=O)n(-c4ccccn4)c4ccccc43)cc1C2,1,Train
25865063,Cc1cc(C[C@H](NS(=O)(=O)c2ccccc2)c2nc3ccccc3[nH]2)ccc1C1CC(=O)NS1(=O)=O,0,Train
7084865,C[C@H]1CN(C[C@H](Cc2ccccc2)C(=O)NCC(=O)O)CC[C@@]1(C)c1cccc(O)c1,0,Train
26534863,CCOC(=O)C(C(=O)OCC)N1C(C)=C(C(=O)OC)CC(C(=O)OC)=C1C,0,Train
32471204,C[C@@H]1Cc2c([nH]c3ccccc23)[C@@H](c2c(F)cc(NCCNCCCF)cc2F)N1CC1(F)CC1,0,Train
30596860,CC(C)(O)[C@H](F)CNC(=O)c1cnc(-c2cnn3cc(Cl)cnc23)cc1NC1CCN(S(C)(=O)=O)CC1,0,Train
21598071,Cc1c(C(=O)O)sc2ccc(NC(=O)[C@]3(NC(=O)c4ccc5c(C6CCCCC6)c(-c6ccccn6)n(C)c5c4)CCCNC3)cc12,0,Train
12754600,COC(=O)N1CCC(CN2CCC(CNC(=O)c3cccc4[nH]c(C(C)C)nc34)CC2)CC1.O=C(O)C(F)(F)F,1,Train
30708930,CC(C)Nc1cc(-n2ncc3cc(C#N)cnc32)ncc1-n1cc(CCC(C)(C)OC(=O)C2CC2)nn1,1,Train
29817425,Cn1c(-c2ccccc2)cc2c(N[C@H](CO)c3ccccc3)ncnc21,1,Train
6282991,N[C@@H](Cc1c[nH]c2ccccc12)C(=O)N[C@@H](Cc1ccccc1)C(=O)O,1,Train
21723585,Cc1cc(OCCN2CCOCC2)nn1-c1ccc2ccccc2c1.Cl,1,Train
22462270,CC(C)(NC(=O)c1nc(-c2cccc(-c3ccc(N)nc3)c2)cnc1N)C1CCNCC1,0,Train
27752132,Cc1c(N(C(=O)c2cc(-c3cc(Cl)ccc3C(=O)N3Cc4ccccc4C[C@H]3CN3CCOCC3)n(C)c2C)c2ccc(OP(=O)([O-])[O-])cc2)cc(C#N)n1C.[Na+],0,Train
12821642,CCOC(=O)c1cc(C#N)c(N2CC(C(=O)NS(=O)(=O)CC3CCCCC3)C2)nc1C,0,Train
21726573,C/C=C(\\C)C(=O)N[C@@H](c1ccccc1)[C@@H](O)C(=O)O[C@H]1C[C@@]2(O)[C@@H](OC(=O)c3cccc(N=[N+]=[N-])c3)[C@H]3[C@](C)(C(=O)[C@H](O)C(=C1C)C2(C)C)[C@@H](OC(=O)C1CC1)C[C@H]1OC[C@]13OC(C)=O,1,Train
11157899,CS(=O)(=O)N(CCC(F)(F)F)c1c(Cl)c(Cl)cc2[nH]c(=O)c(=O)[nH]c12,0,Train
23194870,CS(=O)Cc1ccc(C(=O)Nc2nccnc2C(=O)NCC2CCC2)c2ccccc12,0,Train
26834860,NS(=O)(=O)NCCNc1nonc1C(=NO)Nc1ccc(F)c(Cl)c1,0,Train
21359864,O=C(NC1(C(=O)N[C@@H](Cc2ccccc2)C(=O)NCC2CCN(CC3CCOCC3)CC2)CCCC1)c1ccc(-n2cccc2)cc1Cl,0,Train
12933647,CC#CCn1c(N2CCC[C@H](N)C2)c(C#N)c2c1c(=O)n(CC(=O)c1cccc(OC)c1)c(=O)n2C,0,Train
23771336,COCC[C@H]1C[C@@H]1c1cncc(OC[C@@H]2CCCN2C)c1,1,Train
24430150,CC(=O)N1CCc2nc(-c3ccc(O[C@H]4C[C@H](N5CCCCC5)C4)cc3)sc2C1,1,Train
12860502,Nc1nccc2cc(O[C@H]3CCCNC3)ccc12,0,Train
12971502,N#Cc1c(N2CCCNCC2)n(Cc2ccccc2)c2c(=O)n(Cc3nccc4ccccc34)cnc12,0,Train
911198,OCCOCn1cnc2ccccc21,1,Train
20728785,O=c1cc([C@H]2CCN[C@@H](Cc3ccccc3F)C2)o[nH]1,0,Train
8659240,C=CC(=O)Nc1cc2c(Nc3ccc(F)c(Cl)c3)ncnc2cc1OCCCN1CCOCC1,1,Train
14188465,Nc1nc2[nH]cc(CCc3ccc(C(=O)N[C@@H](CCC(=O)[O-])C(=O)[O-])cc3)c2c(=O)[nH]1.[Na+],0,Train
24899563,CC(C)C[C@H](CO)Nc1nc(S[C@@H](C)c2cc(Cl)ccn2)nc2[nH]c(=O)sc12,1,Train
157775,Cc1cc(=O)n(-c2ccccc2)n1C,1,Train
22143011,Cc1ccc(NS(C)(=O)=O)c(C(=O)N2CCCC[C@H]2c2cc3nc(C)c(C)c(C)n3n2)c1,1,Train
289793,CN(C)CCCN1c2ccccc2Sc2ccc(Cl)cc21,0,Train
29657722,CC(=O)N1CCN(c2cccc(-c3cc(-c4cnc(Cl)n4C)c4c(N)ncnn34)c2)C(=O)C1(C)C,0,Train
20124346,CCCCCOC(=O)N1CCN(C(=O)[C@H](CCC(=O)O)NC(=O)c2cc(N3CCC(COC)CC3)cc(-c3ccccc3)n2)CC1,0,Train
32858009,CC(=O)[C@H]1CC[C@H]2[C@@H]3CC=C4C[C@@H](OC(=O)CCCCCCC(=O)O)CC[C@]4(C)[C@H]3CC[C@]12C,1,Train
24179963,CC(C)(C)OC(=O)NC(C(=O)N1C[C@H]2[C@@H]([C@H]1C(=O)NC(CC1CCC1)C(=O)C(N)=O)C2(Cl)Cl)C(C)(C)C,0,Train
20007924,C[C@H]1CN(C(=O)c2ccccc2)CCN1C(=O)C(=O)c1c[nH]c2cccc(F)c12,0,Train
23139253,CNc1cc(Nc2cnc(C#N)c(O[C@H](C)CN(C)C)n2)ncc1C(F)(F)F,0,Train
18565022,CC(C)[C@H](NC(=O)CCN(C)C)c1cc(Cl)ccc1N1CCN(C(=O)[C@H](C)Cc2ccc(Cl)cc2)CC1.CS(=O)(=O)O,0,Train
28903960,CS(=O)(=O)Cc1cc2nc(c1)OCCCOc1cc(F)ccc1-c1cc(ncc1F)N2,0,Train
18424984,CC(C)CCn1nc(CC(C)(C)C)c(O)c(C2=NS(=O)(=O)c3cc(NS(C)(=O)=O)ccc3N2)c1=O,0,Train
26903695,COc1cc(F)ccc1-c1cc(Nc2cc(CS(C)(=N)=O)cc(C(F)(F)F)n2)ncc1F,0,Train
28803306,COC(=O)/C=C/c1cccc(N(Cc2ccc(-c3ccc(N(C)C)cc3)cc2Cl)C(=O)[C@@H]2C[C@@H]3CC[C@H]2C3)c1,0,Train
6489199,COc1ccc2nc(S(=O)Cc3ncc(C)c(OC)c3C)[nH]c2c1,1,Train
15226396,CCCCCCCCCCCCCCCCCC(=O)[O-].CCN(CC)c1ccc2c(-c3ccccc3C(=O)O)c3ccc(=[N+](CC)CC)cc-3oc2c1,0,Train
12721177,CC1CCCN1CCCOc1ccc(-c2nc(CN3CCCCC3)co2)cc1,1,Train
30753637,Nc1nc(-c2cccc(F)c2)c(-c2ccc3ncccc3n2)s1,1,Train
22142730,Cc1cn2nc([C@@H]3CCCCN3C(=O)c3ccccc3NS(C)(=O)=O)cc2nc1C,1,Train
23745617,C[C@H]1C[C@@H](n2c(=O)nc(-c3cnn(C)c3)c3oc4cc(C#N)c(-c5cnn(C)c5)cc4c32)C[C@@H](C)O1,1,Train
21335476,CC1(C)CC(=O)c2c(C(F)(F)F)nn(-c3ccc(C(N)=O)c(N[C@H]4CC[C@H](O)CC4)c3)c2C1,0,Train
32035223,COc1ccccc1CCN1CCC(CCc2ccccc2OCCF)CC1,1,Train
18386203,CS(=O)(=O)Nc1ccc2c(c1)S(=O)(=O)N=C(C1=C(O)C3CCCCN3N(Cc3ccc(F)cc3)C1=O)N2,0,Train
32612707,Cc1cccnc1[C@@H]1CCC[C@H](c2nc3cccc(N4CCN(C)CC4)c3[nH]2)N1C,0,Train
24244274,CC(C)CNC(=O)[C@H]1C[C@@](F)(c2ccc(CN3CCCC3)c(F)c2)C1.Cc1ccc(S(=O)(=O)[O-])cc1,1,Train
23751792,Nc1ccc(-c2cnc(NC(=O)CN(Cc3ccccc3)C(=O)c3ccncc3)s2)cc1,1,Train
11586414,COc1ccc(-n2nc(C#N)c3c2C(=O)N(c2ccc(C4(CN5CCCC5)CC4)cc2)CC3)cc1.O=C(O)C(F)(F)F,0,Train
10047237,CNc1nc2ccc(S(=O)(=O)N(CC(C)C)C[C@@H](O)[C@H](Cc3ccccc3)NC(=O)O[C@H]3CO[C@H]4OCC[C@@H]34)cc2o1,1,Train
23745593,C[C@H]1C[C@@H](n2c(=O)nc(-c3cnn(C)c3)c3oc4ccc(-c5cnn(C)c5)cc4c32)C[C@@H](C)O1,1,Train
11288894,CC(C)CC(NC(=O)N[C@H](C(=O)N1C[C@H]2[C@@H]([C@H]1C(=O)NC(CC1CC1)C(=O)C(N)=O)C2(C)C)C(C)(C)C)C(=O)OCc1ccccc1,0,Train
32210089,CN(C)C(=O)N1CCN([C@H]2CC[C@H](Nc3ncnc4[nH]cc(C5CCOCC5)c34)CC2)CC1,0,Train
11586429,COc1ccc(-n2nc(C(N)=O)c3c2C(=O)N(c2ccc(C4(CN5CCCC5)CC4)cc2)CC3)cc1.O=C(O)C(F)(F)F,0,Train
23170267,NC(=O)c1cncc(-c2ccc(C3CCC(CC(=O)O)CC3)cc2)n1,1,Train
10200530,Cc1ccc(C(=O)Nc2ccon2)cc1Nc1ncnc(NC(C)C)c1C#N,1,Train
15399407,COc1ccc(CCNc2ncc(C)n(CC(=O)NCCONC(=N)N)c2=O)cc1OC,0,Train
18506664,Nc1nc2c(c(-c3c(Cl)cc(Cl)cc3OCCn3cccn3)n1)CN(C(=O)NCC(F)F)C2,0,Train
8465890,CC(C)C[C@@H]1NC(=O)[C@H](Cc2ccccc2)NC(=O)CNC(=O)CNC(=O)[C@H](Cc2ccc(O)cc2)NC(=O)/C=C\\c2ccccc2OC1=O,0,Train
9965589,C[C@H](Cc1c[nH]c2c(OS(C)(=O)=O)cccc12)NC[C@H](O)c1cccc(CS(=O)(=O)c2ccccc2)c1,0,Train
47541,Cc1cn([C@H]2C[C@H](O)[C@@H](COP(=O)(O)O)O2)c(=O)[nH]c1=O,0,Train
25040276,CCc1cc(-c2c[nH]c3ncc(-c4cnn(C)c4)cc23)nc(N)n1,0,Train
29090377,CN1C(=O)N(c2cccc(C(F)(F)F)c2)C2=C(C(=O)CC2)C1c1ccc(C#N)cc1-c1cncnc1,1,Train
23420358,CC(C)(C)c1ccccc1Oc1ncccc1NC(=O)Nc1ccc(OC(F)(F)F)cc1,0,Train
22247010,COC(=O)c1cc(OC)c2c(c1-c1c(C(=O)N[C@H](C)OCCCCOc3no[n+]([O-])c3S(=O)(=O)c3ccccc3)cc(OC)c3c1OCO3)OCO2,0,Train
13005123,OCCn1cc(-c2cnc3nnn(Cc4ccc5ncccc5c4)c3n2)cn1,1,Train
24098781,Cc1ccc(NS(C)(=O)=O)c(C(=O)N2CCCC[C@H]2c2cc3nc(C)c(C)cn3n2)c1,1,Train
10323486,Nc1noc2ccc(-n3nc(C(F)(F)F)cc3C(=O)Nc3ccc(-c4ccccc4C[n+]4ccccc4)cc3F)cc12.[Br-],0,Train
12946094,CS(=O)(=O)NC[C@@H]1CCC[C@@]2(S(=O)(=O)c3ccc(C(F)(F)F)cc3)c3c(F)ccc(F)c3OC[C@@H]12,1,Train
11226301,CC(C)C[C@@H](CC(=O)O)NC(=O)[C@@H](C)CN,0,Train
18603151,CCCCCCC(N)C(=O)N[C@@H](Cc1ccc(O)cc1)C(=O)N1CCC[C@H]1C(=O)N[C@@H](Cc1c[nH]c2ccccc12)C(=O)N[C@@H](Cc1ccccc1)C(N)=O,0,Train
3635189,O=C([O-])P(=O)([O-])[O-].[Na+],0,Train
11586231,COc1ccc(-n2nc(C(F)(F)F)c3c2C(=O)N(c2ccc(C4(c5ncc[nH]5)CC4)cc2)CC3)cc1,0,Train
24014949,CCNC(=O)c1nnc(-c2cc3c(C(C)C)n[nH]c3cc2O)n1-c1ccc(N2CCN(C)CC2)cc1,0,Train
26716961,Cl.Nc1ccc2ccc(CCNCCc3cccc(F)c3)cc2n1,1,Train
30708982,CC(C)Nc1cc(-n2ncc3cc(C#N)cnc32)ncc1-c1cc([C@@H]2COC(C)(C)O2)no1,1,Train
29875254,C[C@@H]1Cn2c(nnc2C(F)(F)F)CN1C(=O)c1cccc(C(F)(F)c2n[nH]c(=O)c3ccccc23)c1,0,Train
23013131,Cc1cccc(-c2c(C3CCCC3)c3ccc(C(=O)NC4(C(=O)Nc5ccc6c(c5)cc(C(=O)O)n6C)CCC4)cc3n2C)n1,0,Train
29101054,CC(C)c1ccc2c(c1)CCC1[C@]2(C)CCC[C@@]1(C)CNS(=O)(=O)c1c(F)c(F)c(F)c(F)c1F,0,Train
26693364,COc1ccc2c(O[C@@H]3C[C@H]4C(=O)N[C@]5(C(=O)NS(=O)(=O)C6CC6)C[C@H]5C=CCCCCC[C@@H](NC(=O)c5cnn(C)n5)C(=O)N4C3)cc(OC(C)C)nc2c1C,0,Train
29090364,Cc1nnc(-c2cc(C#N)ccc2C2C3=C(CCC3=O)N(c3cccc(C(F)(F)F)c3)C(=O)N2C)o1,1,Train
26879494,O=C(COC1CCC(Nc2ccc([N+](=O)[O-])c(C(F)(F)F)c2)CC1)N1CCN(Cc2nc3cc(Cl)ccc3s2)CC1,0,Train
25303934,Cn1c(-c2ccc(NC(=O)c3ccc4ccccc4c3)cc2)nnc1C(CCC(=O)O)C(=O)O,0,Train
12093817,O=C(c1ccc(F)cc1OC[C@@H](O)CN1CCC2(CC1)Cc1cc(Cl)ccc1O2)N1CC[C@H](O)C1,1,Train
29001898,CS(=O)(=O)N1CCNCC1C(=O)C(Cc1cccc(NC(=N)N)c1)NS(=O)(=O)c1ccc2ccccc2c1,0,Train
32612647,Cc1cccnc1[C@@H]1CCC[C@H](c2nc3cccc(N4C5CCC4CN(C)C5)c3[nH]2)N1C,1,Train
13022091,CN(C)CCn1cc(-c2cnc3nnn(Cc4ccc5ncccc5c4)c3n2)cn1,1,Train
32614137,CCN1CCN(c2cccc3nc([C@H]4CCC[C@@H](c5ncccc5C)N4C)c(Cl)n23)CC1,0,Train
32584354,Cc1cn2c(-c3cn[nH]c3)cnc2c(Nc2cc(Cc3cnccn3)ns2)n1,0,Train
33021570,CC(C)c1cccc(C(C)C)c1OC(=O)C[C@H](NC(=S)[C@H](C)N)C(=O)O,0,Train
20083524,O=C(c1ccc(Nc2nc3c(-c4ccc(C(=O)N5CCS(=O)(=O)CC5)cc4)cccn3n2)cc1)N1CCOCC1,0,Train
4752666,C=C1C(=O)O[C@H]2[C@H]1CCC(C)=C1C(=O)C=C(C)[C@@H]12,1,Train
30597011,CC(C)(O)[C@H](F)CNC(=O)c1cnc(-c2cnc3cc(C#N)cnn23)cc1NC1CC(F)(F)C1,0,Train
30644140,CC(=O)N[C@@H](CCCCNC(=O)CC[C@H](N)C(=O)O)C(=O)NCCNC(=O)[C@@H](N)CCN(C(=O)CO)[C@@H](c1cc(-c2cc(F)ccc2F)cn1Cc1ccccc1)C(C)(C)C.O=C(O)C(F)(F)F,0,Train
22142992,Cc1cn2nc([C@@H]3CCCCN3C(=O)c3cc(Cl)ccc3NS(C)(=O)=O)cc2nc1N1CC[C@@H](C#N)C1,1,Train
27602885,CCCC(=O)c1cnn([C@H]2CC[C@H](NC(=O)c3cn(CC(=O)N4CCN(C)CC4)c4ccc(Cl)cc34)CC2)c1C.Cl,0,Train
11171623,CCN1CCN(c2ccc(C(C)(C)NC(=O)c3cc4[nH]c5ccccc5c(=O)c4cc3F)cn2)CC1,1,Train
20491183,COc1ccc(-c2c(O)ccc3cc(-c4cccc(O)c4)ccc23)cn1,0,Train
263823,O=c1c(-c2ccc(O)cc2)coc2cc(O)cc(O)c12,1,Train
29339204,O=C(Nc1ccc(CN2CCN(c3ccccc3)CC2)cc1)c1n[nH]c2ccccc12,0,Train
23692260,COc1cccc(-c2cccc(C3(C)CCSC(N)=N3)c2)c1,1,Train
28347144,Cc1ccc2nc(C)cc(C(=O)Nc3c(C)nn(Cc4ccc(F)cc4)c3C)c2c1,1,Train
22316943,Cn1c2c(c3cc(S(=O)(=O)n4ccc5ccccc54)ccc31)C1CCC(C2)N1,1,Train
8876509,Cc1cc(C(=O)Nc2ccc(-c3ccccc3S(N)(=O)=O)cc2)n(-c2cccc(CN)c2)n1,0,Train
32115629,O=C(NC[C@H]1[C@@H]2CN(C(=O)OCc3cc(C(F)(F)F)cc(C(F)(F)F)c3)C[C@H]12)c1ccc2[nH]c(=O)oc2c1,1,Train
22898127,CN(C)C(=O)c1ccc(Nc2cc3c(cn2)cc(-c2cnn(C)c2)n3C(=O)OC(C)(C)C)c(Cl)c1,1,Train
28803470,[2H]C(c1ccc(-c2ccc3c(cnn3C)c2)cc1Cl)N(C(=O)c1ccccc1)c1cc(F)cc(/C=C/C(=O)OC)c1,0,Train
20372365,COc1cccc(COc2ccc(CCCNC(C)=O)cc2OC)c1,1,Train
11244808,COc1ccc(-n2nc(C(N)=O)c3c2C(=O)N(c2ccc(-c4ccccc4CN(C)C)cc2)CC3)cc1,0,Train
24383627,COc1ccc(CNC(=O)[C@H](CCC(=O)O)NC(=O)[C@H](Cc2ccc(CC(=O)O)cc2)NC(=O)Cc2cccc3ccccc23)cc1,0,Train
21805440,COC(=O)Nc1ccc2c(c1)NC(=O)CC/C=C/C[C@H](NC(=O)/C=C/c1cc(Cl)ccc1-n1cnnn1)c1nc-2c[nH]1.O=C(O)C(F)(F)F,0,Train
32612450,CN1CCC(n2c([C@H]3CCC[C@@H](c4ncccc4Cl)N3C)nc3ccccc32)CC1,1,Train
10322616,COc1cc2c(cc1OC)CN(CCc1ccc(NC(=O)c3cccc4c(=O)c5cccc(OC)c5[nH]c34)cc1)CC2.Cl,0,Train
30708804,CCCc1cn(-c2cnc(-n3cnc4cc(C#N)cnc43)cc2NC(C)C)nn1,1,Train
30468787,CN1C(=N)N[C@](C)(c2cccc(NC(=O)c3ccc(C(F)(F)F)cn3)c2)CS1(=O)=O.O=C(O)C(F)(F)F,0,Train
19987761,CC(C)[C@H](NC(=O)[C@H](OCc1ccccc1)[C@H](O)[C@@H](O)[C@@H](OCc1ccccc1)C(=O)N[C@H]1c2ccccc2C[C@H]1O)C(=O)NCC(F)(F)F,0,Train
23013049,Cn1c(-c2ccoc2)c(C2CCCC2)c2ccc(C(=O)NC3(C(=O)Nc4ccc(/C=C/C(=O)O)cc4)CCC3)cc21,0,Train
28903978,CCNC(=O)N=S(C)(=O)Cc1cc2nc(c1)OCCCOc1cc(F)ccc1-c1cc(ncc1F)N2,0,Train
23489103,CC(C)(C)N1CCN(c2ccc(N3CCN(C(=O)NC4C5CC6CC4CC(O)(C6)C5)c4ccccc43)nc2)CC1,0,Train
10627026,NC(=O)c1cccc(-n2nc(C(F)(F)F)c3c2C(=O)N(c2ccc(-c4ccccc4CN4CC[C@@H](O)C4)cc2)CC3)c1,0,Train
26143491,CN(C)CC1=NCCN1c1ccc(NC(=O)c2cc(C(F)(F)F)nn2-c2ccc3onc(N)c3c2)c(F)c1,0,Train
26879349,N#Cc1ccc(NC2CCC(OCC(=O)N3CCN(Cc4ccc5cc(C(F)(F)F)ccc5n4)CC3)CC2)cc1C(F)(F)F,1,Train
24252137,CN1C(=O)c2cc(/C=C/C(=O)NO)ccc2OC12CCN(Cc1ccccc1)CC2,0,Train
11102927,O=C(NC1CCN(C(=O)CCc2cccnc2)CC1)C(c1ccccc1)C1CCCCC1,1,Train
27713822,COc1ccc(-c2c(C(=O)NC3CCN(Cc4ccccc4)CC3)noc2-c2cc(Cl)c(O)cc2O)cc1,0,Train
8380427,CCCCc1oc2ccc(NS(C)(=O)=O)cc2c1C(=O)c1ccc(OCCCN(CCCC)CCCC)cc1.Cl,0,Train
12473740,Cc1c(CC(=O)O)c2cccnc2n1S(=O)(=O)c1ccc(Cl)c(C#N)c1,0,Train
7900041,CC(C)(C(=O)O)c1ccc(C(O)CCCN2CCC(C(O)(c3ccccc3)c3ccccc3)CC2)cc1.Cl,0,Train
25844784,C[C@H]1NC(=O)[C@H]2CCCN2CC(=O)[C@H](CCCNC(=N)N)NC(=O)[C@@H](CCCCN)NC(=O)[C@H](CCCCN)NC1=O,0,Train
13005116,OC1CCN(c2cnc3nnn(Cc4ccc5ncccc5c4)c3n2)C1,1,Train
29600444,COc1cc2c(cc1OC)CN(C(=O)CCCCNC(=O)Cc1onc(-c3ccc(Cl)o3)c1-c1ccccc1)CC2,1,Train
30709010,CCCn1cc(-c2cnc(-n3ncc4cc(C#N)cnc43)cc2NC2CC2)nn1,1,Train
33402886,CC(C)(C)NCC(O)COc1ccc(NC(O)=NC2CCCCC2)cc1,0,Train
32858014,CC[C@H]1CC[C@H]2[C@@H]3CC=C4C[C@@H](OC(=O)CCCCCC(=O)O)CC[C@]4(C)[C@H]3CC[C@]12C,0,Train
24409041,CO/N=C(\\C(=O)N[C@@H]1C(=O)N2C(C(=O)O)=C(COC(N)=O)CS[C@H]12)c1ccco1.[NaH],0,Train
22670204,Cn1c(Cc2nc(N3CCOCC3)cc(=O)[nH]2)nc2ccccc21,0,Train
23013132,CN1CCC(NC(=O)c2ccc3c(C4CCCC4)c(-c4ccccn4)n(C)c3c2)(C(=O)Nc2ccc(C=CC(=O)O)cc2)CC1,0,Train
20051288,COc1ccc(-c2cccc3nc(Nc4ccc(C(=O)NC(C)C)cc4)nn23)cc1,0,Train
30708710,CC(C)Nc1cc(-n2ncc3cc(C#N)cnc32)ncc1-c1cn([C@H]2CCN(C(=O)C(C)(C)C)C[C@@H]2O)nn1,0,Train
17705,Cn1c(=O)c2c(ncn2C)n(C)c1=O,1,Train
6463165,NC(CO)(CO)CO.O=C(c1ccccc1)c1ccc2n1CCC2C(=O)O,0,Train
23745568,CCn1cc(-c2ccc3oc4c(-c5ccc(NC)nc5)nc(=O)n(CCC5CCCO5)c4c3c2)cn1,0,Train
27204384,C=C[C@@H]1C[C@]1(NC(=O)[C@@H]1C[C@@](OC)(c2ccc(-c3ccccc3)nc2)CN1C(=O)[C@@H](NC(=O)OC1CCCC1)C(C)(C)C)C(=O)NS(=O)(=O)C1CC1,0,Train
10728686,Cc1cc(Cc2ccc(C(=O)N[C@@H]3CCOC[C@@H]3C(=O)NO)cc2)c2ccccc2n1,0,Train
32601147,CN1CCN(c2c(CN3CCCC3c3ccccn3)nc3cc(F)ccn23)CC1,1,Train
18946237,CN(C)C(=O)c1ccc(-c2ccc3c(c2)CCN(CCN2CCCC2)C3=O)cc1,1,Train
26496348,CO[C@H]1C[C@H]2OC[C@@]2(OC(C)=O)[C@H]2[C@H](OC(=O)c3ccccc3)[C@]34OC(=O)O[C@H]3[C@H](OC(=O)[C@H](O)[C@@H](NC(=O)OC(C)(C)C)c3ccccn3)C(C)=C([C@@H](OC(=O)N(C)C)C(=O)[C@]12C)C4(C)C,0,Train
20129774,CC(C)n1c(=O)c(C(=O)N[C@@H]2C[C@@H]3CC[C@H](C2)N3CCCCCCCN2CCC(CNS(C)(=O)=O)CC2)cc2ccccc21,0,Train
26924253,CCCC(=O)c1cc(C#N)c(N2CCC(C(=O)NS(=O)(=O)C3(c4ccccc4)CC3)CC2)nc1C,0,Train
29161642,CCCCCCCCOc1ccc(-c2ccc(CN3CCc4cc(OC)c(OC)cc4C3)cc2)cc1,0,Train
18301859,Cc1nn(-c2nc3ccccc3[nH]2)c(O)c1-c1ccccc1,1,Train
20291679,COCCCCn1c(C(=O)N(CC(C)C)[C@@H]2CNC[C@H](C(=O)N3CCOCC3)C2)nc2ccccc21.Cl,0,Train
20925657,CCN(C)c1nc2ccc(C(=O)N(CC(C)C)C[C@@H](O)[C@H](Cc3ccccc3)NC(=O)OCc3cncs3)cc2o1,1,Train
26691436,O=C(Nc1ccccc1)c1cccc(Oc2ccc3c(c2)c(=O)ncn3Cc2c(F)cc(F)cc2F)c1C(F)(F)F,0,Train
21420684,Cn1c(N2CCN(CCCN3c4ccccc4COc4ccc(CC(=O)O)cc43)CC2)cc(=O)n(C)c1=O,0,Train
7060608,CC(C)(C)C(=O)OCOP(=O)(COCCn1cnc2c(N)ncnc21)OCOC(=O)C(C)(C)C,0,Train
32290389,CN(c1ncnc2[nH]ccc12)[C@@H]1CCN(C(=O)CC#N)C1,0,Train
28398786,C=CC(=O)N[C@H]1CCN(c2ccc(C(N)=O)c(Nc3ccc(N4CCCCC4)cc3)n2)C1,0,Train
2049713,CC(C)Cc1ccc(C(C)C(=O)O)cc1,1,Train
32298970,CC(=NNC(=N)N)c1sc(-c2ccc(C#CC3CC3)cc2)nc1C,0,Train
18797526,CS[C@@]1(C(=O)Nc2ccc3[nH]nc(-c4ccc(F)cc4)c3c2)CCN(CC(=O)N2CC=C(c3ccc(-c4ncccn4)cc3)CC2)C1,0,Train
28320763,Cl.NCc1ccc(C(=O)Nc2ccncc2F)cc1-c1cccc(C(=O)Nc2ccc(C(=O)O)cc2)c1,0,Train
30708653,CC(C)Nc1cc(Cl)ncc1-c1cn(C[C@H](C)F)nn1,1,Train
23142429,CCCCCCCCCCCCCC(=O)Nc1ccccc1C(=O)Nc1ccc(C(=O)O)cc1,1,Train
25265981,CN1CCC(NC(=O)c2ccc3c(C4CCCC4)c(-c4ccccn4)n(C)c3c2)(C(=O)Nc2ccc(/C=C/C(=O)O)cc2)CC1,0,Train
24390254,Cc1nc2ccccc2n1C1CC2CCC(C1)N2CC[C@H](NC(=O)CC#N)c1ccccc1,1,Train
20048951,CCCC(=O)c1cc(C#N)c(N2CCC(C(=O)NS(=O)(=O)Cc3ccccc3)CC2)nc1C,0,Train
26168932,Cc1ccc(F)cc1C[C@@H](C)Nc1cc[nH]c(=O)c1-c1nc2cc3c(cc2[nH]1)C(=O)NC3,0,Train
19181892,COc1cc(C=CC(=O)NCCc2ccccc2)ccc1O,1,Train
18462216,N=C(N)SCc1ccccc1Sc1ccccc1CSC(=N)N,0,Train
33156075,Cc1cc(C#N)ccc1-c1cnn2c1C[C@@H](Oc1ncc(F)cn1)C2,1,Train
27334672,CC(=O)OC[C@H]1O[C@@H](OCc2cn(-c3ccccc3)nn2)[C@H](OC(C)=O)[C@@H](OC(C)=O)[C@@H]1OC(C)=O,1,Train
13701367,CCOc1cc2c(cc1OC)C(c1ccc(C(=O)N(C(C)C)C(C)C)cc1)=N[C@@H]1CCN(C)C[C@H]21,1,Train
288781,Cc1coc2c1C(=O)C(=O)c1c-2ccc2c1CCCC2(C)C,1,Train
33658201,CC(C)[C@@H]1OC(=O)C(C)(C)/C=C/c2ccc3ccc(nc3c2)[C@@H](C)NC(=O)[C@@H]2CCCN(N2)C(=O)[C@H](C)NC1=O,1,Train
23557649,CC(C)C[C@H](CO)Nc1nc(S[C@@H](C)c2ccccc2)nc2nc(N)sc12.Cl,1,Train
2921379,C[C@@H]1C2C3=CC(=O)C4[C@@]5(C)CC[C@@H](O)[C@](C)(C(=O)O)C5CC[C@@]4(C)[C@]3(C)CC[C@@]2(C)CC[C@H]1C,0,Train
24244316,O=C(O)CCc1ccc(C#Cc2cc(Cl)nc(Cl)c2)cc1.[NaH],1,Train
28375314,CC1(C)CC[C@]23CC[C@]4(C)[C@](C(=O)C=C5[C@@]6(C)C=C(C#N)C(=O)C(C)(C)[C@@H]6CC[C@]54C)([C@@H]2C1)N(C1CCCCC1)C3=O,0,Train
29298639,Cn1c(N2CCCCC2)cc(OCc2cc(F)c(Oc3ccc(Cl)c(C(F)(F)F)c3)c(F)c2)nc1=O,0,Train
21689638,CCOP(=O)(CC(CC)N=C=S)OCC,0,Train
24395259,CN1CCCC/C=C\\[C@@H]2C[C@@]2(C(=O)NS(=O)(=O)C2CC2)NC(=O)[C@@H]2C[C@@H](Oc3nc(-c4ccccc4)nc4ccccc34)C[C@H]2C1=O,1,Train
20083416,CC(C)(O)Cn1cc(Nc2nc3c(-c4ccc(CN5CC(C#N)C5)c(F)c4)cccn3n2)cn1,0,Train
21043447,Cc1cc(/C=C/C#N)cc(C)c1Oc1cc(Nc2ccc(C#N)cc2)c(N)cc1[N+](=O)[O-],0,Train
12911600,Cc1ccc(N2c3cccc(C(=O)Nc4ccc(OCC(C)(C)C)nc4)c3OC[C@@H]2CO)nc1,1,Train
26334630,CCCCCCC(NC(=O)[C@H](Cc1ccccc1)NC(=O)[C@H](Cc1c[nH]c2ccccc12)NC(=O)[C@@H]1CCCN1C(=O)[C@H](Cc1ccc(O)cc1)NC(=O)CCC(=O)N[C@@H]1OC(CO)[C@@H](O)[C@@H](O)[C@H]1O)C(N)=O,0,Train
27219127,CC[C@H]1C[C@@H](n2c(=O)nc(-c3cnn(C)c3)c3oc4ccc(-c5ccc(C)nc5)nc4c32)CCO1,1,Train
29657804,CC(=O)N1CCN(c2cccc(-c3cc(Br)c4c(N)ncnn34)c2)C(=O)C1(C)C,1,Train
23463686,COc1ccc(CNC(=O)Cc2ccc(-c3ccccc3)cc2)cc1,1,Train
21448094,C[C@@H](Cn1ncnn1)Nc1ncc2cc(Oc3ccc(F)cc3F)c(=O)n(C)c2n1,1,Train
21413143,CC(CN(C)C)S(=O)(=O)c1ccc(-c2cnc(N)c(C(=O)Nc3ccccc3)n2)cc1,1,Train
28118743,CC(C)(C)c1cc(NC(=O)[C@@H]2CCCN2c2ccc(Cl)cc2)on1,1,Train
11288909,CC(C)(C)C(NC(=O)N[C@H](C(=O)N1C[C@H]2[C@@H]([C@H]1C(=O)NC(CC1CCC1)C(=O)C(N)=O)C2(C)C)C1Cc2ccccc2C1)C(=O)O,0,Train
26174224,Cn1c(-c2ccccn2)c(C2CCCCC2)c2ccc(C(=O)N[C@@]3(C(=O)Nc4ccc(/C=C/C(=O)O)cc4)CCNC3)cc21,0,Train
30708644,CC(=O)N1CCC[C@H](n2cc(-c3cnc(-n4ncc5cc(C#N)cnc54)cc3NC(C)C)nn2)C1,0,Train
23780518,C=C[C@@H]1C[C@]1(NC(=O)[C@@H]1C[C@@H](c2csc(-c3ccccc3)n2)CN1C(=O)[C@@H](NC(=O)OC1CCCC1)C(C)(C)C)C(=O)NS(=O)(=O)C1CC1,0,Train
32612561,Cc1cccnc1[C@@H]1CCC[C@H](c2nccn2Cc2ccccc2-n2cccn2)N1,1,Train
24929497,Cc1cc(COc2ccc(N3CCC([C@H](NC(=O)OC(C)(C)C)C(=O)NO)C3=O)cc2)c2ccccc2n1,1,Train
9422575,Nc1nc(SCCO)nc2c1nc(O)n2Cc1ccccc1,0,Train
21726571,C/C=C(\\C)C(=O)N[C@@H](c1ccccc1)[C@@H](O)C(=O)O[C@H]1C[C@@]2(O)[C@@H](OC(=O)c3cccc(N=[N+]=[N-])c3)[C@H]3[C@](C)(C(=O)[C@H](O)C(=C1C)C2(C)C)[C@@H](OC(=O)CN(C)C)C[C@H]1OC[C@]13OC(C)=O,1,Train
30709001,CC(C)Nc1cc(-n2ncc3cc(C#N)cnc32)ncc1-c1cn(C[C@@H]2CC2(F)F)nn1,1,Train
24397210,CC(C)c1onc(-c2c(Cl)cccc2Cl)c1COc1ccc(N(C)C(=O)c2ccc(C(=O)N(C)C)cc2)c(C(F)(F)F)n1,1,Train
7304474,CCCCCNC(=N)N/N=C/c1c[nH]c2ccc(OC)cc12,1,Train
8543587,CCOP(=O)(CN=C=S)OCC,0,Train
28371585,C=C(C)[C@@H]1CCC(C)=C[C@H]1c1c(O)cc(CC2CN(C(C)=O)C2)cc1O,1,Train
12308539,Cc1cc(CC(CC(=O)N2CCC(c3cc4ccccc4[nH]c3=O)CC2)c2ccccn2)cc2cn[nH]c12,0,Train
18556832,CCCCn1c(=O)c2cccnc2n1Cc1ccc(-c2ccccc2-c2nn[nH]n2)cc1,0,Train
20442099,Cc1ccc(CCNc2ncc(C)n(CC(=O)NCCON(C)C(=N)N)c2=O)cc1,0,Train
21379650,N#CC1=C(C(F)F)NC(C(F)F)=C(C#N)C1c1cc2cn[nH]c2cc1F,1,Train
29254174,CC(=O)C1=C(C)N(c2cccc(C(F)(F)F)c2)C(=O)N(C)[C@@H]1c1ccc(C#N)cc1-c1ccc(=O)n(C)c1,1,Train
31537789,O=C(/C=C/CN1CCOCC1)Nc1cc2c(Nc3cccc(Cl)c3F)ncnc2cc1OCCOC(F)F.O=C(O)/C=C\\C(=O)O,0,Train
11234363,Cc1ccc(N2CCN(C(=O)[C@H](C)Cc3ccc(Cl)cc3)CC2)c([C@@H](NC(=O)CCN)C(C)C)c1,0,Train
10215283,COc1cccc(-n2c(=O)n(Cc3ccccc3C#N)c(=O)n(C[C@H](N)c3ccccc3)c2=O)c1F,1,Train
23013114,Cc1ccc(-c2c(C3CCCC3)c3ccc(C(=O)NC4(C(=O)Nc5ccc(C=CC(=O)O)cc5)CCCC4)cc3n2C)cn1,0,Train
29190133,Cn1cc(-c2ccc(Cc3n[nH]c4ccc(C(=O)N5CC(O)C5)cc34)cc2)cn1,0,Train
23181763,CCCCn1c(-c2ccccc2C)cn2c3c(=O)[nH]c(=O)n(C)c3nc12,1,Train
26373972,C=C[C@@H]1C[C@]1(NC(=O)[C@@H]1C[C@@](OC)(c2ccc(-c3ccccn3)cc2)CN1C(=O)[C@@H](NC(=O)OC1CCCC1)C(C)(C)C)C(=O)NS(=O)(=O)C1CC1,0,Train
14116269,C=CCN1CC[C@H](C(=O)NO)[C@H](CS(=O)(=O)c2ccc(OCc3cc(C)nc4ccccc34)cc2)C1,0,Train
9880045,Cc1cc(COc2ccc(S(=O)(=O)CC3(CC(=O)NO)CCCC3)cc2)c2ccccc2n1,1,Train
2421175,CS(=O)(=O)Nc1ccc([N+](=O)[O-])cc1Oc1ccccc1,1,Train
24484906,NC(=O)CN1CCc2nc(-c3ccc(O[C@H]4C[C@H](N5CCCCC5)C4)cc3)sc2C1,0,Train
12309141,Cc1cc(CC(CC(=O)N2CCC(N3Cc4ccccc4NC3=O)CC2)c2ccc(CN3CCCCC3)cn2)cc2cn[nH]c12,0,Train
24395307,COc1ccc2c(O[C@@H]3C[C@H]4C(=O)N[C@]5(C(=O)NS(=O)(=O)C6CC6)C[C@H]5/C=C\\CCCCCNC(=O)N4C3)nc(-c3ccc(F)cc3)nc2c1C,1,Train
20611460,O=C(NC1(C(=O)N[C@@H](CCCN2CCN(CC3CCOCC3)CC2)Cc2ccccc2)CCCC1)c1ccc(-c2ccccc2)cc1.O=C(O)C(F)(F)F,1,Train
9881670,Cc1cc(COc2ccc(S(=O)(=O)C[C@@H]3CCNC[C@@H]3C(=O)NO)cc2)c2ccccc2n1,0,Train
23013107,Cc1ccc(-c2c(C3CCCC3)c3ccc(C(=O)NC4(C(=O)Nc5ccc(C=CC(=O)O)cc5)CCCC4)cc3n2C)nc1,0,Train
22990051,c1ccc([C@H]([C@@H](c2ccccc2)N2CCCCC2)N2CCCCC2)cc1,1,Train
28873840,COc1cc(F)ccc1-c1nc(Nc2cc(CS(C)(=N)=N)cc(S(F)(F)(F)(F)F)c2)ncc1F,0,Train
28803442,COC(=O)/C=C/c1cccc(N(Cc2cccc3cc4cnn(C)c4cc23)C(=O)C2CCCCC2)c1,0,Train
13059943,CC(C)CCn1c(=O)c(C2=NS(=O)(=O)c3ccccc3N2)c(O)c2cccn21,1,Train
30708636,CC(=O)N1CC(n2cc(-c3cnc(-n4ncc5cc(C#N)cnc54)cc3NC(C)C)nn2)C1,0,Train
24434321,CC(C)(N)C(=O)N1CCn2c(nc(-c3ccc(F)cc3)c2Nc2ccc(F)c(F)c2)C1.Cl,0,Train
13066007,C=C[C@@H]1C[C@]1(NC(=O)[C@@H]1C[C@@H](Oc2cc(-c3csc(NC(C)C)n3)nc3cc(OC)ccc23)CN1C(=O)[C@@H](NC(=O)OC1CCCC1)C(C)(C)C)P(=O)(O)Cc1cccc(C)c1,0,Train
11157885,CS(=O)(=O)N(CC1CCCO1)c1c(Cl)c(Cl)cc2[nH]c(=O)c(=O)[nH]c12,0,Train
8156531,C=CCOc1ccccc1OCC(CNC(C)C)OC(=O)C1CC1,1,Train
11342158,COc1cc2c(cc1OC)CN(CCCC1CCCc3cc(OC)c(OC)cc31)CC2.Cl,1,Train
22139137,CN(C(=O)Cc1ccc(-n2cnnn2)cc1)C1CCN(Cc2ccc(C(F)(F)F)cc2)CC1,1,Train
26924270,CCCC(=O)C1=C(CCC)NC(N2CCC(C(=O)NS(=O)(=O)Cc3ccccc3)CC2)C(C#N)=C1,0,Train
29836850,Cc1cnc(-c2cc(O[C@@H]3CCOC3)cc(C(=O)N[C@H](C)c3cnc(C(F)(F)F)nc3)c2)s1,1,Train
10783810,N=C(N)c1cccc(-n2nc(C(F)(F)F)cc2C(=O)Nc2ncc(-c3ccccc3S(N)(=O)=O)cn2)c1.O=C(O)C(F)(F)F,0,Train
29232374,O=c1[nH]cnc2c(-n3cc(CCN4CCC(c5ccccc5)CC4)cn3)nccc12,0,Train
21598055,Cn1c(-c2ccccn2)c(C2CCCCC2)c2ccc(C(=O)NC(C)(C)C(=O)Nc3ccc(NC(=O)C(N)=O)cc3)cc21,1,Train
24436141,CC#CCn1c(N2CCC[C@H](N)C2)c(C#N)c2ncn(CC(=O)c3ccc(OC)cc3)c(=O)c21,0,Train
12911642,Cc1ccc(N2c3cccc(C(=O)Nc4cc(F)c(OC(C)C)c(F)c4)c3OC[C@@H]2CO)nc1,1,Train
21379646,CC1=C(C#N)C(c2cc3c(C)n[nH]c3cc2F)C(C#N)=C(C(F)F)N1,1,Train
30708822,CC(C)Nc1cc(-n2ncc3cc(C#N)cnc32)ncc1-n1cc(CCCO)nn1,0,Train
10399450,Cl.N=C(Nc1ccc(CCNCc2cccc(Cl)c2)cc1)c1cccs1,1,Train
23012907,Cn1c(-c2ccoc2)c(C2CCCC2)c2ccc(C(=O)NC(C)(C)C(=O)Nc3ccc(C=CC(=O)O)cc3)cc21,0,Train
24390255,CC(=O)N(C)CC(=O)N[C@@H](CCN1C2CCC1CC(n1c(C)nc3ccccc31)C2)c1ccccc1,0,Train
30708846,CCC(C)(O)Cc1cn(-c2cnc(-n3ncc4cc(C#N)cnc43)cc2NC(C)C)nn1,1,Train
23646210,CCOCc1c(-c2cc3cc(C)cc(OC)c3s2)c2c(N)ncnn2c1CN1CCNCC1,0,Train
9882540,Cc1cc(COc2ccc(S(=O)(=O)CC3(CC(=O)NO)CCCCC3)cc2)c2ccccc2n1,1,Train
12827973,CC(C)Nc1nc2oc3c(NCCCN4CCCC4=O)ncnc3c2c2c1CCC(C)(C)C2,1,Train
33398614,COc1cc2cc(c1Cl)N(C)C(=O)C[C@H](OC(=O)[C@H](C)N(C)C(=O)CCSSC[C@H](NC(=O)[C@@H]1CSSC[C@H](NC(=O)[C@H](N)Cc3ccccc3)C(=O)N[C@@H](Cc3ccc(O)cc3)C(=O)N[C@H](Cc3c[nH]c4ccccc34)C(=O)N[C@@H](CCCCN)C(=O)N[C@@H]([C@@H](C)O)C(=O)N1)C(N)=O)[C@]1(C)O[C@H]1[C@H](C)[C@@H]1C[C@@](O)(NC(=O)O1)[C@H](OC)/C=C/C=C(\\C)C2,0,Train
9804267,CCOC(=O)Oc1nc2c(N)nc(SCCO)nc2n1Cc1ccccc1,1,Train
10597188,CCCC(CC1(C(=O)Nc2nnc(Cc3ccccc3)s2)CCCC1)C(=O)O,0,Train
20051159,N#Cc1ccc(S(=O)(=O)NC2CCN(c3cccc4nc(NC(=O)C5CC5)nn34)CC2)cc1,0,Train
22974721,C[C@]1(F)CCC[C@H]1Nc1c(C(N)=O)cnn2cccc12,1,Train
23738766,COCCOc1cnc(Sc2cc(C)c(-c3csc(NC(=O)c4ccncc4)n3)c(C)c2)cn1,1,Train
9888666,NC(=O)N(O)CCC#Cc1ccc(OCCN2CCC(=C3c4ccc(Cl)cc4CCc4cccnc43)CC2)cc1,0,Train
32612536,Cc1cccnc1[C@@H]1CCC[C@H](c2nc3ccccc3n2CC2CCN(C(C)C)CC2)N1C,0,Train
32601254,Cc1cccnc1C1CCCN1Cc1cn2c(N3CCN(C)CC3)cccc2n1,1,Train
11342159,COc1cc2c(cc1OC)CN(CCCC1=CCCc3cc(OC)c(OC)cc31)CC2.Cl,1,Train
33051546,CC(C)Cc1ccc([C@@H](C)C(=O)OC[C@H](NC(=S)[C@H](C)N)C(=O)O)cc1,0,Train
19761428,CC(C(=O)O)c1ccc2c(c1)N(CCCN1CCCN(c3cc(=O)n(C)c(=O)n3C)CC1)c1ccccc1S2,0,Train
29657883,CC(=O)N1CCN(c2cc(-c3cc(C(F)(F)F)c4c(N)ncnn34)ccc2C(C)O)C(=O)C1(C)C,0,Train
23434655,O=C(NCCCC1CC1)c1ccc(N2CCN(C(=O)c3ccccc3C(F)(F)F)CC2)nn1,1,Train
4166006,CNCCCN1c2ccccc2CCc2ccccc21.Cl,1,Train
20606722,CN(C)S(=O)(=O)c1cncc(C#Cc2cc(Cl)ccc2OCC(=O)O)c1,0,Train
22514253,COC(=O)N[C@H](C(=O)NN(CCC[C@@]1(Cc2ccccc2)C(=O)N([C@H]2c3ccccc3C[C@H]2O)C[C@H]1O)Cc1ccc(-c2ccccn2)cc1)C(C)(C)C,0,Train
23033285,NC1=N[C@@](c2cccc(-c3cncnc3)c2)(c2ccnc(C(F)F)c2)c2cc(F)cc(F)c21,1,Train
20051335,COc1ccc(-c2cccc3nc(Nc4ccc(C(=O)N5CCN(C)CC5)cc4)nn23)cc1,0,Train
28347458,Cc1c(NC(=O)c2cc(C(N)=O)nc3cc(F)ccc23)c(C(F)(F)F)nn1Cc1ccc(C#N)cn1,0,Train
32601119,Cc1cccnc1C1CCCN1Cc1nc2ccccc2n1N1CCN(C)CC1,1,Train
26374137,C=C[C@@H]1C[C@]1(NC(=O)[C@@H]1C[C@@](OC)(c2ccc(-c3cnn(C)c3)cc2)CN1C(=O)[C@@H](NC(=O)OC1CCCC1)C(C)(C)C)C(=O)NS(=O)(=O)C1CC1,0,Train
24233423,NNC(=O)NN1C(=O)c2cc(S(=O)(=O)O)cc3c(N)c(S(=O)(=O)O)cc(c23)C1=O.[LiH],0,Train
24225388,C/C=C/C/C=C/CCC(=O)[C@H]1C[C@H]1C(N)=O,0,Train
2066652,C[C@@H]1C[C@H]2[C@@H]3CCC4=CC(=O)C=C[C@]4(C)[C@@]3(F)[C@@H](O)C[C@]2(C)[C@@]1(O)C(=O)CO,1,Train
20129732,CC(C)n1c(=O)c(C(=O)N[C@@H]2C[C@@H]3CC[C@H](C2)N3CCCN2CCCCC2)cc2ccccc21,1,Train
477887,C[C@H](CS)C(=O)N1CCC[C@H]1C(=O)O,0,Train
12635280,CNc1cncc(-c2c[nH]c(=O)c(NC(=O)c3ccc(N4CCC[C@H]4CN4CCCC4)cc3)c2)n1,1,Train
30487026,COc1ccc(-c2nnc(C(=O)N3CC(Oc4ccc(CN5CCC(C)(O)C5)cc4)C3)o2)cc1,1,Train
32612686,Cc1cccnc1[C@@H]1CCC[C@H](c2nc3cccc(N4CCN(C)C5(CC5)C4)c3[nH]2)N1C,1,Train
30487036,Cl.O=C(c1nnc(-c2ccccc2)o1)N1CCC(Oc2ccc(CN3CCCC3)cc2)CC1,1,Train
21119342,Fc1cccc(OC2CN(c3c4c(nc5ccnn35)CCNCC4)C2)c1.O=C(O)C(F)(F)F,0,Train
29161643,CCC(C)Oc1ccc(-c2ccc(CN3CCc4cc(OC)c(OC)cc4C3)cc2)cc1,0,Train
23263465,COCCOC(=O)C(Cc1ccc(-c2c(C(F)(F)F)cc(C)n(C)c2=O)cc1)NC(=O)c1c(Cl)cccc1Cl,1,Train
11621166,CC(C)C(=O)OC(OC(=O)NCC1(CC(=O)O)CCCCC1)C(C)C,1,Train
24434318,Cc1ccc(Nc2c(-c3ccc(F)cc3)nc3n2CCN(C(=O)CN)C3)cc1.Cl,0,Train
29232336,CN(CCc1cnn(-c2nccc3c(=O)[nH]cnc23)c1)Cc1ccc(S(C)(=O)=O)cc1,0,Train
713597,O=C1C(CCS(=O)c2ccccc2)C(=O)N(c2ccccc2)N1c1ccccc1,0,Train
8878620,Cc1cc(C(=O)Nc2ccc(-c3ccccc3S(N)(=O)=O)cc2)n(-c2cccc(C(=N)N)c2)n1,0,Train
14405618,CC(C)[C@@H](N)C(=O)OC[C@@H]1O[C@H](n2cnc(C(N)=O)n2)[C@@H](O)[C@H]1O,0,Train
32649231,Cc1cc(C(=O)Nc2ccc(-c3nnn[nH]3)cc2)n(Cc2csc(N3CCCCC3)n2)c1,1,Train
28982744,C[C@H]1Cn2c(nnc2C(F)(F)F)CN1C(=O)c1cccc(C(F)(F)c2n[nH]c(=O)c3ccccc23)c1,0,Train
10188772,CC(OC(=O)NCC1(CC(=O)O)CCCCC1)OC(=O)C(C)C,1,Train
23751810,Cc1nc(NC(=O)[C@H](C)CC(F)(F)F)sc1-c1ccc(N)nc1,1,Train
23012866,Cc1ccc(-c2c(C3CCCC3)c3ccc(C(=O)NC4(C(=O)Nc5ccc(C=CC(=O)O)cc5)CCN(C)CC4)cc3n2C)nc1,0,Train
32186360,COc1ccc(-n2cnnn2)c(CNC(=O)c2cnn(Cc3cnc(N4CCCC4)nc3)c2)c1F,1,Train
12163325,C[C@@H](NC(=O)c1ccc(Br)cc1NS(=O)(=O)c1cccc2nccnc12)c1ccc(F)cc1F,1,Train
23273839,Cc1ccc(-c2ccc(N3CCOc4ncnc(N)c4C3=O)cc2)c(Cl)c1,1,Train
32454300,COC(=O)[C@@H]1CCCN1C(=O)[C@@H](Cc1ccccc1)N(C)C(=O)[C@H](C)NC(=O)[C@@H](NC(=O)C[C@H](O)[C@H](CC(C)C)NC(=O)[C@H](CC(N)=O)NC(=O)[C@H](CC(C)C)NC(=O)[C@H](NC(=O)[C@@H](NC(=O)[C@H](C(C)C)N(C)C)C(C)C)C(C)C)[C@@H](C)O,0,Train
1275246,C[C@]12CCC3c4ccc(O)cc4CCC3C1CC[C@@H]2O[C@@H]1O[C@H](C(=O)O)[C@@H](O)[C@H](O)[C@H]1O,1,Train
28157264,C=CC(=O)N[C@@H]1CN(c2ccc(C(N)=O)c(Nc3ccc(CCN4CCCC4)cc3)n2)CC12CC2,0,Train
24283681,CC(C)n1c(=O)c(C(=O)N[C@H]2C[C@@H]3CC[C@H](C2)N3C[C@@H](O)CN(C)C=O)cc2ccccc21,1,Train
26020907,CC(=O)N[C@@H](CCN1C2CCC1CC(n1c(C)nc3c1CCN(C(=O)C(C)C)C3)C2)c1cccc(F)c1,0,Train
28562174,O=C(Cn1cnc([N+](=O)[O-])n1)N1CCN(Cc2ccc(Cl)c(Cl)c2)CC1,1,Train
19872341,OC[C@@H](O)[C@@H](O)[C@H](O)c1c[nH]c(-c2cocn2)n1,0,Train
30708690,CC(C)Nc1cc(-n2ncc3cc(C#N)cnc32)ncc1-c1cn(CC(=O)N2CCNCC2)nn1,0,Train
18877904,CCCCc1ccc(C(=O)NC2(C(=O)N[C@H](Cc3ccccc3)C(=O)NCC3CCN(CC4CCOCC4)CC3)CCCC2)cc1.O=C(O)C(F)(F)F,0,Train
23263448,Cc1cc(C(F)(F)F)c(-c2ccc(CC(NC(=O)c3c(Cl)cccc3Cl)C(=O)O)cc2)c(=O)n1C,0,Train
27104728,C[C@H](O)CNC(=O)N1C(=O)N(c2cccc(C(F)(F)F)c2)C2=C(C(=O)CC2)C1c1ccc(C#N)cc1,1,Train
30596815,CC(=O)NC1CCC(NC(=O)c2cnc(-c3cnn4cc(Cl)cnc34)cc2NC(C)C)CC1,0,Train
26496353,CO[C@H]1C(=O)[C@]2(C)[C@@H](OC(=O)N(C)C)C[C@H]3OC[C@@]3(OC(C)=O)[C@H]2[C@H](OC(=O)c2ccccc2)[C@]23OC(=O)O[C@H]2[C@H](OC(=O)[C@H](O)[C@H](CC(C)C)NC(=O)OC(C)(C)C)C(C)=C1C3(C)C,0,Train
23692236,CC1(c2cccc(-c3cncnc3)c2)N=C(N)c2ccccc2S1,1,Train
30708920,CC(C)(F)CCc1cn(-c2cnc(-n3ncc4cc(C#N)cnc43)cc2N[C@@H]2CCOC2)nn1,1,Train
24624880,O=C(CC1CNC(=O)c2cc(-c3ccnc(Cl)n3)cn21)NCC1CCCCC1,0,Train
11288908,CC(C)(C)C(NC(=O)N[C@H](C(=O)N1C[C@H]2[C@@H]([C@H]1C(=O)NC(CC1CC1)C(=O)C(N)=O)C2(C)C)C1Cc2ccccc2C1)C(=O)O,0,Train
19432511,CN1CCN(Cc2ccc(C(c3nnnn3Cc3ccccc3)N3CCCN(C4CCC4)CC3)cc2)CC1,0,Train
30698649,Cn1nc(-c2cnc(N)c(-c3nnc(C(C)(C)C)o3)n2)nc1C1(c2ccccc2)CC1,1,Train
25663440,COC(=O)N[C@@H](C(=O)NN(CCC[C@@]1(Cc2ccccc2)C(=O)N(C2c3ccccc3C[C@H]2O)C[C@H]1O)Cc1ccc(-c2ccccn2)cc1)C(C)(C)C,0,Train
20051259,CC(=O)Nc1ccc(Nc2nc3cccc(-c4ccc(Cl)cc4)n3n2)cc1,1,Train
26879388,O=C(NCCOC1CCC(Nc2ccc([N+](=O)[O-])c(C(F)(F)F)c2)CC1)C(=O)NCc1cc2cc(F)ccc2o1,0,Train
23148381,CC#Cc1cncc(-c2cc(Cl)c([C@]3(C)CC(=O)N(C)C(=N)N3)s2)c1,1,Train
15397605,CC1CCN(C(=O)C(Cc2ccc3c(N)nccc3c2)NS(=O)(=O)c2ccc3ccccc3c2)CC1.Cl,1,Train
22059439,CCN(C)C(=O)[C@H]1C[C@@H](c2ccc(CN3CCCC3)c(F)c2)C1.Cl,1,Train
22751727,Br.N=C(N)SCc1cc(F)ccc1Oc1cc(F)ccc1CSC(=N)N,0,Train
21775705,CCCCc1cc(-c2c[nH]c3ncc(-c4cnn(C5CCNCC5)c4)cc23)nc(N)n1,0,Train
11646829,CNCC1(c2ccc(N3CCc4c(S(C)(=O)=O)nn(-c5ccc(OC)cc5)c4C3=O)cc2)CC1,0,Train
24314366,CCCCCCC(NC(=O)[C@H](Cc1ccccc1)NC(=O)[C@H](Cc1c[nH]c2ccccc12)NC(=O)[C@@H]1CCCN1C(=O)[C@@H](N)Cc1ccc(O)cc1)C(N)=O,0,Train
20161949,CS(=O)(=O)Nc1ccc2c(c1)S(=O)(=O)N=C(C1=C(O)[C@H]3[C@H]4CC[C@H](C4)[C@H]3N(Cc3ccc(F)cc3)C1=O)N2,0,Train
9243175,CC(C)c1nc(CN(C)C(=O)NC(C(=O)N[C@@H](Cc2ccccc2)CC(O)[C@H](Cc2ccccc2)NC(=O)OCc2cncs2)C(C)C)cs1,0,Train
23477691,CC(=O)N1CCN(Cc2ccc(Oc3ccc(Cl)cc3O)s2)CC1,1,Train
20205664,CCCCn1nc(-c2nc3ccccc3s2)nc2c(=O)n(C)c(=O)nc1-2,1,Train
12733053,CCCCCN1C(=O)C(C)(c2ccc3c(c2)OCO3)c2ccccc21,0,Train
22234697,CC(NC(=O)c1cccc2cc(N3CCN(C4CNC4)CC3)ccc12)C1CC1,0,Train
30596852,CC(C)(O)[C@H](F)CNC(=O)c1cnc(-c2cnn3cc(Cl)cnc23)cc1NC1CCC1,1,Train
28803339,[2H]C(c1ccc(-c2ccc(N(C)C)cc2)cc1F)N(C(=O)C1CCCCC1)c1cc(F)cc(/C=C/C(=O)OC)c1,0,Train
13059966,CC(C)CCn1c(=O)c(C2=NS(=O)(=O)c3cc(NS(C)(=O)=O)ccc3N2)c(O)c2cccn21,0,Train
11226316,NCCCC[C@@H](CC(=O)N[C@H](CC(=O)O)Cc1ccccc1)NC(=O)C[C@@H](N)CO,0,Train
28803452,COC(=O)/C=C/c1cncc(N(Cc2cccc3cc4cnn(C)c4c(Cl)c23)C(=O)C2C[C@@H]3CC[C@H]2C3)c1,0,Train
23835924,CC(C)C[C@H](N)C(=O)NS(=O)(=O)N(C(=S)NC(=O)COc1ccc(Br)cc1Cl)c1ccccc1,0,Train
12543149,O=C(N[C@@H](Cc1ccc(F)c(Br)c1)C(=O)O)c1ccc(Br)cc1NS(=O)(=O)c1cccc2nsnc12,0,Train
23236267,CN(C)C(=O)c1cccc(S(=O)(=O)N2CCS[C@H]2C(=O)O[C@@H](Cc2c(Cl)c[n+]([O-])cc2Cl)c2ccc(OC(F)F)c(OCC3CC3)c2)c1,0,Train
7777435,Cc1ccc(C2=CCC(C)(C)c3ccc(C(=O)Nc4ccc(C(=O)O)cc4)cc32)cc1,0,Train
12809122,C[C@]12CC[C@H]3[C@@H](CC=C4C[C@@H](OC(=O)CCCCC(=O)O)CC[C@@]43C)[C@@H]1CCC2=O,1,Train
27850045,CCOc1nc(NC(=O)C2(NC(=O)c3ccc4c(C5CCCC5)c(-c5ncc(Cl)cn5)n(C)c4c3)CCC2)cnc1C=CC(=O)O,1,Train
10591729,CC(C)(C)n1c(=O)n(Cc2nc3ccccc3n2CCCC#N)c2cnccc21,1,Train
9960675,C/C=C/CNc1cccc([C@@H](O)CN[C@H](C)Cc2c[nH]c3c(OS(C)(=O)=O)cccc23)c1,0,Train
622991,C=CC1CN2CCC1CC2[C@H](O)c1ccnc2ccc(OC)cc12,1,Train
21935051,CC(=O)OC[C@H]1O[C@@H](S(=O)(=O)Cc2nnn(-c3ccc(S(N)(=O)=O)cc3)c2I)[C@H](OC(C)=O)[C@@H](OC(C)=O)[C@@H]1O[C@H]1O[C@H](COC(C)=O)[C@@H](OC(C)=O)[C@H](OC(C)=O)[C@H]1OC(C)=O,0,Train
30596989,CC(F)(F)CNc1cc(-c2cnn3cc(C#N)cnc23)ncc1C(=O)NC[C@@H](F)C(C)(C)O,0,Train
7662430,Cc1ccc(-c2cc(C(F)(F)F)nn2-c2ccc(S(N)(=O)=O)cc2)cc1,1,Train
19761421,Cn1c(N2CCCN(CCCN3c4ccccc4Sc4c(C(=O)O)cccc43)CC2)cc(=O)n(C)c1=O,0,Train
31167783,NS(=O)(=O)NCCNc1nonc1C(=NOC1OC(C(=O)O)C(O)C(O)C1O)Nc1ccc(F)c(Br)c1,0,Train
23751941,CC[C@H]1C[C@@H](n2c(=O)nc(-c3cnn(C)c3)c3oc4ccc(-c5cncn5C)cc4c32)CCO1,0,Train
23591535,Cc1c(OCc2ccccc2)c(=O)ccn1-c1ccc(CC(=O)Nc2ccc(Cc3nc4ccccc4s3)cc2)cc1,1,Train
26883079,N#Cc1ccc(-c2ccc(CC(=O)NCc3ccco3)cc2)cc1,1,Train
4757598,Cc1ccnc2c1NC(=O)c1cccnc1N2C1CC1,1,Train
22751735,Br.CS(=O)(=O)c1ccc(Sc2ccc(F)cc2CSC(=N)N)c(CSC(=N)N)c1,0,Train
33289287,CN(C(=O)[C@@H]1[C@@H](Cc2ccnc(N)c2)C(=O)N1C(=O)N[C@@H](C1CCCCC1)C(F)(F)F)c1cncnc1,1,Train
21379639,CC1=C(C#N)C(c2ccc3[nH]nc(C)c3c2)C(C#N)=C(C(F)(F)F)N1,1,Train
7227333,O=C(O)COCCN1CCN(C(c2ccccc2)c2ccc(Cl)cc2)CC1,0,Train
6062996,CCN(CC)C(=O)[C@]1(c2ccccc2)C[C@@H]1CN,0,Train
21448091,C[C@H](CS(C)(=O)=O)Nc1ncc2cc(Oc3ccc(F)cc3F)c(=O)n(C)c2n1,1,Train
23902042,COc1cc(CN2CCOCC2)ccc1-c1nc2c(N[C@H]3[C@@H](C(N)=O)[C@@H]4C=C[C@H]3C4)c(Cl)cnc2[nH]1,1,Train
8796425,CCc1nc(Cl)ncc1C(=O)Nc1cc(C(F)(F)F)cc(C(F)(F)F)c1,0,Train
26307008,CC1(C)CN(C(=O)Cc2nc(N3CCOCC3)cc(=O)[nH]2)c2ccccc21,0,Train
20421361,C[C@@H]1CN(C(=O)c2ccccc2)CCN1C(=O)C(=O)c1c[nH]c2cccnc12,0,Train
32461477,C[C@H](C(=O)N(Cc1ccc(C2CCOCC2)cc1)c1ccc(C(=O)[O-])c(O)c1)N(C)S(=O)(=O)c1c(F)c(F)c(F)c(F)c1F.[Na+],0,Train
12728628,COC(=O)N1CCC(CN2CCC(CNC(=O)c3cccc4[nH]c(C(C)C)nc34)CC2)CC1,1,Train
22142748,CC(=O)Nc1ccccc1C(=O)N1CCCC[C@H]1c1cc2[nH]c(C)c(C)c(=O)n2n1,0,Train
21141470,COc1ccc(-n2nc(C(N)=O)c3c2C(=O)N(c2ccc(C4(CS(C)(=O)=O)CC4)cc2)CC3)cc1,1,Train
32614176,Cc1cccnc1[C@@H]1CCC[C@H](c2nc3c(N)ccc(N4CCN(C)CC4)n3c2Cl)N1C,1,Train
19565773,Oc1ccc(-c2cc(-c3cccc(O)c3)cs2)cc1,1,Train
20083356,O=S1(=O)CCN(Cc2ccc(-c3cccn4nc(Nc5cnn(C(F)F)c5)nc34)cc2)CC1,1,Train
12514629,CCOc1cc(NC(=O)C2(NC(=O)c3ccc4c(C5CCCC5)c(-c5ccc(F)cn5)n(C)c4c3)CCC2)ccc1/C=C/C(=O)O,1,Train
12773731,CCCc1nc(C)c2c(=O)[nH]c(-c3cc(S(=O)(=O)N(C)C(C)(C)C(=O)N(C)C)ccc3OCC)nn12,1,Train
3657914,COc1ccc(CCN(C)CCC[C@](C#N)(c2ccc(OC)c(OC)c2)C(C)C)cc1OC,0,Train
6491746,CC1=C(C(=O)O)N2C(=O)[C@@H](NC(=O)C(N)c3ccc(O)cc3)[C@H]2SC1,0,Train
90699,O=C1C[C@@H](c2ccc(O)cc2)Oc2cc(O)cc(O)c21,1,Train
18877586,Cc1ccc(-c2nn(Cc3ccccc3)c(=O)c(C3=NS(=O)(=O)c4ccccc4N3)c2O)s1,0,Train
21420702,Cn1c(N2CCN(CC/C=C3/c4ccccc4CCc4ccc(CC(=O)O)cc43)CC2)cc(=O)n(C)c1=O,1,Train
24291676,COCC12CC[C@H](OC)C34C(C([C@H](OC)[C@H]13)[C@]1(OC(C)=O)C3[C@H]4C[C@](O)([C@@H](OC)[C@H]1O)[C@@H]3OC(=O)c1ccccc1)N(C)C2,1,Train
26711038,C[C@H](NP(=O)(OC[C@H]1O[C@@](C#N)(c2ccc3c(N)ncnn23)[C@](C)(O)[C@@H]1O)Oc1ccccc1)C(=O)OC(C)(C)C,0,Train
11234367,CS(=O)(=O)O.Cc1ccc(N2CCN(C(=O)[C@H](C)Cc3ccc(Cl)cc3)CC2)c([C@@H](NC(=O)CCN(C)C)C(C)C)c1,0,Train
12722183,CC(C)C[C@H](CO)Nc1nc(S[C@@H](C)c2ccccc2)nc2[nH]c(=O)sc12,1,Train
11614898,CCc1c(OC)cccc1C(=O)NN(C(=O)c1cc(C)cc(C)c1)C(C)(C)C,1,Train
32612566,CN1CCC(n2ccnc2[C@H]2CCC[C@@H](c3ncccc3Cl)N2C)CC1,1,Train
11586366,COc1ccc(-n2nc(C#N)c3c2C(=O)N(c2ccc(C4(CN(C)C)CC4)cc2)CC3)cc1.O=C(O)C(F)(F)F,0,Train
32612661,CCN1CCN(c2cccc3nc([C@H]4CCC[C@@H](c5ncccc5C)N4C)[nH]c23)CC1,1,Train
32612655,Cc1cccnc1[C@@H]1CCC[C@H](c2cn3c(N4CCN5CCCC5C4)cccc3n2)N1C,1,Train
30596831,CC(C)Nc1cc(-c2cnn3cc(Cl)cnc23)ncc1C(=O)NCC(F)C1(O)COC1,0,Train
12614073,CC(C)n1nc(C(=O)N[C@@H]2C[C@@H]3CC[C@H](C2)N3CC(O)CN2CCN(S(C)(=O)=O)CC2)c2ccccc21,1,Train
33458570,O=C1NCc2nc(-c3c(F)cccc3F)cc(Nc3ccc(N4CCOCC4)cc3)c21,1,Train
24940692,Nc1noc2ccc(-n3nc(C(F)(F)F)cc3C(=O)Cc3ccc(N4CCCCC4=O)cc3F)cc12,1,Train
26496349,CO[C@H]1C[C@H]2OC[C@@]2(OC(C)=O)[C@H]2[C@H](OC(=O)c3ccccc3)[C@]34OC(=O)O[C@H]3[C@H](OC(=O)[C@H](O)[C@H](CC(C)C)NC(=O)OC(C)(C)C)C(C)=C([C@@H](OC(=O)N(C)C)C(=O)[C@]12C)C4(C)C,0,Train
23194872,C[S@](=O)Cc1ccc(C(=O)Nc2nccnc2C(=O)NCC2CCC2)c2ccccc12,0,Train
9016045,[3H]c1cc(OCC(O)CNC(C)(C)C)cc([3H])c1NC(=O)NC1CCCCC1,0,Train
22108281,CN1CCN(Cc2ccc(OC3CN(C(=O)c4nnc(-c5ccccc5)o4)C3)cc2F)CC1,1,Train
10616101,N=C(N)c1cccc(CC(NS(=O)(=O)c2ccc3ccccc3c2)C(=O)N2CCCCC2C(=O)O)c1,0,Train
18301834,Cc1nn(-c2nccs2)c(O)c1-c1ccccc1,1,Train
21689647,CCOP(=O)(OCC)C(N=C=S)c1cccc2ccccc12,0,Train
12308735,Cc1cc(CC(CC(=O)N2CCC(N3Cc4cccc(F)c4NC3=O)CC2)c2ccccn2)cc2cn[nH]c12,1,Train
23991628,CCN1CCN(c2ccc3cc(-c4cn5cc(C)nc(C)c5n4)c(=O)oc3c2)C[C@@H]1C,0,Train
9579681,COc1cccc2nc(-c3cccs3)nc(NN3C(=O)C=C(C)C3=O)c12,1,Train
33162774,C=CC(=O)N1CCC[C@@H](n2nc(-c3ccc(Oc4cncc(C(N)=O)c4)cc3)c3cncc(Cl)c32)C1,0,Train
18487578,Cc1cccc(-c2c(O)cc(C(C)(C)c3cccs3)cc2O)c1,0,Train
23012927,CC(=O)Nc1nc(-c2c(C3CCCC3)c3ccc(C(=O)NC(C)(C)C(=O)Nc4ccc(C=CC(=O)O)cc4)cc3n2C)cs1,0,Train
30708845,CC(C)Nc1cc(-n2ncc3cc(C#N)cnc32)ncc1-c1cn(CCN2CCOCC2)nn1,1,Train
27211687,NS(=O)(=O)Cc1cccc(-n2c3nc(=O)[nH]c(=O)c-3cc3ccccc32)c1,1,Train
9176127,CCCCCCOC(=O)/N=C(/N)c1ccc(NCc2nc3cc(C(=O)N(CCC(=O)OCC)c4ccccn4)ccc3n2C)cc1,0,Train
27219168,CC[C@H]1C[C@@H](n2c(=O)nc(-c3ccc(NC)nc3)c3oc4cnc(-c5cnn(C)c5)cc4c32)CCO1,1,Train
26467343,C[C@@H]1COCCN1c1nc2n(c(=O)c1F)CC[C@@H](C(F)(F)F)N2Cc1ccnc(F)c1,0,Train
23027629,COc1ccc(C2(c3cccc(-c4cncnc4)c3)N=C(N)C(C(C)C)=N2)cc1,1,Train
23434660,CCCCCCNC(=O)c1ccc(N2CCN(C(=O)c3ccccc3C(F)(F)F)CC2)nn1,1,Train
32010908,CNCc1cccc(-c2cc(F)cc(CCc3cc(C)cc(N)n3)c2)c1,0,Train
30597071,CC(C)(F)[C@H](F)CNC(=O)c1cnc(-c2cnc3cc(C#N)cnn23)cc1Nc1cnn(CC(F)F)c1,0,Train
743334,CCCc1cc(O)nc(S)n1,1,Train
9331391,O=C(O)c1cccc(Cn2cnc3ccccc32)c1,0,Train
24926195,CCCCCCCOC1OC(CO)C(O)C(O)C1O,0,Train
7413275,CCN(CC)C(=O)[C@@]1(c2ccccc2)C[C@H]1CN,0,Train
13472786,CC1CCN(C(=O)[C@H](CCCNc2cccnn2)NS(=O)(=O)c2ccc3ccccc3c2)CC1,1,Train
30708815,CC(C)Nc1cc(-n2ncc3cc(C#N)cnc32)ncc1-n1cc(C[C@H](C)F)nn1,1,Train
21420689,Cn1c(N2CCN(CC/C=C3/c4ccccc4COc4ccc(CC(=O)O)cc43)CC2)cc(=O)n(C)c1=O,0,Train
20117101,C[C@@H](NC(=O)c1cc(NC(=O)CCC(O)(CCc2ccccc2)C(=O)N[C@H]2c3ccccc3C[C@H]2O)cc(N(C)S(C)(=O)=O)c1)c1ccccc1,0,Train
2370513,CC(C)(C)NCC(O)c1cc(O)cc(O)c1,0,Train
12503220,CN(CCC1CCCc2c1cnn2C)Cc1ccccc1,1,Train
26539278,Cc1cc2c(C(N)=O)cccc2n1-c1nc2c(c(NCc3ccccc3)n1)COCC2,1,Train
20267225,COc1ccc(C(c2ccccc2)c2nc(-c3ccc(F)cc3)c(CC(=O)O)s2)cc1,1,Train
29298640,Cn1c(N2CCOCC2)cc(OCc2cc(F)c(Oc3ccc(Cl)c(C(F)(F)F)c3)c(F)c2)nc1=O,0,Train
20890650,CCCCCn1cc(C(=O)NC23CC4CC(CC(C4)C2)C3)c(=O)c(-c2ccncc2)c1C,1,Train
33289339,CC[C@@H](NC(=O)N1C(=O)[C@H](Cc2ccnc(N)c2)[C@H]1C(=O)N(C)c1ncncn1)C1CCCCC1,1,Train
12933548,CC#CCn1c(N2CCC[C@H](N)C2)c(C#N)c2ncn(Cc3nccc4ccccc34)c(=O)c21,0,Train
6888,O=C1NS(=O)(=O)c2ccccc21,0,Train
21177371,COc1c(C)cc([C@@]2(c3cccc(-c4cncnc4)c3)N=C(C)C(N)=N2)cc1C,1,Train
24191392,CC(C)N(C)[C@@H]1CC[C@H](N2CC[C@H](NC(=O)c3cccc(C(F)(F)F)c3)C2=O)[C@H](CS(=O)(=O)C(C)(C)C)C1,0,Train
586408,Nc1nc(O)c2ncn([C@H]3C[C@H](O)[C@@H](COP(=O)(O)O)O3)c2n1,0,Train
13472787,CC1CCN(C(=O)[C@H](CCCNc2cnccn2)NS(=O)(=O)c2ccc3ccccc3c2)CC1,1,Train
20129769,CC(C)n1c(=O)c(C(=O)N[C@@H]2C[C@@H]3CC[C@H](C2)N3CCCCCCCN2CCN(c3ccccc3)CC2)cc2ccccc21,1,Train
23751812,Cc1nc(NC(=O)[C@@H](C)CC(F)(F)F)sc1-c1ccc(N)nc1,1,Train
28803353,COC(=O)/C=C/c1cccc(N(Cc2ccc(-c3ccc(N(C)C)cc3)cc2Cl)C(=O)C2CCN(C)CC2)c1,0,Train
24484917,O=C(NCC(F)(F)F)c1ccc(O[C@H]2C[C@H](N3CCCCC3)C2)cc1,1,Train
32378568,COC(=O)N1CCN([C@H]2CC[C@H](Nc3ncnn4ccc([C@H](C)CC(N)=O)c34)CC2)CC1,1,Train
12821475,CCOC(=O)c1cc(C#N)c(N2CC(C(=O)NS(=O)(=O)Cc3ccc(F)cc3)C2)nc1C,0,Train
28880215,O=C(O)C[C@H]1CC[C@H](c2ccc(C(=O)Nc3nnc(Cc4cc(F)cc(F)c4)s3)cc2)CC1,1,Train
19857974,CC(C)S(=O)(=O)N[C@H]1Cc2ccc(Cn3cc(CO)c(C(F)(F)F)n3)cc2C1,1,Train
33417227,C=CC(=O)N[C@H]1CCN(c2ccc(C(N)=O)c(Nc3ccc(N4C[C@H](C)O[C@H](C)C4)cc3)n2)C1,0,Train
9439701,Cc1cc(OCCCONC(=N)N)cc(OS(=O)(=O)c2ccccc2S(C)(=O)=O)c1,0,Train
23013115,Cn1c(-c2ccncc2)c(C2CCCC2)c2ccc(C(=O)NC3(C(=O)Nc4ccc(C=CC(=O)O)cc4)CCCC3)cc21,0,Train
23617984,CN1CCc2cc(-c3ccc4oc5c(-c6ccccc6)nc(=O)n(CCN6CCC(F)(F)C6)c5c4c3)ccc2C1,0,Train
26496344,CO[C@H]1C[C@H]2OC[C@@]2(OC(C)=O)[C@H]2[C@H](OC(=O)c3ccccc3)[C@]34OC(=O)O[C@H]3[C@H](OC(=O)[C@H](O)[C@H](CC(C)C)NC(=O)OC(C)(C)C)C(C)=C([C@@H](OC)C(=O)[C@]12C)C4(C)C,0,Train
24409671,C[C@H](NC(=O)[C@@H]1CCCN1C(=O)CNC(=O)OCc1ccccc1)C(=O)O,0,Train
32601182,c1ccc(C2CCCN2Cc2nc3ccccn3c2N2CCN(c3ccccn3)CC2)nc1,1,Train
20442123,COc1ccc(CCNc2ncc(C)n(CC(=O)NCCONC(=N)N)c2=O)cc1.O=C(O)C(F)(F)F,0,Train
23033287,CCn1cc([C@]2(c3cccc(C#CC4CC4)c3)N=C(N)c3c(F)cccc32)cc(C)c1=O,1,Train
4238892,CC1=C(C(=O)O)N2C(=O)[C@@H](NC(=O)[C@H](N)c3ccccc3)[C@H]2SC1,0,Train
23013108,Cc1cccc(-c2c(C3CCCC3)c3ccc(C(=O)NC4(C(=O)Nc5ccc(C=CC(=O)O)cc5)CCCC4)cc3n2C)n1,0,Train
30709008,CC(C)Nc1cc(-n2ncc3cc(C#N)cnc32)ncc1C1=NOC(CCC(C)(C)O)C1,1,Train
30708946,COC(=O)N[C@H]1CC[C@H](n2cc(-c3cnc(-n4ncc5cc(C#N)cnc54)cc3NC(C)C)nn2)CC1,1,Train
27345442,CN1C(=O)[C@@H]2CN(c3ncc(F)cn3)C[C@]2(c2ccc(-c3cncc(C#N)c3)s2)N=C1N,1,Train
13744028,Oc1ccc(-c2cc(-c3cccc(O)c3)on2)cc1,0,Train
26273798,Cc1cc(C(F)(F)F)c(-c2ccc(C[C@H](NC(=O)c3c(Cl)cccc3Cl)C(=O)OCC3CCOC3)cc2)c(=O)n1C,1,Train
23489116,CS(=O)(=O)N1CCN(c2ccc(N3CCN(C(=O)NC4C5CC6CC4CC(O)(C6)C5)c4ccccc43)cc2)CC1,1,Train
26951984,Cc1c(/C=C/C(=O)NCC(=O)O)oc2ccc(Cl)c(Oc3ccncc3C(=O)N3CCN(C4CC4)c4ccccc43)c12,0,Train
21149318,CC(C)(C)CCN1C(=O)C(C2=NS(=O)(=O)c3cc(NS(C)(=O)=O)ccc3N2)=C(O)[C@@H]2CCC[C@@H]21,0,Train
25073845,C=C1C[C@]23CCC4[C@](C)(C(=O)OC5OC(CO)C(O)C(O)C5O)CCC[C@]4(C)C2CC[C@@]1(OC1OC(COC2OC(CO)C(O)C(O)C2O)C(O)C(O)C1O)C3,0,Train
10094282,CN1CCN(NC(=S)Nc2ccc(S(N)(=O)=O)cc2)CC1,0,Train
27783144,CC[C@H](C)[C@@H]([C@@H](CC(=O)N1CCC[C@H]1[C@H](OC)[C@@H](C)C(=O)N[C@@H](Cc1c[nH]c2ccccc12)C(=O)O)OC)N(C)C(=O)[C@@H](NC(=O)[C@H](C(C)C)N(C)CCCCCCN1C(=O)CC(SC[C@H](N)C(=O)O)C1=O)C(C)C,0,Train
32612539,CC(C)N1CCN(c2cccc3nc([C@H]4CCC[C@@H](c5ncccc5Cl)N4)[nH]c23)CC1,1,Train
29174263,CCOc1nc(NC(=O)C2(NC(=O)c3ccc4c(C5CCCC5)c(-c5ncc(Cl)cn5)n(C)c4c3)CCC2)ccc1/C=C/C(=O)O,1,Train
26883068,CC(C)CNC(=O)Cc1ccc(-c2ccccc2)cc1,1,Train
32614116,CCOCc1c([C@H]2CCC[C@@H](c3ncccc3C)N2C)nc2cccc(N3CCN(C4CC4)CC3)n12,1,Train
26662086,CC1Cc2cc(F)ccc2N1C(=O)Cc1nc(N2CCOCC2)sc1C(=O)O,0,Train
31221076,Cc1c(-c2ccc(N3CCCC(F)C3)cc2)[nH]c2cc(F)cc(F)c2c1=O,1,Train
24526796,COc1ccc(-c2oc3c(CC=C(C)C)c(OC4O[C@H](CO)[C@@H](O)[C@H](O)[C@H]4O)cc(O)c3c(=O)c2O[C@@H]2O[C@@H](C)[C@H](O)[C@@H](O)[C@H]2O[C@H]2O[C@@H](CO)[C@H](O)[C@H](O)[C@@H]2O)cc1,0,Train
27681968,CCN(CC)CCOc1ccc(CC(=O)NCc2ccccc2-c2ccccc2/C=C/c2ccc(O)cc2)cc1,0,Train
32033474,Cc1nn(-c2ncnc3[nH]cnc23)c2c1C(c1ccc(OC(C)C)cc1)CC(=O)N2,1,Train
12374682,COc1cnn(C)c(=O)c1-c1ccc(C[C@@H](CO)NC(=O)c2c(Cl)cccc2Cl)cc1,0,Train
20000074,O=C(Nc1nc2cccc(-c3ccc(NCc4ccccc4)cc3)n2n1)C1CC1,1,Train
321392,OCCOCCN1CCN(C(c2ccccc2)c2ccc(Cl)cc2)CC1,0,Train
25179883,COc1ccc(C2(c3cccc(-c4cncnc4)c3)N=C(N)c3nc(C)sc32)cc1,1,Train
30708838,CC(C)Nc1cc(-n2ncc3cc(C#N)cnc32)ncc1-n1cc(CCCCO)nn1,0,Train
27682002,COc1ccc(C(=O)NCc2ccccc2-c2ccccc2/C=C/c2ccc(F)cc2)cn1,0,Train
10217992,CCc1nccn1-c1ccc(NC(=O)c2cc(C(F)(F)F)nn2-c2ccc3onc(N)c3c2)c(F)c1,0,Train
18424992,CC(C)=Cc1nn(CCC(C)(C)C)c(=O)c(C2=NS(=O)(=O)c3cc(NS(C)(=O)=O)ccc3N2)c1O,0,Train
12856431,COc1cccc2c1c(NCC(C)(C)c1ccccc1)nn2C,0,Train
12384117,COC[C@H](C)Oc1cc(Oc2ccc(S(C)(=O)=O)cc2)cc(C(=O)Nc2nc(C)ns2)c1,1,Train
2948416,CC(CCc1ccccc1)NCC(O)c1ccc(O)c(C(N)=O)c1,0,Train
20007947,CCCCCC1CN(C(=O)c2ccccc2)CCN1C(=O)C(=O)c1c[nH]c2cccc(F)c12,1,Train
23014134,CSCC[C@H](NC(=O)[C@H](CC(C)C)NC(=O)CNNC(=O)C(Cc1ccccc1)NC(=O)C(Cc1c[nH]c2ccccc12)NC(=O)C1CCCN1C(=O)C(N)Cc1ccc(O)cc1)C(N)=O,0,Train
28728252,CCOC(=O)CSc1nc(NNC(=O)OC)nc(Nc2ccc(NC(=O)OC)c(O)c2)n1,0,Train
13022015,CCNc1cnc2nnn(Cc3ccc4ncccc4c3)c2n1,1,Train
10710268,Cc1ccnc2nc(Cc3nc4ccc(C(=N)N)cc4[nH]3)[nH]c12,0,Train
21855555,COc1cc(Sc2c(-c3ccncc3)[nH]c3ccccc23)cc(OC)c1OC,0,Train
24147515,CCN1C[C@@]2(OC)C3[C@@H](OC)[C@H]4[C@@H]1[C@]3(C(OC)C[C@H]2O)C1C[C@]2(O)C(OC)C(O)[C@@]4(OC(C)=O)C1[C@H]2OC(=O)c1ccccc1,0,Train
28803464,[2H]C(c1ccc(-c2ccc(N(C)C)cc2)cc1)N(C(=O)C1CCCCC1)c1cc(F)cc(/C=C/C(=O)OC)c1,0,Train
33607707,N#Cc1cnn2c3cc(nc12)N1C[C@H](C[C@H]1CO)OCC=CCOc1cc(cc2c1N(Cc1ccccc1)C(=O)CC2)N3,1,Train
24570998,Cc1cc(S(=O)(=O)Nc2ccc(F)cc2F)cc2c1NC(=O)C(C)(C)NC2=O,0,Train
23618048,CNc1ccc(-c2nc(=O)n(CC[C@H]3CCCO3)c3c2oc2ncc(-c4cnn(C)c4)cc23)cn1,0,Train
30597033,CC(C)(O)CCNC(=O)c1cnc(-c2cnc3cc(Cl)cnn23)cc1NC1COC1,0,Train
22473503,COc1c(Nc2ncc(Cl)c(N[C@H]3[C@@H](C(N)=O)[C@@H]4C=C[C@H]3C4)n2)ccc2c1CC[C@@H](N1CCOCC1)CC2,0,Train
9778438,O=C1NCCn2c(-c3ccco3)nc3cccc1c32,1,Train
32614158,Cc1cccnc1[C@@H]1CCC[C@H](c2nc3cccc(N4CCN(C)CC4)n3c2Cl)N1C(C)C,0,Train
27390805,COc1ccccc1CCC1CCN(CCc2ccccc2)CC1,1,Train
33703121,CNC(=O)c1nnc2ccc(-c3ccc(COC)nc3)cc2c1N[C@@H](C)C1CCOCC1,1,Train
33458571,O=C1NCc2nc(-c3c(F)cccc3F)cc(Nc3ccc(C(=O)N4CCC4)cc3)c21,0,Train
12446420,O=C1c2ncc3c(c(CN4CCCCC4)cn3Cc3ccc(F)cc3)c2CCN1O,0,Train
72534,COC[C@]12CN(C)C3[C@@H]4[C@H](OC)[C@H]1[C@@]3([C@@H](OC)C[C@H]2O)[C@@H]1C[C@]2(O)[C@@H](OC)[C@H](O)[C@@]4(O)[C@H]1[C@H]2OC(=O)c1ccccc1,0,Train
10602155,CSc1ccccc1CNc1ncc([N+](=O)[O-])c(NCC2CCC(CN)CC2)n1,0,Train
23523466,CCNC(=O)Nc1ccc(-c2nc(N3CCOC[C@@H]3C)c3c(n2)C(C)(C)S(=O)(=O)C3)cc1,0,Train
30487073,O=C(c1nnc(-c2ccc(Cl)cc2)o1)N1CCC(Oc2ccc(CN3CCCC3)cc2)CC1,1,Train
24283679,CC(=O)NCC(O)CN1[C@H]2CC[C@@H]1C[C@@H](NC(=O)c1cc3ccccc3n(C(C)C)c1=O)C2,1,Train
9140874,C=C(F)C(=O)Nc1cc(C(=O)Nc2ccccc2)n(C)c1,0,Train
23705925,O=C(O)[C@@H]1CCN(C(=O)c2cc(Cl)ccc2OCCCN2CCC3(CC2)Cc2cc(Cl)ccc2O3)C1,0,Train
25083793,CNCC1(c2ccc(N3CCC4C(C(N)=O)=NN(c5ccc(OC)cc5)C4C3=O)cc2)CC1.O=C(O)C(F)(F)F,0,Train
26711120,Cc1c(Cl)nc(NC(=O)NC(C)(C)C)c(=O)n1C(C(=O)Nc1ccccc1C(=O)NS(=O)(=O)c1ccc(C(F)(F)F)cc1)c1ccccc1,0,Train
27367629,C=CCNC(=O)[C@@H](NC(=O)[C@@](O)(CCCN(Cc1ccc(-c2nccs2)cc1)NC(=O)[C@@H](NC(=O)OC)C(C)(C)C)Cc1ccc(CC=C)cc1)C(C)C,1,Train
18877914,Cc1cccc(/C=C/C(=O)NC2(C(=O)N[C@H](Cc3ccccc3)C(=O)NCC3CCN(CC4CCOCC4)CC3)CCCC2)c1,0,Train
29657840,CC(=O)N1CCN(c2cccc(-c3cc(Cl)c4c(N)ncnn34)c2)C(=O)C1(C)C,1,Train
10383057,COc1cc([C@H]2Oc3c(c(OC)cc4ccc(=O)oc34)O[C@@H]2CO)ccc1O,1,Train
8950890,CC[C@@]1(O)C(=O)OCc2c1cc1n(c2=O)Cc2cc3c4c(ccc3nc2-1)OCOC4,0,Train
22751732,Br.N=C(N)SCc1ccccc1C(=O)c1cc([N+](=O)[O-])ccc1CSC(=N)N,0,Train
23751807,Cc1nc(NC(=O)C2(C)CCCCC2)sc1-c1ccc(N)nc1,1,Train
26035404,CC(C)N(C)[C@H]1CC[C@@H](N2CC[C@H](NC(=O)c3cc(C(F)(F)F)cc(C(F)(F)F)c3)C2=O)[C@@H](CS(=O)(=O)c2ccccc2)C1,0,Train
8881864,NCc1cccc(-n2nc(C(F)(F)F)cc2C(=O)Nc2ccc(-c3ccccc3S(N)(=O)=O)cc2F)c1,0,Train
31212107,Cl.O=S(=O)(Nc1cscn1)c1cc(Cl)c(OCC2NCCC=C2c2ccc(F)cc2)cc1F,0,Train
9301447,O=C(O)CN1CCN(C(COCc2cc(C(F)(F)F)cc(C(F)(F)F)c2)c2ccccc2)CC1,0,Train
32612691,CCc1cccnc1[C@@H]1CCC[C@H](c2nc3cccc(N4CCN(C)CC4)c3[nH]2)N1C,1,Train
28803327,[2H]C(c1ccc(-c2ccc3c(cnn3C)c2)cc1)N(C(=O)[C@@H]1C[C@@H]2CC[C@H]1C2)c1cncc(/C=C/C(=O)OC)c1,0,Train
23876487,CC(C)C[C@H]1NC(=O)[C@H](Cc2ccccc2)OB1O,0,Train
19450055,CC(=O)N1CCc2nc(-c3ccc(OC4CC(N5CCCCC5)C4)cc3)sc2C1,1,Train
26020906,CC(=O)N[C@@H](CCN1C2CCC1CC(n1c(C)nc3c1CCN(C(C)=O)C3)C2)c1cccc(F)c1,0,Train
1723797,NC(=O)CC[C@H](N)C(=O)O,0,Train
30708590,CC(C)Nc1cc(-n2ncc3cc(C#N)cnc32)ncc1-c1cn(CC2CCC2)nn1.O=C(O)C(F)(F)F,1,Train
27713806,COc1ccc(-c2c(/C=C/C(=O)N3CCN(c4ncccn4)CC3)noc2-c2cc(Cl)c(O)cc2O)cc1,0,Train
12976596,CC(=O)Nc1nc2ccc(-c3ccc(N)nc3)cc2s1,1,Train
26414162,CC(=O)[O-].C[N+](C)(C)CCN(C(=O)CNC(=O)COc1ccc([C@@H]2[C@@H](SCC(O)c3ccc(F)cc3)C(=O)N2c2ccc(F)cc2)cc1)[C@@H](CC1CCCCC1)C(N)=O,0,Train
31380323,CC(=O)N1CCN(c2cccc(-c3cc(F)c4c(N)ncnn34)c2)C(=O)C1(C)C,1,Train
764984,CN1CCN(C2=Nc3cc(Cl)ccc3Nc3ccccc32)CC1,0,Train
30596845,CC(C)(O)[C@H](F)CNC(=O)c1cnc(-c2cnn3cc(Cl)cnc23)cc1Nc1cnn(C2CCOCC2)c1,0,Train
20606682,O=C(O)COc1ccc(Cl)cc1C#Cc1cccc(Cl)c1,1,Train
30596929,CC(C)(O)[C@H](F)CNC(=O)c1cnc(-c2cnc3cc(Cl)cnn23)cc1NC1CC1,1,Train
18788379,Nc1ncnc2c1C(=O)N(c1ccc([C@H]3CC[C@H](CC(=O)O)CC3)cc1)CCO2,0,Train
23745572,CNc1ccc(-c2nc(=O)n(CCC3CCCO3)c3c2oc2ccc(-c4cncs4)cc23)cn1,1,Train
28214921,COC(=O)N[C@H](C(=O)N1C[C@@H](C)C[C@H]1c1nc(-c2ccc(-c3ccc4[nH]c([C@@H]5C[C@H](C)CN5C(=O)[C@@H](NC(=O)OC)C(C)C)nc4c3)cc2)c[nH]1)C(C)C,0,Train
22460496,CN(Cc1cc(=O)[nH][nH]1)c1cc(Cl)cc(Cl)c1,0,Train
23484746,CN1CCN(C[C@@H](NC(=O)C[C@H]2CNC(=O)c3cc(-c4ccnc(F)c4)cn32)C2CCCCC2)CC1,0,Train
22142951,Cc1[nH]c2cc([C@@H]3CCCCN3C(=O)c3ccccc3N(C)S(C)(=O)=O)nn2c(=O)c1C,0,Train
24627267,O=C(O)c1cc(-c2ccc(CNC(=S)c3ccc(-c4ccc(C(=O)O)o4)cc3Cl)cc2)n(-c2ccc(Cl)c(Cl)c2)n1,0,Train
11206986,Cc1cc(O)cc(C)c1C[C@H](N)C(=O)N1CCC[C@H]1C(=O)N[C@@H](Cc1c[nH]c2ccccc12)C(=O)N[C@@H](Cc1ccccc1)C(N)=O,0,Train
9883468,Cc1cc(COc2ccc(S(=O)(=O)CC3(CC(=O)NO)CCCN3CC(C)C)cc2)c2ccccc2n1,0,Train
23820485,O=C(O)c1nc(-c2cccc3[nH]ccc23)oc1-c1ccc(N2CCNCC2)cc1,0,Train
23900102,CNC(=O)c1ccccc1Nc1nc(Nc2ccc3c(c2OC)CCC[C@H](N2CCN(CCO)CC2)C3)ncc1Cl,0,Train
30596999,CC(C)(O)[C@H](F)CNC(=O)c1cnc(-c2cnc3cc(C#N)cnn23)cc1NC1CCC1,0,Train
27742436,COc1cccc(OC)c1C(=O)/C=C/c1ccco1,1,Train
11308408,CCCC(=O)N1CCC(NS(=O)(=O)c2ccc(NC(=O)c3ccccc3C)c3ccccc23)CC1,1,Train
12223376,CC(=O)NC1(c2ccccc2)CCN(C[C@@H]2C[C@@]2(C(=O)N(C)Cc2ccccc2)c2ccc(Cl)c(Cl)c2)CC1,0,Train
8298058,Nc1nccc2cc(CC(NC(=O)CNS(=O)(=O)c3ccc4ccccc4c3)C(=O)N3CCCCC3)ccc12,0,Train
12581961,COC(=O)Nc1c(N)nc(-c2nn(Cc3ccccc3F)c3ncccc23)nc1N,0,Train
23906667,CCc1ccc(-c2nc3c(=O)n(C)c(=O)nc-3n(C)n2)cc1,1,Train
22142762,Cc1ccc(NS(C)(=O)=O)c(C(=O)N2CCCC[C@H]2c2cc3nc(C4CC4)ccn3n2)c1,1,Train
11344438,COc1ccc2c(c1)C(CCCN1CCc3cc(OC)c(OC)cc3C1)=CCC2,1,Train
27675757,Cc1cc2c(cc1CN(C)C)CCN(C(=O)c1cc3cc(Br)ncc3n1C)C2,1,Train
25083802,COc1ccc(N2N=C(C#N)C3CCN(c4ccc(C5(CN6CCCC6)CC5)cc4)C(=O)C32)cc1.O=C(O)C(F)(F)F,0,Train
9640892,Cc1nc(C)c(-c2ccnc(Nc3ccc(N(C)C)cc3)n2)s1,1,Train
23477697,CN1CCN(c2ccc(Oc3ccc(Cl)cc3O)cc2)CC1,1,Train
2092205,Cc1cccc(C)c1OCC(C)N,1,Train
15703533,C[C@@H]1CN(C(=O)c2ccccc2)CCN1C(=O)C(=O)c1c[nH]c2ccncc12,0,Train
12503325,C(\\CN1CCCCCC1)=C1\\CCCc2c1cnn2-c1ccccc1,1,Train
20611455,O=C(NC1(C(=O)N[C@@H](CCCN2CCN(CC3CCOCC3)CC2)Cc2ccccc2)CCCC1)c1cc2ccccc2o1.O=C(O)C(F)(F)F,1,Train
29298638,Cn1c(N2CCCC2)cc(OCc2cc(F)c(Oc3ccc(Cl)c(C(F)(F)F)c3)c(F)c2)nc1=O,0,Train
27231470,O=C(CC1CNC(=O)c2cc(-c3cn[nH]c3)cn21)NCc1cccc(F)c1.O=C([O-])C(F)(F)F,0,Train
29035183,Clc1cccc(OC[C@@H]2CCCN2Cc2cccc3ccccc23)c1Cl,1,Train
22618065,Cc1ccc(NC(=O)c2ccc3nc(-c4c(C)cc(NCC(=O)O)cc4C)[nH]c3c2)cc1C,0,Train
24480596,CN(C)C(=O)CN1CCN(C[C@@H]2C[C@@]2(C(=O)N(C)Cc2ccc(F)cc2)c2ccc(Cl)c(Cl)c2)CC1,1,Train
28982734,N#Cc1cccnc1N1CCN(C(=O)c2cccc(C(N)c3n[nH]c(=O)c4ccccc34)c2)CC1,0,Train
13066045,C=C[C@@H]1C[C@]1(NC(=O)[C@@H]1C[C@@H](Oc2cc(-c3csc(NC(C)C)n3)nc3cc(OC)ccc23)CN1C(=O)[C@@H](NC(=O)OC1CCCC1)C(C)(C)C)P(=O)(O)Cc1c(F)cccc1Cl,0,Train
25133318,O=C(Nc1ccc2c(c1)CCN(C(=O)Oc1ccccc1)C2)c1cccc(O)c1-c1ccc(C(F)(F)F)cc1,0,Train
18942359,CCN(CC(=O)NC1CC1)C(=O)c1ccc2c(c1)c1c(n2C)CC[C@@H](C2CCOCC2)C1,1,Train
26020904,CC(=O)N[C@@H](CCN1C2CCC1CC(n1c(C)nc3c1CCN(c1ccncn1)C3)C2)c1cccc(F)c1,1,Train
29298637,CCOC(=O)CN(C)c1cc(OCc2cc(F)c(Oc3ccc(Cl)c(C(F)(F)F)c3)c(F)c2)nc(=O)n1C,0,Train
30708601,CC(C)Nc1cc(-n2ncc3cc(C#N)cnc32)ncc1-c1cn(CCC(C)(C)O)nn1,0,Train
21177366,COc1c(C)cc(C2(c3cccc(-c4cncnc4)c3)N=C(C)C(N)=N2)cc1C,1,Train
27899878,CN(C)C(=O)c1cc(CN(C)c2cc(F)cc(F)c2)c2oc(N3CCOCC3)cc(=O)c2c1,1,Train
29161646,COCCOc1ccc(-c2ccc(CN3CCc4cc(OC)c(OC)cc4C3)cc2)cc1,0,Train
20051339,COc1ccc(-c2cccc3nc(Nc4cccc(C(=O)N5CCN(C)CC5)c4)nn23)cc1,1,Train
12314822,CC[C@@H](C)Nc1ncc(C(=O)Nc2cc(C(=O)NC)ccc2C)s1,0,Train
15515204,Cc1n(CCCOC(=O)[C@](O)(c2ccccc2)[C@@H]2CCC(F)(F)C2)cc[n+]1Cc1ccccc1.[Br-],0,Train
11288911,CCC(C)C(NC(=O)N[C@H](C(=O)N1C[C@H]2[C@@H]([C@H]1C(=O)NC(CC1CC1)C(=O)C(N)=O)C2(C)C)C(C)(C)C)C(=O)O,0,Train
28803311,COC(=O)/C=C/c1cccc(N(Cc2ccc(-c3ccc(N(C)C)cc3)cc2Cl)C(=O)c2ccccc2)c1,0,Train
23145333,Cc1cc(O)cc(C)c1C[C@H](N)C(=O)N[C@H](CCCNC(N)=O)C(=O)N[C@@H](Cc1ccccc1)C(=O)N[C@@H](CCCCN)C(N)=O,0,Train
11586330,COc1ccc(-n2nc(C(N)=O)c3c2C(=O)N(c2ccc(C(C)(C)CN4CCCCC4=O)cc2)CC3)cc1,0,Train
7790802,CO[C@H]1/C=C/O[C@@]2(C)Oc3c(C)c(O)c4c(O)c(c5c(nc6cc(C)ccn65)c4c3C2=O)NC(=O)/C(C)=C\\C=C\\[C@H](C)[C@H](O)[C@@H](C)[C@@H](O)[C@@H](C)[C@H](OC(C)=O)[C@@H]1C,0,Train
13759003,CCOC(=O)c1ccc2c(c1)C(=O)c1nc3ccccc3c(=O)n1-2,0,Train
23591537,Cc1c(OCc2ccccc2)c(=O)ccn1CCCC(=O)N1CCCC1c1nc2ccccc2s1,1,Train
29298650,Cn1c(N2CCOCC2)cc(OCc2ccc(Oc3ccc(Cl)c(C(F)(F)F)c3)cc2)nc1=O,0,Train
30487048,O=C(c1nnc(-c2ccc(F)cc2)o1)N1CCC(Oc2ccc(CN3CCCC3)cc2)CC1.O=CO,1,Train
4828951,CCCCc1nc(Cl)c(CO)n1Cc1ccc(-c2ccccc2-c2nn[nH]n2)cc1,0,Train
13495800,NC(=O)c1cn(Cc2c(F)cccc2F)nn1,1,Train
2230417,CN(C)[C@@H]1C(O)=C(C(N)=O)C(=O)[C@@]2(O)C(O)=C3C(=O)c4c(O)cccc4[C@@](C)(O)[C@H]3C[C@@H]12,0,Train
21585310,CCN1CC(C)(C)OC(=O)C1CC(=O)Nc1ccc(C(C)C)cc1,1,Train
32612675,CN1CCN(c2cccc3nc([C@H]4CCC[C@@H](c5ncn6ccccc56)N4C)[nH]c23)CC1,1,Train
6182863,CO[C@]12CC[C@@]3(C[C@@H]1[C@](C)(O)C(C)(C)C)[C@H]1Cc4ccc(O)c5c4[C@@]3(CCN1CC1CC1)[C@H]2O5,1,Train
27339166,C=CCCC[C@@](C)(NC(=O)[C@H](CCC(N)=O)NC(=O)[C@H](CCCCN)NC(=O)[C@H](CCCNC(=N)N)NC(=O)[C@@](C)(CCCC=C)NC(=O)[C@H](CCCNC(=N)N)NC(=O)[C@@H](NC(=O)[C@H](Cc1ccc(O)cc1)NC(=O)[C@H](CC(N)=O)NC(=O)[C@H](CC(=O)O)NC(=O)[C@@H](NC(=O)[C@H](Cc1ccccc1)NC(=O)[C@@H](NC(=O)[C@H](C)NC(=O)[C@H](CC(=O)O)NC(=O)[C@H](CO)NC(=O)[C@@H](N)Cc1cnc[nH]1)C(C)C)[C@@H](C)O)[C@@H](C)O)C(=O)N[C@@H](C)C(=O)N[C@H](C(=O)N[C@@H](CCCCN)C(=O)N[C@@H](CCCCN)C(=O)N[C@@H](Cc1ccc(O)cc1)C(=O)N[C@@H](CC(C)C)C(=O)N[C@@H](CC(N)=O)C(=O)N[C@@H](CO)C(=O)N[C@H](C(=O)N[C@@H](CC(C)C)C(=O)N[C@@H](CC(N)=O)C(=O)NCC(=O)N[C@@H](CCCCN)C(N)=O)[C@@H](C)CC)C(C)C,0,Train
19882881,CC(C)[C@@H](C(=O)N[C@@H](Cc1ccc(O)c(C(C)(C)C)c1)C(N)=O)N(C)C(=O)[C@@H](N)Cc1ccccc1,0,Train
12516601,C[C@H]1CN(CCC2CCCc3c2cnn3-c2ccc(F)cc2)C[C@@H](C)O1,1,Train
22316941,Cn1c2c(c3cc(S(=O)(=O)c4cccc(Cl)c4)ccc31)C1CCC(C2)N1,0,Train
11805340,C[C@H]1CNCCc2ccc(Cl)cc21.Cl,1,Train
4184143,CCNC(C)Cc1ccc2c(c1)OCO2,1,Train
22247013,COC(=O)c1cc(OC)c2c(c1-c1c(C(=O)N[C@H](C)OCCOCCOc3no[n+]([O-])c3S(=O)(=O)c3ccccc3)cc(OC)c3c1OCO3)OCO2,0,Train
12549360,O=C(Nc1ccc(C(F)(F)F)cc1)c1cccc2c1OCCN2c1ncc(CO)cc1Cl,1,Train
31735185,COC(=O)CCNC(=O)C(O)C(C)(C)COP(=O)(NC(C)C(=O)OC)Oc1ccccc1,0,Train
9300342,CCCCN1CCN(C(COCc2cc(C(F)(F)F)cc(C(F)(F)F)c2)c2ccccc2)CC1,0,Train
28803316,COC(=O)/C=C/c1cc(F)cc(N(Cc2ccc(-c3ccc(N(C)C)cc3)cc2)C(=O)c2ccccc2)c1,0,Train
25010996,COc1ccc(-c2cncc3sc(C(N)=O)cc23)cc1,1,Train
25999783,CC1CN(C(=O)c2ccccc2)CCN1C(=O)C(=O)c1c[nH]c2c(-c3nn[nH]n3)ccc(F)c12,0,Train
18784132,CCCc1cnc(N2CCC(Oc3ccn(-c4ccc(S(C)(=O)=O)cc4F)c(=O)c3)CC2)nc1,1,Train
33002221,O=C(NO)c1ccc(CNc2ncnc3cc(F)ccc23)cc1,0,Train
18877883,CSc1ccc(/C=C/C(=O)NC2(C(=O)N[C@H](Cc3ccccc3)C(=O)NCC3CCN(CC4CCOCC4)CC3)CCCC2)cc1,0,Train
24526887,C[C@@H](Cc1c(F)c(F)cc(F)c1F)Nc1cc[nH]c(=O)c1-c1nc2cc3c(cc2[nH]1)C(=O)N(c1ccc(F)nc1)C3=O,0,Train
12676229,COc1cc(C)c(S(=O)(=O)N(C)CCOCC(=O)N2CCN(C3CCN(C)CC3)CC2)c(C)c1.O=C(O)C(F)(F)F,0,Train
24022817,Cc1cn2cc(-c3cc4ccc(N5CCN(C)CC5)cc4c(=O)o3)nc2c(C)n1,0,Train
2228570,CC1(C)CC[C@]2(C(=O)O)CC[C@]3(C)C(=CC[C@@H]4[C@@]5(C)CC[C@H](O)C(C)(C)[C@@H]5CC[C@]43C)[C@@H]2C1,0,Train
27219138,CC[C@H]1C[C@@H](n2c(=O)nc(-c3cnn(C)c3)c3oc4cc(C)c(-c5cnn(C)c5)nc4c32)CCO1,1,Train
13098574,CC(=O)N1Cc2nc(-c3ccc(OCCCN4CCCC4C)cc3)sc2C1,1,Train
18391203,Cc1ccc(C(=O)NC2CC2)cc1-c1ccn2c(C(C)(C)C)nnc2c1,1,Train
25764147,CCC[C@H]1[C@@H](C=O)O[C@@H]2O[C@]3(C)CC[C@H]4[C@H](C)CC[C@@H]1[C@]42OO3,1,Train
20000076,O=C(Nc1nc2cccc(-c3ccc(OCc4ccccc4)c(F)c3)n2n1)C1CC1,1,Train
11119642,Cc1c(CN(CCc2ccc([N+](=O)[O-])cc2)C2CCN(C(=O)c3ccccn3)CC2)c(=O)n(-c2ccc(F)cc2)n1C,0,Train
33611436,C[C@H]1CN(C(=O)c2ccnc(Nc3ccc4nc(-c5ccc(F)c(C(F)(F)F)c5)[nH]c4n3)c2)C[C@@H](C)N1,0,Train
28213497,Cc1onc(C(=O)N2[C@H]3CC[C@@H]2C[C@H](Nc2cc(=O)n(C)c4cc(F)c(F)cc24)C3)c1C,1,Train
26693352,CCCOC(=O)N[C@@H]1CCCCCC=C[C@@H]2C[C@@]2(C(=O)NS(=O)(=O)C2CC2)NC(=O)[C@@H]2C[C@@H](Oc3cc(OCC)nc4c(C)c(OC)ccc34)CN2C1=O,0,Train
20247145,COc1c(C)cc(C2(c3cccc(-c4cncnc4)c3)N=C(N)c3c(F)cccc32)cc1C#N,1,Train
30596876,CC(=O)NC1CCC(NC(=O)c2cnc(-c3cnn4cc(C#N)cnc34)cc2NC(C)C)CC1,0,Train
14112400,O=C(C(=O)N1CCN(C(=O)c2ccccc2)CC1)c1c[nH]c2c(-c3cnc[nH]3)ccc(F)c12,0,Train
24293509,CCOC(OC)c1cc(C#N)c(N2CC(NC(=O)NS(=O)(=O)Cc3ccccc3)C2)nc1C,0,Train
23071014,CCCC(=O)c1cnn(-c2ccc(NC(=O)c3cn(CC(=O)N4CCN(C)CC4)c4ccc(OC)cc34)cc2)c1C.Cl,0,Train
7682661,CC(=O)O[C@H]1C(=O)[C@]2(C)[C@@H](O)C[C@H]3OC[C@@]3(OC(C)=O)[C@H]2[C@H](OC(=O)c2ccccc2)[C@]23OC(=O)O[C@H]2[C@H](OC(=O)[C@H](O)[C@H](CC(C)C)NC(=O)OC(C)(C)C)C(C)=C1C3(C)C,0,Train
24526893,C[C@@H](Cc1cc(F)ccc1F)Nc1cc[nH]c(=O)c1-c1nc2cc3c(cc2[nH]1)C(=O)N(C)C3=O,0,Train
33073733,NC(=O)c1cc2ccc(OC(F)(F)F)cc2n1-c1cccc(CCC(=O)O)c1,1,Train
30596827,CC(C)Nc1cc(-c2cnn3cc(Cl)cnc23)ncc1C(=O)NC[C@@H](F)C(C)(C)O,1,Train
9334490,c1cc(Cn2cnc3ccccc32)cc(-c2nnn[nH]2)c1,0,Train
32571720,c1ccc(C2COCCN2c2ccnc3[nH]ncc23)cc1,1,Train
78387,CC[C@H]1NC(=O)[C@@H](NC(=O)c2ncccc2O)[C@@H](C)OC(=O)[C@H](c2ccccc2)NC(=O)[C@@H]2CC(=O)CCN2C(=O)[C@H](Cc2ccc(N(C)C)cc2)N(C)C(=O)[C@@H]2CCCN2C1=O,1,Train
22373386,COc1cncc(-c2cccc(C3(c4ccc(OC(F)F)cc4)N=C(N)N4CC(F)(F)CN=C43)c2)c1,0,Train
32601129,Cc1cccnc1CN1CCCC1c1nc2cccc(N3CCN(C)CC3)c2[nH]1,1,Train
11288910,CCCC(NC(=O)C1[C@@H]2[C@H](CN1C(=O)[C@@H](NC(=O)OC(C)(C)C)C(C)(C)C)C2(C)C)C(=O)C(=O)NCC(=O)N[C@H](C(=O)N(C)C)c1ccccc1,0,Train
20083397,COc1cc(Nc2nc3c(-c4ccc(OCC#N)cc4)cccn3n2)ccc1C(=O)NC1CC1,0,Train
23692248,COc1cccc(-c2cccc(C3(C)N=C(N)CCS3)c2)c1,0,Train
25844178,CCCCCCC(N)C(=O)N[C@@H](CCC(N)=O)C(=O)N[C@@H](Cc1c[nH]cn1)C(=O)N1CCC[C@H]1C(=O)NC1OC(C(N)=O)[C@@H](O)C(O)C1O,1,Train
26903679,COc1cc(F)ccc1-c1cc(Nc2cc(CS(C)(=N)=O)cc(F)n2)ncc1F,1,Train
20083265,CNC(=O)c1ccc(Nc2nc3c(-c4ccc(C(=O)N(C)C)cc4)cccn3n2)cn1,0,Train
26080842,O=C1c2ccc(Nc3nc4c(-c5ccc(CN6CCS(=O)(=O)CC6)cc5)cccn4n3)cc2CN1C1CC1,0,Train
26693360,COc1ccc2c(O[C@@H]3C[C@H]4C(=O)N[C@]5(C(=O)NS(=O)(=O)C6CC6)C[C@H]5C=CCCCCC[C@@H](NC(=O)c5nc(C)cs5)C(=O)N4C3)cc(OC(C)C)nc2c1C,0,Train
4207950,CCOC(=O)c1c(C)nc(C)c(C(=O)OC)c1-c1cccc([N+](=O)[O-])c1,1,Train
13098628,CC(=O)N1CCc2nc(-c3ccc(OCCCN4CCCC4C)cc3)sc2CC1,1,Train
31254270,CO[C@@H]1CC[C@@]2(C)[C@@H](C1)C[C@@H](OS(=O)(=O)[O-])[C@@H]1[C@@H]2CC[C@@]2(C)[C@H]1CC[C@@H]2[C@H](C)CCc1nnn[n-]1.[Na+],0,Train
25461009,Cn1c2c(c3cc(S(=O)(=O)c4csc5ccccc45)ccc31)C1CCC(C2)N1,0,Train
12676301,COc1cc(C)c(S(=O)(=O)N(C)CCOCC(=O)N2CCN([C@@H]3CN4CCC3CC4)CC2)c(C)c1.O=C(O)/C=C/C(=O)O,0,Train
26488268,Cc1c(Cc2ccccc2S(=O)(=O)c2ccc(F)cc2)c(-c2ccccc2)nn1CC(=O)O,0,Train
23740165,NC(=O)[C@H](Cc1cccc(F)c1)NC(=O)[C@@H](N)Cc1ccccc1,0,Train
21741232,CCc1cc(-c2c[nH]c3ncc(-c4cnn(CCN(C)C)c4)cc23)nc(N)n1,0,Train
20500868,CS(=O)(=O)C1(c2cc(N3CCOCC3)nc(-c3cccc4[nH]ccc34)n2)CC1,1,Train
12676274,COc1cc(C)c(S(=O)(=O)N(C)CCOCC(=O)N2CCC(C3CCN(C(C)C)CC3)CC2)c(C)c1.O=C(O)/C=C/C(=O)O,0,Train
12995679,NCc1c(-c2ccc(Cl)cc2Cl)ncn1Cc1ccccn1,1,Train
32856642,C[C@@]12CCC[C@H]1[C@@H]1CC=C3C[C@@H](OC(=O)CCC(=O)O)CC[C@]3(C)[C@H]1CC2,1,Train
25965421,CC(C)(C)C(NC(=O)N[C@H](C(=O)N1C[C@H]2[C@@H]([C@H]1C(=O)NC(CC1CC1)C(=O)C(N)=O)C2(C)C)C(C)(C)C)C(=O)OC1CCCC1,0,Train
4095338,CCCCCCCCOc1ccccc1C(=O)Nc1ccc(C(=O)OCC[N+](C)(CC)CC)cc1.[Br-],0,Train
30708686,CC(C)Nc1cc(-n2ncc3cc(C#N)cnc32)ncc1-c1cn([C@@H]2CCN(S(C)(=O)=O)C[C@@H]2O)nn1,0,Train
29230730,CN1CCC2=C(C1=O)C(c1ccc(C#N)cc1CO)N(C)C(=O)N2c1cccc(C(F)(F)F)c1,1,Train
20051371,COc1ccc(-c2cccc3nc(Nc4ccc(C(=O)NCCN5CCCCC5)cc4)nn23)cc1,0,Train
14715346,CCN(CC)CCOC(=O)[C@H](Cc1ccc(-c2c(C(F)(F)F)cc(C)n(C)c2=O)cc1)NC(=O)c1c(Cl)cccc1Cl,0,Train
28903990,NCCS(=O)(=O)Cc1cc2nc(c1)OCCCOc1cc(F)ccc1-c1cc(ncc1F)N2,0,Train
29768899,Cc1nc(C(=O)N[C@H]2CC[C@H](C)CC2)c(C)c(-c2ccc3c(c2C)N(C)CCO3)c1[C@H](OC(C)(C)C)C(=O)O,1,Train
27141247,CN(C)C(=O)N1C(=O)N(c2cccc(C(F)(F)F)c2)C2=C(C(=O)CCC2)C1c1ccc(C#N)cc1,0,Train
12968815,CN[C@@H]1CCN(c2nc(N)nc3c2oc2ncc(Cl)cc23)C1,1,Train
5322652,CC(CCc1ccccc1)NCC(O)c1ccc(O)c(C(N)=O)c1.Cl,1,Train
18361810,Nc1c(-c2ccc([C@H]3CC[C@H](CC(=O)O)CC3)cc2)cnc2ccnn12,1,Train
20792099,O=C(Cn1nc(C(F)(F)F)c2c1CCCC2)Nc1sc2c(c1C(=O)N[C@@H]1CCNC1)CCCC2,0,Train
12676235,COc1cc(C)c(S(=O)(=O)N(C)CCOCC(=O)N2CCC(C3CCN(C)CC3)CC2)c(C)c1.O=C(O)/C=C/C(=O)O,0,Train
8555432,Cc1ccnc(SC(F)(F)c2nc3ccccc3o2)n1,1,Train
23013083,Cn1c(-c2ccc(C(F)(F)F)cn2)c(C2CCCC2)c2ccc(C(=O)NC3(C(=O)Nc4ccc(/C=C/C(=O)O)cc4)CCC3)cc21,0,Train
26332831,Cn1c(N2CCCN(CCCN3c4ccccc4Sc4ccc(/C=C/C(=O)O)cc43)CC2)cc(=O)n(C)c1=O,0,Train
27516519,CC(=O)N1CCC(n2cc(-c3cnc4[nH]cc(C(=O)c5ccc(CO)cc5Cl)c4c3)cn2)CC1,0,Train
9100307,COc1cc(Nc2c(C#N)cnc3cc(OCCCN4CCN(C)CC4)c(OC)cc23)c(Cl)cc1Cl,0,Train
22623052,CCn1cc(C2(c3cccc(-c4cncc(F)c4)c3)N=C(N)c3c(F)cccc32)cc(C)c1=O,0,Train
22853705,O=C(NCc1ccc(F)c(C(F)(F)F)c1)C1c2ccccc2C(=O)N1CCc1ncc(F)cn1,1,Train
18845065,CC[C@]1(O)C[C@H]2CN(CCc3c([nH]c4ccccc34)[C@@](C(=O)OC)(c3cc4c(cc3OC)N(C=O)[C@H]3[C@@](O)(C(=O)OC)[C@H](OC(C)=O)[C@]5(CC)C=CCN6CC[C@]43[C@@H]65)C2)C1,0,Train
27132565,C[S+](CC[C@H](N)C(=O)O)C[C@H]1O[C@@H](n2cnc3c(N)ncnc32)[C@H](O)[C@@H]1O.O=S(=O)([O-])CCCCS(=O)(=O)[O-],0,Train
20051308,CCOc1ccc(-c2cccc3nc(Nc4ccc(NC(C)=O)cc4)nn23)cc1F,0,Train
32612692,Cc1ccnc([C@@H]2CCC[C@H](c3nc4cccc(N5CCN(C)CC5)c4[nH]3)N2C)c1C,0,Train
21177333,COc1ccc(C2(c3cccc(-c4cncnc4)c3)N=C(C)C(N)=N2)cc1,1,Train
9750846,Cc1cc(O)cc(C)c1C[C@H](N)C(=O)NCCCc1[nH]c(=O)c(CCCNC(=O)[C@@H](N)Cc2c(C)cc(O)cc2C)nc1C.Cl,0,Train
32115631,CC(C)(C)OC(=O)N1CCCC(COC(=O)N2C[C@H]3[C@H](CNC(=O)c4ccc5[nH]c(=O)oc5c4)[C@H]3C2)C1,0,Train
11415521,NC(=O)C(=O)N1CC2CC(CN(C(=O)CN3CCC[C@H](NS(=O)(=O)c4ccc5cc(Cl)ccc5c4)C3=O)C2)C1,0,Train
1727187,CC(C)[C@H](N)C(=O)N[C@@H](C(=O)O)C(C)C,0,Train
30428597,Cc1ccc2cc(C(=O)c3cnn(-c4ccc5nc(C)[nH]c5c4)c3N)[nH]c2c1,1,Train
26621054,CCOC(=O)[C@H](C)NP(=O)(COCCn1cnc2c(N)ncnc21)N[C@@H](C)C(=O)OCC,1,Train
26693361,COc1ccc2c(O[C@@H]3C[C@H]4C(=O)N[C@]5(C(=O)NS(=O)(=O)C6CC6)C[C@H]5C=CCCCCC[C@@H](NC(=O)c5ccn(C)n5)C(=O)N4C3)cc(OC(C)C)nc2c1C,0,Train
27175941,COc1ccc(CC(=O)NC(=N)N[C@H](CC2CCCCC2)C(=O)NCc2ccc(-c3nnn[nH]3)cc2)cc1OC,0,Train
20048959,CCCC(=O)c1cc(C#N)c(N2CCC(C(=O)NS(=O)(=O)Cc3ccc(C)cc3)CC2)nc1C,0,Train
12780531,COc1cccc(C(=O)Nc2ccc3c(c2)CCN(C(=O)OC(C)(C)C)C3)c1-c1ccc(C(F)(F)F)cc1,0,Train
26306961,O=C(Cc1nc(N2CCOCC2)cc(=O)[nH]1)N1CCc2cc(F)ccc21,0,Train
18981511,Cc1cc(S(N)(=O)=O)ccc1NC(=O)c1cc(NC2CCCCC2)ncn1,1,Train
26534876,CCOC(=O)C1=C(C)N(C(C(=O)OCC)C(=O)OCC)C(C)=C(C(=O)OCC)C1C=Cc1ccc([N+](=O)[O-])cc1,0,Train
8810703,C=C(Br)C(=O)Nc1cc(C(=O)NCCC(=N)N)n(C)c1.Cl,0,Train
32601203,Cc1cccnc1C1CCCN1Cc1ncccc1CN1CCOCC1,1,Train
5406309,Cn1nnnc1SCC1=C(C(=O)O)N2C(=O)[C@@H](NC(=O)[C@H](O)c3ccccc3)[C@H]2SC1,0,Train
27131963,CC(C)[C@@H](N)C(=O)OC[C@H]1O[C@@H](n2ccc(N)nc2=O)C(F)(F)[C@@H]1O.O=C(O)C(F)(F)F,0,Train
23692256,COc1cccc(-c2cccc(C3(C)CSCC(N)=N3)c2)c1,0,Train
27210033,C/C1=C/C2=C[C@H](C)C[C@@]23O[C@]2(CC(C)(C)C(c4ccc(C(F)(F)F)cc4)=C2C1=O)[C@@H](C)C3=O,1,Train
21420685,Cn1c(N2CCCN(CC/C=C3/c4ccccc4COc4ccc(C(=O)O)cc43)CC2)cc(=O)n(C)c1=O,0,Train
29510865,COc1ccc(F)c(CNC(=O)c2cn(Cc3ccc(Cn4ccccc4=O)cc3)nc2N)c1F,0,Train
32210091,CS(=O)(=O)N1CCN([C@H]2CC[C@H](Nc3ncnc4[nH]cc(C5CCOCC5)c34)CC2)CC1,0,Train
28548072,CC(C)(CNc1nc(Nc2ccnc(C(F)(F)F)c2)nc(-c2cccc(C(F)(F)F)n2)n1)OS(C)(=O)=O,1,Train
23033265,CC#Cc1cncc(-c2cccc([C@@]3(c4cc(C)c(=O)n(CC)c4)N=C(N)c4c(F)cc(F)cc43)c2)c1,0,Train
8347350,CC(C)[C@@H](N)C(=O)OCCOCn1cnc2c(=O)[nH]c(N)nc21,0,Train
12646413,CCOC(=O)c1cnc(N2CCN(C(=O)NS(=O)(=O)c3ccc(Cl)s3)CC2)c(Cl)c1,0,Train
32614170,CN1CCN(c2cccc3nc([C@H]4CCC[C@@H](c5ncccc5Cl)N4)c(Cl)n23)CC1,1,Train
27390820,COc1ccc(CCN2CCC(CCc3ccccc3OC)CC2)cc1,1,Train
10594601,CC(C)(O)CCn1c(Cn2c(=O)n(C3CC3)c3ccncc32)nc2ccccc21,1,Train
6660726,CN1C2CCCC1CC(NC(=O)c1nn(C)c3ccccc13)C2,1,Train
26190158,Cc1nc2ccccc2n1[C@@H]1C[C@@H]2CC[C@H](C1)N2CC[C@@H](NC(=O)C1CCOCC1)c1ccccc1,1,Train
26308873,O=c1cc(N2CCOCC2)nc2n1CC[C@@H](C(F)(F)F)N2C[C@H](O)c1ccccc1,0,Train
14111523,CONC(=O)c1ccc(C)c(Nc2ncnn3cc(C(=O)N[C@@H](C)c4ccccc4)c(C)c23)c1,1,Train
29443091,C[C@H]1CN(c2cccc3nc(-c4nc(-c5cc(C(=O)N(C)C)ccn5)cnc4N)n(C)c23)CCN1,0,Train
32179994,CC(=O)Nc1ccc(S(=O)(=O)Nc2ccc(Oc3ccc(C#N)c(C(F)(F)F)c3)c(C#N)c2)cc1,0,Train
26494615,CNC(=O)Nc1ccc(O)cc1OC[C@@H](O)CN1CCC2(CC1)Cc1cc(F)ccc1O2,0,Train
30708975,CNCCCc1cc(-c2cnc(-n3ncc4cc(C#N)cnc43)cc2NC(C)C)on1,0,Train
22925428,O=C(Nc1ccc(/C=C/c2ccc(NC(=O)[C@@H]3CCCN3C(=O)Cc3cccnc3)cc2)cc1)[C@@H]1CCCN1C(=O)Cc1cccnc1,0,Train
21420706,Cn1c(N2CCCN(CC/C=C3/c4ccccc4COc4ccc(CC(=O)O)cc43)CC2)cc(=O)n(C)c1=O,0,Train
30596858,CCCNc1cc(-c2cnn3cc(Cl)cnc23)ncc1C(=O)NC[C@@H](F)C(C)(C)O,1,Train
24559887,O=C(O)/C=C/C(=O)O.O=C1CCCN1CCCCN1CCN(c2cc(C(F)(F)F)ccn2)CC1,1,Train
30708983,CC(=O)N1CCC(F)(c2cc(-c3cnc(-n4ncc5cc(C#N)cnc54)cc3NC(C)C)on2)CC1,1,Train
30597053,CC(F)(F)Cn1cc(Nc2cc(-c3cnn4cc(Cl)cnc34)ncc2C(=O)NC[C@@H](F)C(C)(C)O)cn1,1,Train
24240271,Cc1ncnc(C)c1C(=O)N1C[C@@H]2CN(CC[C@@H](c3cccc(F)c3)C3CCN(S(C)(=O)=O)CC3)C[C@@H]2C1,1,Train
32612690,[2H]C([2H])([2H])N1[C@H](c2ncccc2C)CCC[C@@H]1c1nc2cccc(N3CCN(C)CC3)c2[nH]1,1,Train
23840451,N[C@@]1(c2ccccc2Cl)CCC[C@@H](O)C1=O,1,Train
9936683,c1ccc([C@H]([C@@H](c2ccccc2)N2CCCC2)N2CCCC2)cc1,1,Train
19633972,O=C(Nc1ccc2c(c1)c1ccccc1n2CCO)c1ccccc1Cl,1,Train
12503261,c1ccc(-n2ncc3c2CCCC3CCN2CCOCC2)cc1,1,Train
30597099,CC(C)(O)C1CCC(NC(=O)c2cnc(-c3cnc4cc(C#N)cnn34)cc2Nc2cnn(C3CC3)c2)CC1,0,Train
30708894,CC(C)Nc1cc(-n2cnc3cnc(N)nc32)ncc1-n1cc(CCC(C)(C)O)nn1,0,Train
33311105,Cc1nc2c(-c3nnc[nH]3)cc(-c3ccnc(N)c3F)cc2n1-c1ccnc2c(F)ccc(F)c12.O=C(O)C(F)(F)F,1,Train
30708716,CC(C)Nc1cc(-n2ncc3cc(C#N)cnc32)ncc1-c1cn([C@@H]2CCNC[C@@H]2F)nn1.O=C(O)C(F)(F)F,0,Train
25077414,CC1CCCN1CCCOc1ccc(C2=NC(C)(CN3CCCCC3)CO2)cn1,0,Train
23592607,COc1cc(Nc2nc3n(n2)CCC(=O)N3Cc2ccccc2C)ccc1-c1noc(C)n1,1,Train
20741113,Cc1ncc(-c2nc(Nc3ccc(CN4CCOC[C@H]4C)cc3F)ncc2F)n1C1CCOCC1,1,Train
32614147,Cc1cccnc1[C@@H]1CCC[C@H](c2nc3cccc(N4CCN(C5CC5)CC4)n3c2CO)N1C,1,Train
18884248,CC(C)(C)CCn1nc(C2CC2)c(O)c(C2=NS(=O)(=O)c3cc(NS(C)(=O)=O)ccc3N2)c1=O,0,Train
12612222,CN(C)c1nc2sc3c(NCCN4CCOCC4)ncnc3c2c2c1COC(C)(C)C2,1,Train
23310241,O=C1/C(=C/c2c[nH]c3nc(Cl)ccc23)Oc2c1ccc(O)c2CN1CCNCC1,0,Train
10364750,O=S(=O)(Nc1ccc2c(-c3ccncc3)c[nH]c2c1)c1ccccc1,0,Train
21180849,NCC(=O)N1CCn2c(nc(-c3ccc(F)cc3)c2Nc2ccc(F)c(F)c2)C1,0,Train
31332804,Cc1cc2c(cc1N1C(=O)c3cccc4c(CCCO)ccc(c34)C1=O)n(C)c(=O)n2C,1,Train
24108431,CC(C)(C)C(=O)OCOC(=O)c1ccccc1-c1ccc(CN2CCC(COC(=O)c3c4n(c5ccccc35)CCCO4)CC2)cc1.CS(=O)(=O)O,0,Train
25994343,N=C(N)NCCC[C@H](NC(=O)[C@H](CCCNC(=N)N)NC(=O)[C@H](CCCNC(=N)N)NC(=O)[C@H](CCCNC(=N)N)NC(=O)[C@H](CCCNC(=N)N)NC(=O)[C@H](CCCNC(=N)N)NC(=O)[C@H](CCCNC(=N)N)NC(=O)CCCNC(=O)c1cc(N=C=S)ccc1-c1c2ccc(=O)cc-2oc2cc(O)ccc12)C(N)=O,0,Train
23463171,COc1cc(F)ccc1-c1nc(Nc2cc(F)cc(CS(C)(=O)=O)c2)ncc1F,0,Train
2059000,CC(C)(C)NCC(O)COc1cccc2c1CC(O)C(O)C2,0,Train
2226282,COc1cc(O)c(CC=C(C)C)c(O)c1C(=O)/C=C/c1ccc(O)cc1,1,Train
19882878,CC(C)[C@H](NC(=O)[C@@H](N)Cc1ccccc1)C(=O)N(C)[C@@H](Cc1ccc(O)c(C(C)(C)C)c1)C(N)=O,0,Train
23546638,O=C(c1cccc(Cc2n[nH]c(=O)c3ccccc23)c1)N1CCn2c(nnc2C(F)(F)F)C1,0,Train
23906634,N#Cc1ccc2cc3c(=O)[nH]c(=O)nc-3n(-c3cccc(CO)c3)c2c1,1,Train
30596927,CC(C)Nc1cc(-c2cnc3cc(Cl)cnn23)ncc1C(=O)NC[C@@H](F)C(C)(C)O,1,Train
12737221,CCCCCN1C(=O)C2(COc3cc4c(cc32)OCO4)c2ccccc21,0,Train
26932521,CCCNc1cc(NC(=O)c2c(F)cccc2F)cc(C(F)(F)F)c1,0,Train
28982738,C[C@H]1Cn2c(nnc2C(C)(C)C)CN1C(=O)c1cccc(C(F)(F)c2n[nH]c(=O)c3ccccc23)c1,0,Train
27060689,CS(=O)(=O)N1C(=O)N(c2cccc(C(F)(F)F)c2)C2=C(C(=O)CC2)[C@H]1c1ccc(C#N)cc1,1,Train
10124965,Cc1ccc(S(=O)(=O)NC(=O)C(c2ccc3c(c2)OCO3)c2cn(C)c3cc(CO)ccc23)cc1,0,Train
20604907,CC(=O)Nc1cccc(C(C)=NNC(=O)c2ccc(CN(Cc3ccccc3)S(=O)(=O)c3ccc(Cl)cc3)cc2)c1,0,Train
29657839,CC(=O)N1CCN(c2cc(-c3cc(Cl)c4c(N)ncnn34)ccc2C#N)C(=O)C1(C)C,1,Train
37417,CN1[C@H]2CC[C@@H]1C[C@H](OC(c1ccccc1)c1ccc(Cl)cc1)C2,1,Train
12766589,COc1cc(C)c(S(=O)(=O)N(C)CCOCC(=O)N2CCN(CC3CCN(C)CC3)CC2)c(C)c1,0,Train
27278873,Nc1nc(-c2nn(Cc3ccccc3F)c3ncccc23)nc(N)c1NC(=O)OC1CCC1,0,Train
23277883,COc1cc2c(cc1OC)CN(Cc1ccc(-c3ccc4ccccc4c3)o1)CC2,0,Train
29695302,CNCCCc1cncc(CCc2cc(C)cc(N)n2)c1,0,Train
10023944,O=C(O)c1cc(/N=N/c2ccc(O)c(C(=O)O)c2)ccc1O,0,Train
20915499,CN(Cc1c2c(=O)n(-c3ccccc3Cl)[nH]c2cc(=O)n1Cc1ccncc1)c1ccccc1,0,Train
20034257,O=C(NC[C@H](O)c1ccccc1)c1ccc(N2CCN(C(=O)c3ccccc3C(F)(F)F)CC2)nn1,1,Train
30597052,CC(F)(F)Cn1cc(Nc2cc(-c3cnn4cc(C#N)cnc34)ncc2C(=O)NC[C@@H](F)C(C)(C)O)cn1,0,Train
10592188,N#CCCCn1c(Cn2c(=O)n(C(F)F)c3ccncc32)nc2ccccc21,1,Train
32180001,N#Cc1cc(NS(=O)(=O)c2ccc(NC(=O)N3CCOCC3)cc2)ccc1Oc1ccc(Cl)c(C(F)(F)F)c1,0,Train
28665343,CC(=O)C1=C(O)C(Cc2cccc3ccccc23)N(CCn2c([N+](=O)[O-])cnc2C)C1=O,1,Train
12995730,NCc1c(-c2ccc(Cl)cc2Cl)ncn1Cc1ccccc1Cl,1,Train
10132871,CC(C)[C@H](N)C(=O)OC[C@@H]1O[C@H](n2cnc(C(N)=O)n2)[C@@H](O)[C@H]1O.Cl,0,Train
27339227,C=Cc1cc([C@H](NC(=O)OC(C)(C)C)C(=O)Nc2ccc(C(=O)NS(=O)(=O)c3ccc(C(F)(F)F)cc3)cc2)ccc1Oc1cc(OC)nc(-c2ccccc2)n1,0,Train
11424446,O=C(NC1CCNCC1)c1n[nH]cc1NC(=O)c1c(Cl)cccc1Cl,0,Train
13521380,COC(=O)c1ccc2[nH]c(C(F)(F)F)nc2c1,1,Train
19450062,NC(=O)N1CCc2nc(-c3ccc(OC4CC(N5CCCCC5)C4)cc3)sc2C1,0,Train
25764144,C[C@@H]1CC[C@H]2[C@H](CCCC3=CC=CCC3=O)C(=O)O[C@@H]3O[C@]4(C)CC[C@@H]1[C@]32OO4,1,Train
29475936,COc1cc(C)c(C(=O)NS(C)(=O)=O)cc1-c1ccc(C#CCO)s1,0,Train
28743813,COc1cc2ncnc(Nc3c(F)ccc(O)c3C)c2cc1OC.Cl,0,Train
20616793,CNC(=O)N1CCC(CN2C[C@@H](c3ccccc3)N(C3CCN(C4(C)CCN(C(=O)c5c(C)cc(C#N)nc5C)CC4)CC3)C2=O)CC1,0,Train
620235,O=C1CNC(=O)[C@H](Cc2c[nH]c3ccccc23)N1,0,Train
23071050,CCCC(=O)c1cnn(-c2ccc(NC(=O)c3cn(CC(=O)N4CCN(C)CC4)c4ccc(C(F)(F)F)cc34)cc2)c1C.Cl,0,Train
32858013,CC[C@H]1CC[C@H]2[C@@H]3CC=C4C[C@@H](OC(=O)CCCCC(=O)O)CC[C@]4(C)[C@H]3CC[C@]12C,0,Train
23744846,COCc1c(-c2cc3cc(C)cc(OC)c3s2)c2c(N)ncnn2c1CN1CCNCC1.O=CO,0,Train
30708934,CC(C)Nc1cc(-n2ncc3cc(C#N)cnc32)ncc1-n1cc(C2CCN(C(=O)C(F)(F)F)CC2)nn1,1,Train
24193064,CC[C@H](C)[C@H](NC(=O)[C@H](Cc1ccccc1)NC(=O)[C@H](CC(C)C)NC(=O)[C@H](CCCNC(=N)N)NC(=O)[C@@H](NC(=O)[C@H](C)NC(=O)[C@H](CCC(=O)O)NC(=O)[C@H](CCC(=O)O)NC(=O)[C@H](CCC(=O)O)NC(=O)[C@H](CCSC)NC(=O)[C@H](CCC(N)=O)NC(=O)[C@H](CCCCN)NC(=O)[C@H](CO)NC(=O)[C@H](CC(C)C)NC(=O)[C@H](CC(=O)O)NC(=O)[C@H](CO)NC(=O)[C@@H](NC(=O)[C@H](Cc1ccccc1)NC(=O)[C@@H](NC(=O)CNC(=O)[C@H](CCC(=O)O)NC(=O)CNC(=O)[C@@H](N)Cc1cnc[nH]1)C(C)O)C(C)O)C(C)C)C(=O)N[C@@H](CCC(=O)O)C(=O)N[C@@H](Cc1c[nH]c2ccccc12)C(=O)N[C@@H](CC(C)C)C(=O)N[C@@H](CCCCN)C(=O)N[C@@H](CC(N)=O)C(=O)NCC(=O)NCC(=O)N1CCC[C@H]1C(=O)N[C@@H](CO)C(=O)N[C@@H](CO)C(=O)NCC(=O)N[C@@H](C)C(=O)N1CCC[C@H]1C(=O)N1CCC[C@H]1C(=O)N1CCC[C@H]1C(=O)N[C@@H](CO)C(N)=O,0,Train
19563325,O=C(/C=C/c1ccc2c(c1)C(=O)CC1(CCN(Cc3ccccc3)CC1)O2)NO,0,Train
28926417,COc1ccc(N2CCN(C(c3ccc(N(C)C)cc3)c3nnnn3C(C)(C)C)CC2)cc1,1,Train
23477646,Oc1cc(Cl)ccc1Oc1ccc(N2CCOCC2)cc1,1,Train
11586114,COc1ccc(-n2nc(C(N)=O)c3c2C(=O)N(c2ccc(C(C)(C)N(C)C)cc2)CC3)cc1,0,Train
27219152,CC[C@H]1C[C@@H](n2c(=O)nc(-c3cnn(C)c3)c3oc4cc(C)c(-c5cnn(C)c5)cc4c32)CCO1,1,Train
12821476,CCOC(=O)c1cc(C#N)c(N2CC(C(=O)NS(=O)(=O)Cc3ccc(Cl)cc3)C2)nc1C,0,Train
23204732,COc1cc2c(cc1OC)CN(Cc1csc(-c3ccc4cc(Br)ccc4c3)n1)CC2,0,Train
30708952,CC(=O)N1CC(c2cc(-c3cnc(-n4ncc5cc(C#N)cnc54)cc3NC(C)C)on2)C1,0,Train
20446595,C=CCCCCN(C)C(=O)[C@@H]1C[C@H](Oc2nc(-c3cccc(F)c3)nc3c(C)c(OC)ccc23)C[C@H]1C(=O)N[C@]1(C(=O)NS(=O)(=O)C2CC2)C[C@H]1C,0,Train
22316899,Cn1c2c(c3cc(S(=O)(=O)c4cccc(Cl)c4)ccc31)C1CCC(C2)N1,0,Train
647610,Cc1cccn2c(=O)c(C(=O)O)cnc12,1,Train
24395780,O=C(O)Cc1c(/C=C/C(=O)OC(Cc2ccc(O)c(O)c2)C(=O)O)ccc(O)c1O,0,Train
28019630,O=C(N[C@@H](Cc1ccccc1)C(=O)NCc1cc(=O)[nH]c2ccc(Cl)cc12)c1ccc2[nH]c(=O)cc(O)c2c1,0,Train
2057142,Oc1cc(Cl)ccc1Oc1ccc(Cl)cc1Cl,1,Train
26800595,COc1cc(F)ccc1-c1cc(Nc2cc(CS(C)(=O)=O)ccn2)ncn1,1,Train
32115643,N#Cc1cc(COC(=O)N2C[C@H]3[C@H](CNC(=O)N4CCc5c(O)noc5C4)[C@H]3C2)cc(OC(F)(F)F)c1,0,Train
32182805,Cl.N=C(N)NC(=N)N1CC[C@@H](c2ccccc2)C1,0,Train
23145339,CCCC[C@@H](C(N)=O)N1Cc2ccccc2C[C@H](NC(=O)[C@@H](CCCNC(=N)N)NC(=O)[C@@H](N)Cc2c(C)cc(O)cc2C)C1=O,0,Train
25655056,Cc1cc(O)cc(C)c1CC(N)C(=O)NCCCCc1[nH]c(=O)c(CCCCNC(=O)C(N)Cc2c(C)cc(O)cc2C)nc1C.Cl,0,Train
9884909,Cc1cc(COc2ccc(S(=O)(=O)CC3(CC(=O)NO)CCCN(CC(C)C)C3)cc2)c2ccccc2n1,0,Train
12446691,CN(C)Cc1cn(Cc2ccc(F)cc2)c2cnc3c(c12)CCN(O)C3=O,0,Train
23386087,O=C(NCc1nccs1)c1ccc2[nH]c(-c3ccc(Oc4ccccc4Cl)cc3)nc2c1,0,Train
12995727,NCc1c(-c2ccc(Cl)cc2Cl)ncn1Cc1ccccc1F,1,Train
11157910,COCCN(c1c(Cl)c(C)cc2[nH]c(=O)c(=O)[nH]c12)S(C)(=O)=O,0,Train
18479018,Cc1c(F)cc(C(=O)NC2CC2)cc1-c1c(F)cn2c(C(C)(C)C)nnc2c1F,1,Train
27232090,COC(=O)N[C@H](C(=O)NN(CCC[C@@]1(O)Cc2ccc(cc2)C/C=C\\CNC(=O)[C@H](C(C)C)NC1=O)Cc1ccc(Br)cc1)C(C)(C)C,0,Train
6886122,O=C([O-])c1cc(/N=N/c2ccc(O)c(C(=O)[O-])c2)ccc1O.[Na+],0,Train
26883072,CC(=O)Nc1cccc(-c2ccc(CC(=O)NCc3ccco3)cc2)c1,1,Train
30596841,CC(C)(O)[C@H](F)CNC(=O)c1cnc(-c2cnn3cc(Cl)cnc23)cc1Nc1cnn(C2COC2)c1,0,Train
23477686,CCNC(=O)c1ccc(Oc2ccc(Cl)cc2O)s1,1,Train
13062413,O=C1NN=C(c2ccc(OC3CCN(C4CCC4)CC3)cc2)[C@H]2C[C@@H]12,1,Train
30169895,O=C(Cc1ccc(F)cc1)N1CCN(c2ccnc(O[C@H]3CC[C@H](Nc4ccc([N+](=O)[O-])c(C(F)(F)F)c4)CC3)c2)CC1,0,Train
27157524,C=CCn1c(=O)c2cccnc2n(CC=C)c1=O,1,Train
21859087,CN(Cc1ccc(-c2ccc(N3CCOc4ncnc(N)c4C3=O)cc2)c(Cl)c1)C(=O)CCCN,0,Train
32601279,CN1CCN(c2cccc3nc(CN4CCCC4c4nccc5ccccc45)cn23)CC1,1,Train
18877902,O=C(/C=C/c1cccc(Cl)c1)NC1(C(=O)N[C@H](Cc2ccccc2)C(=O)NCC2CCN(CC3CCOCC3)CC2)CCCC1.O=C(O)C(F)(F)F,0,Train
12733081,CCC(C)CCN1C(=O)C(O)(c2ccc3c(c2)OCO3)c2ccccc21,1,Train
26894719,N#Cc1ccc(CCNC(=O)[C@@H]2CCN2c2cc(N3CCC(Oc4ccc(CC(=O)O)cc4)CC3)nc(C(F)(F)F)n2)cc1,0,Train
11288888,C[C@@H](NC(=O)C(=O)C(CC1CC1)NC(=O)[C@@H]1[C@@H]2[C@H](CN1C(=O)[C@@H](NC(=O)N[C@H](C(=O)OC(C)(C)C)C(C)(C)C)C(C)(C)C)C2(C)C)c1ccccc1,0,Train
59741,O=c1c(-c2ccc(O)cc2)coc2cc(O[C@@H]3O[C@H](CO)[C@@H](O)[C@H](O)[C@H]3O)ccc12,0,Train
30996557,CC(C)(C)[Si](C)(C)Oc1ccc2c(c1)C[C@@H](CCCCCCCCC[S@@](=O)CCCC(F)(F)C(F)(F)F)[C@@H]1[C@@H]2CC[C@]2(C)[C@@H](O)CC[C@@H]12,0,Train
20083439,CC(c1ccc(-c2cccn3nc(Nc4ccc(C(=O)NC5CC5)cc4)nc23)cc1)N1CCOCC1,1,Train
10345238,CN(CC(=O)O)C(=O)CN(C)C(=O)CN,0,Train
21532689,CC(C)(O)CCc1cn(Cc2ccc(F)cc2)c2cnc3c(c12)CCN(O)C3=O,0,Train
5468800,NC(=O)[C@H](Cc1ccccc1)NC(=O)[C@H](Cc1ccccc1)NC(=O)[C@@H]1CCCN1C(=O)[C@@H](N)Cc1ccc(O)cc1,0,Train
10731719,CC(=O)[C@H]1CC[C@H]2[C@@H]3CC=C4C[C@@H](OC(=O)C(=O)O)CC[C@]4(C)[C@H]3CC[C@]12C,1,Train
21379660,Cc1n[nH]c2ccc(C3C(C#N)=C(C(F)(F)F)NC(C(F)(F)F)=C3C#N)cc12,1,Train
30708700,CC(C)Nc1cc(-n2ncc3cc(C#N)cnc32)ncc1-c1cn([C@@H]2CCNC[C@H]2O)nn1.O=C(O)C(F)(F)F,0,Train
23263463,Cc1cc(C(F)(F)F)c(-c2ccc(CC(NC(=O)c3c(Cl)cccc3Cl)C(=O)OCC(C)C)cc2)c(=O)n1C,1,Train
12446751,CC1CCN(S(=O)(=O)c2cn(Cc3ccc(F)cc3)c3cnc4c(c23)CCN(O)C4=O)CC1,0,Train
23013014,Cn1c(-c2ccncc2)c(C2CCCC2)c2ccc(C(=O)NC(C)(C)C(=O)Nc3ccc(C=CC(=O)O)cc3)cc21,0,Train
6730103,Cc1cccn2c(=O)c(-c3nnn[nH]3)cnc12,1,Train
12530288,O=C(N[C@@H](Cc1ccc(F)c(Br)c1)C(=O)O)c1ccc(Cl)cc1NS(=O)(=O)c1cccc2nccnc12,0,Train
3656856,C[C@H](N[C@@H](CCc1ccccc1)C(=O)O)C(=O)N1CCC[C@H]1C(=O)O,0,Train
12646687,CCOC(=O)c1cc(C#N)c(N2CCN(C(=O)NS(=O)(=O)c3ccc(Cl)cc3)CC2)nc1C(F)(F)F,0,Train
30053299,N=C(Nc1ccc(F)c(Br)c1)c1nonc1N,0,Train
12933539,CC(C)=CCn1c(N2CCC[C@H](N)C2)c(C#N)c2ncn(Cc3ccnc4ccccc34)c(=O)c21,0,Train
21379623,Cc1n[nH]c2cc(F)c(C3C(C#N)=C(CCC(F)(F)F)NC(C(F)(F)F)=C3C#N)cc12,1,Train
23710275,O=C(Cc1cccc(OC(F)(F)F)c1)Nc1ccc(CCCCc2nnc(NC(=O)Cc3cccc(OC(F)(F)F)c3)s2)nn1,0,Train
7811195,CCCCCCCCc1ccc(CCC(N)(CO)CO)cc1,0,Train
32601155,CN1CCN(c2c(CN3CCCC3c3nccs3)nc3ccccn23)CC1,1,Train
23013080,Cc1cccc(-c2c(C3CCCC3)c3ccc(C(=O)NC4(C(=O)Nc5ccc(/C=C/C(=O)O)cc5)CCC4)cc3n2C)n1,0,Train
23198073,O=C(Nc1nnn[nH]1)c1ccc(F)c2c(C(=O)C(=O)N3CCN(C(=O)c4ccccc4)CC3)c[nH]c12,0,Train
3596648,O=C1CC[C@@]2(O)[C@H]3Cc4ccc(O)c5c4[C@@]2(CCN3CC2CC2)[C@H]1O5,1,Train
29717880,NC(=O)c1cnc2ccc(-c3cccnc3)cc2c1NC1CCOCC1,1,Train
31967200,CCN[C@H]1CCC=C(c2ccc(F)cc2)[C@@H]1COc1cc(F)c(S(=O)(=O)Nc2cscn2)cc1Cl.Cl,0,Train
13100504,CCCc1nc(C)c2c(=O)[nH]c(-c3cc(S(=O)(=O)N(C)CC(=O)N(C)OC)ccc3OCC)nn12,1,Train
33289311,CN(C(=O)[C@@H]1[C@@H](Cc2ccnc(N)c2)C(=O)N1C(=O)N[C@@H](C1CCCCC1)C1CC1)c1ccncc1,1,Train
23009933,O=C1COCCN1c1ccc(C2CC(c3ccc([N+](=O)[O-])o3)=NO2)cc1,1,Train
11586219,COc1ccc(-n2nc(C(N)=O)c3c2C(=O)N(c2ccc(C(C)(C)CNC4CC4)cc2)CC3)cc1,0,Train
13065984,C=C[C@@H]1C[C@]1(NC(=O)[C@@H]1C[C@@H](Oc2cc(-c3csc(NC(C)C)n3)nc3cc(OC)ccc23)CN1C(=O)[C@@H](NC(=O)OC1CCCC1)C(C)(C)C)P(=O)(O)Cc1ccccc1,0,Train
20093339,COc1ccc([C@H]2Oc3c(OC)cc4ccc(=O)oc4c3O[C@@H]2CO)cc1OC,1,Train
7797674,CNS(=O)(=O)Cc1ccc2[nH][14cH]c(CCN(C)C)c2c1,0,Train
24571049,COc1cc2c(cc1S(=O)(=O)Nc1ccc(C(F)(F)F)cc1)C(=O)NC(C)(C)C(=O)N2,0,Train
21379645,CCC(F)(F)C1=C(C#N)C(c2ccc3[nH]nc(C)c3c2)C(C#N)=C(C)N1,1,Train
31519828,CN(c1ncnc2[nH]ccc12)[C@H]1CN(S(=O)(=O)c2cccc(C#N)c2)CC12CC2,1,Train
11586285,COc1ccc(-n2nc(C(N)=O)c3c2C(=O)N(c2ccc(C4(CN5CCCC5)CC4)cc2)CC3)cc1,0,Train
30708676,CCOC(=O)N1CC[C@H](n2cc(-c3cnc(-n4ncc5cc(C#N)cnc54)cc3NC(C)C)nn2)[C@H](O)C1,0,Train
625127,COc1cc(Cc2cnc(N)nc2N)cc(OC)c1OC,1,Train
29314747,CNc1nc(OCCOC)nc2c1[nH]c(=O)n2Cc1ccccc1,0,Train
6495519,CO/N=C(\\C(=O)N[C@@H]1C(=O)N2C(C(=O)O)=C(CSc3nc(=O)c(=O)[nH]n3C)CS[C@H]12)c1csc(N)n1,0,Train
32612451,CN1CCC(n2c([C@H]3CCC[C@@H](c4ncccc4Cl)N3)nc3ccccc32)CC1,1,Train
9879260,Cc1cc(COc2ccc(S(=O)(=O)C[C@H]3[C@@H](C(=O)NO)CCN3C)cc2)c2ccccc2n1,0,Train
15609654,Cc1cc(O)cc(C)c1C[C@H](N)C(=O)N[C@H](CCCNC(=N)N)C(=O)N[C@@H](Cc1ccccc1)C(=O)N(C)[C@@H](CCCCN)C(N)=O,0,Train
25266015,Cn1c(-c2cccc(N)n2)c(C2CCCC2)c2ccc(C(=O)NC(C)(C)C(=O)Nc3ccc(/C=C/C(=O)O)cc3)cc21,0,Train
23783601,Cc1nn(-c2ccnc(Nc3ccc4c(c3)c(C)c(C)n4C)n2)cc1CN1CC(O)C1,0,Train
12995667,NCc1c(-c2ccc(Cl)cc2Cl)ncn1Cc1ccsc1,1,Train
24734019,C=CCN1CC[C@]2(C)c3cc(O)ccc3CC1[C@@H]2C,1,Train
24095677,O=C(Nc1ccc(OC(F)(F)Cl)cc1)c1cnc(N2CC[C@@H](O)C2)c(-c2ccn[nH]2)c1,0,Train
20385142,COc1ccc(OC2CN(c3c4c(nc5ccnn35)CCNCC4)C2)cc1,1,Train
23864746,O=C(N[C@@H]1O[C@H](CO)[C@@H](O)[C@H](O)[C@H]1O)c1nc(-c2cccc3ccccc23)no1,0,Train
23477677,Cc1cc(NC(=O)c2ccc(Oc3ccc(Cl)cc3O)o2)no1,1,Train
23012897,CN1CCC(NC(=O)c2ccc3c(C4CCCC4)c(-c4cccc(N)n4)n(C)c3c2)(C(=O)Nc2ccc(C=CC(=O)O)cc2)CC1,0,Train
23013074,CC(=O)Nc1nc(-c2c(C3CCCC3)c3ccc(C(=O)NC4(C(=O)Nc5ccc(/C=C/C(=O)O)cc5)CCC4)cc3n2C)cs1,0,Train
139881,NC1=NS(=O)(=O)c2ccccc21,0,Train
30708646,CC(C)Nc1cc(-n2ccc3cc(C#N)cnc32)ncc1-c1cn(CCN2CCOCC2)nn1.O=C(O)C(F)(F)F,1,Train
14537692,CC(C)n1c(=O)c(C(=O)N[C@@H]2C[C@@H]3CC[C@H](C2)N3C[C@H](O)CN2CCN(S(C)(=O)=O)CC2)cc2ccccc21,1,Train
27681983,COc1ccc(CC(=O)NCc2ccccc2-c2ccccc2/C=C/c2ccc(F)cc2)cc1,0,Train
22108302,COc1ccc(-c2nnc(C(=O)N3CC(Oc4ccc(CN5CCN(C)CC5)c(F)c4)C3)o2)cc1,1,Train
22495887,CC(C)[C@@H](c1nc2ccccc2o1)n1cc(/C=C/C(=O)NO)nn1,0,Train
30708642,CC(=O)N1CCC[C@@H](n2cc(-c3cnc(-n4ncc5cc(C#N)cnc54)cc3NC(C)C)nn2)C1,0,Train
25991285,C[C@@H]1O[C@H](/C=C/c2ccccc2)OC[C@H]1NC(=O)Cc1ccccc1,0,Train
33434973,C=CC(=O)N1C[C@H]2C[C@@H]1CN2c1ccc(C(N)=O)c(Nc2ccc(C)nc2)n1,0,Train
9293178,COc1ccc2ccc(S(=O)(=O)N[C@@H](CCCCN)C(=O)c3nccs3)cc2c1,0,Train
23012990,COc1cccc(-c2c(C3CCCC3)c3ccc(C(=O)NC(C)(C)C(=O)Nc4ccc(C=CC(=O)O)cc4)cc3n2C)n1,1,Train
32870083,Cn1c(=O)n(C2CCOCC2)c2c3cc(-c4cccnc4)ccc3ncc21,1,Train
11220385,C=C[C@@H]1C[C@]1(NC(=O)[C@@H]1C[C@@H](Oc2cc(-c3ccccc3)nc3cc(OC)ccc23)CN1C(=O)[C@@H](NC(=O)OC(C)(C)C)C(C)(C)C)c1nnc(-c2ccccc2)o1,0,Train
12549356,Cc1ccc(N2c3cccc(C(=O)Nc4ccc(OC(C)C)c(F)c4)c3OC[C@@H]2CO)nc1,1,Train
10511196,Cc1cc(C(=O)Nc2ccc(-c3ccccc3S(C)(=O)=O)cc2F)n(-c2cccc(CN)c2)n1.O=C(O)C(F)(F)F,0,Train
32612482,Cc1cccnc1[C@@H]1CCC[C@H](c2nc3ccccc3n2CCCN2CCOCC2)N1C,1,Train
23012946,Cn1c(-c2ccccn2)c(C2CCCC2)c2ccc(C(=O)NC(C)(C)C(=O)Nc3ccc(C=CC(=O)O)cc3)cc21,0,Train
4087090,CN(C)C(=O)C(CCN1CCC(O)(c2ccc(Cl)cc2)CC1)(c1ccccc1)c1ccccc1.Cl,1,Train
21305929,O=C(Nc1ccc(C=Cc2ccc(NC(=O)[C@@H]3CCCN3C(=O)Cc3ccccc3)cc2)cc1)[C@@H]1CCCN1C(=O)Cc1ccccc1,0,Train
23692221,CC1(c2cccc(-c3cccnc3)c2)N=C(N)c2ccccc2O1,1,Train
10602039,O=c1n(Cc2nc3ccccc3n2CCCCO)c2cnccc2n1C1CCC1,1,Train
1977317,N=C(N)NC(=N)NCCc1ccccc1,0,Train
27175830,C[C@H](N)c1cc(C(=O)NCCN(C)C)cn2c(=O)cc(N3CCOCC3)nc12,0,Train
29161649,CCOc1ccc(-c2ccc(CN3CCc4cc(OC)c(OC)cc4C3)cc2)cc1,0,Train
12646511,CCOC(=O)c1cc(C#N)c(N2CC(NC(=O)NS(=O)(=O)c3ccc(Cl)s3)C2)nc1C,0,Train
33129032,CC(C)OC(=O)C(C)(C)N[P@](=O)(OC[C@H]1O[C@@](C#N)(c2ccc3c(N)ncnn23)[C@](C)(O)[C@@H]1O)Oc1ccccc1,0,Train
281274,COc1c(O)cc2oc(-c3ccccc3)cc(=O)c2c1O,0,Train
21177464,CC1=NC(c2cccc(-c3cncc(Cl)c3)c2)(C2CC2)N=C1N,1,Train
12629938,O=C(O)COc1ccc(Cl)cc1CN1CCN(S(=O)(=O)c2ccccc2)CC1,0,Train
20611434,Cc1ccc2oc(C(=O)NC3(C(=O)N[C@@H](CCCN4CCN(CC5CCOCC5)CC4)Cc4ccccc4)CCCC3)cc2c1,1,Train
26798590,COc1cc(F)ccc1-c1cc(Nc2cc(CS(C)(=O)=O)ccn2)ncc1F,1,Train
31187857,N=C(N)N1CCCC(Cc2cccc3occc23)C1.O=S(=O)(O)C(F)(F)F,0,Train
21216140,CN(C)C(=O)CCN1CCN(C[C@@H]2C[C@@]2(C(=O)N(C)Cc2ccc(F)cc2)c2ccc(Cl)c(Cl)c2)CC1,1,Train
18969663,CN1CCN(c2ccc(C(=O)Nc3n[nH]c4ccc(Cc5cc(F)cc(F)c5)cc34)c(NC3CCOCC3)c2)CC1,0,Train
27219179,CC[C@H]1C[C@@H](n2c(=O)nc(-c3cnn(C)c3)c3oc4cnc(-c5cn(CC)cn5)cc4c32)CCO1,1,Train
30709046,CC(C)Nc1cc(-n2ncc3cc(C#N)cnc32)ncc1-c1cn(CCC(F)(F)F)nn1,1,Train
11038638,O=C(/C=C/c1ccc2c(c1)nc(CCc1ccccc1)n2CCN1CCCC1)NO,0,Train
774381,O=Cc1ccc(O)c(O)c1,1,Train
11102975,O=C(NC1CCN(C(=O)CCc2ccc(F)nc2)CC1)C(c1ccccc1)C1CCCCC1,1,Train
3615946,CN(C)C(=O)Oc1cccc([N+](C)(C)C)c1,0,Train
29314748,COc1cc2ncc(C(=O)N(C)C)c(Nc3ccc(Cl)cc3F)c2cc1OC,1,Train
22670282,O=c1cc(N2CCOCC2)nc(Cc2nc3c(-c4ccccc4)c(F)ccc3o2)[nH]1,1,Train
11220399,C=C[C@@H]1C[C@]1(NC(=O)[C@@H]1C[C@@H](Oc2cc(-c3ccccc3)nc3cc(OC)ccc23)CN1C(=O)[C@@H](NC(=O)OC(C)(C)C)C(C)(C)C)C(=O)NNC(=O)Cc1ccccc1,1,Train
26693367,COc1ccc2c(O[C@@H]3C[C@H]4C(=O)N[C@]5(C(=O)NS(=O)(=O)C6(C)CC6)C[C@H]5C=CCCCCC[C@@H](NC(=O)c5ccn(C)n5)C(=O)N4C3)cc(OC(C)C)nc2c1C,1,Train
25265486,CCCCCCC(N)C(=O)N[C@@H](Cc1ccc(O)cc1)C(=O)N1CCC[C@H]1C(=O)N[C@@H](Cc1c[nH]c2ccccc12)C(=O)N[C@@H](Cc1ccccc1)C(=O)NC1OC(C(N)=O)C(O)C(O)C1O,0,Train
23263487,Cc1cc(C(F)(F)F)c(-c2ccc(CC(NC(=O)c3c(Cl)cccc3Cl)C(=O)OCCCN3CCOCC3)cc2)c(=O)n1C,1,Train
24674053,CN(C)C(=O)CCSC(SCCC(=O)O)c1cccc(C=Cc2ccc3ccc(Cl)cc3n2)c1,0,Train
11586283,COc1ccc(-n2nc(C(F)(F)F)c3c2C(=O)N(c2ccc(C4(C5=NC(C)(C)CO5)CC4)cc2)CC3)cc1,0,Train
29322657,Nc1cc(Nc2cc(Cl)c3n(c2=O)C2(CCCC2)NC3=O)ncn1,0,Train
27219149,CC[C@H]1C[C@@H](n2c(=O)nc(-c3cnn(C)c3)c3oc4cc(F)c(-c5ccc(C(C)O)nc5)cc4c32)CCO1,1,Train
8165879,CCCC(=O)Nc1ccc(OCC(CNC(C)C)OC(=O)C2CC2)c(C(C)=O)c1,1,Train
12246655,CC(C)N(C)[C@@H]1CC[C@H](N2CC[C@H](NC(=O)c3cccc(C(F)(F)F)c3)C2=O)[C@H](CS(=O)(=O)C(C)C)C1,0,Train
9554832,Cc1ccc(O)c(C)c1OCC(C)N,1,Train
1089071,C=CCN1CC[C@]23c4c5ccc(O)c4O[C@H]2C(=O)CC[C@@]3(O)[C@H]1C5,1,Train
24924473,CC1C[C@H]2[C@@H]3CC[C@](O)(C(=O)CO)[C@@]3(C)C[C@@H](O)[C@@H]2[C@@]2(C)C=CC(=O)C=C12,1,Train
30596814,CC(C)(O)[C@H](F)CNC(=O)c1cnc(-c2cnn3cc(Cl)cnc23)cc1NC1CC1,1,Train
23305833,O=C(Nc1nnc(Cc2cccc(Cl)c2)s1)c1ccc(O[C@H]2CC[C@@H](C(=O)O)CC2)nc1,0,Train
26903757,COc1cc(F)ccc1-c1cc(Nc2cc(CS(C)(=N)=O)cc(C)n2)ncc1F,1,Train
22632785,Cc1nc2ccc(-n3ncc(C(=O)c4cc5ccccc5[nH]4)c3N)cc2[nH]1,1,Train
7957115,CCN(CC)CCOc1ccc(Nc2ncc3cc(-c4c(Cl)cccc4Cl)c(=O)n(C)c3n2)cc1,1,Train
29475949,COc1cc(OC)c(-c2ccc(C#CCO)s2)cc1C(=O)NS(=O)(=O)c1ccccc1,1,Train
32601195,Cc1cccnc1C1CCCN1Cc1nccn1CC1CCOCC1,1,Train
20083263,CC(=O)Nc1ccc(Nc2nc3c(-c4ccc(C(=O)O)cc4)cccn3n2)cc1,0,Train
32601136,Cc1cccnc1C1CCCN1Cc1nccn1CC1CCN(C)CC1,1,Train
21177526,COc1cccc(-c2cccc(C3(C4CCN(C(C)=O)CC4)N=C(C)C(N)=N3)c2)c1,0,Train
19761440,CCC(C(=O)O)c1ccc2c(c1)N(CCCN1CCCN(c3cc(=O)n(C)c(=O)n3C)CC1)c1ccccc1S2,1,Train
12514618,COCCOc1cc(NC(=O)C(C)(C)NC(=O)c2ccc3c(C4CCCC4)c(-c4ncc(Cl)cn4)n(C)c3c2)ccc1/C=C/C(=O)O,1,Train
11682328,CCCCN1C(=O)[C@H](CC2CCCCC2)NC(=O)C12CCN(Cc1ccc(Oc3ccc(O)cc3)cc1)CC2.Cl,0,Train
4845772,CNC(=C[N+](=O)[O-])NCCSCc1ccc(CN(C)C)o1,0,Train
24434317,CC(C)(N)C(=O)N1CCn2c(nc(-c3cccc(F)c3)c2Nc2ccc(F)cc2)C1.Cl,0,Train
616782,Cn1c2nc(=O)[nH]c(=O)c-2cc2ccccc21,1,Train
24874873,CCC(C)N1CCC(C(=O)NO)C(CS(=O)(=O)c2ccc(OCc3cc(C)nc4ccccc34)cc2)C1,0,Train
18660759,CC(=O)N1CCN(c2nc(NCc3cnc4ccccc4c3)c3c(n2)C(=O)N(C(C)C)C3)CC1,0,Train
32601252,Cc1cccnc1C1CCCN1Cc1ccccc1-n1cccn1,1,Train
2052411,O=C1c2ccccc2C(=O)C1c1ccc(F)cc1,1,Train
22142723,Cc1[nH]c2cc([C@@H]3CCCCN3C(=O)c3ccccc3N)nn2c(=O)c1C,0,Train
12514552,CC(C)Oc1cc(NC(=O)C2(NC(=O)c3ccc4c(C5CCCC5)c(-c5ccccn5)n(C)c4c3)CCC2)ccc1/C=C/C(=O)O,1,Train
19756456,COc1ccc2cc(CCC(C)=NOCCOC(=O)C[C@H](NC(=S)[C@H](C)N)C(=O)O)ccc2c1,0,Train
11102952,O=C(NC1CCN(C(=O)CCc2cccnc2)CC1)C(c1ccccc1)c1ccccc1,0,Train
19872344,CN(C)C(=O)c1nc([C@@H](O)[C@H](O)[C@H](O)CO)c[nH]1,0,Train
22884224,Cc1cc(Oc2cncnc2)cc(C(=O)Nc2ccc(F)cn2)n1,0,Train
11690026,CCC(NC(=O)c1cc(F)cnc1Oc1ccc(F)cc1)c1ccc(C(=O)O)cc1,1,Train
23194866,C[S@@](=O)Cc1ccc(C(=O)Nc2cccnc2C(=O)NCC2CCOCC2)c2ccccc12,1,Train
23751947,CNc1ccc(-c2nc(=O)n(C(C)CC3CCCO3)c3c2oc2ncc(-c4cnn(C)c4)cc23)cn1,1,Train
30610266,COc1nc(C2=NOC[C@H](c3cc4ccccc4o3)N2)ccc1-n1cnc(C)c1,1,Train
19367154,Cc1nc(C)c(-c2ccc([C@H]3CC[C@H](CC(=O)O)CC3)cc2)nc1C(N)=O,1,Train
24935605,COC(=O)c1ccc(-c2ccc(OC3OC(CO)C(O)C(O)C3O)c(Cl)c2)cc1,0,Train
11572612,Cc1ccc(Nc2nccc(N(C)c3ccc4c(C)n(C)nc4c3)n2)cc1S(N)(=O)=O.Cl,1,Train
29555295,COc1cc(-c2cn(C)c(=O)c3cnccc23)cc(OC)c1CN(C)C,0,Train
27219162,CC[C@H]1C[C@@H](n2c(=O)nc(-c3cnn(C)c3)c3oc4nc(C)c(-c5cnn(C)c5)cc4c32)CCO1,0,Train
23718325,COc1ccnc(Oc2ccc3c(c2)c(=O)ncn3Cc2c(F)cc(F)cc2F)c1C(F)(F)F,0,Train
32601191,CN1CCN(c2cccc3nc(C4CCCN4Cc4ncccn4)[nH]c23)CC1,1,Train
12446711,CC(=O)N(C)CCCc1cn(Cc2ccc(F)cc2)c2cnc3c(c12)CCN(O)C3=O,0,Train
23692205,COc1ccc(C2(c3cccc(-c4cncnc4)c3)CCC(N)=N2)cc1,0,Train
1380662,CC(C(=O)O)c1ccc(C(=O)c2ccccc2)s1,1,Train
24571024,CC1(C)NC(=O)c2cc(S(=O)(=O)Nc3ccc(C(F)(F)F)cc3)ccc2NC1=O,0,Train
29443089,C[C@H]1CN(c2cccc3nc(-c4nc(-c5cccc(C(=O)N(C)C)c5)cnc4N)n(C)c23)CCN1,0,Train
26467374,C[C@@H]1COCCN1c1cc(=O)n2c(n1)N(Cc1ccno1)[C@H](C(F)(F)F)CC2,0,Train
22142972,Cc1cn2nc([C@@H]3CCCCN3C(=O)c3cc(Cl)ccc3NS(C)(=O)=O)cc2nc1N1CC[C@@H](O)C1,1,Train
28083997,Ic1ccc(OCCCCCn2ccnc2)cc1,1,Train
4286775,N=C(N)c1ccc(OCCCCCOc2ccc(C(=N)N)cc2)cc1.O=S(=O)(O)CCO,0,Train
11802318,COc1ccc(Cn2nnc(-c3cccc(C(=O)NCc4ccc(C(=O)O)cc4)c3)n2)cc1,0,Train
28803441,COC(=O)/C=C/c1cccc(N(Cc2ccc(-c3ccc4c(cnn4C)c3)cc2)C(=O)C2CCN(C)CC2)c1,0,Train
30708959,CC(C)Nc1cc(-n2ncc3cc(C#N)cnc32)ncc1-c1cc([C@@H]2COCCN2)no1,1,Train
19149217,O=C(C1CCOCC1)N1CCCN(c2nc(C(F)(F)F)c(Cl)s2)CC1,1,Train
24074044,NS(=O)(=O)c1ccc(-n2nnc(CSC3O[C@H](CO)[C@@H](O)[C@H](O)[C@H]3O)c2I)cc1,0,Train
25157693,Cc1cn(C2CC(N=[N+]=[N-])C(COP(=O)(CCl)NC(C)C)O2)c(=O)[nH]c1=O,0,Train
27187071,Cc1ccc(NC(=O)c2cccc(C(F)(F)F)c2)cc1-c1cc(N2CCOCC2)c(=O)n(C)c1,1,Train
94996,COc1ccc2c3c1O[C@H]1[C@@H](O)C=C[C@H]4[C@@H](C2)N(C)CC[C@]314,1,Train
24526894,C[C@@H](Cc1cc(F)ccc1F)Nc1cc[nH]c(=O)c1-c1nc2cc3c(cc2[nH]1)CN(C)C3=O,0,Train
2390719,C/C=C(/C)C(=O)O[C@@H]1CCC2=CC(=O)C(=C(C)C)C[C@]2(C)[C@H]1C,1,Train
27904961,Cl.Fc1cccc(CCCNCCc2ccnc(-n3ccnc3)n2)c1,1,Train
28803333,COC(=O)/C=C/c1cncc(N(Cc2ccc(-c3ccc(N(C)C)cc3)cc2Cl)C(=O)[C@@H]2C[C@@H]3CC[C@H]2C3)c1,0,Train
27682077,O=C(Cc1ccc(F)cc1)NCc1ccccc1-c1ccccc1/C=C/c1ccc(O)cc1,0,Train
10314038,CNCc1ccccc1-c1ccc(NC(=O)c2cc(C(F)(F)F)nn2-c2ccc3onc(N)c3c2)c(F)c1,0,Train
23269727,CC(C)N1CCN(C(=O)Cn2c(-c3ccc(Oc4ccccn4)cc3F)c(C3CCCCC3)c3ccc(C(=O)NS(=O)(=O)N(C)C)cc32)CC1.O=C(O)C(F)(F)F,0,Train
23194867,C[S@](=O)Cc1ccc(C(=O)Nc2cccnc2C(=O)NCC2CCOCC2)c2ccccc12,0,Train
30708526,CCCn1cc(-c2cnc(-n3ncc4cc(C#N)cnc43)cc2Nc2cnn(CC(F)F)c2)nn1,1,Train
1279633,CCC1OC(=O)C(C)C(OC2CC(C)(OC)C(O)C(C)O2)C(C)C(OC2OC(C)CC(N(C)C)C2O)C(C)(O)CC(C)C(=O)C(C)C(O)C1(C)O,0,Train
1694611,OCC1OC(OCC2OC(OC3(CO)OC(CO)C(O)C3O)C(O)C(O)C2O)C(O)C(O)C1O,0,Train
24182559,C=CC[C@H](N)c1ccccc1-c1noc2ccccc12.Cl,1,Train
20994193,CC(C)(C)c1ncc2c(n1)-c1sc(NC(=O)N3CCC[C@@]3(C)C(N)=O)nc1CC2,0,Train
29314738,CNC(=O)c1cnc2cc(OC)c(OC)cc2c1Nc1ccc(Cl)cc1F,1,Train
29593990,Cc1sc2c(c1C)C(c1ccc(Cl)cc1)=N[C@@H](CC(=O)OCC(C)O)c1nnc(C)n1-2,1,Train
774890,O=C(O)c1ccccc1O,1,Train
21251368,CCCS(=O)(=O)Nc1ccc(F)c(C(=O)Nc2cnc3ccnn3c2)c1F,1,Train
11625974,O=c1cc(-c2ccc(O)cn2)oc2ccccc12,0,Train
23600169,CC[C@]1(C)NC(=O)c2cc(S(=O)(=O)Nc3ccc(OC(F)F)cc3)ccc2NC1=O,0,Train
23828643,O=C(O)CC1CCC(c2ccc(-c3nc4cc(NC(=O)c5nc(-c6ccccc6)oc5C(F)(F)F)ccc4[nH]3)cc2)CC1,0,Train
32612599,Cc1cccnc1[C@@H]1CCC[C@H](c2nc3ccccc3n2CCCN2CCC(F)(F)CC2)N1C,0,Train
1445583,COc1cccc2c1C(=O)c1c(O)c3c(c(O)c1C2=O)C[C@@](O)(C(C)=O)C[C@@H]3O[C@H]1C[C@H](N)[C@H](O)[C@H](C)O1,0,Train
1292722,OC[C@H]1O[C@](O)(CO)[C@@H](O)[C@@H]1O[C@@H]1O[C@H](CO)[C@H](O)[C@H](O)[C@H]1O,0,Train
11102959,O=C(NC1CCN(C(=O)CCc2cccnc2)CC1)C(c1ccc(Cl)cc1)c1ccc(Cl)cc1,0,Train
23751920,COc1ccc(-c2nc(=O)n(CCC3CCCO3)c3c2oc2ncc(-c4cnn(C)c4)cc23)nc1,1,Train
26306947,O=C(Cc1nc(N2CCOCC2)cc(=O)[nH]1)N1CCc2c(F)cccc21,0,Train
20110855,Cc1cc(-c2nnn(Cc3ccc(C(=O)O)cc3)n2)cc(C(=O)NCc2ccc(F)c(F)c2)n1,0,Train
945586,CC(=O)OCC1=C(C(=O)O)N2C(=O)[C@@H](NC(=O)Cc3cccs3)[C@H]2SC1,0,Train
27783134,CC[C@H](C)[C@@H]([C@@H](CC(=O)N1CCC[C@H]1[C@H](OC)[C@@H](C)C(=O)N[C@@H](Cc1c[nH]c2ccccc12)C(=O)N1CCCCO1)OC)N(C)C(=O)[C@@H](NC(=O)[C@H](C(C)C)N(C)CCCCCC(=O)NCCCC[C@H](N)C(=O)O)C(C)C.O=C(O)C(F)(F)F,0,Train
21090499,CN1CCN(C(=O)N2Cc3c(NC(=O)c4cccc(Oc5ccccc5)c4)n[nH]c3C2(C)C)[C@@H](Cc2ccccc2)C1,0,Train
23145334,CCCC[C@H](NC(=O)[C@H](Cc1ccccc1)NC(=O)[C@@H](CCCNC(N)=O)NC(=O)[C@@H](N)Cc1c(C)cc(O)cc1C)C(N)=O,0,Train
30280125,Cc1cccc(CN2CCn3cc(-c4nc(Nc5ccnn5C)ncc4C)cc3C2=O)n1,1,Train
27682089,O=C(CC1CCCCC1)NCc1ccccc1-c1ccccc1/C=C/c1ccc(O)cc1,0,Train
10592105,O=c1n(Cc2nc3ccccc3n2CCCO)c2cnccc2n1C1CC1,1,Train
12860523,Nc1nccc2cc(O[C@H]3CCCN(Cc4ccccc4)C3)ccc12,0,Train
23305832,O=C(Nc1nnc(Cc2ccccc2)s1)c1ccc(O[C@H]2CC[C@@H](C(=O)O)CC2)nc1,0,Train
33289285,CN(C(=O)[C@@H]1[C@@H](Cc2ccnc(N)c2)C(=O)N1C(=O)N[C@@H](C1CCCCC1)C(F)(F)F)c1ccncc1,1,Train
29357928,CN(C)C(=O)c1cc(CN2CCOc3c(F)cc(F)cc32)c2oc(N3CCOCC3)cc(=O)c2c1,0,Train
22316956,Cn1c2c(c3cc(S(=O)(=O)c4cccc(SCc5ccccc5)c4)ccc31)C1CCC(C2)N1,1,Train
30596997,C[C@@H](CO)Nc1cc(-c2cnc3cc(Cl)cnn23)ncc1C(=O)NC[C@@H](F)C(C)(C)O,0,Train
781015,NC(=O)c1sc2ncccc2c1N,1,Train
20083270,CC(=O)Nc1ccc(Nc2nc3c(-c4ccc(C(N)=O)cc4)cccn3n2)cc1,0,Train
23013038,Cn1c(-c2cccc3cccnc23)c(C2CCCC2)c2ccc(C(=O)NC(C)(C)C(=O)Nc3ccc(C=CC(=O)O)cc3)cc21,0,Train
20051357,COc1ccc(-c2cccc3nc(Nc4ccc(C(=O)NCc5cc(C)n(C)n5)cc4)nn23)cc1,1,Train
4016637,CCCCCCCCCCCCCCCC(=O)NCCC[N+](C)(C)CCCS(=O)(=O)[O-],0,Train
24395293,COc1ccc2c(O[C@@H]3C[C@H]4C(=O)N[C@]5(C(=O)NS(=O)(=O)C6CC6)C[C@H]5/C=C\\CCCCN(C)C(=O)N4C3)nc(-c3ccccc3)nc2c1C,1,Train
23012949,Cc1ccc(-c2c(C3CCCC3)c3ccc(C(=O)NC(C)(C)C(=O)Nc4ccc(C=CC(=O)O)cc4)cc3n2C)nc1,0,Train
19799935,O=C(NCC(F)(F)F)c1ccc(OC2CC(N3CCCCC3)C2)cc1,1,Train
32520939,CCCCOC(=O)C1=C[C@H](O)[C@@H](NC(C)=O)[C@H]([C@H](O)[C@H](O)Cn2cc(-c3ccc(-c4ccccc4)cc3)nn2)O1,0,Train
21251387,CCCS(=O)(=O)Nc1ccc(F)c(C(=O)Nc2cnc3cc(-c4ccccc4)nn3c2)c1F,1,Train
21356547,Cc1c(-c2ccc(=O)n(Cc3ccc(F)cc3)n2)c2cc(F)ccc2n1CC(=O)O,0,Train
26932524,CC(C)Nc1cc(NC(=O)c2c(F)cccc2F)cc(C(F)(F)F)c1,0,Train
9306670,Cc1cn(C[C@@H](CC(=O)O)NC(=O)OCc2ccccc2)c(=O)nc1NCCCNc1nc2ccccc2[nH]1,0,Train
1570363,COc1cc(/C=C/C(=O)O)ccc1O,0,Train
12646718,CCOC(=O)c1cc(C#N)c(N2CCN(C(=O)NS(=O)(=O)c3ccc(F)cc3)CC2)nc1C(F)(F)F,0,Train
12766545,COc1cc(C)c(S(=O)(=O)N(C)CCOCC(=O)N2CCC(C3CCN(C(C)C)CC3)CC2)c(C)c1,0,Train
30597100,CC(C)n1cc(Nc2cc(-c3cnc4cc(C#N)cnn34)ncc2C(=O)NCCC(C)(C)O)cn1,0,Train
12938097,Nc1cc(C(F)(F)F)c(-c2cc(N3CCOCC3)nc(N3CCOCC3)n2)cn1,1,Train
19367116,Cc1ncc(C(N)=O)nc1-c1ccc([C@H]2CC[C@H](CC(=O)O)CC2)cc1,1,Train
19171298,Cc1nc(-n2ccc(OCc3ccccc3)cc2=O)sc1C(=O)NCc1ccccc1,0,Train
5900029,CC[C@H]1OC(=O)[C@H](C)[C@@H](O[C@H]2C[C@@](C)(OC)[C@@H](O)[C@H](C)O2)[C@H](C)[C@@H](O[C@@H]2O[C@H](C)C[C@H](N(C)C)[C@H]2O)[C@](C)(O)C[C@@H](C)/C(=N\\OCOCCOC)[C@H](C)[C@@H](O)[C@]1(C)O,0,Train
7670948,NCCCC[C@H](NC(=O)[C@@H]1CCCN1C(=O)[C@H](N)Cc1ccccc1)C(=O)c1nccs1,0,Train
10737845,O=C1CC(c2ccc(C[C@H](Nc3nc4ccccc4s3)c3nc4ccccc4[nH]3)cc2Cl)S(=O)(=O)N1,0,Train
26903746,COc1cc(F)ccc1-c1cc(Nc2cc(CS(C)(=N)=O)ccn2)ncc1F,1,Train
27209180,COCC[C@H]1C[C@@H]1c1cncc(OC[C@@H]2CCCN2C)c1.O=C(O)C(F)(F)F,1,Train
32601181,c1ccc(N2CCN(c3c(CN4CCCC4c4ccccn4)nc4ccccn34)CC2)cc1,1,Train
25965422,CC1CCCC1OC(=O)C(NC(=O)N[C@H](C(=O)N1C[C@H]2[C@@H]([C@H]1C(=O)NC(CC1CC1)C(=O)C(N)=O)C2(C)C)C(C)(C)C)C(C)(C)C,0,Train
28107567,CNC(=O)c1ccccc1Nc1nc(Nc2ccc3c(c2OC)CCC[C@@H](N2CCN(CCO)CC2)C3)ncc1Cl,0,Train
21241312,CC(C)c1nc(N2CCN(c3ncc(OCc4ccncc4C#N)cn3)[C@H](C)C2)no1,1,Train
23013090,Cn1c(-c2ccncc2)c(C2CCCC2)c2ccc(C(=O)NC3(C(=O)Nc4ccc(/C=C/C(=O)O)cc4)CCC3)cc21,0,Train
12048345,COC(=O)N[C@@H](CCN1[C@H]2CC[C@@H]1C[C@@H](n1c(C)nc3c1CN(C(=O)OC)CC3)C2)c1cccc(F)c1,1,Train
23745569,CNc1ccc(-c2nc(=O)n(CCC3CCCO3)c3c2oc2ccc(-c4cnn(C(C)C)c4)cc23)cn1,0,Train
24569969,COC(=O)CCC/C=C\\C[C@H]1[C@@H](O)C[C@@H](O)[C@@H]1c1cn(-c2ccc(S(N)(=O)=O)cc2)nn1,0,Train
13074498,COc1ccc(F)c(-c2cccc(C3(c4ccncc4)N=C(N)N4CC(F)(F)CN=C43)c2)c1,0,Train
12411881,Cn1c(=O)[nH]c2nc(-c3ccco3)c(-c3ccncn3)cc21,1,Train
25256797,CC(C)N(C)[C@@H]1CC[C@H](N2CCC(c3nc4cccc(C(F)(F)F)c4[nH]3)C2=O)[C@H](CS(=O)(=O)c2ccccc2)C1,0,Train
29314779,CNc1nc2nc3c1[nH]c(=O)n3Cc1cccc(c1)OCCN(C)C(=O)CO2,0,Train
9807758,N[C@@]1(C(=O)O)[C@H](OCc2ccc(Cl)c(Cl)c2)C[C@@H]2[C@H]1[C@@]2(F)C(=O)O,0,Train
33002237,COc1ccc2c(NCCCCCCC(=O)NO)ncnc2c1,0,Train
10127759,COc1cc(C)ccc1S(=O)(=O)NC(=O)C(c1ccc2c(c1)OCO2)c1cn(C)c2cc(CO)ccc12,0,Train
27090910,COc1cnc2c(C(=O)NCCO)cn(Cc3ncnc(OC)c3C)c2c1,1,Train
22751711,Br.N=C(N)SCc1cccc2c1oc1c(CSC(=N)N)cccc12,0,Train
3659812,CC[C@]1(O)C[C@@H]2CN(CCc3c([nH]c4ccccc34)[C@@](C(=O)OC)(c3cc4c(cc3OC)N(C)[C@H]3[C@@](O)(C(=O)OC)[C@H](OC(C)=O)[C@]5(CC)C=CCN6CC[C@]43[C@@H]65)C2)C1.O=S(=O)(O)O,0,Train
19074714,C[C@H](Nc1nc(C(=O)N2CCCC2)c2sccc2n1)c1cccnc1,1,Train
32601137,Cc1cccnc1C1CCCN1Cc1ncccc1N1CCN(C)CC1,1,Train
12831910,O=c1[nH]ccc2cc(OC3CCCNC3)ccc12,1,Train
24942145,N=C(N)NCCC[C@@H](NC(=O)[C@@H](CCCNC(=N)N)NC(=O)[C@@H](CCCNC(=N)N)NC(=O)[C@@H](CCCNC(=N)N)NC(=O)[C@@H](CCCNC(=N)N)NC(=O)[C@@H](CCCNC(=N)N)NC(=O)[C@@H](CCCNC(=N)N)NC(=O)CCCNC(=O)[C@@H](Cc1cnc[nH]1)NC(=O)CCC(=O)OCCNC(=S)Nc1ccc(-c2c3ccc(=O)cc-3oc3cc(O)ccc23)c(C(=O)O)c1)C(N)=O,0,Train
11226313,C[C@@H](CC(=O)O)NC(=O)C[C@H](C)NC(=O)C[C@@H](N)CO,0,Train
32115644,O=C(NC[C@H]1[C@@H]2CN(C(=O)OCc3cc(C(F)(F)F)cc(C(F)(F)F)c3)C[C@H]12)c1ccc2[nH]nnc2c1,0,Train
24600773,COC(=O)c1cc(C(Nc2nc3ccc(OC)cc3s2)P(=O)(OC)OC)ccc1O,0,Train
25796622,CC(=O)C(F)(F)F.c1ccc(OC2CN(c3c4c(nc5ccnn35)CCNCC4)C2)cc1,1,Train
27752135,Cc1c(N(C(=O)c2cc(-c3cc(F)ccc3C(=O)N3Cc4ccccc4C[C@H]3CN3CCOCC3)n(C)c2C)c2ccc(OP(=O)([O-])[O-])cc2)cc(C#N)n1C.[Na+],0,Train
30708870,CC(=O)N1CC(c2cn(-c3cnc(-n4ncc5cc(C#N)cnc54)cc3NC(C)C)nn2)C1,0,Train
11646871,CNC1(c2ccc(N3CCc4c(C#N)nn(-c5ccc(OC)cc5)c4C3=O)cc2)CC1,1,Train
25965417,CCCC(NC(=O)C1CC([C@@H]2COC(C)(C)C2)CN1C(=O)[C@@H](NC(=O)OCC(C)C)C(C)(C)C)C(=O)C(=O)NCC(=O)N[C@H](C(=O)N(C)C)c1ccccc1,0,Train
14136008,Cn1c(NCCCN2CCC(Oc3ccc(Cl)c(Cl)c3)CC2)cc(=O)n(C)c1=O,0,Train
32821712,CN(C)C(=O)Oc1cccc2c1CC(C(=O)NCCOCCOCCN1C(=O)c3ccccc3C1=O)=CN2C,1,Train
18444228,CCCN(C)c1nn(CCC(C)C)c(=O)c(C2=Nc3ccc(NS(C)(=O)=O)cc3S(=O)(=O)N2)c1O,0,Train
32612550,Cc1cccnc1[C@@H]1CCC[C@H](c2nc3ccccc3n2CCC#N)N1,1,Train
21219920,CC(C)C[C@H](NC(=O)[C@H](Cc1ccc(OP(=O)(O)O)cc1)NC(=O)c1ccc(C#N)cc1)C(=O)Nc1ccc(C(=O)NCc2ccccc2)c(-c2ccc(C(N)=O)cc2)c1,0,Train
22059441,Cl.c1cc([C@H]2C[C@@H](CN3CCOCC3)C2)ccc1CN1CCCC1,0,Train
9741940,CCOC(=O)CN[C@@H](C(=O)N1CC[C@H]1C(=O)NCc1ccc(C(=N)NO)cc1)C1CCCCC1,0,Train
32601170,CN1CCN(c2c(CN3CCCC3c3ccccn3)nc3ccccn23)CC1=O,1,Train
21359859,COc1c(C(=O)NC2(C(=O)N[C@H](CCCN3CCN(CC4CCOCC4)CC3)Cc3ccccc3)CCCC2)ccc2ccccc12,1,Train
18777138,CCC[C@@H](N(NC(=O)c1cccc(OC)c1CC)C(=O)c1cc(C)cc(C)c1)C(C)(C)C,1,Train
25451257,O=C(O)CC1CCC(=O)N(CC(=O)NCC2CCC(Nc3nc4ccccc4[nH]3)CC2)c2ccsc21,0,Train
8746685,CC[C@@]1(O)C(=O)OCc2c1cc1n(c2=O)Cc2c-1nc1ccccc1c2CCNC(C)C.Cl,0,Train
32612657,Cc1cc(F)cnc1[C@@H]1CCC[C@H](c2nc3cccc(N4CCN(C)CC4)c3[nH]2)N1C,1,Train
12446721,O=C1c2ncc3c(c(COCc4ccccn4)cn3Cc3ccc(F)cc3)c2CCN1O,0,Train
22516468,Cc1cc(CC(OC(=O)N2CCC(c3cc4ccccc4[nH]c3=O)CC2)c2cc(CN3CCCC3)ccn2)cc2cn[nH]c12,0,Train
10493873,CCCc1nn(C)c2c(=O)[nH]c(-c3cc(C(=O)CN4CCOCC4)ccc3OCC)nc12,1,Train
18762556,N#CC[C@H](C1CCCC1)n1cc(-c2ncnc3[nH]ccc23)cn1.O=P(O)(O)O,1,Train
24668604,CN1Cc2cccc(Oc3ncccc3NC(=O)Nc3ccc(OC(F)(F)F)cc3)c2C1C(C)(C)C,0,Train
5480511,Nc1ccn([C@@H]2CS[C@H](CO)O2)c(=O)n1,0,Train
24281468,O=C(O)c1cc(/N=N/c2ccc(O)c(C(=O)O)c2)ccc1O.[NaH],0,Train
20083462,N#CC1CN(C(=O)c2ccc(-c3cccn4nc(Nc5ccc(C(=O)N6CC(O)C6)cc5)nc34)cc2)C1,0,Train
19872361,CC(=O)c1nc([C@@H](O)[C@H](O)[C@H](O)CO)c(-c2ccccc2)[nH]1,0,Train
33002216,O=C(NO)c1ccc(CNc2ncnc3ccccc23)cc1,0,Train
32614220,CCN1CCN(c2cccc3nc([C@H]4CCC[C@@H](c5ncccc5C)N4C)c(Br)n23)CC1,0,Train
12399711,Cc1cc(C(=O)O)ccc1-c1cc(C)c(OCCN[C@@H](C)[C@H](O)c2ccc(O)cc2)c(C)c1,1,Train
9582885,C[C@@H]1CN(C(=O)c2ccccc2)CCN1C(=O)C(=O)c1c[nH]c2ncccc12,1,Train
26306996,COc1cccc2c1CCN2C(=O)Cc1nc(N2CCOCC2)cc(=O)[nH]1,0,Train
26200177,COc1ccc(CCN(C)CCCC(C)(c2ccc(OC)c(OC)c2)C(C)C)cc1OC,1,Train
30736169,CCCc1cn(-c2cnc(-c3cnc4cc(C#N)cnn34)cc2NC(C)C)nn1,1,Train
210874,O=C1c2ccccc2-n2c1nc1ccccc1c2=O,1,Train
10317150,Nc1noc2ccc(-n3nc(C(F)(F)F)cc3C(=O)Nc3ccc(-c4ccccc4CN4CCCC4)cc3F)cc12,0,Train
28157331,C=CC(=O)N[C@H]1CCN(c2ncc(C(N)=O)c(Nc3ccc(C(=O)N4CCOCC4)cc3)n2)C1,0,Train
10737691,COc1cccc2sc(N[C@@H](Cc3ccc(C4CC(=O)NS4(=O)=O)cc3)c3nc4ccccc4[nH]3)nc12,0,Train
20083429,CC(=O)Nc1ccc(Nc2nc3c(-c4ccc(C(=O)NCCOc5ccccc5)cc4)cccn3n2)cc1,1,Train
28398795,C=CC(=O)N[C@H]1CCN(c2ccc(C(N)=O)c(Nc3ccc(C(=O)N4CC(C)OC(C)C4)cc3)n2)C1,0,Train
24141130,N=C(N)NCCC[C@H](NC(=O)[C@@H]1CCCN1C(=O)[C@@H]1CSSC[C@H](N)C(=O)N[C@@H](Cc2ccc(O)cc2)C(=O)N[C@@H](Cc2ccccc2)C(=O)N[C@@H](CCC(N)=O)C(=O)N[C@@H](CC(N)=O)C(=O)N1)C(=O)NCC(N)=O,0,Train
32601141,c1ccc(C2CCCN2Cc2nc3ccccn3c2N2CCN(C3CC3)CC2)nc1,1,Train
30597075,CC(C)(F)[C@H](F)CNC(=O)c1cnc(-c2cnc3cc(Cl)cnn23)cc1Nc1cnn(CC(F)F)c1,1,Train
11157908,COCCCN(c1cc(Cl)cc2[nH]c(=O)c(=O)[nH]c12)S(C)(=O)=O,0,Train
29186246,Cn1cnc(S(=O)(=O)Nc2cc3c(cc2Oc2cccc(OCc4ccccc4)c2)n(C)c(=O)n3C)c1,0,Train
11102976,O=C(NC1CCN(C(=O)C=Cc2cccnc2)CC1)C(c1ccccc1)C1CCCCC1,0,Train
26879430,O=C(COC1CCC(Nc2ccc([N+](=O)[O-])c(C(F)(F)F)c2)CC1)N1CCN(Cc2nc3cc(F)ccc3o2)CC1,1,Train
24431800,CCNCc1ccccc1N1CCC(NC(=O)c2cc(C(F)(F)F)nn2-c2ccc3onc(N)c3c2)CC1.O=C(O)C(F)(F)F,0,Train
13059955,CC(C)CCn1c(=O)c(C2=CS(=O)(=O)c3cc(NS(C)(=O)=O)ccc3N2)c(O)c2cccn21,0,Train
23463103,CC(C)Oc1ccc(-c2cc(C(=O)O)ncn2)cc1Cl,1,Train
27219139,CC[C@H]1C[C@@H](n2c(=O)nc(-c3cnn(C)c3)c3oc4cc(Cl)c(-c5cnn(C)c5)nc4c32)CCO1,1,Train
12250914,CC(C)C(=O)O[C@@H](OC(=O)NC[C@H](CC(=O)O)c1ccc(Cl)cc1)C(C)C,0,Train
20994192,C[C@@H]1CCN(C(=O)Nc2nc3c(s2)-c2nc(C(C)(C)C)ncc2CC3)[C@@H]1C(N)=O,0,Train
11344440,COc1cc2c(cc1OC)CN(CCCC1=CCCc3cc(OC)c(OC)cc31)CC2,1,Train
23617985,CN1CCc2cc(-c3ccc4oc5c(-c6ccccc6)nc(=O)n(CCN6CCCC6C(N)=O)c5c4c3)ccc2C1,0,Train
18462161,Cc1ccc(Sc2ccccc2CSC(=N)N)c(CSC(=N)N)c1,0,Train
32612702,Cc1cccnc1[C@@H]1CCC[C@H](c2nc3cccc(N4CCN(C5CC5)CC4)c3[nH]2)N1,1,Train
11415228,O=C(CN1CCC[C@H](NS(=O)(=O)c2ccc3cc(Cl)ccc3c2)C1=O)N1CC2CNCC(C2)C1,0,Train
26023054,Cl.N#Cc1ccc(Cn2cncc2CN2CCCN(C(=O)C34CC5CC(CC(C5)C3)C4)CC2)cc1,1,Train
12646387,CCOC(=O)c1cnc(N2CCC(C(=O)NS(=O)(=O)c3ccc(Cl)s3)CC2)c(Cl)c1,1,Train
21598062,Cn1c(-c2ccccn2)c(C2CCCCC2)c2ccc(C(=O)NC(C)(C)C(=O)Nc3ccc(-c4nc(C(=O)O)cs4)cc3)cc21,0,Train
2204333,NC12CC3CC(CC(C3)C1)C2,1,Train
18378554,CC1=C(C#N)C(c2ccc3[nH]ncc3c2)C(C#N)=C(C)N1,1,Train
18565026,CNCC(=O)N[C@H](c1cccc(F)c1N1CCN(C(=O)[C@H](C)Cc2ccc(Cl)cc2OC)CC1)C(C)C.CS(=O)(=O)O,0,Train
886240,Nc1cc(N2CCCCC2)nc(N)[n+]1[O-],0,Train
19588807,CS[C@@]1(C(=O)Nc2ccc3[nH]nc(-c4ccc(OC(C)C)nc4)c3c2)CCN(CC(=O)N2CC=C(c3ccc(-c4ncn(C)n4)cc3)CC2)C1,1,Train
20083351,Fc1cc(-c2cccn3nc(Nc4cnn(C(F)F)c4)nc23)ccc1CN1CCOCC1,0,Train
261474,CCc1nnc(NS(=O)(=O)c2ccc(N)cc2)s1,0,Train
11226320,C[C@H](N)CC(=O)N[C@@H](CCCCN)CC(=O)N[C@H](CC(=O)O)Cc1ccccc1,0,Train
29230715,CN1C(=O)N(c2cccc(C(F)(F)F)c2)C2=C(C(=O)NCC2)[C@H]1c1ccc(C#N)cc1-c1cnn(C)c1,1,Train
32601184,FC(F)(F)CN1CCN(c2c(CN3CCCC3c3ccccn3)nc3ccccn23)CC1,1,Train
20000083,O=C(Nc1nc2cccc(-c3ccc(OCc4ccc(C(F)(F)F)nc4)cc3)n2n1)C1CC1,0,Train
21726567,C/C=C(\\C)C(=O)N[C@@H](c1ccccc1)[C@@H](O)C(=O)O[C@H]1C[C@@]2(O)[C@@H](OC(=O)c3cccc(N=[N+]=[N-])c3)[C@H]3[C@](C)(C(=O)[C@H](O)C(=C1C)C2(C)C)[C@@H](OC(=O)CC)C[C@H]1OC[C@]13OC(C)=O,0,Train
32614076,Cc1cccnc1C1CC(=O)CC(c2cn3c(N4CCN(C)CC4)cccc3n2)N1C,0,Train
27219148,CC[C@H]1C[C@@H](n2c(=O)nc(-c3cnn(C)c3)c3oc4cc(F)c(-c5ccc(CO)nc5)cc4c32)CCO1,0,Train
11586134,COc1ccc(-n2nc(S(C)(=O)=O)c3c2C(=O)N(c2ccc(C(C)(C)CN(C)C)cc2)CC3)cc1,0,Train
28336540,Cc1nc(-c2nc[nH]n2)ccc1-c1cnc2c(n1)N(CCC1CCOCC1)C(=O)CN2,0,Train
23820470,CC1(C)CN(c2ccc(-c3oc(-c4ccc(F)c5[nH]ccc45)nc3C(N)=O)cc2)CCN1,0,Train
11157891,COCCCN(c1c(Cl)c(Cl)cc2[nH]c(=O)c(=O)[nH]c12)S(C)(=O)=O,0,Train
22751698,Br.N=C(N)SCc1ccccc1Oc1ccccc1CSC(=N)N,0,Train
57272,CN1CCN(CCCN2c3ccccc3Sc3ccc(C(F)(F)F)cc32)CC1,0,Train
12766588,CCN1CCC(N2CCN(C(=O)COCCN(C)S(=O)(=O)c3c(C)cc(OC)cc3C)CC2)CC1,0,Train
10508861,COC(=O)N[C@H](C(=O)NN(Cc1ccc(-c2cccnc2)cc1)C[C@@](O)(Cc1ccccc1)C(=O)N[C@H]1c2ccccc2C[C@H]1O)C(C)(C)C,1,Train
4829984,CCc1c2c(nc3ccc(O)cc13)-c1cc3c(c(=O)n1C2)COC(=O)[C@]3(O)CC,0,Train
8170531,OCCN1CCN(CC/C=C2/c3ccccc3Sc3ccc(C(F)(F)F)cc32)CC1,1,Train
26898645,Cn1oc(C2CCNCC2)cc1=O,0,Train
1917578,CC(C)(O)CC[C@@H](O)[C@](C)(O)[C@H]1CC[C@@]2(O)C3=CC(=O)[C@@H]4C[C@@H](O)[C@@H](O)C[C@]4(C)[C@H]3CC[C@]12C,0,Train
7468543,C[C@H]1CN(C[C@H](Cc2ccccc2)C(=O)O)CC[C@@]1(C)c1cccc(O)c1,0,Train
12006000,CN1Cc2cc(Cl)ccc2-n2c(nnc2C2CCN(c3ccccn3)CC2)C1,1,Train
11288920,CC(C)(C)OC(=O)[C@@H](NC(=O)N[C@H](C(=O)N1C[C@H]2[C@@H]([C@H]1C(=O)NC(CC1CC1)C(=O)C(N)=O)C2(C)C)C1Cc2ccccc2C1)C(C)(C)C,0,Train
26146820,CC(C)C[C@@H]1C(=O)NCC(=O)N(C)[C@H](CCCNC(=N)N)C(=O)NCC(=O)N[C@H](CC(=O)O)C(=O)N[C@@H](Cc2ccccc2)C(=O)N1C,0,Train
20881479,O=C1CC(=O)N(CCc2ccccc2)C(=O)N1CCc1ccccc1,1,Train
19882991,C=CC1C[C@]1(NC(=O)[C@@H]1C[C@@H](Oc2cc(-c3csc(NC(C)C)n3)nc3cc(OC)ccc23)CN1C(=O)[C@@H](NC(=O)OC1CCCC1)C(C)(C)C)P(=O)(O)O,0,Train
20051258,COc1ccc(-c2cccc3nc(Nc4ccc(NC(C)=O)cc4)nn23)cc1,1,Train
12766605,COc1cc(C)c(S(=O)(=O)N(C)CCOCC(=O)N2CCC(CN3CCN(C)CC3)CC2)c(C)c1,0,Train
23145335,CCCC[C@@H](C(N)=O)N(C)C(=O)[C@H](Cc1ccccc1)NC(=O)[C@@H](CCCNC(=N)N)NC(=O)[C@@H](N)Cc1c(C)cc(O)cc1C,0,Train
9882253,Cc1cc(COc2ccc(S(=O)(=O)CC3(CC(=O)NO)CCN(C)CC3)cc2)c2ccccc2n1,0,Train
14812012,CC(C)c1ccc(S(=O)(=O)NC(=O)C(c2ccc3c(c2)OCO3)c2cn(C)c3cc(C4=NCCN4)ccc23)cc1,0,Train
12849222,CC1(C)Cc2c(CN3CCC4(CC3)CCN(C(=O)c3ccnc(N)n3)CC4)cccc2O1,1,Train
32601193,Cc1cccnc1C1CCCN1Cc1nccn1CC1CCN(C2CC2)CC1,1,Train
28509340,Cc1nc(-c2nc[nH]n2)ccc1-c1cnc2c(n1)N(C(C)C)C(=O)CN2,1,Train
20491192,CS(=O)(=O)Nc1cccc(-c2c(O)ccc3cc(-c4cccc(O)c4)ccc23)c1,1,Train
26691428,O=c1ncn(Cc2c(F)cc(F)cc2F)c2ccc(Oc3ccc(-c4ccc5[nH]ccc5c4)cc3)cc12,0,Train
29657723,CC(=O)N1CCN(c2cccc(-c3cc(-c4cscn4)c4c(N)ncnn34)c2)C(=O)C1(C)C,1,Train
7958410,CC(C)CN(C[C@@H](O)[C@H](Cc1ccccc1)NC(=O)O[C@H]1CCOC1)S(=O)(=O)c1ccc(N)cc1,1,Train
9941221,O=C(CS)NCCCCCC(=O)Nc1cccc2cccnc12,1,Train
8802322,O=C(Nc1cc(C(F)(F)F)cc(C(F)(F)F)c1)c1cnc(Cl)nc1-c1cccs1,0,Train
10318254,CN1CCN(Cc2ccccc2-c2ccc(NC(=O)c3cc(C(F)(F)F)nn3-c3ccc4onc(N)c4c3)c(F)c2)CC1,0,Train
10576650,CCCC(CC1(C(=O)Nc2nnc(C)s2)CCCC1)C(=O)O,0,Train
30242120,COCCOCCOCCOCCOCCOCCOCCOP(=O)(O)OC[C@H]1O[C@@H](n2ccc(N)nc2=O)C(F)(F)[C@@H]1O.Cl,0,Train
24193617,O=C1OC2(c3ccc(O)cc3Oc3cc(O)ccc32)c2ccccc21.[NaH],0,Train
21356487,Cc1c(-c2cn(C(C)C)c(=O)c3ccccc23)c2cc(F)ccc2n1CC(=O)O,0,Train
23745873,CN(C)c1ccc(-c2nc(=O)n(CCC3CCCO3)c3c2oc2ccc(-c4cncs4)cc23)cn1,1,Train
28873839,CS(=N)(=N)Cc1cc(Nc2ncc(F)c(-c3ccc(F)cc3F)n2)cc(S(F)(F)(F)(F)F)c1,0,Train
33459094,CN(CC(=O)N(Cc1ccc(C2CCCCC2)cc1)c1ccc(C(=O)NO)c(O)c1)S(=O)(=O)c1c(F)c(F)c(F)c(F)c1F,0,Train
24108434,CC(C)CCOC(=O)c1ccccc1-c1ccc(CN2CCC(COC(=O)c3c4n(c5ccccc35)CCCO4)CC2)cc1.CS(=O)(=O)O,0,Train
11586258,COc1ccc(-n2nc(C(N)=O)c3c2C(=O)N(c2ccc(C(C)(C)CN4CCCC4)cc2)CC3)cc1,0,Train
18578645,COc1cc2c(cc1OC)CN(C(=O)c1ccc3ccccc3c1)CC2,1,Train
23071037,CCCC(=O)c1cnn(-c2ccc(NC(=O)c3cn(CC(=O)N4CCN(C)CC4)c4cc(C)c(Br)cc34)cc2)c1C.Cl,0,Train
33607715,CC(C)CCC(=O)NCCCN1C(=O)CCc2cc3cc(c21)OCCOC[C@H]1COCCN1c1ncc(Cl)c(n1)N3,1,Train
22142741,COC(=O)Nc1ccccc1C(=O)N1CCCC[C@H]1c1cc2[nH]c(C)c(C)c(=O)n2n1,0,Train
25083755,COc1ccc(N2N=C(C(F)(F)F)C3CCN(c4ccc(C5(C6=NCCO6)CC5)cc4)C(=O)C32)cc1.O=C(O)C(F)(F)F,1,Train
10179813,N[C@@H](Cc1ccc(-c2ccccc2)cc1)C(=O)N1CCSC1,0,Train
27175822,CC(Nc1cccc(F)c1)c1cc(C(=O)NCCN(C)C)cn2c(=O)cc(N3CCOCC3)nc12,0,Train
23896008,Brc1cccc(OCCCCn2ccnc2)c1,1,Train
30355383,Cn1c(SCCCN2C[C@@H]3CCN(c4ccc(C(F)(F)F)cc4)[C@@H]3C2)nnc1-c1cc[nH]c(=O)c1,0,Train
25301406,COC(=O)c1cc(OC)c2c(c1-c1c(C(=O)NC(C)C(=O)OCCCCOc3no[n+]([O-])c3S(=O)(=O)c3ccccc3)cc(OC)c3c1OCO3)OCO2,0,Train
10502086,CC(C)(C)NC(=O)N[C@H](C(=O)N1C[C@H]2[C@@H]([C@H]1C(=O)NC(CC1CCC1)C(=O)C(N)=O)C2(C)C)C(C)(C)C,0,Train
20616781,Cc1ncnc(C)c1C(=O)N1CCC(C)(N2CCC(N3C(=O)N(CC4CCOCC4)C[C@H]3c3ccccc3)CC2)CC1,0,Train
1219402,Nc1nc2c(ncn2COCCO)c(=O)[nH]1,0,Train
27390804,COc1ccccc1CCC1CCN(CCc2ccccc2OC)CC1,1,Train
12766140,COc1cc(C)c(S(=O)(=O)N(C)CCOCC(=O)N2CCN(CCCN(C)C)CC2)c(C)c1,0,Train
26716953,Cl.Nc1ccc2ccc(CNCCc3cccc(F)c3)cc2n1,1,Train
12911648,CCOc1c(F)cc(NC(=O)c2cccc3c2OC[C@H](CO)N3c2ccc(C)cn2)cc1F,1,Train
28803462,[2H]C(c1ccc(-c2ccc3c(cnn3C)c2)cc1Cl)N(C(=O)C1CCCCC1)c1cc(F)cc(/C=C/C(=O)OC)c1,0,Train
24007217,N#Cc1ccc(-c2cnc3ccc(-c4ccc(C(=O)N5CCOCC5)cc4)cn23)cc1,1,Train
27060670,N#Cc1ccc(C2NC(=O)N(c3cccc(C(F)(F)F)c3)C3=C2C(=O)CC3)cc1,1,Train
25265959,CN1CC[C@](NC(=O)c2ccc3c(C4CCCC4)c(-c4ccccn4)n(C)c3c2)(C(=O)Nc2ccc(/C=C/C(=O)O)cc2)C1,0,Train
32910494,Nc1cccnc1N1CCC(C(=O)Nc2ccc(-n3nccn3)c(Cl)c2)CC1,1,Train
23013117,Cn1c(C(=O)O)cc2cc(NC(=O)C(C)(C)NC(=O)c3ccc4c(C5CCCC5)c(-c5nccs5)n(C)c4c3)ccc21,0,Train
22142757,CNc1c(C)c(C)nc2cc([C@@H]3CCCCN3C(=O)c3ccccc3NS(C)(=O)=O)nn12,1,Train
20800205,CC(=O)NCc1ccc2c(c1)C(N1CCN(C)CC1)Cc1ccccc1S2.Cl,1,Train
21023393,CC(C)(C)[C@H](NC(=O)c1ccc(N)c(Cl)c1)C(=O)N1CCC[C@H]1C(=O)N[C@H](C#N)CC(=O)O,0,Train
10218394,Cc1nccn1-c1ccc(NC(=O)c2cc(C(F)(F)F)nn2-c2ccc3onc(N)c3c2)c(C#N)c1,0,Train
26306942,Cn1c(CC(=O)N2CCc3ccccc32)nc(N2CCOCC2)cc1=O,0,Train
24484916,O=C(c1ccc(O[C@H]2C[C@H](N3CCCCC3)C2)cc1)N1CCC(F)(F)C1,1,Train
11061210,O=C1NCCc2[nH]c(-c3ccnc(-c4ccccc4F)c3)cc21,0,Train
22289781,Cn1c(OCC(C)(C)C(=O)Nc2ccccc2)nnc1-c1ccc(NC(=O)c2ccc3ccccc3c2)cc1,1,Train
23751930,CNc1cnc(-c2nc(=O)n(CCC3CCCO3)c3c2oc2ncc(-c4cnn(C)c4)cc23)cn1,0,Train
10570858,COc1ccc(-c2nc(N)cc3nc[nH]c(=O)c23)cc1OC,0,Train
31157601,CC(=O)NCCNc1nonc1/C(=N/O)Nc1ccc(F)c(Br)c1,1,Train
11407370,O=C(O)/C=C/c1ccc(NC(=O)C2(NC(=O)c3ccc4c(c3)nc(-c3ccoc3)n4C3CCCCC3)CCCC2)cc1,0,Train
31636851,COc1cc2c(cc1OC)CN(CCc1ccc(NC(=O)c3c4ccccc4cc4ccccc34)cc1)CC2,0,Train
20728693,O=c1cc([C@H]2CCN[C@@H](Cc3ccccc3)C2)o[nH]1,0,Train
12646376,CCOC(=O)c1cc(C#N)c(N2CC(C(=O)NS(=O)(=O)c3ccccc3)C2)nc1C,0,Train
27219150,CNc1ccc(-c2nc(=O)n(CCC3CCCO3)c3c2oc2ccc(-c4cnn(C)c4Br)cc23)cc1,1,Train
23600189,CCC1(C)NC(=O)c2cc(S(=O)(=O)Nc3ccccc3Cl)ccc2NC1=O,0,Train
32144449,O=C1C[C@@H](c2c[nH]c3ccccc23)C(=O)N1,1,Train
30468800,CN1C(=N)N[C@](C)(c2cc(NC(=O)c3ccc(Cl)cn3)ccc2F)CS1(=O)=O.O=C(O)C(F)(F)F,1,Train
12455618,CC(N)C1CCN(S(=O)(=O)c2cccc3cnccc23)CC1,1,Train
4211105,CC1=C(C(=O)O)N2C(=O)[C@@H](NC(=O)[C@H](N)C3=CCC=CC3)[C@H]2SC1,0,Train
23053547,N#CCc1ccccc1C#Cc1ccc(CCC(=O)O)c(F)c1,1,Train
24521029,Cc1nc2nc(C(=O)N3CC[C@H](NS(C)(=O)=O)C3)cn2c(-c2ccc(Cl)cc2Cl)c1CN,0,Train
12093493,COc1ccc(NC(C)=O)c(OC[C@@H](O)CN2CCC3(CC2)Cc2cc(Cl)ccc2O3)c1,1,Train
29357585,Cc1cc(=O)[nH]c(-n2nc(-c3ccccc3)cc2NC(=O)Nc2ccc3c(c2)OCO3)n1,1,Train
8302369,Cc1c(C)c(S(=O)(=O)NCC(=O)NC(Cc2ccc3c(N)nccc3c2)C(=O)N2CCCCC2)c(C)c2c1OC(C)(C)CC2,0,Train
23037343,COc1cccc(-c2c(C(=O)N3CCCCC3CO)cc3ccccn23)c1,1,Train
27779268,C[C@@H]1Cc2ccccc2CN1C(=O)c1cc2c(cc1-c1cc(C(=O)N(c3ccncc3)c3ccc(O)cc3)c3ccccn13)OCO2,0,Train
18565031,COc1cc(Cl)ccc1C[C@@H](C)C(=O)N1CCN(c2ccc(Cl)cc2[C@@H](NC(=O)[C@@H](C)N)C(C)C)CC1.CS(=O)(=O)O,0,Train
24108427,Cc1oc(=O)oc1COC(=O)c1ccccc1-c1ccc(CN2CCC(COC(=O)c3c4n(c5ccccc35)CCCO4)CC2)cc1,1,Train
24383724,COc1ccc(Cn2cccc(NC(=O)C(Cc3ccc(CC(=O)O)cc3)NC(=O)Cc3cccc4ccccc34)c2=O)cc1,0,Train
1223125,Cc1nnc2n1-c1ccc(Cl)cc1C(c1ccccc1)=NC2,1,Train
11586439,COc1ccc(-n2nc(C(F)(F)F)c3c2C(=O)N(c2ccc(C4(CN5CCCC5)CC4)cc2)CC3)cc1.O=C(O)C(F)(F)F,0,Train
32612683,CO[C@@H]1C[C@@H](c2ncccc2C)N(C)[C@@H](c2nc3cccc(N4CCN(C)CC4)c3[nH]2)C1,1,Train
32562405,O=P(OCc1ccccc1)(OCc1ccccc1)C(O)c1nc2ccccc2s1,0,Train
30169859,CC(C)(C)OC(=O)N1CCN(c2ccnc(O[C@H]3CC[C@H](Nc4ccc([N+](=O)[O-])c(C(F)(F)F)c4)CC3)c2)CC1,0,Train
22456772,COc1cc(C)c(S(=O)(=O)N(C)CCOCC(=O)N2CCN(CCN(C)C)CC2)c(C)c1.O=C(O)/C=C/C(=O)O,0,Train
32612582,Cc1cccnc1[C@@H]1CCC[C@H](c2nc3ccccc3n2CC2CCN(C)CC2)N1CC(F)(F)F,1,Train
25083761,COc1ccc(N2N=C(C(N)=O)C3CCN(c4ccc(C5(C6=NCCO6)CC5)cc4)C(=O)C32)cc1.O=C(O)C(F)(F)F,0,Train
20083278,Cc1c(-c2cccn3nc(Nc4ccc(C(=O)NC5CC5)cc4)nc23)cnn1C,0,Train
10557637,Nc1cc2ncnc3oc(-c4ccccc4)cc(n1)c23,1,Train
30708967,CC(=O)N1CC[C@@H](c2cc(-c3cnc(-n4ncc5cc(C#N)cnc54)cc3NC(C)C)on2)C1,1,Train
5896026,CCN[C@H]1C[C@H](C)S(=O)(=O)c2sc(S(N)(=O)=O)cc21.Cl,0,Train
11342153,COc1ccc2c(c1)C(CCCN1CCc3cc(OC)c(OC)cc3C1)CCC2.Cl,1,Train
628987,CN1CCN(CC(=O)N2c3ccccc3C(=O)Nc3cccnc32)CC1,0,Train
20728641,CC(C)C[C@H]1C[C@@H](c2cc(=O)[nH]o2)CCN1,0,Train
24570975,Cc1cc(S(=O)(=O)Nc2ccc(C(F)(F)F)cc2)cc2c1NC(=O)C(C)(C)NC2=O,0,Train
32614107,CCN1[C@H](c2ncccc2C)CCC[C@@H]1c1nc2cccc(N3CCN(C(C)C)CC3)n2c1Br,0,Train
2221454,CCC(=O)C(CC(C)N(C)C)(c1ccccc1)c1ccccc1,1,Train
30487027,CC1(O)CCN(Cc2ccc(OC3CN(C(=O)c4nnc(-c5ccccc5)o4)C3)cc2)C1,1,Train
30736146,CC(C)Nc1cc(-c2cnc3cc(C#N)cnn23)ncc1-c1cc(CCC(C)(C)O)[nH]n1,1,Train
23864742,O=C(N[C@@H]1O[C@H](CO)[C@@H](O)[C@H](O)[C@H]1O)c1noc(-c2ccccc2)n1,0,Train
1692435,CC(C)[C@]12O[C@H]1[C@@H]1O[C@@]13[C@@]1(C)CCC4=C(COC4=O)[C@@H]1C[C@@H]1O[C@@]13[C@@H]2O,0,Train
20473556,Cc1cc(SCc2cc(=O)[nH][nH]2)c(C)cc1Cl,1,Train
10601457,O=c1n(Cc2nc3ccccc3n2CCCC(F)(F)F)c2cnccc2n1C1CC1,1,Train
24283650,CC(C)n1c(=O)c(C(=O)N[C@H]2C[C@@H]3CC[C@H](C2)N3CC(O)CN(Cc2cccnc2)S(C)(=O)=O)cc2ccccc21,1,Train
30698660,Cn1nc(-c2cnc(N)c(-c3ccc(C(N)=O)c(F)c3)n2)nc1C1(c2ccccc2)CC1,1,Train
20616792,Cc1cc(C#N)nc(C)c1C(=O)N1CCC(C)(N2CCC(N3C(=O)N(C[C@H]4CC[C@H](O)CC4)C[C@H]3c3ccccc3)CC2)CC1,0,Train
24426888,CNCCCC[C@@H](NC(=O)[C@@H](CC(C)C)NC(=O)[C@@H](Cc1ccccc1)NC(=O)[C@H](N)Cc1ccccc1)C(=O)N1CCCN(C(=N)N)CC1,0,Train
24874876,Cc1cc(COc2ccc(S(=O)(=O)CC3CCN(C(C)C)CC3C(=O)NO)cc2)c2ccccc2n1,0,Train
26190156,CC(=O)N1CC(C(=O)N[C@H](CCN2[C@H]3CC[C@@H]2C[C@H](n2c(C)nc4ccccc42)C3)c2ccccc2)C1,0,Train
12849207,CC1(C)Cc2c(CN3CCC4(CC3)CCN(C(=O)c3ccc(N)cn3)CC4)cccc2O1,1,Train
33162764,C=CC(=O)N1CCC[C@@H](n2nc(-c3ccc(Oc4ccncc4C#N)cc3)c3cncc(C#N)c32)C1,0,Train
12514554,CCOc1cc(NC(=O)C2(NC(=O)c3ccc4c(C5CCCC5)c(-c5ccccn5)n(C)c4c3)CCC2)ccc1/C=C/C(=O)O,1,Train
32858016,C[C@@]12CCC[C@H]1[C@@H]1CC=C3C[C@@H](OC(=O)CCCC(=O)O)CC[C@]3(C)[C@H]1CC2,1,Train
33458574,N#Cc1cccc(F)c1-c1cc(Nc2ccc(C(=O)N3C[C@H]4COC[C@H]4C3)cc2)c2c(n1)CNC2=O,0,Train
27682075,COc1ccc(CC(=O)NCc2ccccc2-c2ccccc2/C=C/c2ccc(OC(C)=O)cc2)cc1,0,Train
4994795,Cn1c(N)nc2cc(Cl)ccc21,0,Train
23592589,COc1cc(Nc2nc3n(n2)CCC(=O)N3Cc2ccccc2)ccc1-n1cnc(C)c1,1,Train
29079776,O[C@H]1CNCCC[C@@H]1n1c2ccc(C(F)(F)F)cc2c2cc(C(F)(F)F)ccc21,1,Train
11646872,COc1ccc(-n2nc(C#N)c3c2C(=O)N(c2ccc(C4(N(C)C)CC4)cc2)CC3)cc1,1,Train
24484911,O=C(c1ccc(O[C@H]2C[C@H](N3CCCCC3)C2)cc1)N1CCC(F)(F)CC1,1,Train
25083765,COc1ccc(N2N=C(C(N)=O)C3CCN(c4ccc(C5(CS(C)(=O)=O)CC5)cc4)C(=O)C32)cc1.O=C(O)C(F)(F)F,1,Train
21598059,Cc1c(C(=O)O)sc2ccc(NC(=O)C(C)(C)NC(=O)c3ccc4c(C5CCCCC5)c(-c5ccccn5)n(C)c4c3)cc12,0,Train
11932308,CN1C(=O)N(c2cc(Cl)cc(Cl)c2)C(=O)[C@]12CN(c1ccc(C(=O)O)cn1)C[C@H]2c1ccc(C#N)cc1,1,Train
26691422,Nc1ccc(-c2cccc(Oc3ccc4c(c3)c(=O)ncn4Cc3c(F)cc(F)cc3F)c2C(F)(F)F)cn1,0,Train
7471375,Cl.Fc1ccc([C@@H]2CCNC[C@H]2COc2ccc3c(c2)OCO3)cc1,0,Train
31261981,COc1ccc(-c2csc(N/N=C3\\CC(=O)c4ccccc43)n2)cc1OC,0,Train
33002225,Cc1ccc2c(NCCCCCCC(=O)NO)ncnc2c1,0,Train
20399991,CCCCCN1C(=O)C2(CCc3cc4c(cc32)OCO4)c2ccccc21,0,Train
31257580,c1cc2[nH]cc(C3CCNCC3)c2cc1Nc1ccc2c(C3CCNCC3)c[nH]c2n1,0,Train
11586131,COc1ccc(-n2nc(C(N)=O)c3c2C(=O)N(c2ccc(C(C)(C)S(C)(=O)=O)cc2)CC3)cc1,0,Train
32612559,Cc1cccnc1[C@@H]1CCC[C@H](c2ncc[nH]2)N1Cc1ccccc1-n1cccn1,1,Train
27912283,c1ccc2c(NCCNCCNCCNc3c4c(nc5ccccc35)CCCC4)c3c(nc2c1)CCCC3,0,Train
30596891,CC(C)Nc1cc(-c2cnn3cc(C#N)cnc23)ncc1C(=O)NC1CCC(C(C)(C)O)CC1,1,Train
4720754,CC[C@H](C)C(=O)O[C@H]1C[C@@H](C)C=C2C=C[C@H](C)[C@H](CC[C@@H]3C[C@@H](O)CC(=O)O3)[C@H]21,0,Train
21793281,CN(CC(=O)N(Cc1ccc(C2CCCCC2)cc1)c1ccc(C(=O)O)c(O)c1)S(=O)(=O)c1c(F)c(F)c(F)c(F)c1F,0,Train
32079647,O=C(NO)c1ccc(CNc2cccc3cccnc23)cc1,1,Train
10783811,CS(=O)(=O)c1ccccc1-c1ccc(NC(=O)c2cc(C(F)(F)F)nn2-c2cccc(C(=N)N)c2)c(F)c1.O=C(O)C(F)(F)F,0,Train
18578651,COc1cc2c(cc1OC)CN(C(=O)c1ccc3cc(O)ccc3c1)CC2,1,Train
14111648,NC(=O)c1ccc(F)c2c(C(=O)C(=O)N3CCN(C(=O)c4ccccc4)CC3)c[nH]c12,0,Train
27516520,COc1nn(C)cc1-c1cnc2[nH]cc(C(=O)c3ccc(CO)cc3Cl)c2c1,0,Train
18884249,CC(C)(C)CCn1nc(CC(C)(C)C)c(O)c(C2=NS(=O)(=O)c3cc(NS(C)(=O)=O)ccc3N2)c1=O,0,Train
1900141,COC1=C(OC)C(=O)C(C/C=C(\\C)CC/C=C(\\C)CC/C=C(\\C)CC/C=C(\\C)CC/C=C(\\C)CC/C=C(\\C)CC/C=C(\\C)CC/C=C(\\C)CC/C=C(\\C)CCC=C(C)C)=C(C)C1=O,0,Train
21948655,O=C1NCC2(CCCCC2)c2sc(-c3cn[nH]c3)cc21,1,Train
23386074,OC(c1ccc2[nH]c(-c3ccc(OCc4ccccc4)cc3)nc2c1)c1ccccc1C(F)(F)F,1,Train
10730366,COc1cc2cncc(Cc3nc4c([nH]3)c(=O)n(C)c(=O)n4CC(C)CO)c2cc1OC,0,Train
22830631,C[C@@H]1CN([C@H](C)CO)C(=O)c2cccc(NC(=O)c3ccncc3)c2O[C@H]1CN(C)Cc1ccc(Oc2ccccc2)cc1,1,Train
33289347,CC[C@@H](NC(=O)N1C(=O)[C@H](Cc2ccnc(N)c2)[C@H]1C(=O)N(C)c1ccncc1)c1cccnc1,0,Train
23676390,CO[C@H]1CCN(C(=O)c2ccc(O)cc2OC[C@@H](O)CN2CCC3(CC2)Cc2cc(Cl)ccc2O3)C1,0,Train
20083457,CC(=O)Nc1ccc(Nc2nc3c(-c4ccc(NS(=O)(=O)c5ccc(C#N)cc5)cc4)cccn3n2)cc1,0,Train
24394416,CC(=O)Nc1cccc(/C(C)=N\\NC(=O)c2ccc(CN(Cc3ccccc3)S(=O)(=O)c3ccc(Cl)cc3)cc2)c1,0,Train
6669199,O=C1Cc2cc(CCN3CCN(c4nsc5ccccc45)CC3)c(Cl)cc2N1,1,Train
20430790,CC(C)N(C)C1CCC(N2CC(C)(C)[C@H](NC(=O)c3cccc(C(F)(F)F)c3)C2=O)C(CS(=O)(=O)c2ccccc2)C1,0,Train
18877910,O=C(/C=C/c1cccc(Cl)c1)NC1(C(=O)N[C@H](Cc2ccccc2)C(=O)NCC2CCN(CC3CCOCC3)CC2)CCCC1,0,Train
768345,COc1cc2nc(N3CCN(C(=O)c4ccco4)CC3)nc(N)c2cc1OC,1,Train
15031960,CCC1=CC2CN(C1)Cc1c([nH]c3ccccc13)[C@@](C(=O)OC)(c1cc3c(cc1OC)N(C)[C@H]1[C@@](O)(C(=O)OC)[C@H](OC(C)=O)[C@]4(CC)C=CCN5CC[C@]31[C@@H]54)C2,0,Train
32700692,C#CCCC[C@]12CC(=O)N3[C@@H]1c1[nH]c4ccccc4c1C[C@@H]3C(=O)N[C@@H](CCC(=O)O)C(=O)N[C@H](C(N)=O)Cc1ccc(O)c(c1)C/C=C/c1cccc(c1)C2,0,Train
11586388,CNCC1(c2ccc(N3CCc4c(C(N)=O)nn(-c5ccc(OC)cc5)c4C3=O)cc2)CC1.O=C(O)C(F)(F)F,0,Train
12495737,C=C[C@@H]1C[C@]1(NC(=O)[C@@H]1C[C@@H](Oc2cc(OCC)nc3c(Cl)cccc23)CN1C(=O)[C@@H](CC(=O)NC(C)(C)C)C(C)(C)C)C(=O)NS(=O)(=O)C1CC1,0,Train
18451441,CCc1cc(N2CC[C@@H](NC)C2)nc(N)n1,1,Train
20083358,CN(C)C(=O)c1ccc(-c2cccn3nc(Nc4ccc(C(=O)N5CC(O)C5)cc4)nc23)cc1,0,Train
26508099,CNS(=O)(=O)CC1CCC(N(C)c2ncnc3[nH]ccc23)CC1.O=C(O)/C=C\\C(=O)O,1,Train
22244454,COc1cc(/C=C2\\CCCN3C2=NO[C@]3(C)c2ccc(F)cc2)ccc1-n1cnc(C)c1,1,Train
26693353,CCCC(=O)N[C@@H]1CCCCCC=C[C@@H]2C[C@@]2(C(=O)NS(=O)(=O)C2CC2)NC(=O)[C@@H]2C[C@@H](Oc3cc(OCC)nc4c(C)c(OC)ccc34)CN2C1=O,0,Train
23705923,O=C(O)[C@@H]1CCN(C(=O)c2ccc(F)cc2OCCCN2CCC3(CC2)Cc2cc(Cl)ccc2O3)C1,0,Train
29232362,O=c1[nH]cnc2c(-n3cc(CCN4CCC(c5ccc(Cl)cc5)CC4)cn3)nccc12,0,Train
494008,CCN1CCCC1CNC(=O)c1cc(S(N)(=O)=O)ccc1OC,0,Train
22751720,Br.COc1ccc(Sc2ccc(F)cc2CSC(=N)N)c(CSC(=N)N)c1,0,Train
4271127,Cc1c(F)c(N2CCNC(C)C2)cc2c1c(=O)c(C(=O)O)cn2C1CC1,1,Train
30487033,COc1ccc(-c2nnc(C(=O)N3CCC(Oc4ccc(CN5CC(O)C(C)(C)C5)cc4)CC3)o2)cc1,1,Train
27899214,O=C(O)c1ccc(-c2ccc(C(=S)NCc3ccc(-c4ccnn4-c4ccc(Cl)c(Cl)c4)cc3)c(Cl)c2)o1,1,Train
30708915,CCNc1cc(-n2ncc3cc(C#N)cnc32)ncc1-n1cc(CCC(C)(C)O)nn1,0,Train
23204734,COc1cc2c(cc1OC)CN(Cc1coc(-c3ccc4cc(F)ccc4c3)n1)CC2,0,Train
20083236,CC(=O)Nc1ccc(Nc2nc3c(-c4ccc(OC(C)C)cc4)cccn3n2)cc1,1,Train
30708732,CCCn1cnc(-c2cnc(-n3ncc4cc(C#N)ccc43)cc2NC(C)C)c1,1,Train
27219133,CC[C@H]1C[C@@H](n2c(=O)nc(-c3cnn(C)c3)c3oc4ccc(-n5cncn5)nc4c32)CCO1,1,Train
30596837,CC(C)(O)[C@H](F)CNC(=O)c1cnc(-c2cnn3cc(Cl)cnc23)cc1N[C@@H]1COC[C@H]1F,0,Train
30708634,CC(C)Nc1cc(-n2cnc3cc(C#N)cnc32)ncc1-c1cn(C2CN(CC(F)F)C2)nn1,1,Train
23745802,CC[C@H]1C[C@@H](n2c(=O)nc(-c3cnn(C)c3)c3oc4cnc(-c5cn(C)cn5)cc4c32)C[C@@H](C)O1,1,Train
231523,O=c1c(-c2ccc(O)cc2)coc2cc(O)ccc12,1,Train
24367792,Cc1cc[n+]([O-])c(C)c1C(=O)N1CC2CN(CC[C@H](NC(=O)C3CCCC3)c3ccccc3)CC2C1,0,Train
18660750,CC(=O)N1CCN(c2nc3c(c(N(C)Cc4cc5ccccc5cn4)n2)CN(C(C)C)C3=O)CC1,0,Train
94057,Oc1cc(O)c2c(c1)O[C@H](c1cc(O)c(O)c(O)c1)[C@H](O)C2,0,Train
32601188,CN1CCN(c2c(C3CCCN3Cc3ncccn3)nc3ccccn23)CC1,1,Train
10739042,N#Cc1cc(C[C@H](Nc2nc3ccccc3s2)c2nc3ccccc3[nH]2)ccc1C1CC(=O)NS1(=O)=O,0,Train
28803424,[2H]C(c1ccc(-c2ccc3c(cnn3C)c2)cc1)N(C(=O)C1CCCCC1)c1cc(F)cc(/C=C/C(=O)OC)c1,0,Train
18488000,Oc1c2c(nn1-c1nc3ccc(F)cc3s1)CCc1ccccc1-2,0,Train
28960240,O=[N+]([O-])c1cn2c(n1)OC[C@@H](OCc1ccc(N3CCSCC3)cc1)C2,1,Train
23386100,O=C(NCc1ccc(Cl)s1)c1ccc2[nH]c(-c3ccc(C(=O)c4ccccc4C(F)(F)F)cc3)nc2c1,0,Train
384121,O=c1cc(-c2ccc(O)cc2)oc2ccccc12,0,Train
2064857,O=[N+]([O-])c1ccc(OP(=O)(O)Oc2ccc([N+](=O)[O-])cc2)cc1,1,Train
21895691,COc1ccc(Nc2ccc3c(C4CCN(C)CC4)c[nH]c3c2)cc1OC,1,Train
7822297,CCc1ccc(C(=O)NN(C(=O)c2cc(C)cc(C)c2)C(C)(C)C)cc1,1,Train
23745665,COc1ccc(-c2nc(=O)n(CCC3CCCO3)c3c2oc2ncc(-c4cnn(C)c4)cc23)cn1,0,Train
12676214,COc1cc(C)c(S(=O)(=O)N(C)CCOCC(=O)N2CCN(CCCN(C)C)CC2)c(C)c1.O=C(O)C(F)(F)F,0,Train
21785269,O=C(O)CN1C(=O)[C@@]2(NC(=O)N(Cc3cc(Cl)ccc3F)C2=O)c2cc(Cl)ccc21,0,Train
23751944,CC[C@H]1C[C@@H](n2c(=O)nc(-c3cnn(C)c3)c3oc4cnc(-c5cn(C)cn5)cc4c32)CCO1,0,Train
27175837,C[C@H](Nc1ccc(F)cc1)c1cc(C(=O)N(C)C)cn2c(=O)cc(N3CCOCC3)nc12,1,Train
20905514,CCOc1ccc2nnc(Sc3ccc4nc(NC(=O)NCCN5CCOCC5)sc4c3)n2n1,0,Train
10476027,CCCc1nn(C)c2c(=O)[nH]c(-c3cc(C(C)=O)ccc3OCC)nc12,1,Train
13059962,CC(C)(C)CCn1c(=O)c(C2=CS(=O)(=O)c3cc(NS(C)(=O)=O)ccc3N2)c(O)c2cccn21,0,Train
9454518,O=C(O)CC1CCC(=O)N(CC(=O)NCc2ccc(Nc3nc4ccccc4[nH]3)cc2)c2ccccc21,0,Train
13473311,COc1ccc2ccc(S(=O)(=O)N[C@@H](CCCNc3ccccn3)C(=O)N3CCC(C)CC3)cc2c1,0,Train
18578644,COc1cc2c(cc1OC)CN(Cc1ccc(-c3ccccc3)cc1)CC2,1,Train
20267204,O=C(O)Cc1sc(C(c2ccccc2)c2ccccc2)nc1-c1ccc(Cl)cc1,1,Train
23037348,CCN(CCO)C(=O)c1cc2cccnn2c1-c1cccc(C(F)(F)F)c1,1,Train
12821370,CCOC(=O)c1cc(C#N)c(N2CC(C(=O)NS(=O)(=O)Cc3ccc(C)cc3)C2)nc1C,0,Train
27211688,NS(=O)(=O)Cc1cccc(-n2c3nc(=O)[nH]c(=O)c-3cc3cc(Cl)ccc32)c1,1,Train
23705929,O=C(O)[C@H]1CCN(C(=O)c2ccc(F)cc2OCCCN2CCC3(CC2)Cc2cc(Cl)ccc2O3)C1,0,Train
23145337,CCCC[C@@H](C(N)=O)N(C)C(=O)[C@H](Cc1ccccc1)NC(=O)[C@@H](CCCNC(N)=O)NC(=O)[C@@H](N)Cc1c(C)cc(O)cc1C,0,Train
8181148,COc1cc(C)c(S(=O)(=O)N[C@@H](CC(=O)N2CCOCC2)C(=O)N[C@H](Cc2ccc(C(=N)N)cc2)C(=O)N2CCCCC2)c(C)c1C,0,Train
20311167,CC[C@H](C)[C@H](N)C(=O)OCc1cccc(NC(=N)N)c1,0,Train
20083245,COc1ccc(-c2cccn3nc(Nc4ccc(C(=O)O)c(OC)c4)nc23)cc1,1,Train
24360274,Cc1c(CN(CCc2ccc(Cl)cc2)C2CCN(C(=O)c3c(F)cccc3F)CC2)c(=O)n(-c2ccc(F)cc2)n1C.Cl,0,Train
24314372,CCCCCCC(N)C(=O)N[C@@H](Cc1ccc(O)cc1)C(=O)N1CCC[C@H]1C(=O)N[C@@H](Cc1c[nH]c2ccccc12)C(=O)N[C@@H](Cc1ccccc1)C(=O)NC1O[C@@H](C(N)=O)[C@@H](O)[C@@H](O)[C@H]1O,0,Train
23434665,O=C(NCc1ccccc1)c1ccc(N2CCN(C(=O)c3ccccc3C(F)(F)F)CC2)nn1,1,Train
22924511,CC(C)N(C)[C@H]1CC[C@@H](N2CCC(c3nc4cccc(C(F)(F)F)c4[nH]3)C2=O)[C@@H](CS(=O)(=O)c2ccccc2)C1,0,Train
31185964,COc1ccc2c(c1CN1CCNCC1)O/C(=C\\c1c[nH]c3nc(C)ccc13)C2=O,0,Train
32614174,CCN1CCN(c2cccc3nc([C@H]4CCC[C@@H](c5ncccc5Cl)N4C)cn23)CC1,1,Train
18386117,CS(=O)(=O)Nc1ccc2c(c1)S(=O)(=O)N=C(C1=C(O)[C@@H]3CCC[C@@H]3N(Cc3ccc(F)c(F)c3)C1=O)N2,0,Train
26883065,O=C(Cc1ccc(-c2ccccc2)cc1)NCc1ccncc1,1,Train
32858021,C[C@]12CC[C@H]3[C@@H](CC=C4C[C@@H](OC(=O)CCCCCCCCC(=O)O)CC[C@@]43C)[C@@H]1CCC2=O,1,Train
25083789,CNCC1(c2ccc(N3CCC4C(C(F)(F)F)=NN(c5ccc(OC)cc5)C4C3=O)cc2)CC1.O=C(O)C(F)(F)F,0,Train
22986679,CCCC(=O)c1cnn(-c2ccc(NC(=O)c3cn(CC(=O)O)c4cc(C)c(C)cc34)cc2)c1C,0,Train
3975317,CC(C)NCC(O)COc1ccc(COCCOC(C)C)cc1,1,Train
32700695,C#CCCC[C@]12CC(=O)N3[C@@H]1c1[nH]c4ccccc4c1C[C@@H]3C(=O)N[C@@H](CCC(=O)O)C(=O)NCCc1ccc(O)c(c1)C/C=C/c1cccc(c1)C2,0,Train
14567058,O=C(Nc1ccc2c(c1)NC(=O)C(CCO)O2)C1CCN(c2cc(F)c(F)c(F)c2)CC1,0,Train
10131963,Cc1nnc(C(C)C)n1[C@H]1C[C@@H]2CC[C@H](C1)N2CC[C@H](NC(=O)C1CCC(F)(F)CC1)c1ccccc1,0,Train
27219177,CC[C@H]1C[C@@H](n2c(=O)nc(-c3cnn(C)c3)c3oc4cnc(-c5cnco5)cc4c32)CCO1,1,Train
7141956,CC1(C)C=Cc2c(ccc3c2OC[C@@H](c2ccc(O)cc2O)C3)O1,1,Train
20007929,CC(C)C1CN(C(=O)C(=O)c2c[nH]c3cccc(F)c23)CCN1C(=O)c1ccccc1,1,Train
32072097,COc1nc(OC(F)(F)F)c(NC(=O)[C@H]2CC[C@H]3[C@@H]4CN(C(=O)OC(C)(C)C)C5=CC(=O)CC[C@]5(C)[C@H]4CC[C@]23C)cc1Br,0,Train
18877900,Cc1cccc(/C=C/C(=O)NC2(C(=O)N[C@H](Cc3ccccc3)C(=O)NCC3CCN(CC4CCOCC4)CC3)CCCC2)c1.O=C(O)C(F)(F)F,0,Train
24290245,CN(C)[C@H]1CC[C@H](NC(=O)[C@@H](Cc2ccc(Cl)cc2)NC(=O)C2(c3ccc(Cl)cc3)CCC2)CC1,0,Train
18981434,CCCN(CCC)c1cc(C(=O)Nc2ccc(O)cc2)ncn1,1,Train
26467357,Cc1noc(CN2c3nc(N4CCOC[C@H]4C)c(F)c(=O)n3CC[C@H]2C(F)(F)F)n1,1,Train
23263459,CCOC(=O)C(Cc1ccc(-c2c(C(F)(F)F)cc(C)n(C)c2=O)cc1)NC(=O)c1c(Cl)cccc1Cl,1,Train
32614152,CCOCc1c([C@H]2CCC[C@@H](c3ncccc3Cl)N2C)nc2cccc(N3CCN(C)CC3)n12,1,Train
10220989,CC(=O)c1sc(NC(=O)N[C@@H]2CCCC[C@H]2CN2CCC[C@@H](Cc3ccc(F)cc3)C2)nc1C,0,Train
28880211,O=C(Nc1nnc(Nc2ccccc2)s1)c1ccc(O[C@H]2CC[C@@H](C(=O)O)CC2)cc1,0,Train
24438546,Cc1nc(-c2ccc(OCCCN3CCC[C@H]3C)cc2)sc1C(=O)N1CCOCC1.O=C(O)/C=C/C(=O)O,1,Train
20606781,CCCS(=O)(=O)c1ccc(C)c(C#Cc2cc(Cl)ccc2OCC(=O)O)c1,0,Train
23745579,CNc1ccc(-c2nc(=O)n(CCC3CCCO3)c3c2oc2c(F)cc(-c4cnn(C)c4)cc23)cn1,0,Train
32741319,Cc1cc(N2CCN(C)CC2)c2[nH]c(N[C@H](CC#N)c3cccc(Cl)c3)nc2n1,0,Train
20651910,COC(=O)c1ccc(-c2cccc(O[C@H]3O[C@H](CO)[C@@H](O)[C@H](O)[C@@H]3O)c2)cc1,0,Train
19761430,Cn1c(NCCCN2CCC(CN3c4ccccc4Sc4ccc(C(=O)O)cc43)CC2)cc(=O)n(C)c1=O,0,Train
25910712,CS(=O)(=O)N1CCNC(C(=O)C(Cc2cccc(CN=N)c2)NS(=O)(=O)c2ccc3ccccc3c2)C1,0,Train
24526797,COc1ccc(-c2oc3c(CC=C(C)C)c(OC4O[C@H](CO)[C@@H](O)[C@H](O)[C@H]4O)cc(O)c3c(=O)c2O[C@@H]2O[C@@H](C)[C@H](O)[C@@H](O)[C@H]2O[C@@H]2O[C@@H](C)[C@H](O)[C@@H](O)[C@H]2O)cc1,0,Train
30133431,COc1nnc2ccc(N3CCC(c4ccc(CCN5CCN(C)C(=O)[C@H]5C)cc4)CC3)nn12,1,Train
23274991,O=C(Nc1ccc(O[C@H]2CC[C@@H](C(=O)O)CC2)cc1F)c1nnc(Nc2cc(F)c(F)cc2F)o1,1,Train
5848501,CO[C@H]1C[C@@H]2CC[C@@H](C)[C@@](O)(O2)C(=O)C(=O)N2CCCC[C@H]2C(=O)O[C@H]([C@H](C)C[C@@H]2CC[C@@H](O)[C@H](OC)C2)CC(=O)[C@H](C)/C=C(\\C)[C@@H](O)[C@@H](OC)C(=O)[C@H](C)C[C@H](C)/C=C/C=C/C=C/1C,0,Train
29405555,CCN[C@H]1C[C@H](C)S(=O)(=O)c2sc(S(=O)(=O)NCCOCCOCCOCCOCCOCCOCCOCCOCCOC)cc21,1,Train
28803331,[2H]C(c1ccc(-c2ccc(N(C)C)cc2)cc1F)N(C(=O)c1ccccc1)c1cccc(/C=C/C(=O)OC)c1,0,Train
4276619,NCCCC[C@H](N[C@@H](CCc1ccccc1)C(=O)O)C(=O)N1CCC[C@H]1C(=O)O,0,Train
250958,COc1ccc2c(=O)cc(-c3ccc(O)cc3)oc2c1,0,Train
28803484,[2H]C(c1ccc(-c2ccc(N(C)C)cc2)cc1)N(C(=O)C1CCCCC1)c1cncc(/C=C/C(=O)OC)c1,0,Train
32832584,O=c1ccc2c([C@@H](CO)NCCc3ccc(O)cc3)ccc(O)c2[nH]1,0,Train
24190099,CN1C(=N)N[C@](C)(c2cc(-c3ccc(F)c(C#N)c3)cs2)CS1(=O)=O,1,Train
30708696,CC(C)Nc1cc(-n2ccc3cncnc32)ncc1-c1cn([C@H]2CCNC[C@H]2O)nn1,0,Train
18301849,Cc1nn(-c2ccccn2)c(O)c1-c1ccc([N+](=O)[O-])cc1,0,Train
12763673,Cc1nc2nc(C(=O)N3CCOCC3)cn2c(-c2ccc(Cl)cc2Cl)c1CN,1,Train
32494495,O=[N+]([O-])c1ccc(C=NNc2cc(Nc3ccccc3)nc(Nc3ccccc3)n2)o1,0,Train
24563970,O=C1C[C@@H](c2ccc(O[C@@H]3O[C@H](C(=O)O[C@H]4OC[C@@](O)(CO)[C@@H]4O)[C@@H](O)[C@H](O)[C@H]3O)cc2)Oc2cc(O)ccc21,0,Train
13076575,NCCCNC(=O)c1c(NC(=O)Cn2nc(C(F)(F)F)c3c2CCCC3)sc2c1CCCC2,0,Train
29817456,COc1cc(CNCCN2CCNCC2)ccc1-c1cc2c(N[C@H](CO)c3ccccc3)ncnc2[nH]1,0,Train
766272,COCN1C(=O)N(COC)C(=O)C(c2ccccc2)(c2ccccc2)C1=O,1,Train
14111576,COc1ccc(-c2ncon2)c2[nH]cc(C(=O)C(=O)N3CCN(C(=O)c4ccccc4)CC3)c12,1,Train
10049926,CC(C)CN(C[C@@H](O)[C@H](Cc1ccccc1)NC(=O)O[C@H]1CO[C@H]2OCC[C@@H]12)S(=O)(=O)c1ccc2nc(N(C)CCCN(C)C)sc2c1,0,Train
22516475,Cc1cc(CC(OC(=O)N2CCC(N3CCc4ccccc4NC3=O)CC2)c2cc(C(=O)N(C)C)cc(Cl)n2)cc2cn[nH]c12,0,Train
12093525,O=C(NC1CC1)c1ccccc1OC[C@@H](O)CN1CCC2(CC1)Cc1cc(Cl)ccc1O2,1,Train
12901972,C1=C/COCc2cc(ccc2OCCN2CCCC2)Nc2nccc(n2)-c2ccc(o2)COC/1,1,Train
25249430,CSc1ccc([C@H]2C[C@@]3(C)C(CC[C@@]3(O)C(F)(F)C(F)(F)F)C3CCC4=CC(=O)CCC4=C32)cc1,1,Train
28803480,COC(=O)/C=C/c1cccc(N(Cc2ccc(-c3ccc4c(cnn4C)c3)cc2F)C(=O)c2ccccc2)c1,0,Train
20083479,N#CC1CN(Cc2ccc(-c3cccn4nc(Nc5ccc(C(=O)NC6CC6)cc5)nc34)cc2F)C1,0,Train
29298644,Cn1c(N2CCC(F)CC2)cc(OCc2cc(F)c(Oc3ccc(Cl)c(C(F)(F)F)c3)c(F)c2)nc1=O,0,Train
24014942,CC(C)c1n[nH]c2cc(O)c(-c3nnc(C(=O)NCC(F)(F)F)n3-c3ccc(N4CCOCC4)cc3)cc12,1,Train
25077420,CC1CCCN1CCCOc1ccc(C2=NC3(CCN(Cc4ccccc4)CC3)CO2)cc1,0,Train
21379649,Cc1n[nH]c2ccc(C3C(C#N)=C(C(F)F)NC(C(F)F)=C3C#N)cc12,1,Train
2065909,COc1cc2c(c(OC)c1OC)-c1c(cc(OC)c(OC)c1OC)C[C@](C)(O)[C@@H](C)C2,1,Train
22142739,Cc1nc2cc([C@@H]3CCCCN3C(=O)c3ccccc3NS(C)(=O)=O)nn2c(C)c1C,1,Train
32698301,N[C@H]1CCN(c2cc3c(cc2F)n2ccnc2c(=O)n3C2CC2)C1.O=C(O)C(F)(F)F,0,Train
11220396,C=C[C@@H]1C[C@]1(NC(=O)[C@@H]1C[C@@H](Oc2cc(-c3ccccc3)nc3cc(OC)ccc23)CN1C(=O)[C@@H](NC(=O)OC(C)(C)C)C(C)(C)C)C(=O)NNc1ccccc1,1,Train
28665325,CC(=O)C1=C(O)C(Cc2ccc(-c3ccccc3)cc2)N(CCn2c([N+](=O)[O-])cnc2C)C1=O,1,Train
11288893,CCC(C)C(NC(=O)N[C@H](C(=O)N1C[C@H]2[C@@H]([C@H]1C(=O)NC(CC1CC1)C(=O)C(=O)NCC(=O)N[C@H](C(=O)N(C)C)c1ccccc1)C2(C)C)C(C)(C)C)C(=O)OCc1ccccc1,0,Train
22143054,Cc1[nH]c2cc([C@@H]3CCCCN3C(=O)c3cc(F)ccc3NS(C)(=O)=O)nn2c(=O)c1C,0,Train
11437419,OCc1cc(O)ccc1/C=C/c1ccc(O)cc1,0,Train
11331446,COC(=O)N[C@H](C(=O)N[C@@H](Cc1ccccc1)[C@@H](O)CN(Cc1ccc(-c2ccccn2)cc1)NC(=O)[C@@H](NC(=O)OC)C(C)(C)C)C(C)(C)C.O=S(=O)(O)O,1,Train
24233455,O=C(NCCN1CCOCC1)Nc1nc2ccc(Sc3nnc4ccc(NC5CC5)nn34)cc2s1,0,Train
13059977,CC(C)CCn1c(=O)c(C2=NS(=O)(=O)c3cc(NS(=O)(=O)C4CC4)ccc3N2)c(O)c2cccn21,0,Train
24108428,O=C(OCc1ccccc1)c1ccccc1-c1ccc(CN2CCC(COC(=O)c3c4n(c5ccccc35)CCCO4)CC2)cc1,0,Train
26080847,O=C(NC1CC1)c1ccc(Nc2nc3c(-c4ccc(C5(N6CCOCC6)CC5)cc4)cccn3n2)cc1,0,Train
18556842,CCCCn1c2nc(C)ccc2c(=O)n1Cc1ccc(-c2ccccc2-c2nn[nH]n2)cc1,0,Train
25486054,NC(=O)c1nn(CC(=O)N2[C@H](C(=O)Nc3cccc(Br)n3)C[C@H]3C[C@H]32)c2ccccc12,1,Train
26879302,O=C(COC1CCC(Nc2ccc([N+](=O)[O-])c(C(F)(F)F)c2)CC1)N1CCN(CC2Cc3ccccc3O2)CC1,0,Train
32179993,CC(=O)Nc1ccc(S(=O)(=O)Nc2ccc(Oc3ccc(F)c(C(F)(F)F)c3)c(C#N)c2)cc1,1,Train
15429878,O=C(NCCc1ccccc1)c1ccc(N2CCN(C(=O)c3ccccc3C(F)(F)F)CC2)nn1,1,Train
18425018,CC(C)(C)CCn1nc(C2CC2)c(O)c(C2=Nc3ccc(NS(C)(=O)=O)cc3S(=O)(=O)N2)c1=O,0,Train
30709003,CCCn1cc(-c2cnc(-n3ncc4cc(C#N)c(N)nc43)cc2NC(C)C)nn1,1,Train
32601135,CN1CCN(c2cccc3[nH]c(CN4CCCC4c4nccn4C)nc23)CC1,1,Train
21843951,COc1cc(F)ccc1-c1ncnc(Nc2cccc(CS(N)(=O)=O)c2)n1,0,Train
23751915,CC[C@H]1C[C@H](n2c(=O)nc(-c3ccc(NC)nc3)c3oc4ncc(-c5cnn(C)c5)cc4c32)CCO1,0,Train
26924272,CCCC(=O)C1=C(C(F)F)NC(N2CCC(C(=O)NS(=O)(=O)Cc3ccccc3)CC2)C(C#N)=C1,0,Train
11233616,Cc1noc(C)c1CN(C1Cc2cc(C#N)ccc2N(Cc2cncn2C)C1)S(=O)(=O)c1ccccn1,0,Train
32601271,Cc1cccnc1C1CCCN1Cc1nc2cccc(N3CCN(C)CC3)c2[nH]1,1,Train
26716980,Nc1ccc2ccc(CCNCCc3cccc(Cl)c3)cc2n1,1,Train
29475950,COc1cccc(S(=O)(=O)NC(=O)c2cc(-c3ccc(C#CCO)s3)c(OC)cc2OC)c1,0,Train
24368067,COCCOCCOCCOCCOCCOCCOCCOC(=O)N[C@H](C(=O)N[C@@H](Cc1ccccc1)[C@@H](O)CN(Cc1ccc(-c2ccccn2)cc1)NC(=O)[C@@H](NC(=O)OCCOCCOCCOCCOCCOCCOCCOC)C(C)(C)C)C(C)(C)C,0,Train
23745515,C[C@H]1C[C@@H](n2c(=O)nc(-c3cnn(C)c3)c3oc4ccc(-c5cnn(C)c5)nc4c32)C[C@@H](C)O1,1,Train
23009923,O=[N+]([O-])c1ccc(C2=NOC(c3ccc(N4CCS(=O)CC4)cc3)C2)o1,1,Train
26150195,COc1ccc2c(O[C@@H]3C[C@H]4C(=O)N[C@]5(C(=O)NS(=O)(=O)C6CC6)C[C@H]5/C=C\\CCCCCCNC(=O)N4C3)nc(-c3ccc(F)cc3)nc2c1C,1,Train
25584257,Cc1c(C)c(S(=O)(=O)NCC(=O)N(CC(=O)N2CCCCC2)Cc2ccc3c(N)nccc3c2)c(C)c2c1OC(C)(C)CC2.Cl,0,Train
20051319,COc1ccc(-c2cccc3nc(Nc4ccc(C(=O)NCCCN(C)C)cc4)nn23)cc1,0,Train
25083821,COc1ccc(N2N=C(C(F)(F)F)C3CCN(c4ccc(C5(N(C)C)CC5)cc4)C(=O)C32)cc1.O=C(O)C(F)(F)F,0,Train
20129764,CC(C)n1c(=O)c(C(=O)N[C@@H]2C[C@@H]3CC[C@H](C2)N3CCCCCCCN2CCC[C@@H]2C(N)=O)cc2ccccc21,0,Train
8875133,Cc1cc(C(=O)Nc2ccc(-c3ccccc3S(C)(=O)=O)cc2)n(-c2cccc(CN)c2)n1,0,Train
18578654,COc1cc2c(cc1OC)CN(Cc1ccc(-c3ccc(O)cc3)cc1)CC2,1,Train
21566576,Cn1c(-c2ccccn2)c(C2CCCCC2)c2ccc(C(=O)NC(C)(C)C(=O)Nc3ccc(C=CC(=O)O)cc3)cc21,1,Train
22751733,Br.N=C(N)SCc1c(Cl)ccc2c1oc1c(CSC(=N)N)c(Cl)ccc12,0,Train
12085901,Cc1cc(Nc2ncnc3cnc(N4CCOCC4)cc23)ccc1Oc1ccc(C(=O)NCC(C)(C)C)cc1,1,Train
24360293,Cc1c(CN(CCc2ccc([N+](=O)[O-])cc2)C2CCN(C(=O)c3ccccn3)CC2)c(=O)n(-c2ccc(F)cc2)n1C.Cl,0,Train
23600177,CCC1(C)NC(=O)c2cc(S(=O)(=O)Nc3ccc(Cl)cc3)ccc2NC1=O,0,Train
10390897,Cc1ccccc1CN(CCN(Cc1cncn1C)c1ccc(C#N)cc1)S(=O)(=O)c1cn(C)cn1,0,Train
24314358,CCCCCCC(N)C(=O)N[C@@H](Cc1c(C)cc(O)cc1C)C(=O)N1CCC[C@H]1C(=O)N[C@@H](Cc1c[nH]c2ccccc12)C(=O)N[C@@H](Cc1ccccc1)C(N)=O,0,Train
2215170,O=C(O)C(O)Cc1ccc(O)c(O)c1,0,Train
24817776,CC(=O)N[C@@H](CCN1C2CCC1CC(n1c(C)nc3ccccc31)C2)c1ccccc1,1,Train
21155410,CCCCCCCCCCC(NC(=O)[C@@H]([NH3+])CCCCCCCCCC)C(=O)N[C@@H]1O[C@H](CO)[C@@H](O)[C@H](O)[C@H]1O.CCN1CCN(C(=O)N[C@@H](C(=O)N[C@@H]2C(=O)N3[C@@H](C(=O)[O-])C(C)(C)S[C@H]23)c2ccccc2)C(=O)C1=O,1,Train
25659010,O=C(O)C[C@H]1CC[C@H](c2ccc(C(=O)Nc3nnc(CCC4CCCC4)s3)cc2)CC1,0,Train
12446706,COCCN(C)Cc1cn(Cc2ccc(F)cc2)c2cnc3c(c12)CCN(O)C3=O,0,Train
23170184,Cc1ncc(C(N)=O)nc1-c1ccc(C2CCC(CC(=O)O)CC2)cc1,1,Train
30169849,O=[N+]([O-])c1ccc(N[C@H]2CC[C@H](Oc3cncc(N4CCN(Cc5ccc(F)cc5)CC4)c3)CC2)cc1C(F)(F)F,0,Train
9303611,Cn1nnc(-c2ccc3c(c2)c(C2CCN(CCN4CCNC4=O)CC2)cn3-c2ccc(F)cc2)n1,1,Train
18603190,Oc1ccc(-c2cnc(-c3cccc(O)c3)o2)cc1,0,Train
23012856,Cn1c(C(=O)O)cc2cc(NC(=O)C3(NC(=O)c4ccc5c(C6CCCC6)c(-c6cccc(N)n6)n(C)c5c4)CCC3)ccc21,0,Train
23600201,CCC1(C)NC(=O)c2cc(S(=O)(=O)Nc3ccc(OC)cc3)ccc2NC1=O,0,Train
32612542,CN1CCC(n2c([C@H]3CCC[C@@H](c4ccccn4)N3)nc3ccccc32)CC1,1,Train
23013103,CC(=O)Nc1nc(-c2c(C3CCCC3)c3ccc(C(=O)NC4(C(=O)Nc5ccc(C=CC(=O)O)cc5)CCCC4)cc3n2C)cs1,0,Train
9880477,Cc1cc(COc2ccc(S(=O)(=O)C[C@@H]3NCC[C@@H]3C(=O)NO)cc2)c2ccccc2n1,0,Train
10619200,CN(C)Cc1ccccc1-c1ccc(N2CCc3c(C(F)(F)F)nn(-c4cccc(C(N)=O)c4)c3C2=O)cc1,0,Train
606623,O=c1cc[nH]c(=O)[nH]1,0,Train
21298626,Cl.N#Cc1ccc(Cn2cncc2CN2CCN(C(=O)C34CC5CC(CC(C5)C3)C4)CCC2c2ccccc2)cc1,0,Train
31124071,COc1nn(-c2ccccn2)c2cc(-c3ccc([C@H]4C[C@@H]4C(=O)O)cc3)cc(F)c12,1,Train
32471074,C[C@@H]1Cc2c([nH]c3ccccc23)[C@@H](c2c(F)cc(OCCNCCCF)cc2F)N1CC(F)(F)CO,0,Train
29459150,CC(O)(COc1ccc(C#N)cc1C(F)(F)F)C(=O)Nc1ccc([N+](=O)[O-])c(C(F)(F)F)c1,0,Train
21379613,Cc1n[nH]c2ccc(C3C(C#N)=C(CCC(C)C)NC(C(F)(F)F)=C3C#N)cc12,1,Train
26883064,O=C(Cc1ccc(-c2ccccc2)cc1)NCc1cccc(Br)c1,1,Train
12620869,CNc1nc2sc3c(NCCN4CCOCC4)ncnc3c2c2c1CCC(C)(C)C2,1,Train
24720354,COc1ccc2c(O[C@@H]3C[C@H]4C(=O)N[C@]5(C(=O)NS(=O)(=O)C6CC6)C[C@H]5C=CCCCCN(C)C(=O)[C@@H]4C3)cc(-c3nccs3)nc2c1,0,Train
13016871,N#Cc1cccc(Oc2ccc(C(=O)N3CCCN(C4CCC4)CC3)cn2)c1,1,Train
32612568,CN1CCC(n2ccnc2[C@H]2CCC[C@@H](c3ncccc3Cl)N2)CC1,1,Train
18424957,CC(C)CCn1nc(C(C)(C)C)c(O)c(C2=NS(=O)(=O)c3cc(NS(C)(=O)=O)ccc3N2)c1=O,0,Train
1727188,CC(C)[C@H](NC(=O)[C@H](N)C(C)C)C(=O)O,0,Train
8456558,COc1ccc2ccc(S(=O)(=O)NC(Cc3ccc4ccnc(N)c4c3)C(=O)N3CCC(C)CC3)cc2c1,0,Train
10783815,CS(=O)(=O)c1ccccc1-c1ccc(NC(=O)c2cc(C(F)(F)F)nn2-c2cccc(CN)c2)cc1.O=C(O)C(F)(F)F,0,Train
24434320,CC(C)(N)C(=O)N1CCn2c(nc(-c3ccc(F)cc3)c2Nc2ccc(Cl)cc2)C1.Cl,0,Train
8466341,COCc1c(C(C)C)nc(C(C)C)c(/C=C/[C@@H](O)C[C@@H](O)CC(=O)[O-])c1-c1ccc(F)cc1.[Na+],0,Train
22819095,CC(=O)[C@H]1CC[C@H]2[C@@H]3CC[C@H]4C[C@@H](NS(N)(=O)=O)CC[C@]4(C)[C@H]3CC[C@]12C,0,Train
32297686,CC(C)(C)[C@H](c1cc(-c2cc(F)ccc2F)cn1Cc1ccccc1)N(CCCN)C(=O)CSC[C@H](NC(=O)CCOCCOCCOCCOCCNC(=O)CNC(=O)[C@H](CC(=O)O)SC[C@H](N)C(=O)O)C(=O)O.O=C(O)C(F)(F)F,0,Train
20083446,O=C(NC1CC1)c1ccc(-c2cccn3nc(Nc4ccc(C(=O)N5CCOCC5)cc4)nc23)cc1,0,Train
1462221,O=c1[nH]c(-c2ccc(O)cc2)cc2ccccc12,0,Train
30708535,CC(C)Nc1cc(-n2ncc3cc(C#N)cnc32)ncc1-c1cn(C[C@@H](C)O)nn1,0,Train
27175821,CC(Nc1ccc(F)cc1)c1cc(C(=O)NCCN(C)C)cn2c(=O)cc(N3CCOCC3)nc12,0,Train
10085155,CN(C)CCNC(=S)Nc1ccc(S(N)(=O)=O)cc1,0,Train
31277688,NS1(=O)=NC(=O)c2ccccc21,0,Train
28803455,COC(=O)/C=C/c1cccc(N(Cc2cccc3ccc(N(C)C)c(F)c23)C(=O)C2CCCCC2)c1,0,Train
12229908,CC(=O)Nc1ccc(C(=O)NCC(C)(C)[C@H]2Nc3ccc(C#N)cc3[C@H]3C=CC[C@H]32)cn1,1,Train
26879411,N#Cc1ccc(NC2CCC(OCC(=O)N3CCN(Cc4cc5cc(Cl)ccc5o4)CC3)CC2)cc1C(F)(F)F,0,Train
18609065,O=C(O)CN1C(=O)[C@@]2(CC(=O)N(Cc3cc(Cl)ccc3F)C2)c2cc(Cl)ccc21,0,Train
6677566,CC(C)(C)NC(=O)[C@@H]1CN(Cc2cccnc2)CCN1C[C@@H](O)C[C@@H](Cc1ccccc1)C(=O)N[C@H]1c2ccccc2C[C@H]1O,0,Train
21420687,Cn1c(N2CCCN(CCCN3c4ccccc4COc4ccc(C(=O)O)cc43)CC2)cc(=O)n(C)c1=O,0,Train
28935767,CO[C@H]1CC[C@H](N2CC(=O)Nc3ncc(-c4ccc(-c5nc[nH]n5)nc4C)nc32)CC1,1,Train
23751917,CNc1ccc(-c2nc(=O)n(CCC3CCCO3)c3c2oc2ncc(-c4cnn(C)c4)cc23)nc1,0,Train
3836479,COc1ccc(CN(CCN(C)C)c2ccccn2)cc1.O=C(O)/C=C\\C(=O)O,1,Train
84046,NCC(=O)N1CCC[C@H]1C(=O)O,0,Train
20048962,CCCC(=O)c1cc(C#N)c(N2CCC(C(=O)NS(=O)(=O)Cc3ccccc3Cl)CC2)nc1C,0,Train
25844177,NC(=O)C1OC(NC(=O)[C@@H]2CCCN2C(=O)[C@H](Cc2c[nH]cn2)NC(=O)[C@@H]2CCC(=O)N2)C(O)C(O)[C@@H]1O,0,Train
19023676,COc1ccc2c(O[C@@H]3C[C@H]4C(=O)N[C@]5(C(=O)NS(=O)(=O)C6CC6)C[C@H]5/C=C\\CCCCN(C)C(=O)[C@@H]4C3)cc(-c3cccc(C(C)C)n3)nc2c1C,1,Train
20129743,CC(C)n1c(=O)c(C(=O)N[C@@H]2C[C@@H]3CC[C@H](C2)N3CCCN2CCN(S(C)(=O)=O)CC2)cc2ccccc21,1,Train
1354819,C[C@]12C[C@H](O)[C@H]3[C@@H](CCC4=CC(=O)CC[C@@]43C)[C@@H]1CC[C@]2(O)C(=O)CO,0,Train
19042430,Cc1cc(N2CCC(N3CCCC3C)C2)ccc1NC(=O)c1ccc2cc[nH]c2c1,0,Train
20083484,CNC(=O)c1ccc(Nc2nc3c(-c4ccc(CN5CCS(=O)(=O)CC5)c(F)c4)cccn3n2)cc1,0,Train
12733314,O=C1N(Cc2ccc(C(F)(F)F)cc2)c2ccccc2C1(O)c1ccc2c(c1)OCO2,0,Train
8421906,CN(C)C[C@H]1CCCC[C@]1(O)c1cccc(O)c1,1,Train
13127017,CC(C)C[C@H](CO)Nc1nc(S[C@@H](C)c2ccc(Cl)cn2)nc2[nH]c(=O)sc12,1,Train
12247514,CC(C)[C@H](N)C(=O)N1CCC[C@H]1C(=O)OC[C@@H]1O[C@H](n2cnc(C(N)=O)n2)[C@@H](O)[C@H]1O,0,Train
11850343,CN(C)CCN(C)C(=O)CN(C1CCCN(c2ccc(-n3ccccc3=O)cc2F)C1=O)S(=O)(=O)c1cc2ccc(Cl)nc2s1,0,Train
20083309,COc1ccc(-c2cccn3nc(Nc4ccc(C(=O)NCc5cccnc5)cc4)nc23)cc1,0,Train
12646315,CCOC(=O)c1cnc(N2CC(C(=O)NS(=O)(=O)c3ccc(Cl)s3)C2)c(Cl)c1,0,Train
19053209,CC(C)C[C@H]1NC(=O)[C@@H](C)N(C)C(=O)[C@H](C2CC2)NC[C@@H](C)OC2CCCCC2CCCNC1=O,1,Train
22986790,CCCC(=O)c1cnn(-c2ccc(NC(=O)c3cn(CC(=O)N4CCN(C)CC4)c4ccc(Cl)cc34)nn2)c1C.Cl,0,Train
10318118,Nc1noc2ccc(-n3nc(C(F)(F)F)cc3C(=O)Nc3ccc(-c4ccccc4CN4CC[C@@H](O)C4)cc3F)cc12,0,Train
30596825,CC(C)(O)[C@H](F)CNC(=O)c1cnc(-c2cnn3cc(Cl)cnc23)cc1Nc1ccc(C(N)=O)cc1,0,Train
24180394,C=CCNC(=O)C(=O)C(CCC)NC(=O)[C@@H]1[C@@H]2[C@H](CN1C(=O)[C@@H](NC(=O)N[C@H](C(=O)C(C)C)C(C)C)C(C)(C)C)C2(C)C,0,Train
31123065,O=C1c2cc(-c3ccnc(NC4CCOCC4)n3)[nH]c2CCN1[C@H](CO)c1ccccc1,1,Train
12500530,Cc1ncnc(C)c1C(=O)N1CC2CN(CC[C@H](NC(=O)C3CCCC3)c3ccccc3)CC2C1,0,Train
19426057,COc1ccccc1-n1c(-c2ccccc2)cn2c3c(=O)[nH]c(=O)n(C)c3nc12,1,Train
12268558,CC(C)[C@H](NC(=O)C1CCN1C)c1cc(Cl)ccc1N1CCN(C(=O)[C@H](C)Cc2ccc(Cl)cc2)CC1,0,Train
9975271,CCCCC1=NC2(CCCC2)C(=O)N1Cc1ccc(-c2ccccc2S(=O)(=O)Nc2onc(C)c2C)c(COCC)c1,1,Train
21298616,Cl.N#Cc1ccc(Cn2cncc2CN2CCN(C(=O)C3CCCCC3)CCC2c2ccccc2)cc1,1,Train
32612448,Cc1cccnc1[C@@H]1CCC[C@H](c2nc3cccc(N4CCN(C)C5(CC5)C4)c3[nH]2)N1,1,Train
29298651,Cn1c(N2CCOCC2)cc(OCc2ccc(Oc3ccc(Cl)c(C(F)(F)F)c3)c(F)c2)nc1=O,0,Train
29657884,CC(=O)N1CCN(c2cc(-c3cc(Cl)c4c(N)ncnn34)ccc2C(C)O)C(=O)C1(C)C,0,Train
25251474,CCCCCCCCC(N)C(=O)N[C@@H](Cc1ccc(O)cc1)C(=O)N1CCC[C@H]1C(=O)N[C@@H](Cc1c[nH]c2ccccc12)C(=O)N[C@@H](Cc1ccccc1)C(=O)N[C@@H](Cc1ccccc1)C(=O)NCC(=O)N[C@@H](CC(C)C)C(=O)N[C@@H](CCSC)C(N)=O,1,Train
9974415,CCCCC1=NC2(CCCC2)C(=O)N1Cc1ccc(-c2ccccc2S(=O)(=O)Nc2onc(C)c2C)c(CCC)c1,1,Train
44740,CC1(C)S[C@@H]2[C@H](NC(=O)Cc3ccccc3)C(=O)N2[C@H]1C(=O)O,0,Train
22787868,O=C1Cn2c(-c3ccoc3)c(C3CCCCC3)c3ccc(cc32)C(=O)NS(=O)(=O)CC=CCCN1,0,Train
24484905,O=C(CO)N1CCc2nc(-c3ccc(O[C@H]4C[C@H](N5CCCCC5)C4)cc3)sc2C1,1,Train
27681995,O=C(NCc1ccccc1-c1ccccc1/C=C/c1ccc(O)cc1)OCc1ccccc1,0,Train
27334669,OC[C@H]1O[C@@H](SCc2nnn(-c3ccccc3)c2I)[C@H](O)[C@@H](O)[C@@H]1O,0,Train
10601081,CCS(=O)(=O)CCCn1c(Cn2c(=O)n(C3CC3)c3ccncc32)nc2ccccc21,0,Train
9538591,Cc1cc(O)cc(C)c1C[C@H](N)C(=O)NCCCCNC(=O)[C@@H](N)Cc1c(C)cc(O)cc1C.Cl,0,Train
25805762,N=C(N)c1ccc(CNC(=O)C2CN(C(=O)[C@@H](NCC(=O)O)C3CCCCC3)C2)cc1,0,Train
22653572,N#Cc1ccccc1Cn1c(N2CCC[C@@H](N)C2)nc2[nH]c(-c3cccnc3)cc2c1=O,0,Train
23280654,COc1cc2c(cc1OC)CN(Cc1ccc(Oc3ccc(-c4nc(-c5ccc(O)cc5)cs4)cn3)cc1)CC2,0,Train
26467434,C[C@@H]1COCCN1c1cc(=O)n2c(n1)N(Cc1cncc(Cl)c1)[C@H](C(F)(F)F)CC2,0,Train
24100507,CCCC(=O)OC[C@@H]1[C@@H](OC(=O)CCC)[C@H](OC(=O)CCC)[C@@H](OC(=O)CCC)CN1CCCCCCN(C(=O)C(C)(C)C)C1CCCCC1,0,Train
25865062,CC(=O)N[C@@H](Cc1ccccc1)C(=O)N[C@@H](Cc1ccc(C2CC(=O)NS2(=O)=O)cc1)c1nc2ccccc2[nH]1,0,Train
8496933,OCC(O)C(O)C(O)C(O)CO,0,Train
22853697,O=C(NCc1cccc(OC(F)(F)F)c1)C1c2ccccc2C(=O)N1CCc1ncc(F)cn1,1,Train
12399733,Cc1cc(-c2ccc(C(=O)O)c(C(C)C)c2)cc(C)c1OCCN[C@@H](C)[C@H](O)c1ccc(O)cc1,1,Train
10595857,CN(C)C(=O)c1cccc(Nc2c(NC3CCCC3)c(=O)c2=O)c1O,1,Train
24627231,COC(=O)N[C@H](C(=O)NN(CCC[C@@]1(O)Cc2ccc(cc2)CC=CCNC(=O)[C@H](C(C)(C)C)NC1=O)Cc1ccc(Br)cc1)C(C)(C)C,1,Train
25154959,O=C(Nc1ccc(/C=C/c2ccc(NC(=O)[C@H]3C[C@H](O)CN3C(=O)OCc3ccccc3)cc2)cc1)[C@@H]1C[C@@H](O)CN1C(=O)OCc1ccccc1,0,Train
64569,C[C@]12CC[C@@H]3c4ccc(O)cc4CC[C@H]3[C@@H]1CC[C@@H]2O[C@@H]1O[C@H](C(=O)O)[C@@H](O)[C@H](O)[C@H]1O,1,Train
31277684,N=S1(=O)c2ccccc2C(=O)N1Cc1ccccc1,1,Train
27682080,COc1ccc(C(=O)NCc2ccccc2-c2ccccc2/C=C/c2ccc(O)cc2)cc1,0,Train
28803304,COC(=O)/C=C/c1cccc(N(Cc2ccc(-c3ccc(N(C)C)cc3)cc2F)C(=O)[C@@H]2C[C@@H]3CC[C@H]2C3)c1,0,Train
20083232,CC(=O)Nc1ccc(Nc2nc3c(-c4ccc(Cl)cc4)cccn3n2)cc1,0,Train
20994215,CN(C)C[C@@H]1CCN(C(=O)Nc2nc3c(s2)-c2nc(C(C)(C)C)sc2CC3)[C@@H]1C(N)=O,0,Train
10510865,CC(=O)O.Cc1c(-c2ccc(O)cc2)n(Cc2ccc(OCCN3CCCCCC3)cc2)c2ccc(O)cc12,0,Train
1218391,Cn1c(=O)c2c(nc(S)n2C)n(C)c1=O,0,Train
29836896,Cc1cnc(-c2cc(OC3COC3)cc(C(=O)N[C@H](C)c3cnc(C(F)(F)F)nc3)c2)s1,1,Train
24907102,CNC(=O)[C@@H](NC(=O)[C@@](O)(CCCN(Cc1ccc(-c2ccncc2)cc1)NC(=O)C(NC(=O)OC)C(C)(C)C)Cc1ccccc1)C(C)(C)C,0,Train
20247078,NC1=NC(c2ccncc2)(c2cccc(-c3cncnc3)c2)c2cccc(F)c21,1,Train
33289405,CC[C@@H](NC(=O)N1C(=O)[C@H](Cc2ccnc(N)c2)[C@H]1C(=O)N(CC)c1cccc(Cl)c1)C1CCCCC1,0,Train
19761432,Cn1c(N2CCN(CCCN3c4ccccc4Sc4ccc(CCC(=O)O)cc43)CC2)cc(=O)n(C)c1=O,0,Train
19524786,Cc1ccc(C(=O)NC2CC2)cc1-c1ccc2c(c1)NC(=O)C21CCCC1,1,Train
26173905,Cn1c(-c2ccccn2)c(C2CCCCC2)c2ccc(C(=O)NC3(C(=O)Nc4ccc(/C=C/C(=O)O)cc4)CCC3)cc21,1,Train
29232324,CN(C)CCc1cnn(-c2nccc3c(=O)[nH]cnc23)c1,0,Train
25265966,Cc1ccc(-c2c(C3CCCC3)c3ccc(C(=O)N[C@]4(C(=O)Nc5ccc(/C=C/C(=O)O)cc5)CCN(C)C4)cc3n2C)cn1,0,Train
10387038,Cn1cnc(S(=O)(=O)N(CCN(Cc2cncn2C)c2ccc(C#N)cc2)Cc2ccccc2)c1,0,Train
28803350,COC(=O)/C=C/c1cncc(N(Cc2ccc(-c3ccc(N(C)C)cc3)cc2F)C(=O)[C@@H]2C[C@@H]3CC[C@H]2C3)c1,0,Train
76678,C[C@H]1O[C@@H](O[C@H]2[C@@H](O)C[C@H](O[C@H]3[C@@H](O)C[C@H](O[C@H]4CC[C@]5(C)[C@H]6CC[C@]7(C)[C@@H](C8=CC(=O)OC8)CC[C@]7(O)[C@@H]6CC[C@@H]5C4)O[C@@H]3C)O[C@@H]2C)C[C@H](O)[C@@H]1O,1,Train
32612640,Clc1cccnc1[C@@H]1CCC[C@H](c2nc3cccc(N4CCN5CCCC5C4)c3[nH]2)N1,1,Train
18424991,CC(C)=Cc1nn(CCC(C)(C)C)c(=O)c(C2=Nc3ccc(NS(C)(=O)=O)cc3S(=O)(=O)N2)c1O,0,Train
22751714,Br.N=C(N)SCc1cc(F)ccc1Sc1ccc(F)cc1CSC(=N)N,0,Train
33764882,CNc1nc2ccccc2n1-c1nc(N2CCOC[C@H]2C)cc(C2(S(C)(=O)=O)CC2)n1,1,Train
22108250,COc1ccc(-c2nnc(C(=O)N3CC(Oc4ccc(CN(C)C)c(C)c4)C3)o2)cc1,1,Train
29645000,CS(=O)(=O)Nc1ccc([N+](=O)[O-])cc1Oc1ccc(I)cc1,1,Train
29459177,CC(O)(CS(=O)(=O)c1ccccc1C(F)(F)F)C(=O)Nc1ccc([N+](=O)[O-])c(C(F)(F)F)c1,1,Train
29230721,CN1C(=O)N(c2cccc(C(F)(F)F)c2)C2=C(C(=O)NCC2)C1c1ccc(C#N)cc1-c1cccnc1,1,Train
23013160,O=C1CCCN1CCn1cc(-c2cnc3nnn(Cc4ccc5ncccc5c4)c3n2)cn1,1,Train
23385912,O=c1cc(-c2ccccc2)c2ccccc2n1CC1CN2CCC1CC2,1,Train
26035410,CSc1ccc(S(=O)(=O)C[C@H]2C[C@@H](N(C)C(C)C)CC[C@H]2N2CC[C@@](C)(NC(=O)c3cccc(C(F)(F)F)c3)C2=O)cc1,0,Train
32601127,CN1CCN(c2cccc3nc(CN4CCCC4c4ccccn4)[nH]c23)CC1,1,Train
29836502,Cc1cnc(-c2cc(OC(C)C(C)O)cc(C(=O)N[C@H](C)c3cnc(C(F)(F)F)nc3)c2)s1,1,Train
30280077,COCCN1C(=O)c2cc(-c3nc(Nc4ccnn4C)ncc3C)cn2C[C@@H]1C,1,Train
32186323,COCc1nn(Cc2ccc(Cn3cc(F)ccc3=O)cc2)cc1C(=O)NCc1nccc(OC)c1F,1,Train
32612689,[2H]C([2H])([2H])N1CCN(c2cccc3nc([C@H]4CCC[C@@H](c5ncccc5C)N4C)[nH]c23)CC1,1,Train
24943973,CNC(=O)[C@@H](O)[C@@H](O)[C@H](O)c1c[nH]c(C(C)=O)n1,1,Train
31316938,CN(C)c1cc([14CH2]NCC(C)(C)C)c(O)c2c1C[C@H]1C[C@H]3[C@H](N(C)C)C(O)=C(C(N)=O)C(=O)[C@@]3(O)C(O)=C1C2=O,0,Train
24145854,CC(C(=O)O)c1ccc(CC2CCCC2=O)cc1.[NaH],1,Train
26080850,CC(C)(c1ccc(-c2cccn3nc(Nc4ccc(C(=O)NC5CC5)cc4)nc23)cc1)N1CCOCC1,0,Train
12766601,COc1cc(C)c(S(=O)(=O)N(C)CCOCC(=O)N2CCC(C(C)(C)CN(C)C)CC2)c(C)c1,1,Train
1514452,COc1ccccc1OCCNCC(O)COc1cccc2[nH]c3ccccc3c12,0,Train
12147077,O=C(Nc1ccccc1OC[C@@H](O)CN1CCC2(CC1)Cc1cc(Cl)ccc1O2)N1CCCC1,0,Train
20385137,Fc1cccc(OC2CN(c3c4c(nc5ccnn35)CCNCC4)C2)c1,0,Train
346269,CC(c1oc(CO)cc(=O)c1O)c1oc(CO)cc(=O)c1O,0,Train
24943970,CC(=O)C1=[SH]C([C@@H](O)[C@H](O)[C@H](O)CO)=CN1,1,Train
13088386,CC(C)c1nc(CN(C)C(=O)N[C@@H](CCN2CCOCC2)C(=O)N[C@H](CC[C@H](Cc2ccccc2)NC(=O)OCc2cncs2)Cc2ccccc2)cs1,0,Train
28803309,COC(=O)/C=C/c1cncc(N(Cc2ccc(-c3ccc(N(C)C)cc3)cc2)C(=O)c2ccccc2)c1,0,Train
11415409,NC(=O)N1CC2CC(C1)CN(C(=O)CN1CCC[C@H](NS(=O)(=O)c3ccc4cc(Cl)ccc4c3)C1=O)C2,0,Train
19318890,Cc1cc(C[C@@H](NC(=O)N2CCC(N3Cc4cccc(F)c4NC3=O)CC2)C(=O)N2CCC(N3CCCCC3)CC2)cc2cn[nH]c12,0,Train
27238765,COc1cc2ncnc(NCCCCCCC(=O)NO)c2cc1OC,0,Train
22666856,O=C(NCc1ccc(F)cc1)C1C(=O)N(O)C(=O)c2ccccc21,0,Train
8463999,CC(C)C[C@H]1NC(=O)[C@H](Cc2ccccc2)NC(=O)CNC(=O)[C@@H](C)NC(=O)[C@H](Cc2ccc(O)cc2)NC(=O)OCOC1=O,0,Train
32612698,CN1CC2CCC(C1)N2c1cccc2nc([C@H]3CCC[C@@H](c4ncccc4Cl)N3)[nH]c12,1,Train
20616788,COS(=O)N1CCC(CN2C[C@@H](c3ccccc3)N(C3CCN(C4(C)CCN(C(=O)c5c(C)ncnc5C)CC4)CC3)C2=O)CC1,0,Train
29593989,Cc1sc2c(c1C)C(c1ccc(Cl)cc1)=N[C@@H](CC(=O)OC1CCC(O)CC1)c1nnc(C)n1-2,1,Train
18969734,CN1CCN(c2ccc(C(=O)Nc3n[nH]c4ccc(Cc5cc(F)cc(F)c5)cc34)c(NC3CCC(O)CC3)c2)CC1,0,Train
21177510,CC#Cc1ccnc(-c2cc(C3(C4CC4)N=C(C)C(N)=N3)ccc2O)c1,1,Train
27675858,CC(Nc1ccc(F)cc1)c1cc(C(=O)N(C)C)cn2c(=O)cc(N3CCOCC3)nc12,1,Train
22285506,O=C(NCC(NS(=O)(=O)c1ccccc1)P(=O)(O)O)c1ccc(OCCC2CCNCC2)cc1,0,Train
23751935,CCn1cc(-c2nc(=O)n(CCC3CCCO3)c3c2oc2ncc(-c4cnn(C)c4)cc23)cn1,0,Train
8005333,Cc1nc(-c2ccc(OCC(C)C)c(C#N)c2)sc1C(=O)O,1,Train
32601172,Cc1cccnc1C1CCCN1Cc1nccn1Cc1ccncc1,1,Train
7213017,O=C(CCCCCCC(=O)Nc1ccccc1)NO,0,Train
25266022,Cn1c(-c2ccncc2)c(C2CCCC2)c2ccc(C(=O)NC(C)(C)C(=O)Nc3ccc(/C=C/C(=O)O)cc3)cc21,0,Train
22986741,CCCC(=O)c1cnn(-c2ccc(NC(=O)c3cn(CC(=O)N4CCN(C)CC4)c4ccc(Cl)cc34)c(C#N)c2)c1C,0,Train
32858023,CC(=O)[C@H]1CC[C@H]2[C@@H]3CC=C4C[C@@H](OC(=O)CC(=O)O)CC[C@]4(C)[C@H]3CC[C@]12C,1,Train
9882208,Cc1cc(COc2ccc(S(=O)(=O)CC3(CC(=O)NO)CCN(C(C)C)C3)cc2)c2ccccc2n1,0,Train
28803321,[2H]C(c1ccc(-c2ccc3c(cnn3C)c2)cc1Cl)N(C(=O)C1CCCCC1)c1cncc(/C=C/C(=O)OC)c1,0,Train
19872356,Cc1scnc1-c1nc([C@@H](O)[C@H](O)[C@H](O)CO)c[nH]1,0,Train
26509142,CN[C@@H](C)C(=O)N[C@H](C(=O)N1CCC[C@H]1C(=O)N[C@H]1c2ccccc2C[C@H]1OCC#CC#CCO[C@@H]1Cc2ccccc2[C@@H]1NC(=O)[C@@H]1CCCN1C(=O)[C@@H](NC(=O)[C@H](C)NC)C(C)(C)C)C(C)(C)C,0,Train
7671333,Cc1ccc(NC(=O)c2ccc(CN3CCN(C)CC3)cc2)cc1Nc1nccc(-c2cccnc2)n1,0,Train
12514623,CCOc1cc(NC(=O)C2(NC(=O)c3ccc4c(C5CCCC5)c(-c5cccc(N)n5)n(C)c4c3)CCC2)ccc1/C=C/C(=O)O,0,Train
26331288,CC(C)[C@H](NC(=O)[C@H](OCc1ccccc1)[C@H](O)[C@@H](O)[C@@H](OCc1ccccc1)C(=O)N[C@H]1c2ccccc2CC1O)C(=O)NCC(F)(F)F,0,Train
10021404,COC(c1ccccc1)(c1ccccc1)[C@H](Oc1nc(C)cc(C)n1)C(=O)O,0,Train
22828290,CCCCC/C=C\\C/C=C\\C/C=C\\C/C=C\\CCCC(=O)NCCS(=O)(=O)O,1,Train
23139265,COc1cc(Nc2cnc(C#N)c(O[C@H](C)CN(C)C)n2)ncc1-c1cnn(C)c1,1,Train
18660926,CCOc1ccc([C@H](Nc2nc(N3CCN(C(C)=O)CC3)nc3c2CN(C(C)C)C3=O)C(F)(F)F)cc1,0,Train
27197108,CN(C)CCNC(=O)N1C(=O)N(c2cccc(C(F)(F)F)c2)C2=C(C(=O)CCC2)C1c1ccc(C#N)cc1,1,Train
23618045,CCCCCn1c(=O)nc(-c2ccc(NC)nc2)c2oc3ccc(-c4cnn(C)c4)cc3c21,0,Train
20051164,O=C(Nc1nc2cccc(N3CCC(O)(c4ccc(C(F)(F)F)cc4)CC3)n2n1)C1CC1,1,Train
1072822,NCCc1ccc(O)c(O)c1,0,Train
29875260,C[C@H]1Cn2c(nnc2C(F)(F)F)CN1C(=O)c1cccc(C(F)(F)c2n[nH]c(=O)c3c2CCCC3)c1,0,Train
18578643,COc1cc2c(cc1OC)CN(Cc1cccc(-c3ccccc3)c1)CC2,1,Train
982105,NC(=O)c1nc(-c2ccccc2)oc1N,0,Train
23692178,COc1ccc(C2(c3cccc(-c4cncnc4)c3)N=C(N)n3nc(C)cc32)cc1,1,Train
14111230,O=C(C(=O)N1CCN(C(=O)c2ccccc2)CC1)c1c[nH]c2c(-c3cnco3)ccc(F)c12,1,Train
13100431,CCCc1nc(C)c2c(=O)[nH]c(-c3cc(S(=O)(=O)N(C)C)ccc3OCC)nn12,1,Train
29232320,O=c1[nH]cnc2c(-n3cc(CCO)cn3)nccc12,0,Train
20048961,CCCC(=O)c1cc(C#N)c(N2CCC(C(=O)NS(=O)(=O)Cc3ccc(Cl)cc3)CC2)nc1C,0,Train
10130174,CCOC(=O)c1ccc2c(C(C(=O)NS(=O)(=O)c3ccc(C)cc3OC)c3ccc4c(c3)OCO4)cn(C)c2c1,1,Train
4223127,CC/N=c1/cc2oc3cc(NCC)c(C)cc3c(-c3ccccc3C(=O)OCC)c-2cc1C.Cl,1,Train
23692189,CC1(c2cccc(-c3cncnc3)c2)N=C(N)c2ccccc2O1,1,Train
31124074,Cc1ccc(-n2nc(C)c3cnc(-c4ccc([C@H]5C[C@@H]5C(=O)O)cc4F)cc32)nc1,1,Train
23434674,Cc1ccc(CNC(=O)c2ccc(N3CCN(C(=O)c4ccccc4C(F)(F)F)CC3)nn2)o1,1,Train
32704824,Nc1ncc(-c2cnc(C3CCNCC3)s2)cc1OCC1CCCCC1,0,Train
33601256,Cl.NC(CO)(CO)CCc1ccc(OCCCCC(F)(F)F)cc1,0,Train
19542126,C[C@H](CN(C)C)Oc1nc(Nc2cc3cccc(Cl)c3cn2)cnc1C#N,0,Train
205542,COc1ccc2[nH]cc(CCNC(C)=O)c2c1,1,Train
24582175,COC(=O)N[C@H](C(=O)N1CCC[C@H]1C(=O)Nc1ccc([C@@H]2CC[C@@H](c3ccc(NC(=O)[C@@H]4CCCN4C(=O)[C@@H](NC(=O)OC)C(C)C)cc3)N2c2ccc(C(C)(C)C)cc2)cc1)C(C)C,0,Train
32700705,COc1ccc2c(c1)C[C@@H]1C(=O)N[C@@H]([C@@H](C)O)C(=O)NCCc3ccc(O)c(c3)C/C=C/c3cccc(c3)C[C@@]3(CCCc4cn([C@@H]5O[C@H](CO)[C@@H](O)[C@H](O)[C@H]5O)nn4)CC(=O)N1[C@H]23,0,Train
2228812,COc1cc2c(c(OC)c1OC)-c1ccc(OC)c(=O)cc1C(NC(C)=O)CC2,0,Train
9966345,C[C@H](Cc1c[nH]c2c(OS(C)(=O)=O)cccc12)NC[C@H](O)c1cccc(N(C)S(=O)(=O)c2ccccc2)c1,0,Train
13473460,COc1ccc2ccc(S(=O)(=O)N[C@@H](CCCNc3cccnn3)C(=O)N3CCC(C)CC3)cc2c1,1,Train
12473715,Cc1c(CC(=O)O)c2cccnc2n1S(=O)(=O)c1ccc(F)c(F)c1,0,Train
25265928,CN1CC[C@](NC(=O)c2ccc3c(C4CCCC4)c(-c4cccc(N)n4)n(C)c3c2)(C(=O)Nc2ccc(/C=C/C(=O)O)cc2)C1,0,Train
1084805,NS(=O)(=O)c1cc2c(cc1Cl)NC=NS2(=O)=O,0,Train
12666763,COc1cc(C)c(S(=O)(=O)N(C)CCOCC(=O)N2CCN([C@@H]3CN4CCC3CC4)CC2)c(C)c1,0,Train
23216555,O=C(CN1CCOCC1)Nc1cccc(-c2nc(-c3c[nH]c(C(=O)N4CCCC4)c3)cs2)c1,1,Train
23820484,CC1(C)CN(c2ccc(-c3oc(-c4ccc(C(F)(F)F)c5[nH]ccc45)nc3C(N)=O)cc2)CCN1,0,Train
20616786,CO[C@H]1CC[C@H](CN2C[C@@H](c3ccccc3)N(C3CCN(C4(C)CCN(C(=O)c5c(C)ncnc5C)CC4)CC3)C2=O)CC1,0,Train
12503236,c1ccc(-n2ncc3c2CCC3CCN2CCOCC2)cc1,1,Train
22751726,Br.N=C(N)SCc1cc(F)ccc1Oc1cc(Cl)ccc1CSC(=N)N,0,Train
20473486,O=c1cc(COc2ccc(Cl)cc2)[nH][nH]1,1,Train
2195962,COC(=O)[C@]1(C)CC[C@]2(C)CC[C@]3(C)C4=CC=C5C(=CC(=O)C(O)=C5C)[C@]4(C)CC[C@@]3(C)[C@@H]2C1,0,Train
32612461,CN1CCN(c2cccc3nc([C@H]4CCC[C@@H](c5ncccc5Cl)N4C)[nH]c23)CC1,1,Train
20083348,CNC(=O)c1ccc(Nc2nc3c(-c4ccc(OCc5ccc(Cl)nc5)cc4)cccn3n2)cc1,0,Train
28803337,COC(=O)/C=C/c1cc(F)cc(N(Cc2ccc(-c3ccc(N(C)C)cc3)cc2)C(=O)[C@@H]2C[C@@H]3CC[C@H]2C3)c1,0,Train
15556916,C=CCN(CC)C(=O)[C@@]1(c2cccs2)C[C@H]1CN,1,Train
27141221,CS(=O)(=O)c1cc(C#N)ccc1[C@H]1NC(=O)N(c2cccc(C(F)F)c2)C2=C1C(=O)CCC2,1,Train
28803428,[2H]C(c1ccc(-c2ccc(N(C)C)cc2)cc1)N(C(=O)C1CCCCC1)c1cccc(/C=C/C(=O)OC)c1,0,Train
26932515,CCCNc1cc(NC(=O)c2ccccc2)cc(C(F)(F)F)c1,0,Train
33002224,O=C(NO)c1ccc(CNc2ncnc3cc([N+](=O)[O-])ccc23)cc1,0,Train
30708897,CC(C)Nc1cc(-n2ncc3cnc(N)nc32)ncc1-n1cc(CCC(C)(C)F)nn1,1,Train
32329060,OC[C@H]1O[C@H](Sc2cc(Cl)c(F)c(Cl)c2)[C@H](O)[C@@H](n2cc(-c3ccsc3)nn2)[C@H]1O,1,Train
20994196,CC(C)(C)c1nc2c(s1)CCc1nc(NC(=O)N3CCC[C@@]3(C)C(N)=O)sc1-2,1,Train
10740967,O=C1CC(c2ccc(C[C@H](Nc3nc4ccc(C(F)(F)F)cc4s3)c3nc4ccccc4[nH]3)cc2)S(=O)(=O)N1,0,Train
8551290,CCOP(=O)(OCC)C(N=C=S)c1ccccc1,0,Train
2815775,CCCN(CCC)S(=O)(=O)c1ccc(C(=O)O)cc1,0,Train
20798988,CN(C)Cc1ccc2c(c1)CCN(C(=O)c1cc3cc(Cl)ccc3n1C)C2,0,Train
23013106,Cn1c(-c2ccccn2)c(C2CCCC2)c2ccc(C(=O)NC3(C(=O)Nc4ccc(C=CC(=O)O)cc4)CCCC3)cc21,1,Train
20051170,O=C(Nc1nc2cccc(N3CCC(NS(=O)(=O)c4cc(Cl)ccc4Cl)CC3)n2n1)C1CC1,0,Train
18565027,CC(C)[C@H](NC(=O)CCN(C)C)c1cccc(F)c1N1CCN(C(=O)[C@H](C)Cc2ccc(Cl)cc2)CC1.CS(=O)(=O)O,1,Train
33289303,C[C@@H](NC(=O)N1C(=O)[C@H](Cc2ccnc(N)c2)[C@H]1C(=O)N(C)c1ccccc1)C1CCCCC1,1,Train
22316905,Cn1c2c(c3cc(S(=O)(=O)n4ccc5ccccc54)ccc31)C1CCC(C2)N1,1,Train
32461342,C[C@H](C(=O)N(Cc1ccc(C2CCCCC2)cc1)c1ccc(C(=O)[O-])c(O)c1)N(C)S(=O)(=O)c1c(F)c(F)c(F)c(F)c1F.[Na+],0,Train
24430152,NC(=O)CC(=O)N1CCc2nc(-c3ccc(O[C@H]4C[C@H](N5CCCCC5)C4)cc3)sc2C1,0,Train
20728692,O=c1cc([C@H]2CCN[C@H](Cc3ccccc3)C2)o[nH]1,0,Train
2060565,CC(C)CCC[C@@H](C)[C@H]1CC[C@H]2[C@@H]3CC=C4C[C@@H](O)CC[C@]4(C)[C@H]3CC[C@@]21C,1,Train
25967067,CC[C@@H](C)CN1C(=O)c2ccccc2[C@@H](C(=O)O)[C@@H]1c1cc2ccccc2o1,1,Train
32612593,CN1CCN(c2cccc3nc([C@H]4CCC[C@@H](c5ccccn5)N4C)[nH]c23)CC1,1,Train
11034465,CC(=O)OC[C@H]1O[C@@H](OCc2cn(-c3ccc(S(N)(=O)=O)cc3)nn2)[C@H](OC(C)=O)[C@@H](OC(C)=O)[C@@H]1OC(C)=O,0,Train
23484758,CN(C)C1CCN(C[C@@H](NC(=O)C[C@H]2CNC(=O)c3cc(-c4cccc(Cl)c4)cn32)C2CCCCC2)CC1,0,Train
32632844,C[C@@H]1Cc2c(ccc3[nH]ncc23)[C@@H](c2ccc(NC3CN(CCCF)C3)cn2)N1CC(F)F,0,Train
31503606,CCn1nc(-c2cccc3cccnc23)cc1-c1ccc(N)nn1,1,Train
27264997,Cc1cn2cc(-c3cc4ccc(N5CCN(C)CC5)cc4oc3=O)nc2c(C)n1,0,Train
5346011,CNS(=O)(=O)Cc1ccc2[nH]cc(CCN(C)C)c2c1,0,Train
18386191,CC(C)CCN1C(=O)C(C2=NS(=O)(=O)c3cc(NS(C)(=O)=O)ccc3N2)=C(O)C2CCCN21,0,Train
8659332,C=CC(=O)Nc1nc2c(Nc3ccc(F)c(Cl)c3)ncnc2cc1OCCCN1CCOCC1,1,Train
32571709,c1ccc(C2CCCN2c2ccnc3[nH]ncc23)cc1,1,Train
26496342,CO[C@H]1C[C@H]2OC[C@@]2(OC(C)=O)[C@H]2[C@H](OC(=O)c3ccccc3)[C@]34OC(=O)O[C@H]3[C@H](OC(=O)[C@H](O)[C@@H](NC(=O)OC(C)(C)C)c3ccccc3)C(C)=C([C@@H](OC)C(=O)[C@]12C)C4(C)C,0,Train
27238763,O=C(CCCCCCNc1ncnc2ccccc12)NO,0,Train
21478653,CNC(=O)c1cc(Oc2ccc3oc(Nc4cccc(C(C)(C)C)c4)nc3c2)ccn1,1,Train
21119337,O=C(O)C(F)(F)F.c1ccc(OC2CN(c3c4c(nc5ccnn35)CCNCC4)C2)cc1,1,Train
12411893,Nc1n[nH]c2nc(-c3ccco3)c(-c3ccncn3)cc12,1,Train
12676013,COc1cc(C)c(S(=O)(=O)N(C)CCOCC(=O)N2CCN(C3CCN(C)CC3)CC2)c(C)c1,0,Train
29190134,COC1CN(C(=O)c2ccc3[nH]nc(Cc4ccc(-c5cnn(C)c5)cc4)c3c2)C1,1,Train
24360294,Cc1c(CN(CCc2ccc(S(N)(=O)=O)cc2)C2CCN(C(=O)c3c(F)cccc3F)CC2)c(=O)n(-c2ccc(F)cc2)n1C.Cl,0,Train
24014244,COc1cc(C)cc2cc(-c3cc(CN4CCNCC4)n4ncnc(N)c34)sc12.Cl,0,Train
20007938,CC(C)(C)C1CN(C(=O)c2ccccc2)CCN1C(=O)C(=O)c1c[nH]c2cccc(F)c12,1,Train
25266100,Cn1c(-c2cccc(N)n2)c(C2CCCC2)c2ccc(C(=O)NC3(C(=O)Nc4ccc(/C=C/C(=O)O)cc4)CCCC3)cc21,0,Train
23014137,CCCCCCCCC(N)C(=O)NC(Cc1ccc(O)cc1)C(=O)N1CCCC1C(=O)NC(Cc1c[nH]c2ccccc12)C(=O)NC(Cc1ccccc1)C(=O)NN[C@@H](Cc1ccccc1)C(=O)NCC(=O)N[C@@H](CC(C)C)C(=O)N[C@@H](CCSC)C(N)=O,1,Train
21029752,CC(C)OCC1(C(=O)c2ccc(N)c(Cl)c2)CCCN1,1,Train
21859035,N#Cc1cccc(-c2ccc(N3CCOc4ncnc(N)c4C3=O)cc2)c1Cl,1,Train
23204730,COc1cc2c(cc1OC)CN(Cc1coc(-c3ccc4ccccc4c3)n1)CC2,0,Train
26010832,CC1(C)CC(NC(=O)c2ccc(Oc3cccc(-c4ccnnc4)c3C#N)c(Cl)c2)CC(C)(C)O1,1,Train
20127798,N#Cc1ccc(OC[C@@H]2CCCN2C(=O)C[C@H](N)Cc2cc(F)c(F)cc2F)nc1,1,Train
24425545,COC(C)(C)CC[C@@H](O)[C@](C)(O)[C@H]1CC[C@@]2(O)C3=CC(=O)[C@@H]4C[C@@H](O)[C@@H](O)C[C@]4(C)[C@H]3CC[C@]12C,1,Train
23738755,COCCOc1cnc(Oc2cc(C)c(-c3csc(NC(=O)c4ccncc4)n3)c(C)c2)cn1,1,Train
19758622,CN1CCCN(c2cncc(-c3cccc(/C=C/C(=O)O)c3)n2)CC1.Cl,0,Train
18364684,CC(C)(C)NC(=O)[C@@H]1CN(Cc2cccnc2)CCN1C[C@@H](O)C[C@H](Cc1ccccc1)C(=O)N[C@H]1c2ccccc2C[C@H]1O,1,Train
32612462,CN1CCN(c2cccc3nc([C@H]4CCC[C@@H](c5ncccc5C#N)N4C)[nH]c23)CC1,1,Train
26662062,C[C@@H]1Cc2c(Br)cccc2N1C(=O)Cc1nc(N2CCOCC2)sc1C(=O)O,0,Train
11646850,COc1ccc(-n2nc(C#N)c3c2C(=O)N(c2ccc(C4(CN5CCCC5)CC4)cc2)CC3)cc1,0,Train
24830381,CC(=O)c1sc(NC(=O)NC2CCCCC2CN2CCCC(Cc3ccc(F)cc3)C2)nc1C,0,Train
12411870,c1coc(-c2nc3[nH]ccc3cc2-c2ccncn2)c1,1,Train
14414509,CC(C)(C)[C@H](NC(=O)c1ccc(N)c(Cl)c1)C(=O)N1CCC[C@H]1C(=O)N[C@H](C=O)CC(=O)O,0,Train
24007337,CN1CCN(C(=O)c2ccc(-c3cn4c(-c5ccc(C#N)cc5)cnc4cn3)cc2)CC1,0,Train
26273791,CCCOC(=O)[C@H](Cc1ccc(-c2c(C(F)(F)F)cc(C)n(C)c2=O)cc1)NC(=O)c1c(Cl)cccc1Cl,1,Train
30708970,CC(=O)N1CCC[C@H](c2cc(-c3cnc(-n4ncc5cc(C#N)cnc54)cc3NC(C)C)on2)C1,1,Train
20083515,O=C(NC1CC1)c1ccc(Nc2nc3c(-c4ccc(CN5CCS(=O)(=O)CC5)c(F)c4)cccn3n2)cc1,0,Train
31507007,CC(C)OC(=O)[C@H](C)NP(=O)(OC[C@H]1O[C@@H](n2cnc3c(=O)[nH]c(N)nc32)C[C@@H]1O)Oc1ccc(F)cc1,0,Train
23269715,CCN(CC)C1CCN(C(=O)Cn2c(-c3ccc(Oc4ccccc4)cc3)c(C3CCCCC3)c3ccc(C(=O)NS(=O)(=O)C(C)(C)C)cc32)CC1,0,Train
24864895,CC(=O)c1ccccc1-c1c2ccc(=N)cc-2oc2cc(N)ccc12.Cl,0,Train
9967331,CCCc1nc(C)c2c(=O)nc(-c3cc(S(=O)(=O)N4CCN(CC)CC4)ccc3OCC)[nH]n12,1,Train
30468853,Cc1nc2ccc(-n3ncc(C(=O)c4cc5ccc(CN6CCC(F)(F)CC6)cc5[nH]4)c3N)cc2[nH]1,1,Train
11288915,C=CCNC(=O)C(=O)C(CCCC)NC(=O)[C@@H]1[C@@H]2[C@H](CN1C(=O)[C@@H](NC(=O)NC(C(=O)O)C(C)(C)C)C(C)(C)C)C2(C)C,0,Train
24280209,Nc1c(CC(=O)O)cccc1C(=O)c1ccccc1.[NaH],1,Train
22001288,CNC(=O)C1CCN(Cc2ccc(N3CC[C@H](N4CCC[C@@H]4C)C3)cc2)CC1,0,Train
27219141,CNc1ccc(-c2nc(=O)n(CCC3CCCO3)c3c2oc2ccc(-c4cnco4)cc23)cn1,1,Train
29875258,C[C@@H]1Cn2c(nnc2C(F)(F)F)CN1C(=O)c1cccc(Cc2n[nH]c(=O)c3c2CCCC3)c1,0,Train
23236284,CN(C)C(=O)c1cccc(S(=O)(=O)N2CCCC[C@H]2C(=O)O[C@@H](Cc2c(Cl)c[n+]([O-])cc2Cl)c2ccc(OC(F)F)c(OCC3CC3)c2)c1,1,Train
26373967,C=C[C@@H]1C[C@]1(NC(=O)[C@@H]1C[C@@](OC)(c2ccc(-c3cccnc3)cc2)CN1C(=O)[C@@H](NC(=O)OC1CCCC1)C(C)(C)C)C(=O)NS(=O)(=O)C1CC1,0,Train
24627228,COC(=O)N[C@H](C(=O)NN(CCC[C@@]1(O)Cc2ccc(cc2)C=CCNC(=O)[C@H](C(C)(C)C)NC1=O)Cc1ccc(Br)cc1)C(C)(C)C,1,Train
21119343,COc1ccc(OC2CN(c3c4c(nc5ccnn35)CCNCC4)C2)cc1.O=C(O)C(F)(F)F,1,Train
21532690,O=C(O)CCc1cn(Cc2ccc(F)cc2)c2cnc3c(c12)CCN(O)C3=O,0,Train
20051329,COc1ccc(-c2cccc3nc(Nc4ccc(C(=O)NCc5ccccn5)cc4)nn23)cc1,1,Train
8876918,Cc1cc(C(=O)Nc2ccc(-c3ccccc3S(C)(=O)=O)cc2F)n(-c2cccc(CN)c2)n1,0,Train
32669461,Cc1cccnc1[C@@H]1CCC[C@H](c2cn3c(N4CCN(C5CCOCC5)CC4)cccc3n2)N1C,0,Train
9881660,Cc1cc(COc2ccc(S(=O)(=O)C[C@@H]3NCCC[C@@H]3C(=O)NO)cc2)c2ccccc2n1,0,Train
18565025,CC(C)[C@H](NC(=O)C1CN(C)C1)c1cc(Cl)ccc1N1CCN(C(=O)[C@H](C)Cc2ccc(Cl)cc2)CC1.CS(=O)(=O)O,0,Train
19367233,Cc1nc(C)c(-c2ccc([C@H]3CC[C@H](CC(=O)NC(C)(C)C(=O)O)CC3)cc2)nc1C(N)=O,0,Train
20051342,COc1ccc(-c2cccc3nc(Nc4ccc(C(=O)N(C)Cc5cncn5C)cc4)nn23)cc1,0,Train
29875256,O=C(c1cccc(Cc2n[nH]c(=O)c3c2CCCC3)c1)N1CCn2c(nnc2C(F)(F)F)C1,0,Train
12093891,CC(=O)N[C@H]1CCN(C(=O)c2ccc(O)cc2OC[C@@H](O)CN2CCC3(CC2)Cc2cc(Cl)ccc2O3)C1,0,Train
22819087,CCNC(=O)N[C@H]1CC[C@@]2(C)[C@@H](CC[C@H]3[C@@H]4CCC(=O)[C@@]4(C)CC[C@@H]32)C1,0,Train
27060715,CN1C(=O)N(c2cccc(C(F)(F)F)c2)C2=C(C(=O)CC2)[C@H]1c1ccc(C#N)cc1S(C)(=O)=O,1,Train
27339161,CC[C@H](C)[C@H](NC(=O)[C@H](CO)NC(=O)[C@H](CC(N)=O)NC(=O)[C@H](CC(C)C)NC(=O)[C@H](Cc1ccc(O)cc1)NC(=O)[C@H](CCCCN)NC(=O)[C@H](CCCCN)NC(=O)[C@@H](NC(=O)[C@H](C)NC(=O)[C@H](CCC(=O)O)NC(=O)[C@H](CCC(N)=O)NC(=O)[C@H](CCCCN)NC(=O)[C@H](CCCNC(=N)N)NC(=O)[C@H](CC(C)C)NC(=O)[C@H](CCCNC(=N)N)NC(=O)[C@@H](NC(=O)[C@H](Cc1ccc(O)cc1)NC(=O)[C@H](CC(N)=O)NC(=O)[C@H](CC(=O)O)NC(=O)[C@@H](NC(=O)[C@H](Cc1ccccc1)NC(=O)[C@@H](NC(=O)[C@H](C)NC(=O)[C@H](CC(=O)O)NC(=O)[C@H](CO)NC(=O)[C@@H](N)Cc1cnc[nH]1)C(C)C)[C@@H](C)O)[C@@H](C)O)C(C)C)C(=O)N[C@@H](CC(C)C)C(=O)N[C@@H](CC(N)=O)C(=O)NCC(=O)N[C@@H](CCCCN)C(N)=O,0,Train
20007932,CCCC1CN(C(=O)c2ccccc2)CCN1C(=O)C(=O)c1c[nH]c2cccc(F)c12,1,Train
29317313,COc1ccc2c(O[C@H]3CCN4C(=O)N(C)CCCC/C=C\\[C@@H]5C[C@@]5(C(=O)NS(=O)(=O)C5(C)CC5)NC(=O)C4C3)cc(-c3nc(C(F)(F)F)cs3)nc2c1C,0,Train
26693346,CCOc1cc(O[C@@H]2C[C@H]3C(=O)N[C@]4(C(=O)NS(=O)(=O)C5CC5)C[C@H]4C=CCCCCC[C@@H](NC(=O)OC(C)(C)C)C(=O)N3C2)c2ccc(OC)c(C)c2n1,0,Train
22623046,Cc1cc(C2(c3cccc(-c4cncnc4)c3)N=C(N)c3c(F)cccc32)cn(C)c1=O,0,Train
28960235,O=[N+]([O-])c1cn2c(n1)OC[C@@H](OCc1ccc(N3CCOCC3)nc1)C2,1,Train
11157883,CS(=O)(=O)N(CC1CCCCO1)c1c(Cl)c(Cl)cc2[nH]c(=O)c(=O)[nH]c12,0,Train
26691437,O=C(Nc1cccnc1)c1cccc(Oc2ccc3c(c2)c(=O)ncn3Cc2c(F)cc(F)cc2F)c1C(F)(F)F,0,Train
19115709,CC(C)CCn1nc(N2CCOCC2)c(O)c(C2=NS(=O)(=O)c3cc(NS(C)(=O)=O)ccc3N2)c1=O,0,Train
13062394,C[C@@H]1CCCN1CCCOc1ccc(C2=NNC(=O)[C@@H]3C[C@H]23)cc1,1,Train
20048968,CCCC(=O)c1cc(C#N)c(N2CCC(C(=O)NS(=O)(=O)Cc3ccc(F)cc3F)CC2)nc1C,0,Train
11646847,CNCC1(c2ccc(N3CCc4c(C#N)nn(-c5ccc(OC)cc5)c4C3=O)cc2)CC1,0,Train
18386049,CC(C)(C)CCN1C(=O)C(C2=NS(=O)(=O)c3cc(NS(C)(=O)=O)ccc3N2)=C(O)C2CCCC21,0,Train
11699242,CC(=O)Oc1ccc2c(c1)c(C)c(-c1ccc(O)cc1)n2Cc1ccc(OCCN2CCCCCC2)cc1,0,Train
28903945,CS(=N)(=O)Cc1cc2cc(c1)OCCCCOc1cc(F)ccc1-c1nc(ncc1F)N2,1,Train
20925647,CC(C)CN(C[C@@H](O)[C@H](Cc1ccccc1)NC(=O)OCc1cncs1)C(=O)c1ccc2nc(N)sc2c1,0,Train
24159854,NC(=O)[C@H](Cc1ccccc1)NC(=O)[C@H](Cc1c[nH]c2ccccc12)NC(=O)[C@@H]1CCCN1C(=O)[C@@H](N)Cc1ccc(O)cc1,0,Train
21660164,CN(C)CCCNC(=O)[C@@H](Cc1ccc(Cl)cc1)NC(=O)C1(c2ccc(Cl)cc2)CC1,0,Train
20372364,CCC(=O)NCCCc1cc(OC)ccc1OCc1ccccc1,1,Train
26951970,CCOC(=O)CNC(=O)/C=C/c1oc2ccc(Cl)c(Oc3ccncc3C(=O)N3CCN(C4CC4)c4ccccc43)c2c1C,0,Train
15757189,COc1cccc2c1CCC/C2=C\\CCN1CCCCC1,1,Train
10737384,O=C1CC(c2ccc(C[C@H](Nc3nc4c(F)cccc4s3)c3nc4ccccc4[nH]3)cc2)S(=O)(=O)N1,0,Train
26672455,CC(C)(C)COc1ccc(-c2nc(N)[nH]c(=O)c2C#N)cc1OC(F)(F)F,0,Train
27177994,N#CCNC(=O)CNC(=O)[C@H](Cc1ccccc1)NC(=O)Cc1cc(Cl)cc(Cl)c1,0,Train
22108229,COc1ccc(-c2nnc(C(=O)N3CC(Oc4ccc(CN(C)C)cc4)C3)o2)cc1,1,Train
10594320,O=c1n(Cc2nc3ccccc3n2CCCCO)c2cnccc2n1C(F)F,1,Train
20083456,O=C(NC1CC1)c1ccc(Nc2nc3c(-c4cnn(CCN5CCOCC5)c4)cccn3n2)cc1,0,Train
9802426,NC(=O)[C@H](Cc1c[nH]c2ccccc12)NC(=O)[C@@H](N)Cc1ccccc1,1,Train
12773726,CCCc1nc(C)c2c(=O)[nH]c(-c3cc(S(=O)(=O)N(C)CC(=O)N(C)C)ccc3OCC)nn12,1,Train
18981558,Cc1cc2[nH]ncc2cc1NC(=O)c1cc(N(CC2CC2)C2CCCCC2)ncn1,0,Train
32035227,FCCOc1ccc(CCC2CCN(CCc3ccccc3Cl)CC2)cc1,1,Train
27339225,C=Cc1cc([C@H](NC(=O)OC(C)(C)C)C(=O)Nc2cccc(C(=O)NS(=O)(=O)c3ccc(C(F)(F)F)cc3)c2)ccc1Oc1cc(OC)nc(-c2ccccc2)n1,0,Train
13098961,CC(C)C[C@H]1NC(=O)[C@@H](C)N(C)C(=O)[C@H](C2CCCCC2)NC[C@H]2CCc3cccc(c3O2)CCCNC1=O,1,Train
22059442,O=S(=O)(O)c1ccccc1.c1cnc(OC[C@H]2C[C@H](c3ccc(CN4CCCC4)cc3)C2)nc1,1,Train
31636847,COc1cc2c(cc1OC)CN(CCc1ccc(NC(=O)/C=C/c3cc(OC)c(OC)c(OC)c3)cc1)CC2,0,Train
32601173,Cc1cccnc1C1CCCN1Cc1nccn1Cc1cccnc1,1,Train
32601169,N#CCCc1cccc2nc(CN3CCCC3c3ccccn3)cn12,1,Train
29236186,Cc1cc2cc(NS(=O)(=O)c3ccc(C#N)cc3)ccc2n(C)c1=O,1,Train
12384025,COC[C@H](C)Oc1cc(Oc2ccc(S(C)(=O)=O)cc2)cc(C(=O)Nc2nccs2)c1,1,Train
30596994,CCNc1cc(-c2cnc3cc(Cl)cnn23)ncc1C(=O)NC[C@@H](F)C(C)(C)O,1,Train
29232366,COc1ccc(C2CCN(CCc3cnn(-c4nccc5c(=O)[nH]cnc45)c3)CC2)cc1,0,Train
23745688,Cn1cc(-c2cnc3oc4c(-c5cccnc5)nc(=O)n(CCC5CCCO5)c4c3c2)cn1,1,Train
20051263,CC(C)Oc1ccc(-c2cccc3nc(Nc4ccc(C(=O)O)cc4)nn23)cc1,1,Train
24877350,COc1cc([C@@H]2c3cc4c(cc3C(OC3OC5COC(c6cccs6)OC5C(O)C3O)C3COC(=O)[C@@H]32)OCO4)cc(OC)c1O,0,Train
23071026,CCCC(=O)c1cnn(-c2ccc(NC(=O)c3cn(CC(=O)N4CCN(C)CC4)c4cc(C)c(Cl)cc34)cc2)c1C.Cl,0,Train
21359858,COc1cc2ccccc2cc1C(=O)NC1(C(=O)N[C@H](CCCN2CCN(CC3CCOCC3)CC2)Cc2ccccc2)CCCC1,1,Train
22645365,O=c1cc(N2CCOCC2)nc(Cc2nc3ccccc3o2)[nH]1,1,Train
24828801,COC(=O)N1CCc2nc(C)n(C3CC4CCC(C3)N4CC[C@H](NC(C)=O)c3ccccc3)c2C1,0,Train
10606757,Cc1nc(C(=O)N[C@@H](CC(=O)O)C(=O)OCc2ccccc2)cc2c1[nH]c1ccccc12,0,Train
15426924,CCN(CC)CCNC(=O)c1c(C)[nH]c(/C=C2\\C(=O)Nc3ccc(F)cc32)c1C.O=C(O)C[C@H](O)C(=O)O,0,Train
12446709,CN(CCO)Cc1cn(Cc2ccc(F)cc2)c2cnc3c(c12)CCN(O)C3=O,0,Train
24627223,C=CCNC(=O)[C@@H](NC(=O)[C@@](O)(CCCN(Cc1ccc(Br)cc1)NC(=O)[C@@H](NC(=O)OC)C(C)(C)C)Cc1ccc(C=C)cc1)C(C)(C)C,1,Train
29230727,CN1CCC2=C(C1=O)C(c1ccc(C#N)cc1-c1cncnc1)N(C)C(=O)N2c1cccc(C(F)(F)F)c1,1,Train
18425046,CN(c1ccc2c(c1)S(=O)(=O)NC(c1c(O)c(-c3cccs3)nn(CCC(C)(C)C)c1=O)=N2)S(C)(=O)=O,0,Train
6739788,COc1cc(CCc2ccccc2)c(C(=O)O)c(O)c1CC=C(C)C,1,Train
25083812,COc1ccc(N2N=C(S(C)(=O)=O)C3CCN(c4ccc(C5(Cn6ccnc6C)CC5)cc4)C(=O)C32)cc1.O=C(O)C(F)(F)F,0,Train
29351299,C[S+](CC[C@H](N)C(=O)O)C[C@H]1O[C@@H](n2cnc3c(N)ncnc32)[C@H](O)[C@@H]1O.Cc1ccc(S(=O)(=O)[O-])cc1.O=S(=O)([O-])OS(=O)(=O)[O-],0,Train
33162784,C=CC(=O)N1CCC[C@@H](n2nc(-c3ccc(Oc4ccncc4C#N)cc3)c3c(N)ncc(Cl)c32)C1,0,Train
11246705,N=C(N)NCCC[C@@H](NC(=O)[C@@H](CCCNC(=N)N)NC(=O)[C@@H](CCCNC(=N)N)NC(=O)[C@@H](CCCNC(=N)N)NC(=O)[C@@H](CCCNC(=N)N)NC(=O)[C@@H](CCCNC(=N)N)NC(=O)[C@@H](CCCNC(=N)N)NC(=O)CCCNC(=O)[C@H](CN)NC(=O)CCC(=O)OCCNC(=S)Nc1ccc(-c2c3ccc(=O)cc-3oc3cc(O)ccc23)c(C(=O)O)c1)C(N)=O,0,Train
12676042,COc1cc(C)c(S(=O)(=O)N(C)CCOCC(=O)N2CCN([C@H]3CN4CCC3CC4)CC2)c(C)c1,0,Train
24399386,CC(=O)N1CCN(C(=O)c2ccc(O[C@H]3C[C@H](N4CCCCC4)C3)cc2)CC1,0,Train
1915399,C[C@]12CC[C@H]3[C@@H](CCC4=CC(=O)CC[C@@]43C)[C@@H]1CC[C@@H]2O,1,Train
8143274,Fc1cccc2c1O[C@H]1CNC[C@@H]1O2,1,Train
24947448,COc1cc(Nc2nc(N[C@H]3CCCC[C@H]3N)n3ccnc3c2C(N)=O)cc(OC)c1,0,Train
25080734,CC(=O)N1CC[C@@H]1C(=O)N[C@@H](CCN1C2CCC1CC(n1c(C)nc3ccccc31)C2)c1ccccc1,0,Train
5886369,Cc1cnc(NC(=O)C2=C(O)c3ccccc3S(=O)(=O)N2C)s1,1,Train
30708689,CC(=O)N1CC[C@@H](n2cc(-c3cnc(-n4ncc5cc(C#N)cnc54)cc3NC(C)C)nn2)[C@@H](O)C1,0,Train
1688778,CC1=CC2=C[C@H](C)C[C@@]23OC(=C(C)C3=O)CC(C)(C)/C=C/C1=O,1,Train
19308975,COc1ccc2c(O[C@@H]3C[C@H]4C(=O)N[C@]5(C(=O)NS(=O)(=O)C6CC6)C[C@H]5C=CCCCCCNC(=O)N4C3)cc(-c3nccs3)nc2c1,0,Train
30708704,CC(C)Nc1cc(-n2ccc3cncnc32)ncc1-c1cn([C@@H]2CCNC[C@@H]2O)nn1,0,Train
33611430,CC(C)N1[C@H]2CC[C@@H]1CN(C(=O)c1ccnc(Nc3cc4[nH]c(-c5ccc(F)c(C(F)(F)F)c5)nc4cn3)c1)C2,0,Train
23692200,COc1cccc(-c2cccc(C3(C)N=C(N)CN3C(C)=O)c2)c1,1,Train
25874151,O=C(Cc1ccccc1)NC1COC(/C=C/c2ccccc2)OC1,0,Train
12809108,C[C@]12CC[C@H]3[C@@H](CC=C4C[C@@H](OC(=O)CCCC(=O)O)CC[C@@]43C)[C@@H]1CCC2=O,1,Train
27339174,CC[C@H](C)[C@H](NC(=O)[C@H](CO)NC(=O)[C@H](CC(N)=O)NC(=O)[C@H](CC(C)C)NC(=O)[C@H](Cc1ccc(O)cc1)NC(=O)[C@H](CCCCN)NC(=O)[C@H](CCCCN)NC(=O)[C@@H](NC(=O)[C@H](C)NC(=O)[C@H](CCSC)NC(=O)[C@H](CCC(N)=O)NC(=O)[C@H](CCCCN)NC(=O)[C@H](CCCNC(=N)N)NC(=O)[C@H](CC(C)C)NC(=O)[C@H](CCCNC(=N)N)NC(=O)[C@@H](NC(=O)[C@H](Cc1ccc(O)cc1)NC(=O)[C@H](CC(N)=O)NC(=O)[C@H](CC(=O)O)NC(=O)[C@@H](NC(=O)[C@H](Cc1ccccc1)NC(=O)[C@@H](NC(=O)[C@H](C)NC(=O)[C@H](CC(=O)O)NC(=O)[C@H](CO)NC(=O)[C@@H](N)Cc1cnc[nH]1)C(C)C)[C@@H](C)O)[C@@H](C)O)C(C)C)C(=O)N[C@@H](CC(C)C)C(=O)N[C@@H](CC(N)=O)C(N)=O,0,Train
27157526,O=c1c2cccnc2n(Cc2ccccc2)c(=O)n1Cc1ccccc1,1,Train
3546598,N#Cc1c(-c2ccccc2)no[n+]1[O-],0,Train
24431797,Nc1noc2ccc(-n3nc(C(F)(F)F)cc3C(=O)NC3CCN(c4ccccc4CN4CCCC4)CC3)cc12.O=C(O)C(F)(F)F,0,Train
12549354,Cc1ccc(N2c3cccc(C(=O)Nc4ccc(C(F)(F)F)nc4)c3OC[C@@H]2CO)nc1,1,Train
2215169,N[C@@H](Cc1ccc(O)c(O)c1)C(=O)O,0,Train
24108424,CC(=O)OCOC(=O)c1ccccc1-c1ccc(CN2CCC(COC(=O)c3c4n(c5ccccc35)CCCO4)CC2)cc1,0,Train
2398587,COc1ccc(Oc2cc([N+](=O)[O-])ccc2NS(C)(=O)=O)cc1,1,Train
20446587,COc1ccc(-c2nc(O[C@H]3C[C@@H](C)[C@H](C(=O)N[C@]4(C(=O)NS(=O)(=O)C5CC5)C[C@H]4C=CCCCCN(C)C=O)C3)c3ccc(OC)c(C)c3n2)cc1,0,Train
24528874,CCCC(=O)c1cnn(-c2ccc(NC(=O)c3cn(CC(=O)N4C[C@@H]5C[C@@H](O)CN5C[C@@H]4C)c4ccc(C)cc34)cc2)c1C.Cl,0,Train
20083346,CNC(=O)c1ccc(Nc2nc3c(-c4ccc(CN5CCOCC5)cc4)cccn3n2)cn1,1,Train
28665322,CN[C@H](CC(C)C)C(=O)N[C@H]1C(=O)N[C@@H](CC(N)=O)C(=O)N[C@H]2C(=O)N[C@H]3C(=O)N[C@H](C(=O)N[C@H](C(=O)O)c4cc(O)cc(O)c4-c4cc3ccc4O)[C@H](O)c3ccc(c(Cl)c3)Oc3cc(O[C@@H]4O[C@H](CO)[C@@H](O)[C@H](O)[C@H]4O[C@@H]4C[C@](N)(O)[C@H](O)[C@H](O)O4)c(c2c3)Oc2ccc(cc2Cl)[C@H]1O,1,Train
25083822,COc1ccc(N2N=C(C(F)(F)F)C3CCN(c4ccc(C5(N(C)CCO)CC5)cc4)C(=O)C32)cc1.O=C(O)C(F)(F)F,1,Train
19565781,Oc1ccc(-c2ccsc2-c2cccc(O)c2)cc1,1,Train
7841832,CCCOc1ccc2c(c1)[C@@H](c1ccc(OC)cc1OCCO)[C@H](C(=O)O)[C@H]2c1ccc2c(c1)OCO2,1,Train
26306958,Cc1cccc2c1CCN2C(=O)Cc1nc(N2CCOCC2)cc(=O)[nH]1,0,Train
23477664,Cn1cc(C(=O)Nc2ccc(Cl)cc2O)c(C(F)(F)F)n1,1,Train
32612476,Cc1cccnc1[C@@H]1CCC[C@H](c2nc3ccccc3n2CCCN2CCN(C)CC2)N1C,0,Train
20083296,CC(=O)Nc1ccc(Nc2nc3c(-c4ccc(OCc5cccnc5)cc4)cccn3n2)cc1,0,Train
29593991,Cc1sc2c(c1C)C(c1ccc(Cl)cc1)=N[C@@H](CC(=O)OCCO)c1nnc(C)n1-2,1,Train
26161561,CCN1CC[C@@](NC(=O)c2ccc3c(C4CCCCC4)c(-c4ccccn4)n(C)c3c2)(C(=O)Nc2ccc(/C=C/C(=O)O)cc2)C1,0,Train
27464261,CC(C=CC(=O)NO)=Cc1ccc(NS(=O)(=O)c2ccc(N(CCCl)CCCl)cc2)cc1,0,Train
26904957,C=C[C@@H]1C[C@]1(NC(=O)[C@@H]1C[C@@H](Oc2cc(-c3csc(NC(=O)C(C)C)n3)nc3c(Br)c(OC)ccc23)CN1C(=O)[C@@H](NC(=O)O[C@@H]1CC[C@@H](O)C1)C(C)(C)C)C(=O)O,0,Train
20325241,Cc1cc(CN2CC(C(=O)O)C2)ccc1NC(=O)c1cc(N(CC2CC2)C2CCCCC2)ncn1,0,Train
18484647,N=C(N)SCc1cccc2c1C(=O)c1c(CSC(=N)N)cccc1-2,0,Train
14175578,Cn1c(=O)c(Oc2ccc(F)cc2F)cc2cnc(NC3CCOCC3)nc21,1,Train
19432410,c1ccc(Cn2nnnc2C(c2ccc3occc3c2)N2CCCN(C3CCC3)CC2)cc1,1,Train
27336893,CCOC(=O)/C=C/c1ccc(O)c(/C(=C\\c2ccc(O)cc2)C(=O)OCC)c1,1,Train
20083506,O=C(NC1CC1)c1ccc(Nc2nc3c(-c4ccc(CN5CCC(F)CC5)c(F)c4)cccn3n2)cc1,0,Train
21379610,CCC1=C(C#N)C(c2ccc3[nH]nc(C)c3c2)C(C#N)=C(C(F)F)N1,1,Train
26980753,O=C(N/N=C/c1c(-c2ccccc2)no[n+]1[O-])c1ccc([N+](=O)[O-])cc1,1,Train
21177323,CC1=NC(c2ccc(F)cc2)(c2cccc(-c3cccnc3)c2)N=C1N,1,Train
24907096,CNC(=O)[C@@H](NC(=O)[C@@](O)(CCCN(Cc1ccc(-c2ccccc2)cc1)NC(=O)C(NC(=O)OC)C(C)(C)C)Cc1ccccc1)C(C)(C)C,1,Train
15424575,CCc1ccc(N(Cc2ccc(C)nc2)C(=O)Nc2c(CC)c(N)cc(Cl)c2CC)cc1,1,Train
24290762,CC(C)C(Nc1ccc(CNC(=O)C2SCCN2C(=O)CC(N)Cc2cc(F)c(F)cc2F)cc1)C(=O)O,0,Train
14115213,Nc1nc(-c2ccc(F)c3c(C(=O)C(=O)N4CCN(C(=O)c5ccccc5)CC4)c[nH]c23)no1,0,Train
24368813,C[C@H](NC(=O)[C@H](N)CCC(=O)OCc1ccccc1)C(=O)O.O=C(O)C(F)(F)F,0,Train
28803325,COC(=O)/C=C/c1cc(F)cc(N(Cc2ccc(-c3ccc4c(cnn4C)c3)cc2F)C(=O)c2ccccc2)c1,0,Train
22751713,Br.N=C(N)SCc1ccccc1Sc1cc(F)c(F)cc1CSC(=N)N,0,Train
28019644,Cc1c(-c2ccccc2)n[nH]c1C(=O)N(C)Cc1cc(=O)[nH]c2ccc(Cl)cc12,1,Train
31157600,OCCNc1nonc1C(=NO)Nc1ccc(F)c(Br)c1,1,Train
11646848,COc1ccc(-n2nc(C#N)c3c2C(=O)N(c2ccc(C4(CN(C)C)CC4)cc2)CC3)cc1,1,Train
19687639,O=C(O)c1ccccc1C(=O)Nc1ccccc1SCCS(=O)(=O)c1ccc(Cl)cc1,1,Train
24074047,CC(=O)OC[C@H]1OC(S(=O)(=O)Cc2nnn(-c3ccc(S(N)(=O)=O)cc3)c2I)[C@H](OC(C)=O)[C@@H](OC(C)=O)[C@@H]1OC(C)=O,0,Train
31339725,CC1(C)[C@H](Nc2c(C(N)=O)cnn3cc(-c4cc[nH]n4)cc23)CC[C@]1(C)N,0,Train
32601264,Cc1cccnc1C1CCCN1Cc1nc2cccc(N3CCN(C)CC3)n2c1CO,1,Train
27713794,COc1ccc(CN2CCC(NC(=O)c3noc(-c4cc(Cl)c(O)cc4O)c3-c3ccc(OC)cc3)CC2)cc1,0,Train
20161977,Cc1cc(CN2C(=O)C(C3=NS(=O)(=O)c4cc(NS(C)(=O)=O)ccc4N3)=C(O)[C@@H]3[C@H]4CC[C@H](C4)[C@@H]32)ccc1F,0,Train
1536506,CC(C)NCC(O)COc1cccc2[nH]ccc12,1,Train
24074048,NS(=O)(=O)c1ccc(-n2nnc(CS(=O)(=O)C3O[C@H](CO)[C@@H](O)[C@H](O)[C@H]3O)c2I)cc1,0,Train
20129729,CC(C)n1c(=O)c(C(=O)N[C@@H]2C[C@@H]3CC[C@H](C2)N3CCCN2CCOCC2)cc2ccccc21,1,Train
21895757,FC(F)(F)c1ccc(Nc2ccc3c(C4CCNCC4)c[nH]c3c2)cn1,0,Train
11288905,CCC(C)C(NC(=O)N[C@H](C(=O)N1C[C@H]2[C@@H]([C@H]1C(=O)NC(CC1CC1)C(=O)C(=O)NCC(=O)N[C@H](C(=O)N(C)C)c1ccccc1)C2(C)C)C(C)(C)C)C(=O)O,0,Train
30708981,CC(=O)N1C2CCC1CC(c1cc(-c3cnc(-n4ncc5cc(C#N)cnc54)cc3NC(C)C)on1)C2,1,Train
20083212,CN(C)C(=O)c1ccc(-c2cccn3nc(Nc4cnn(C)c4)nc23)cc1,1,Train
18877901,O=C(/C=C/c1ccc(Cl)cc1)NC1(C(=O)N[C@H](Cc2ccccc2)C(=O)NCC2CCN(CC3CCOCC3)CC2)CCCC1.O=C(O)C(F)(F)F,0,Train
22670216,O=c1cc(N2CCOCC2)nc(Cc2nc3cc(F)ccc3o2)[nH]1,1,Train
23689783,COc1ccc(NC(=O)Nc2ccc(Cc3ccc(NC(=O)Nc4ccc(OC)cc4)cc3)cc2)cc1,1,Train
26879309,N#Cc1ccc(NC2CCC(OCC(=O)N3CCN(CC4Cc5cc(C(F)(F)F)ccc5O4)CC3)CC2)cc1C(F)(F)F,0,Train
30169887,O=C(Oc1ccc(F)cc1)N1CCN(c2cncc(O[C@H]3CC[C@H](Nc4ccc([N+](=O)[O-])c(C(F)(F)F)c4)CC3)c2)CC1,0,Train
23236263,COc1ccc(S(=O)(=O)N2CCS[C@H]2C(=O)O[C@@H](Cc2c(Cl)c[n+]([O-])cc2Cl)c2ccc(OC(F)F)c(OCC3CC3)c2)cc1OC,0,Train
26443159,NS(=O)(=O)c1cccc(-n2cc(C3=CC=CC3[Fe]C3C=CC=C3)nn2)c1,1,Train
21180805,NCC(=O)N1CCn2c(nc(-c3ccc(F)cc3)c2Nc2ccc(F)cc2)C1,0,Train
12817634,CC(C)c1cc(Oc2c(Cl)cc(-n3nc(C#N)c(=O)[nH]c3=O)cc2Cl)n[nH]c1=O,0,Train
9097855,Nc1nc(=O)c2c(CCc3ccc(C(=O)N[C@@H](CCC(=O)O)C(=O)O)cc3)c[nH]c2[nH]1,1,Train
26879521,O=C(COC1CCC(Nc2ccc([N+](=O)[O-])c(C(F)(F)F)c2)CC1)N1CCN(c2cnc3ccccc3c2)CC1,0,Train
12490568,O=C(Nc1ccc(OC(F)(F)F)cc1)c1cccc2c1OCCN2c1ncc(CO)cc1Cl,1,Train
32562406,CCCCOP(=O)(OCCCC)C(O)c1nc2ccccc2s1,0,Train
12549355,Cc1ccc(N2c3cccc(C(=O)Nc4ccc(C(F)(F)F)cc4)c3OC[C@@H]2CO)nc1,1,Train
11586129,COc1ccc(-n2nc(C(N)=O)c3c2C(=O)N(c2ccc(C(C)(C)CO)cc2)CC3)cc1,0,Train
15757193,COc1cc2c(cc1OC)CN(CCC=C1CCCCC1)CC2.Cl,1,Train
1567658,Cc1cccc2ccc[n+](C)c12,0,Train
18660844,CCOc1ccc([C@@H](C)Nc2nc(N3CCN(C(C)=O)CC3)nc3c2CN(C(C)C)C3=O)cc1F,0,Train
14574426,CC(=O)N1CCN(CCN2[C@H]3CC[C@@H]2C[C@H](NC(=O)c2nn(C(C)C)c4ccccc24)C3)CC1,1,Train
10122550,Cn1cncc1CN1CC(N(Cc2ccccn2)S(=O)(=O)c2ccccn2)Cc2cc(C#N)ccc21,0,Train
19308988,COc1ccc2c(O[C@@H]3C[C@H]4C(=O)N[C@]5(C(=O)NS(=O)(=O)C6CC6)C[C@H]5C=CCCCCCNC(=O)N4C3)cc(-c3nc(C(C)C)cs3)nc2c1C,0,Train
27020115,CCNC(=O)O[C@H]1CC[C@](CNc2nn(C)c3cccc(OC)c23)(c2ccccc2)CC1,0,Train
22986668,CCCC(=O)c1cnn(-c2ccc(NC(=O)c3cn(CC(=O)O)c4ccc(C)cc34)cc2)c1C,0,Train
1746691,CCCCCN=C=S,1,Train
32571712,CCNC(=O)c1cc2c(N3CCCC3c3ccccc3)ccnc2[nH]1,1,Train
958203,Oc1ccc(/N=N/c2ccc(O)cc2)cc1,0,Train
24627226,C=CCNC(=O)[C@@H](NC(=O)[C@@](O)(CCCN(Cc1ccc(Br)cc1)NC(=O)[C@@H](NC(=O)OC)C(C)(C)C)Cc1ccc(CC=C)cc1)C(C)C,1,Train
20083387,CN(C)C(=O)c1ccc(-c2cccn3nc(Nc4ccc(C(=O)NCc5ccccn5)cc4)nc23)cc1,0,Train
8740878,COCCCOc1cc(C[C@@H](C[C@H](N)[C@@H](O)C[C@H](C(=O)NCC(C)(C)C(N)=O)C(C)C)C(C)C)ccc1OC,0,Train
23013073,Cn1c(-c2csc(N)n2)c(C2CCCC2)c2ccc(C(=O)NC3(C(=O)Nc4ccc(/C=C/C(=O)O)cc4)CCC3)cc21,0,Train
27104771,CNC(=O)N1C(=O)N(c2cccc(C(F)(F)F)c2)C2=C(C(=O)CC2)[C@H]1c1ccc(C#N)cc1S(C)(=O)=O,1,Train
4279441,CC[C@@]1(O)C(=O)OCc2c1cc1n(c2=O)Cc2cc3c(CN(C)C)c(O)ccc3nc2-1,0,Train
20446591,C=CCCCCN(C)C(=O)N1C[C@H](Oc2nc(-c3ccc(OC)cc3)nc3c(C)c(OC)ccc23)C[C@H]1C(=O)N[C@]1(C(=O)NS(=O)(=O)C(C)CC)C[C@H]1C,1,Train
27682081,O=C(Cc1ccccc1)NCc1ccccc1-c1ccccc1/C=C/c1ccc(O)cc1,0,Train
21029750,CC(C)CC1(C(=O)c2ccc3[nH]ncc3c2)CCCN1,1,Train
25177290,CC(=O)N1[C@H](C(=O)Nc2ncc(-c3ccc(N)cc3)s2)CC[C@@H]1c1ccccc1,1,Train
29600445,COc1ccc(-c2noc(CC(=O)NCCCCC(=O)N3CCc4cc(OC)c(OC)cc4C3)c2-c2ccc(OC)cc2)cc1,1,Train
9882122,Cc1cc(COc2ccc(S(=O)(=O)CC3(CC(=O)NO)CCCN(C)C3)cc2)c2ccccc2n1,0,Train
18969662,O=C(Nc1n[nH]c2ccc(Cc3cc(F)cc(F)c3)cc12)c1ccc(N2CCNCC2)cc1NC1CCOCC1,0,Train
9778585,CN(C)Cc1nc2cccc3c2n1CCNC3=O,1,Train
26534870,CCOC(=O)C1=C(C)N(C(C(=O)OCC)C(=O)OCC)C(C)=C(C(=O)OCC)C1Cc1ccccc1,0,Train
19686280,CCCS(=O)(=O)Nc1ccc(F)c(C(=O)Nc2cnc3[nH]ncc3c2)c1F,0,Train
3592896,C/C=C1\\[C@H]2C=C(C)C[C@]1(N)c1ccc(=O)[nH]c1C2,1,Train
14118994,O=C(NS(=O)(=O)c1ccccc1)c1ccc(F)c2c(C(=O)C(=O)N3CCN(C(=O)c4ccccc4)CC3)c[nH]c12,0,Train
18877894,CSc1ccc(C(=O)NC2(C(=O)N[C@H](Cc3ccccc3)C(=O)NCC3CCN(CC4CCOCC4)CC3)CCCC2)cc1.O=C(O)C(F)(F)F,0,Train
4347572,CCC1=C[C@@H]2CN(CCc3c([nH]c4ccccc34)[C@@](C(=O)OC)(c3cc4c(cc3OC)N(C)[C@H]3[C@@](O)(C(=O)OC)[C@H](OC(C)=O)[C@]5(CC)C=CCN6CC[C@]43[C@@H]65)C2)C1,0,Train
22333641,CCOc1ccc(Cc2nc3cc(N(C)S(=O)(=O)c4cccs4)ccc3n2CC2CCCCC2)nc1,0,Train
25265945,Cn1c(-c2ccncc2)c(C2CCCC2)c2ccc(C(=O)NC3(C(=O)Nc4ccc(/C=C/C(=O)O)cc4)CCCC3)cc21,0,Train
23476348,Cc1cc(Oc2cccc(Cn3ccnc3)c2)cc(C)c1Cl,1,Train
10370984,CC(C)c1nnc2ccc(-c3ocnc3-c3cc(F)ccc3F)cn12,1,Train
11288916,CCC(C)OC(=O)N[C@H](C(=O)N1C[C@H]2[C@@H](C1C(=O)NC(CC1CC1)C(=O)C(N)=O)C2(C)C)C(C)(C)C,0,Train
27219184,CC[C@H]1C[C@@H](n2c(=O)nc(-c3ccccn3)c3oc4ccc(-c5cn(C)cn5)nc4c32)CCO1,1,Train
24526884,C[C@@H](Cc1c(F)c(F)cc(F)c1F)Nc1cc[nH]c(=O)c1-c1nc2cc3c(cc2[nH]1)C(=O)N(c1cccnc1)C3,0,Train
18981611,Cc1cc(S(=O)(=O)NCCC(=O)O)ccc1NC(=O)c1cc(N(CC2CC2)C2CCCCC2)ncn1,0,Train
18386196,CC(C)(C)CCN1C(=O)C(C2=NS(=O)(=O)c3cc(NS(C)(=O)=O)ccc3N2)=C(O)C2CCCCN21,0,Train
60864,CCN1C[C@@]2(COC)[C@H]3[C@@H](OC)[C@H]4C1[C@]3([C@@H](OC)C[C@H]2O)[C@@H]1C[C@]2(O)[C@@H](OC)[C@H](O)[C@@]4(O)[C@H]1[C@H]2O,0,Train
28803317,COC(=O)/C=C/c1cccc(N(Cc2ccc(-c3ccc4c(cnn4C)c3)cc2Cl)C(=O)C2CCCCC2)c1,0,Train
24650146,CC1CCC(C(=O)N(c2ccc(Oc3ccccc3C(F)(F)F)cc2C(=O)O)C(C)C)CC1,1,Train
18840014,C#CCN(CC#C)C(=O)[C@@]1(c2ccc3c(c2)OCCO3)C[C@H]1CN,0,Train
24457147,CC(=O)N[C@H](Cc1c[nH]cn1)C(=O)N[C@H](Cc1ccccc1)C(=O)N1C[C@H](OCc2ccc3ccccc3c2)C[C@@H]1C(=O)NCCNC(=N)N,0,Train
12495742,C=C[C@@H]1C[C@]1(NC(=O)[C@@H]1C[C@@H](Oc2cc(OCC)nc3c(Cl)cccc23)CN1C(=O)[C@@H](CC(=O)Nc1ccccc1)C(C)(C)C)C(=O)NS(=O)(=O)C1CC1,0,Train
4240401,COc1ccc(C(CN(C)C)C2(O)CCCCC2)cc1.Cl,0,Train
12139793,Cn1c(N2CCO[C@@H]3CCC[C@H]32)nc(-c2ccncc2F)cc1=O,1,Train
24324494,CC(=O)N[C@@H](CCN1[C@H]2CC[C@@H]1C[C@H](n1c(C)nc3c1CN(C(C)=O)CC3)C2)c1ccccc1,0,Train
11288890,C=CCNC(=O)C(=O)C(CCCC)NC(=O)[C@@H]1[C@@H]2[C@H](CN1C(=O)[C@@H](NC(=O)N[C@H](C(=O)OC(C)(C)C)C(C)(C)C)C(C)(C)C)C2(C)C,1,Train
22663957,Cn1c(C(F)(F)F)nc2ccc(C(=O)O)cc21,0,Train
24182928,O=C(Nc1ccc2[nH]nc(-c3ccncc3)c2c1)[C@@H]1CCN(CC(=O)N2CCN(c3ccc(-c4ncccn4)cc3)CC2)C1,0,Train
5475149,CC(C)(O/N=C(\\C(=O)N[C@@H]1C(=O)N2C(C(=O)[O-])=C(C[n+]3ccccc3)CS[C@H]12)c1csc(N)n1)C(=O)O,0,Train
12292101,O=C1CCc2cccc(OC[C@@H](O)CN3CCC4(CC3)Cc3cc(Cl)ccc3O4)c2N1,1,Train
10734357,C#CCN1C[C@@H](NC(=O)c2ccc(Cc3cc(C)nc4ccccc34)cc2)[C@@H](C(=O)NO)C1,0,Train
30708855,CC(C)Nc1cc(-n2ncc3cc(C#N)cnc32)ncc1-n1cc(CCC(C)(C)O)nn1,0,Train
18506644,Nc1nc2c(c(-c3c(Cl)cc(Cl)cc3OCCn3cccn3)n1)CN(C(=O)NC1CC1)C2,0,Train
12431872,COc1ccc(CC(C)(C)NC[C@H](O)c2cc(O)cc3c2OCC(=O)N3)cc1.Cl,0,Train
27336896,CCOC(=O)/C=C/c1ccc(O)c(/C(=C\\c2ccc(OC(C)=O)cc2)C(=O)OCC)c1,1,Train
27219173,CC[C@H]1C[C@@H](n2c(=O)nc(-c3cnn(C)c3)c3oc4cnc(-c5cnn(CCOC)c5)cc4c32)CCO1,1,Train
26621058,CC(C)OC(=O)[C@H](Cc1ccccc1)NP(=O)(COCCn1cnc2c(N)ncnc21)Oc1ccccc1,1,Train
26711036,CC[C@H](C)OC(=O)[C@H](C)NP(=O)(OC[C@H]1O[C@@](C#N)(c2ccc3c(N)ncnn23)[C@](C)(O)[C@@H]1O)Oc1ccccc1,0,Train
33417225,C=CC(=O)N[C@@H]1CCN(c2ccc(C(N)=O)c(Nc3ccc(CCN4CCCC4)cc3)n2)C1,0,Train
20586650,CC(=O)N1C[C@@H](Oc2cccc(F)c2)C[C@@H]1C(=O)N1CCCN(C2CCC2)CC1,1,Train
14451766,O=C(N[C@H]1[C@H](CCF)OC[C@@H]1O)[C@H](CC1CCCCCCC1)NC(=O)N1CCOCC1,0,Train
13059957,CC(C)CCn1c(=O)c(C2=CS(=O)(=O)c3cc(N(C)S(C)(=O)=O)ccc3N2)c(O)c2cccn21,0,Train
22098418,CCC(CC)COC(=O)[C@H](C)NP(=O)(OC[C@H]1O[C@@](C#N)(c2ccc3c(N)ncnn23)[C@](C)(O)[C@@H]1O)Oc1ccccc1,0,Train
5566784,O=C1c2ccc(Cl)cc2-n2c1nc1ccccc1c2=O,0,Train
18884252,CS(=O)(=O)Nc1ccc2c(c1)S(=O)(=O)N=C(c1c(O)c(C3=CCCC3)nn(CCC3CC3)c1=O)N2,0,Train
12514564,CCOc1cc(NC(=O)C(C)(C)NC(=O)c2ccc3c(C4CCCC4)c(-c4ncc(Cl)cn4)n(C)c3c2)ccc1/C=C/C(=O)O,1,Train
32601168,Cc1cccnc1C1CCCN1Cc1cn2c(CCC#N)cccc2n1,1,Train
12446708,CC(C)OCCOCc1cn(Cc2ccc(F)cc2)c2cnc3c(c12)CCN(O)C3=O,0,Train
31636849,COc1cc2c(cc1OC)CN(CCc1ccc(NC(=O)c3cc(OC)c(OC)c(OC)c3)cc1)CC2,0,Train
22509686,CC(=O)Nc1sc2c(c1-c1nc3ccccc3s1)CNC2,1,Train
19149215,CC(C)(C)c1ccc2oc(N3CCCN(C(=O)C4CCOCC4)CC3)nc2c1,1,Train
21532685,O=C1c2ncc3c(ccn3Cc3ncc(F)cc3F)c2CCN1O,0,Train
18969659,CN1CCC(Oc2ccc(C(=O)Nc3n[nH]c4ccc(Cc5cc(F)cc(F)c5)cc34)c(NC3CCOCC3)c2)CC1,0,Train
1269370,CC(=O)CC(c1ccc([N+](=O)[O-])cc1)c1c(O)c2ccccc2oc1=O,1,Train
27334674,CC(=O)OC[C@H]1O[C@@H](SCc2cn(-c3ccccc3)nn2)[C@H](OC(C)=O)[C@@H](OC(C)=O)[C@@H]1OC(C)=O,1,Train
33607704,CC(C)CCC(=O)N1CCN2c3ncc(Cl)c(n3)Nc3cc4c(c(c3)OCCOC[C@H]2C1)N(C)C(=O)CC4,1,Train
30468797,Cc1ccc(C(=O)Nc2ccc(F)c([C@]3(C)CS(=O)(=O)N(C)C(=N)N3)c2)nc1.O=C(O)C(F)(F)F,1,Train
15693463,CCCCCNC(=O)[C@H](Cc1ccc(OCC(=O)O)c(-c2nnn[nH]2)c1)NC(=O)[C@H](Cc1ccccc1)NC(=O)OC(C)(C)C,0,Train
25266012,Cc1cccc(-c2c(C3CCCC3)c3ccc(C(=O)NC(C)(C)C(=O)Nc4ccc(/C=C/C(=O)O)cc4)cc3n2C)n1,0,Train
32601165,c1ccc(C2CCCN2Cc2nc3ccccn3c2-c2ccncc2)nc1,1,Train
22751706,Br.N=C(N)SCc1ccccc1Sc1cc(F)ccc1CSC(=N)N,0,Train
30169794,O=[N+]([O-])c1ccc(N[C@H]2CC[C@H](Oc3ccc(N4CCN(c5ccc6cc(C(F)(F)F)ccc6n5)CC4)nc3)CC2)cc1C(F)(F)F,0,Train
886632,O=C(O)c1ccc2[nH]c(C(F)(F)F)nc2c1,0,Train
27141262,CN1C(=O)N(c2cccc(C(F)(F)F)c2)C2=C(C(=O)CCC2)[C@H]1c1ccc(C#N)cc1S(C)(=O)=O,1,Train
12690653,COC(=O)N[C@H](C(=O)NN(CC[C@@](O)(Cc1ccccc1)C(=O)N[C@H]1c2ccccc2C[C@H]1O)Cc1ccc(-c2ccccn2)cc1)C(C)(C)C,0,Train
31636859,COc1cc2c(cc1OC)CN(CCc1ccc(OC(=O)/C=C/c3cc(OC)c(OC)c(OC)c3)cc1)CC2,0,Train
10290514,C[C@@H]1CN(C(=O)c2ccccc2)CCN1C(=O)C(=O)c1c[nH]c2ccccc12,1,Train
12172212,Cc1c(-c2cccc(OCCCCC(=O)O)c2)c(=O)n(C[C@H](N)c2ccccc2)c(=O)n1Cc1c(F)cccc1C(F)(F)F,0,Train
32614136,CC(C)c1cccnc1[C@@H]1CCC[C@H](c2nc3cccc(N4CCN(C)CC4)n3c2Cl)N1C,0,Train
18462212,N=C(N)SCc1ccccc1Oc1ccccc1CSC(=N)N,0,Train
22285498,O=C(NCC(NS(=O)(=O)c1ccccc1)[PH](=O)O)c1ccc(OCCC2CCNCC2)cc1,0,Train
22707604,CC(C)n1nc(C(=O)N[C@@H]2C[C@@H]3CC[C@H](C2)N3CCN2CCN(S(C)(=O)=O)CC2)c2ccccc21,1,Train
11102921,N=C(N)NCCC[C@@H](NC(=O)c1ccc(C(c2ccccc2)c2ccccc2)o1)C(=O)O,0,Train
26807939,CC(C)c1cc(N2CC[C@@H](N)C2)nc(N)n1.Cl,1,Train
32612633,Cc1cccnc1[C@@H]1CCC[C@H](c2nc3ccccc3n2CCCCN2CCC(F)(F)CC2)N1C,0,Train
11586239,COc1ccc(-n2nc(C(N)=O)c3c2C(=O)N(c2ccc(C4(C5=NCCO5)CC4)cc2)CC3)cc1,0,Train
26035045,O=C(N[C@H](C/C=C/c1ccccc1)C(=O)O)c1ccc2ccccc2c1,0,Train
1432747,CNCCCN1c2ccccc2CCc2ccccc21,1,Train
23013101,Cc1nc(-c2c(C3CCCC3)c3ccc(C(=O)NC4(C(=O)Nc5ccc(C=CC(=O)O)cc5)CCCC4)cc3n2C)cs1,0,Train
23744844,COc1cc(C)cc2cc(-c3c(CO)c(CN4CCNCC4)n4ncnc(N)c34)sc12.O=CO,0,Train
5986171,COc1ccc(-c2noc(CC(=O)O)c2-c2ccc(OC)cc2)cc1,1,Train
32601153,CN1CCN(c2c(CN3CCCC3c3ncc[nH]3)nc3ccccn23)CC1,1,Train
27104743,N#Cc1ccc(C2C3=C(CCC3=O)N(c3cccc(C(F)(F)F)c3)C(=O)N2C(=O)NC2CCOCC2)cc1,1,Train
27334671,CC(=O)OC[C@H]1O[C@@H](S(=O)(=O)Cc2nnn(-c3ccccc3)c2I)[C@H](OC(C)=O)[C@@H](OC(C)=O)[C@@H]1OC(C)=O,1,Train
6659789,CCCCCCC(C)(C)c1ccc([C@@H]2C[C@H](O)CC[C@H]2CCCO)c(O)c1,0,Train
23996265,O=C(Nc1ccc(F)c(C(F)(F)F)c1)Nc1nnc(-c2ccncc2)s1,0,Train
28803348,COC(=O)/C=C/c1cc(F)cc(N(Cc2ccc(-c3ccc(N(C)C)cc3)cc2Cl)C(=O)C2CCCCC2)c1,0,Train
32182804,Cl.N=C(N)NC(=N)N1CC[C@H](c2ccccc2)C1,0,Train
30708937,CCCNc1cc(-n2ncc3cc(C#N)cnc32)ncc1-n1cc(CCC(C)(C)O)nn1,1,Train
4031966,CC(=O)OCC1=C(C(=O)O)N2C(=O)[C@@H](NC(=O)CSc3ccncc3)[C@H]2SC1,0,Train
87362,CN(C)CCC(c1ccc(Cl)cc1)c1ccccn1,1,Train
10737483,O=C1CC(c2ccc(C[C@H](Nc3nc4ccc(Cl)cc4s3)c3nc4ccccc4[nH]3)cc2)S(=O)(=O)N1,0,Train
30468785,CN1C(=N)N[C@](C)(c2cccc(NC(=O)c3ccc(F)cn3)c2)CS1(=O)=O.O=C(O)C(F)(F)F,0,Train
6739893,Cc1ccc(/C(=C\\CN2CCCC2)c2cccc(/C=C/C(=O)O)n2)cc1,0,Train
33162817,C=CC(=O)N1CC[C@H](n2nc(-c3ccc(Oc4ccncc4)cc3)c3cncc(Cl)c32)C1,0,Train
10491851,CCCCOc1ncc(C(C)=O)cc1-c1nc2c(CC)n(Cc3ccccn3)nc2c(=O)[nH]1,1,Train
28880208,O=C(Nc1nnc(Cc2cc(F)cc(F)c2)s1)c1ccc(O[C@H]2CC[C@H](C(=O)O)CC2)cc1,0,Train
12704417,C=CCn1c2c(c3cc(C(=O)N4CCC(C)CC4)ccc31)CN(CC1CC1)CC2,0,Train
29357921,COCCN(Cc1cc(C(=O)N(C)C)cc2c(=O)cc(N3CCOCC3)oc12)c1cc(F)cc(F)c1,1,Train
2373633,C=C(C)CNc1ccc(C(C)C(=O)O)cc1,1,Train
28003119,Cc1cc(-c2cncc([C@@H](O)C(F)(F)F)c2)nc2c1C(=O)N(c1cnn(CC(F)F)c1)C2(C)C,1,Train
23071071,CCCC(=O)c1cnn(-c2ccc(NC(=O)c3cn(CC(=O)N4CCN(Cc5cc(C)on5)CC4)c4ccc(Cl)cc34)cc2)c1C.Cl,0,Train
24141074,NC(=O)N(O)CCC#Cc1ccc(CN2CCN([C@@H](c3ccccc3)c3ccc(Cl)cc3)CC2)o1,0,Train
12651996,O=C(Nc1nc(-c2cccc(C(F)(F)F)c2F)cs1)c1ccc(N2CCC(C(=O)O)C2)nc1,0,Train
24724791,CC(C)[C@H](N)C(=O)NCCCCCC(=O)O[C@@H](C[C@@H](Cc1ccccc1)C(=O)N[C@H]1c2ccccc2C[C@H]1OC(=O)CCCCCNC(=O)[C@@H](N)C(C)C)CN1CCN(Cc2cccnc2)C[C@H]1C(=O)NC(C)(C)C.O=C(O)C(F)(F)F,0,Train
33289296,CCN(C(=O)[C@@H]1[C@@H](Cc2ccnc(N)c2)C(=O)N1C(=O)N[C@@H](C1CCCCC1)C(F)(F)F)c1ncccn1,0,Train
23477655,Oc1cc(Cl)ccc1Oc1ccc2ccccc2c1,1,Train
26834853,CS(=O)(=O)NCCNc1nonc1C(=NO)Nc1ccc(F)c(Br)c1,1,Train
10296020,C[C@@H]1CN(C(=O)c2ccccc2)CCN1C(=O)C(=O)c1c[nH]c2cccc(F)c12,0,Train
14113055,Cc1cc(COc2ccc(S(=O)(=O)C[C@@H]3CCN(C)C[C@@H]3C(=O)NO)cc2)c2ccccc2n1,0,Train
10498621,CCCCOc1ncc(C(C)=O)cc1-c1nc2c(CC)n(C3CCN(CC)CC3)nc2c(=O)[nH]1,1,Train
30126584,Cc1ccc(N2CCN(Cc3nc(N)nc(Nc4ccc(C)c(C)c4)n3)CC2)cc1,1,Train
23171841,O=C(C(=O)N1CCN(C(=O)c2ccccc2)CC1)c1c[nH]c2c(-c3nnc[nH]3)ccc(F)c12,0,Train
30596897,CNC(=O)c1ccc(Nc2cc(-c3cnn4cc(C#N)cnc34)ncc2C(=O)NC[C@@H](F)C(C)(C)O)cc1,0,Train
1288399,COc1ccc2ccc(=O)oc2c1CC=C(C)C,1,Train
29190129,Cn1cc(-c2ccc(Cc3n[nH]c4ccc(C(=O)N5CC[C@@H](O)C5)cc34)cc2)cn1,0,Train
24269283,COc1ccc(-c2cc3c(C)nc(N)nc3n([C@H]3CC[C@H](OCCO)CC3)c2=O)cn1,1,Train
32601121,CN1CCN(c2cccc3nc(CN4CCCC4c4ncccc4Cl)c(F)n23)CC1,1,Train
22614126,CCS(=O)(=O)n1c2c(c3cc(C(=O)N4CCC(C)CC4)ccc31)CC(C1CCOCC1)CC2,1,Train
27157521,C=CCNC(=O)c1cccnc1NC(C)(C)CC(C)(C)C,1,Train
7670387,Cc1c(C(=O)C(N)=O)c2c(OCC(=O)O)cccc2n1Cc1ccccc1-c1ccccc1,0,Train
20611468,O=C(NC1(C(=O)N[C@@H](CCCN2CCN(CC3CCOCC3)CC2)Cc2ccccc2)CCCC1)c1cc2cc(Cl)ccc2o1.O=C(O)C(F)(F)F,1,Train
24275192,Cl.O=C(CCCN1CC[Si](O)(c2ccc(Cl)cc2)CC1)c1ccc(F)cc1,1,Train
20048969,CCCC(=O)c1cc(C#N)c(N2CCC(C(=O)NS(=O)(=O)Cc3ccc(C)c(F)c3)CC2)nc1C,0,Train
24710093,Cc1nc2ccccc2n1C1CC2CCC(C1)N2CC[C@H](NC(=O)C1CCOCC1)c1ccccc1,1,Train
8803001,O=C(Nc1cc(C(F)(F)F)cc(C(F)(F)F)c1)c1cnc(F)nc1C(F)(F)F,0,Train
24600777,COc1ccc2nc(NC(c3cccs3)P(=O)(OC)OC)sc2c1,0,Train
15435892,Cn1c(N2CCO[C@@H](c3ccc(F)cc3)C2)nc(-c2ccncn2)cc1=O,1,Train
12048321,CC(=O)N[C@@H](CCN1[C@H]2CC[C@@H]1C[C@@H](n1c(C)nc3c1CN(C(C)=O)CC3)C2)c1ccccc1,0,Train
21773781,CCN1C(=O)C(c2cc(-c3cn[nH]c3)c(O)cc2O)C(=O)N(c2ccccc2)c2cc(C(F)(F)F)ccc21,0,Train
18425107,CC(C)(C)CCn1nc(C2=CCCC2)c(O)c(C2=Nc3ccc(NS(C)(=O)=O)cc3S(=O)(=O)N2)c1=O,0,Train
20442114,Cl.N=C(N)NOCCNC(=O)Cn1c(Cl)cnc(NCC(F)(F)c2ccccc2)c1=O,0,Train
27219155,CC[C@H]1C[C@@H](n2c(=O)nc(-c3cnn(C)c3)c3oc4cc(C#N)c(-c5ccn(C)n5)cc4c32)CCO1,1,Train
19799947,O=C(c1ccc(OC2CC(N3CCCCC3)C2)cc1)N1CCS(=O)(=O)CC1,0,Train
27219132,CC[C@H]1C[C@@H](n2c(=O)nc(-c3cnn(C)c3)c3oc4ccc(-n5cccn5)nc4c32)CCO1,1,Train
5157546,CCCCn1c(-c2ccccc2)cn2c3c(=O)[nH]c(=O)n(C)c3nc12,1,Train
8791902,O=C(Nc1cc(C(F)(F)F)cc(C(F)(F)F)c1)c1cnc(Cl)nc1,0,Train
22316917,Cn1c2c(c3cc(S(=O)(=O)c4c[nH]c5ccccc45)ccc31)C1CCC(C2)N1,0,Train
18317745,CC(/C=C/C(=O)NO)=C\\c1ccc(NS(=O)(=O)c2ccc(N(CCCl)CCCl)cc2)cc1,0,Train
625101,NS(=O)(=O)c1cc2c(cc1Cl)NCNS2(=O)=O,0,Train
71387,COc1c(O[C@@H]2O[C@H](C(=O)O)[C@@H](O)[C@H](O)[C@H]2O)cc2oc(-c3ccccc3)cc(=O)c2c1O,0,Train
9751155,Cc1cc(O)cc(C)c1C[C@H](N)C(=O)NCCCCc1[nH]c(=O)c(CCCCNC(=O)[C@@H](N)Cc2c(C)cc(O)cc2C)nc1C.Cl,0,Train
25795989,CCCCCC[C@H](NC(C)=O)C(=O)NC(Cc1ccc(O)cc1)C(=O)NCC(=O)NCC(=O)N[C@H](Cc1ccccc1)C(=O)N[C@@H](CC(C)C)C(N)=O,0,Train
18443636,Cc1ncccc1NC(=O)c1ccc2c(c1)CC[C@@H]1C[C@@](O)(C(F)(F)F)CC[C@@]21Cc1ccccc1,1,Train
6739313,CN/C(=C\\[N+](=O)[O-])NCCSCc1csc(CN(C)C)n1,0,Train
30169877,CC(C)(C)OC(=O)N1CCN(c2cc(O[C@H]3CC[C@H](Nc4ccc([N+](=O)[O-])c(C(F)(F)F)c4)CC3)ccn2)CC1,0,Train
23263469,Cc1cc(C(F)(F)F)c(-c2ccc(CC(NC(=O)c3c(Cl)cccc3Cl)C(=O)OCC(=O)N(C)C)cc2)c(=O)n1C,0,Train
19761439,Cn1c(N2CCCN(CCCN3c4ccccc4Sc4ccc(CC(=O)O)cc43)CC2)cc(=O)n(C)c1=O,0,Train
11625964,Oc1ccc(-c2cc3ccccc3cn2)cc1,0,Train
12773744,CCCc1nc(C)c2c(=O)[nH]c(-c3cc(S(=O)(=O)N(C)CC(=O)N4CCOCC4)ccc3OCC)nn12,1,Train
18942378,CNC(=O)CC[C@@H](CO)N(C)C(=O)c1ccc2c(c1)c1c(n2C)CC[C@@H](C2CCOCC2)C1,0,Train
21216139,CN(Cc1ccc(F)cc1)C(=O)[C@@]1(c2ccc(Cl)c(Cl)c2)C[C@H]1CN1CCN(S(=O)(=O)N(C)C)CC1,1,Train
24074038,CC(=O)OC[C@H]1OC(OCc2cn(-c3ccc(S(N)(=O)=O)cc3)nn2)[C@H](OC(C)=O)[C@@H](OC(C)=O)[C@@H]1OC(C)=O,0,Train
24560489,CS(=O)(=O)c1ccccc1-c1ccc(NC(=O)[C@H]2C[C@@H](O)CN2C(=O)Nc2ccc(Cl)cc2)c(F)c1,0,Train
65603,O=C(O[C@@H]1Cc2c(O)cc(O)cc2O[C@@H]1c1ccc(O)c(O)c1)c1cc(O)c(O)c(O)c1,0,Train
12429883,Cc1cccc(-c2[nH]c(Cc3cccc(C(N)=O)c3)nc2-c2ccc3nccnc3c2)n1.Cl,0,Train
24951295,C=CCN(Cc1cccs1)C(=O)[C@@]1(c2cccs2)C[C@H]1CN,0,Train
24290242,CN(C)[C@H]1CC[C@H](NC(=O)[C@@H](Cc2ccc(Cl)cc2)NC(=O)C2(c3ccc(Cl)cc3)CC2)CC1,0,Train
21241329,CC(C)c1noc(N2CCN(c3ncc(OCc4ccncc4C#N)cn3)[C@H](C)C2)n1,1,Train
25659040,O=C(O)C[C@H]1CC[C@H](c2ccc(C(=O)Nc3nnc(Cc4cccc(Cl)c4)s3)cc2)CC1,0,Train
23158273,CCc1cc(-c2ccc(C(F)(F)F)o2)n(-c2ccc3c(c2)nc(-c2cc(C(=O)N4CCCC4)ccc2O)n3Cc2cc(C)c(=O)n(C)c2)n1,0,Train
20442120,Cc1cnc(NCCc2ccc(F)c(F)c2)c(=O)n1CC(=O)NCCONC(=N)N.Cl,0,Train
18484654,N=C(N)SCc1cccc2c1sc1c(CSC(=N)N)c(Br)ccc12,0,Train
9630784,CCOP(=O)(OCC)C(N=C=S)c1ccc(OC)cc1,0,Train
26932499,Fc1ccc(Oc2nccc3[nH]ccc23)c(F)c1,1,Train
23618038,COCCCn1c(=O)nc(-c2ccc(N3CCN(C4CC4)CC3)cc2)c2oc3ccc(Cl)cc3c21,0,Train
18462180,CS(=O)(=O)c1ccc(Sc2ccc(F)cc2CSC(=N)N)c(CSC(=N)N)c1,0,Train
9137110,O=C1c2cc(Cl)ccc2-n2c1nc1ncccc1c2=O,1,Train
27339214,Cl.O=C1N[C@H](C(=O)O)Cc2cn(cn2)C/C=C/COc2ccc(Cl)c1c2,0,Train
21208692,CCCCCCC(NC(C)=O)C(=O)N[C@@H](Cc1ccc(O)cc1)C(=O)NCC(=O)NCC(=O)N[C@@H](Cc1ccccc1)C(=O)N[C@@H](CC(C)C)C(=O)O,0,Train
10726105,Cc1cc(Cc2ccc(C(=O)N[C@@H]3CCC[C@@H]3C(=O)NO)cc2)c2ccccc2n1,0,Train
28960237,O=[N+]([O-])c1cn2c(n1)OC[C@@H](OCc1ccc(N3CCCCC3)cc1)C2,1,Train
30596823,C[C@@H](CO)Nc1cc(-c2cnn3cc(Cl)cnc23)ncc1C(=O)NC[C@@H](F)C(C)(C)O,0,Train
12395824,O=C(O)CC(c1ccc2c(c1)OCO2)N1CCc2cc(Oc3cccc4c3nc3n4CCCN3)ccc2C1=O,0,Train
20372366,COc1cccc(COc2ccc(OC)cc2CCCNC(C)=O)c1,1,Train
23013087,Cc1ccc(-c2c(C3CCCC3)c3ccc(C(=O)NC4(C(=O)Nc5ccc(/C=C/C(=O)O)cc5)CCC4)cc3n2C)cn1,0,Train
29573245,CCN(C(=O)CO)[C@H]1CN(C(=NC#N)Nc2cccc(OC(F)F)n2)N=C1c1ccc(Cl)c(Cl)c1,0,Train
21225924,CCC(=O)N(Cc1ccc(C(F)(F)F)cc1)c1cc(F)cc(-c2nnn[nH]2)c1,0,Train
26457734,CC(C)[C@@H](C)[C@@]1(C)CC[C@]2(C)[C@H]3CC[C@@H]4[C@@]5(COC[C@]4(C)[C@@H](OC[C@](C)(N)C(C)(C)C)[C@H](n4ncnc4-c4ccncc4)C5)C3=CC[C@@]2(C)[C@@H]1C(=O)O,0,Train
31124073,COc1nn(-c2ccccn2)c2cc(-c3ccc([C@H]4C[C@@H]4C(=O)O)cc3)ccc12,1,Train
12411875,c1coc(-c2nc3[nH]cnc3cc2-c2ccncn2)c1,1,Train
23692241,CC1(c2cccc(-c3cccc(Cl)c3)c2)N=C(N)CCO1,0,Train
29657721,CC(=O)N1CCN(c2cccc(-c3cc(-c4nnc(C(C)C)o4)c4c(N)ncnn34)c2)C(=O)C1(C)C,1,Train
24183855,CC1(Cc2ccccc2)COc2cc(C(=O)N3CCCCC3)ccc21,1,Train
10383766,CCN(C(=O)c1ccc(C#N)cc1)c1ccc(C(O)(C(F)(F)F)C(F)(F)F)cc1,1,Train
30708888,CC(C)(O)CCc1cn(-c2cnc(-n3ncc4cc(C#N)cnc43)cc2NC2CCC(F)(F)C2)nn1,0,Train
8177094,O=C(/C=C/c1ccc(O)c(O)c1/C=C/c1ccc(O)c(O)c1)O[C@H](Cc1ccc(O)c(O)c1)C(=O)O,0,Train
22830630,C[C@H]1CN([C@@H](C)CO)C(=O)c2cccc(NC(=O)c3ccncc3)c2O[C@@H]1CN(C)Cc1ccc(Oc2ccccc2)cc1,1,Train
20007936,CC(C)CC1CN(C(=O)c2ccccc2)CCN1C(=O)C(=O)c1c[nH]c2cccc(F)c12,1,Train
21097257,COC(=O)c1ccc(-c2ccc(O[C@H]3O[C@H](CO)[C@@H](O)[C@H](O)[C@@H]3O)c(Cl)c2)cc1,0,Train
30597063,CC(C)(O)[C@H](F)CNC(=O)c1cnc(-c2cnn3cc(Cl)cnc23)cc1Nc1c[nH]nc1C1CCC1,0,Train
21598070,Cn1c(C(=O)O)cc2cc(NC(=O)[C@]3(NC(=O)c4ccc5c(C6CCCCC6)c(-c6ccccn6)n(C)c5c4)CCCNC3)ccc21,0,Train
32378572,COC(=O)N1CCN([C@H]2CC[C@H](Nc3ncnn4ccc([C@H](C)CC(=O)N(C)C)c34)CC2)CC1,1,Train
18386197,CC(C)(C)CCN1C(=O)C(C2=NS(=O)(=O)c3cc(NS(C)(=O)=O)ccc3N2)=C(O)C2(C)CCCN12,0,Train
7692574,CN1[C@H]2CC[C@@H]1C[C@H](OC(c1ccccc1)c1cccc(Cl)c1)C2,1,Train
18877899,CCOc1cccc(C(=O)NC2(C(=O)N[C@H](Cc3ccccc3)C(=O)NCC3CCN(CC4CCOCC4)CC3)CCCC2)c1.O=C(O)C(F)(F)F,0,Train
11342151,COc1cc2c(cc1OC)CN(CCCC1=CCCc3c(OC)cccc31)CC2.Cl,1,Train
9453363,Cc1cc(COc2ccc(N3CC[C@H]([C@H](NC(=O)OC(C)(C)C)C(=O)NO)C3=O)cc2)c2ccccc2n1,1,Train
92131,NCC(=O)N[C@H](Cc1c[nH]c2ccccc12)C(=O)O,0,Train
20611430,O=C(NC1(C(=O)N[C@@H](CCCN2CCN(CC3CCOCC3)CC2)Cc2ccccc2)CCCC1)c1cc2ccccc2s1,1,Train
30578435,Cc1noc(C)c1-c1ccc(CNS(=O)(=O)c2ccccc2)cc1,1,Train
774590,COC(=O)/C=C/C(=O)OC,0,Train
11158728,CCOC(=O)N1CCC(CN(C2Cc3cc(C#N)ccc3N(Cc3cncn3C)C2)S(=O)(=O)c2ccccn2)CC1,0,Train
23170351,Cc1nc(C)c(-c2ccc(C3CCC(CCO)CC3)cc2)nc1C(N)=O,1,Train
33104978,CN(C)CCN(CC1CCCN(C2Cc3ccccc3C2)C1)C(=O)c1ccc2cccc(O)c2n1,1,Train
12856421,COc1cccc2[nH]nc(NCC(C)(C)c3ccccc3)c12,0,Train
12948654,CC(=O)N/N=C(\\C)c1nc([C@@H](O)[C@H](O)[C@H](O)CO)c[nH]1,0,Train
2897893,N[C@@H](Cc1ccccc1)C(=O)N[C@@H](Cc1ccc(O)cc1)C(=O)O,0,Train
27367630,C=CCNC(=O)[C@@H](NC(=O)[C@@](O)(CCCN(Cc1ccc(-c2ccccn2)cc1)NC(=O)[C@@H](NC(=O)OC)C(C)(C)C)Cc1ccc(CC=C)cc1)C(C)C,1,Train
27060627,CC(C)(O)CNC(=O)N1C(=O)N(c2cccc(C(F)(F)F)c2)C2=C(C(=O)CC2)[C@H]1c1ccc(C#N)cc1,1,Train
12766596,CCN(CC)CCN1CCN(C(=O)COCCN(C)S(=O)(=O)c2c(C)cc(OC)cc2C)CC1,0,Train
10718452,COc1ccc2cncc(Cc3nc4c([nH]3)c(=O)n(C)c(=O)n4CC(C)C)c2c1,1,Train
1973976,Cc1c(O)c2c(c(C)c1CCO)C(=O)C(C)(C)C2,1,Train
21245364,CCCCC(=O)Nc1ccc(C(=O)Nc2nccs2)cc1,1,Train
31221101,Cc1c(-c2ccc(N3CC[C@H](F)C3)cc2)[nH]c2cc(F)cc(F)c2c1=O,1,Train
23012858,Cn1c(C(=O)O)cc2cc(NC(=O)C3(NC(=O)c4ccc5c(C6CCCC6)c(-c6cnccn6)n(C)c5c4)CCC3)ccc21,0,Train
22172737,O=C(NCC(=O)N1CC[C@H](N[C@H]2CC[C@@](O)(c3ccc(-c4ncccn4)cn3)CC2)C1)c1cccc(C(F)(F)F)c1,0,Train
27219171,CC[C@H]1C[C@@H](n2c(=O)nc(-c3cnn(C)c3)c3oc4c(C)nc(-c5cnn(C)c5)cc4c32)CCO1,1,Train
25578944,COc1ccc2ccc(S(=O)(=O)NC(Cc3cc4c(N)nccc4s3)C(=O)N3CCC(C)CC3)cc2c1.Cl,1,Train
22373389,COCCC#Cc1cccc(C2(c3ccc(OC(F)F)cc3)N=C(N)N3CC(F)(F)CN=C32)c1,0,Train
59256,COC[C@]12CN(C)C3[C@@H]4[C@H](OC)[C@H]1[C@@]3([C@@H](OC)C[C@H]2O)[C@@H]1C[C@]2(O)[C@@H](OC)[C@H](O)[C@@]4(O)[C@H]1[C@H]2O,0,Train
25584329,NNC(=O)N1C(=O)c2cc(S(=O)(=O)[O-])cc3c(N)c(S(=O)(=O)[O-])cc(c23)C1=O.[Li+],0,Train
32614218,Cc1cccnc1[C@H]1CCC[C@@H](c2nc3cccc(N4CCN(C)CC4)n3c2Cl)N1C,0,Train
21180803,NCC(=O)N1CCn2c(nc(-c3cccc(F)c3)c2Nc2ccc(F)cc2)C1,0,Train
27728510,C[C@H](NCc1ccc(-c2ccc(C(=O)O)cn2)cc1)c1cccc2ccncc12,0,Train
24806581,Cc1cc(-c2nc3cc([125I])ccc3s2)ccc1N,1,Train
22069104,C[C@@H]1CCCN1CCCOc1ccc(-c2nc3c(s2)CN(C(=O)N2CCOCC2)CC3)cc1,0,Train
30708999,CCN1CCOC[C@@H]1c1cc(-c2cnc(-n3ncc4cc(C#N)cnc43)cc2NC(C)C)no1,1,Train
21318873,CC#C[C@@H](CC(=O)O)c1ccc(OCc2ccc(CN3CCC4(C=Cc5ccccc54)CC3)cc2)cc1,1,Train
27938224,O=C(Cn1cnc([N+](=O)[O-])n1)Nc1ccc(N2CCCCC2)cc1,1,Train
292084,O=c1cc(-c2ccc(O)c(O)c2)oc2cc(O)cc(O)c12,0,Train
22751740,Br.N=C(N)SCc1cc(F)ccc1Sc1cc(F)c(F)cc1CSC(=N)N,0,Train
33162754,C=CC(=O)N1CCC[C@@H](n2nc(-c3ccc(Oc4ccncc4C(N)=O)cc3)c3cncc(Cl)c32)C1,0,Train
7324887,COc1cc2c(cc1OC)CN(CCc1ccc(NC(=O)c3cccc4c(=O)c5cccc(OC)c5[nH]c34)cc1)CC2,1,Train
19115699,CCCN(C)c1nn(CCC(C)C)c(=O)c(C2=NS(=O)(=O)c3cc(NS(C)(=O)=O)ccc3N2)c1O,0,Train
28803421,[2H]C(c1ccc(-c2ccc(N(C)C)cc2)cc1F)N(C(=O)C1CCCCC1)c1cccc(/C=C/C(=O)OC)c1,0,Train
23726781,CC(C)c1nc2c(C(=O)NCC3CCN(CCN4CCN(S(C)(=O)=O)CC4)CC3)cccc2[nH]1,0,Train
1096643,CO/N=C(\\C(=O)N[C@@H]1C(=O)N2C(C(=O)O)=C(COC(C)=O)CS[C@H]12)c1csc(N)n1,0,Train
12821726,CCOC(=O)c1cc(C#N)c(N2CCC(C(=O)NS(=O)(=O)Cc3ccc(F)cc3)CC2)nc1C,0,Train
19761431,Cn1c(N2CCCN(CCCN3c4ccccc4Sc4ccc(OCC(=O)O)cc43)CC2)cc(=O)n(C)c1=O,0,Train
12620899,CC(C)Cc1nc2sc3c(NCCN4CCOCC4)ncnc3c2c2c1CCC(C)(C)C2,0,Train
24327269,COc1ccc([C@@H]2OC[C@@H]3[C@@H](c4ccc(O[C@@H]5O[C@H](CO)[C@@H](O)[C@H](O)[C@H]5O)cc4OC)OC[C@H]23)cc1OC,0,Train
224356,O=c1cc(-c2ccc(O)cc2)oc2cc(O)ccc12,0,Train
23194877,CS(=O)Cc1ccc(C(=O)Nc2ccc(OCCOCCO)nc2C(=O)NCC2CCC2)c2ccccc12,1,Train
12911692,Cc1ccc(N2c3cccc(C(=O)Nc4cc(F)c(OCC(C)(C)O)c(F)c4)c3OC[C@@H]2CO)nc1,1,Train
20083475,O=C(c1ccc(-c2cccn3nc(Nc4ccc(N5CCOCC5)nc4)nc23)cc1)N1CCCCC1,1,Train
26932498,Fc1ccc(Oc2ncnc3[nH]ccc23)cc1,1,Train
18308692,O=C(O)[C@@H]1[C@H]2CN(c3ccc(C(=O)N4CCC(c5cccnc5)C4)c(SC4CCCC4)n3)C[C@H]21,0,Train
23071003,CCCC(=O)c1cnn(-c2ccc(NC(=O)c3cn(CC(=O)N4CCN(C)C(C)C4)c4ccc(C)cc34)cc2)c1C.Cl,0,Train
22289769,Cc1cc(NC(=O)c2ccc3ccccc3c2)ccc1-c1ccc(OCC(C)(C)C(=O)O)nn1,1,Train
23013086,COc1cccc(-c2c(C3CCCC3)c3ccc(C(=O)NC4(C(=O)Nc5ccc(/C=C/C(=O)O)cc5)CCC4)cc3n2C)n1,0,Train
23689777,N#Cc1ccc(NC(=O)Nc2ccc(Cc3ccc(NC(=O)Nc4ccc(C#N)cc4)cc3)cc2)cc1,0,Train
28084001,c1ccc2sc(SCCCn3ccnc3)nc2c1,1,Train
26662088,O=C(O)c1sc(N2CCOCC2)nc1CC(=O)N1CCc2c(Br)cccc21,0,Train
26879307,O=C(COC1CCC(Nc2ccc([N+](=O)[O-])c(C(F)(F)F)c2)CC1)N1CCN(C(=O)C2Cc3cc(F)ccc3O2)CC1,1,Train
25154924,CN[C@@H](C)C(=O)N[C@H](C(=O)N1CCC[C@H]1C(=O)N[C@H]1c2ccccc2C[C@H]1OCC#CC#CCO[C@@H]1Cc2ccccc2[C@@H]1NC(=O)[C@@H]1CCCN1C(=O)[C@@H](NC(=O)[C@H](C)NC)C1CCCCC1)C1CCCCC1,0,Train
27131961,CC(C)[C@H](N)C(=O)OC[C@H]1O[C@@H](n2ccc(N)nc2=O)C(F)(F)[C@@H]1O.O=C(O)C(F)(F)F,0,Train
20430758,CC(C)N(C)[C@@H]1CC[C@H](NC(=O)CNC(=O)c2cccc(C(F)(F)F)c2)[C@H](CS(=O)(=O)c2ccccc2)C1,0,Train
27197133,CCNC(=O)N1C(=O)N(c2cccc(C(F)(F)F)c2)C2=C(C(=O)CCC2)C1c1ccc(C#N)cc1S(C)(=O)=O,1,Train
21177484,CC1=NC(c2cccc(-c3cccnc3)c2)(C2CCCCC2)N=C1N,1,Train
23334373,C=CC(=O)Nc1cc(Nc2nccc(-c3cn(C)c4ccccc34)n2)c(OC)cc1N(C)CCN(C)C,0,Train
20247111,NC1=NC(c2cccc(-c3cncnc3)c2)(c2ccnc(C(F)F)c2)c2cccc(F)c21,1,Train
577221,Cc1cc(NC(=O)C2=C(O)c3ccccc3S(=O)(=O)N2C)no1,0,Train
11231231,CC(C)C[C@H](NCCN)c1cccc(F)c1N1CCN(C(=O)[C@@H](Cc2ccc(Cl)cc2Cl)N2CCCC2=O)CC1,0,Train
11344439,COc1ccc2c(c1)CCC=C2CCCN1CCc2cc(OC)c(OC)cc2C1,1,Train
24190089,COc1cnc(C(=O)Nc2cc(F)c(F)c([C@]3(C)CS(=O)(=O)N(C)C(=N)N3)c2)cn1,1,Train
23718328,O=c1ncn(Cc2ccc(Br)cc2F)c2ccc(Oc3ncccc3C(F)(F)F)cc12,0,Train
2207451,NCC1CCC(C(=O)O)CC1,0,Train
4535,O=c1[nH]cnc2cnccc12,1,Train
18660785,CC(=O)N1CCN(c2nc(NC(C)c3ccc(OC(F)(F)F)cc3)c3c(n2)C(=O)N(C(C)C)C3)CC1,0,Train
23692191,COc1ccc(C2(c3cccc(-c4cccnc4)c3)N=C(N)CS2)cc1,1,Train
23692240,COc1cccc(-c2cccc(C3(C)N=C(N)CCO3)c2)c1,1,Train
28665326,CC(=O)C1=C(O)C(CSCc2ccccc2)N(CCn2c([N+](=O)[O-])cnc2C)C1=O,1,Train
26306990,O=C(Cc1nc(N2CCOCC2)cc(=O)[nH]1)N1CCc2c(Br)cccc21,0,Train
19916017,NC(=O)c1ccc(COc2ccc(-c3cccc4nc(NC(=O)C5CC5)nn34)cc2)cn1,1,Train
29196142,CCN1C(=O)c2cccc3c(S(=O)(=O)NC4CCCCC4)ccc1c23,1,Train
29002283,CS(=O)(=O)N1CCN(C(=O)C(Cc2cccc(C(=N)N)c2)NS(=O)(=O)c2ccc3ccccc3c2)CC1,0,Train
31864981,COc1ccc(CN(CC(=O)N2CCC3(CC2)CNC3)c2ccc(C#N)cc2)cc1F,0,Train
18884251,CC(C)(C)CCn1nc(C2=CCCC2)c(O)c(C2=NS(=O)(=O)c3cc(NS(C)(=O)=O)ccc3N2)c1=O,0,Train
20083426,N#CC1CN(Cc2ccc(-c3cccn4nc(Nc5ccc(C(=O)NC6CC6)cc5)nc34)cc2)C1,0,Train
23489110,COc1ccc(-c2cnc(N3CCN(C(=O)NC4C5CC6CC4CC(O)(C6)C5)c4ccccc43)nc2)cc1,1,Train
12621143,CC1(C)CCc2c(N3CCOCC3)nc3sc4c(NCCN5CCOCC5)ncnc4c3c2C1,0,Train
1555102,COc1cc2c(cc1O)CC[n+]1cc3c(OC)c(OC)ccc3cc1-2,0,Train
23618040,COCCCn1c(=O)nc(-c2ccc(N3CCN(C(C)C)CC3)nc2)c2oc3ccc(Cl)cc3c21,0,Train
31636861,COc1cc2c(cc1OC)CN(CCc1ccc(OC(=O)c3cc(OC)c(OC)c(OC)c3)cc1)CC2,0,Train
11739417,CCCCN1C(=O)[C@H](CC2CCCCC2)NC(=O)C12CCN(Cc1ccc(Oc3ccc(O)cc3)cc1)CC2,0,Train
25266000,Cn1c(-c2cscn2)c(C2CCCC2)c2ccc(C(=O)NC(C)(C)C(=O)Nc3ccc(/C=C/C(=O)O)cc3)cc21,0,Train
25266070,Cn1c(-c2cocn2)c(C2CCCC2)c2ccc(C(=O)NC3(C(=O)Nc4ccc(/C=C/C(=O)O)cc4)CCCC3)cc21,0,Train
23978095,O=C(Cc1nc(N2CCOCC2)cc(=O)[nH]1)N1CCc2c(-c3cccnc3)cccc21,0,Train
24571056,COc1cc(S(=O)(=O)Nc2ccc(C(F)(F)F)cc2)cc2c1NC(=O)C(C)(C)NC2=O,1,Train
5296942,CN/C(=C/[N+](=O)[O-])NCCSCc1ccc(CN(C)C)o1,0,Train
21338107,Cc1nc2ncnn2c2c1CCN2[C@H](c1ccccc1)C(F)(F)F,1,Train
23145338,Cc1cc(O)cc(C)c1C[C@H](N)C(=O)N[C@H](CCCNC(=N)N)C(=O)N[C@H]1Cc2ccccc2CN([C@@H](CCCCN)C(N)=O)C1=O,0,Train
18312457,COc1ccc2c(O[C@@H]3C[C@H]4C(=O)N[C@]5(C(=O)NS(=O)(=O)C6CC6)C[C@H]5/C=C\\CCCCN(C)C(=O)[C@@H]4C3)cc(-c3csc(NC(C)C)n3)nc2c1,0,Train
31330612,Cc1cc(COc2cc(C(=O)N3CCC[C@@H](N)C3)nn2-c2ccc(C#N)cc2)on1,0,Train
31187853,Cl.c1cc(CC2CCCNC2)c2ccoc2c1,1,Train
23705909,O=C(O)[C@H]1CCN(C(=O)c2ccc(F)cc2OC[C@@H](O)CN2CCC3(CC2)Cc2cc(Cl)ccc2O3)C1,0,Train
28803446,COC(=O)/C=C/c1cccc(N(Cc2cccc3cc4cnn(C)c4c(F)c23)C(=O)C2CCN(C)CC2)c1,0,Train
3566211,N[C@@H](CCC(=O)N[C@@H](CSN=O)C(=O)NCC(=O)O)C(=O)O,0,Train
21379634,CC1=C(C#N)C(c2cc3cn[nH]c3cc2F)C(C#N)=C(C(F)F)N1,1,Train
4140099,CC(C)NC[C@@H](O)COc1cccc2ccccc12,1,Train
32876377,COc1cc2c(cc1-n1cnc3ccc(-c4ccnc5[nH]ccc45)cc31)CNC2,0,Train
31936364,C[C@H]1COCCN1c1nc(-c2cnc(N)cc2F)cc(C2(S(C)(=O)=O)CC2)n1,1,Train
22289760,CC(C)(COc1ccc(-c2ccc(NC(=O)c3ccc4ccccc4c3)cc2)cn1)C(=O)O,0,Train
30597062,CC(C)(O)[C@H](F)CNC(=O)c1cnc(-c2cnn3cc(C#N)cnc23)cc1Nc1c[nH]nc1CC1CC1,0,Train
26534865,CCOC(=O)C(C(=O)OCC)N1C(C)=C(C(=O)OC)C(c2ccccc2)C(C(=O)OC)=C1C,0,Train
23777665,O=C(Nc1ccc(C=Cc2ccc(NC(=O)[C@@H]3CCCN3C(=O)c3nccc4ccccc34)cc2)cc1)[C@@H]1CCCN1C(=O)c1nccc2ccccc12,0,Train
32614163,Cc1cccnc1[C@@H]1CCC[C@H](c2nc3cccc(N4CC5CCC(C4)N5C)n3c2Cl)N1C,0,Train
27220259,N#Cc1ccc(-c2cnc3cnc(-c4ccc(C(=O)N5CCOCC5)cc4)cn23)cc1,1,Train
26662068,NC(=O)c1sc(N2CCOCC2)nc1CC(=O)N1CCc2c(Br)cccc21,1,Train
32601149,CN1CCN(c2c(CN3CCCC3c3ccccn3)nc3cccc(F)n23)CC1,1,Train
15607201,Cc1cnc(NCC(F)(F)c2ccccc2)c(=O)n1CC(=O)NCCONC(=N)N.Cl,0,Train
9964017,C[C@H](Cc1c[nH]c2c(OS(C)(=O)=O)cccc12)NC[C@H](O)c1cccc(NCc2ccccc2)c1,0,Train
24014963,CN1CCN(c2ccc(-n3c(O)nnc3-c3cc4c(C5CCCC5)n[nH]c4cc3O)cc2)CC1,0,Train
12947453,CC(C)N(c1ccc(Oc2ccccc2C(F)(F)F)cc1C(=O)O)C(=O)[C@H]1CC[C@H](C)CC1,1,Train
20466619,CC(C)(C)c1cc(NC(=O)[C@@H]2CCCN2c2ccc(Cl)cc2)no1,1,Train
11288892,CC(C)CC(NC(=O)N[C@H](C(=O)N1C[C@H]2[C@@H]([C@H]1C(=O)NC(CC1CC1)C(=O)C(=O)NCC(=O)N[C@H](C(=O)N(C)C)c1ccccc1)C2(C)C)C(C)(C)C)C(=O)OCc1ccccc1,0,Train
31277690,C[C@H](N[S@@]1(=O)=NC(=O)c2ccccc21)c1ccccc1,1,Train
12275813,CC(=O)N[C@@H](CCN1[C@H]2CC[C@@H]1C[C@@H](n1c(C)nc3c1CCN(C(C)=O)C3)C2)c1cccc(F)c1,0,Train
25965424,C[C@@H](NC(=O)C(=O)C(CC1CC1)NC(=O)[C@@H]1[C@@H]2[C@H](CN1C(=O)[C@@H](NC(=O)NC(C(=O)O)C(C)(C)C)C(C)(C)C)C2(C)C)c1ccccc1,0,Train
26411974,O=c1cc(-c2cc(F)c(O)c(F)c2)oc2ccccc12,0,Train
14537693,CC(C)n1c(=O)c(C(=O)N[C@@H]2C[C@@H]3CC[C@H](C2)N3C[C@@H](O)CN2CCN(S(C)(=O)=O)CC2)cc2ccccc21,1,Train
24916248,CC(C)(C)C#Cc1cc(N(CC(=O)N2CCOCC2)C(=O)[C@H]2CC[C@H](C)CC2)c(C(=O)O)s1,0,Train
18877920,CSc1ccc(C(=O)NC2(C(=O)N[C@H](Cc3ccccc3)C(=O)NCC3CCN(CC4CCOCC4)CC3)CCCC2)cc1,0,Train
25174479,COCCOc1ccccc1N1CCN(C(=O)[C@]2(Oc3ccc(C(F)(F)F)cc3)CCCN(C(=O)c3cnccc3C(F)(F)F)C2)CC1,1,Train
2216071,CC(C(=O)O)c1cccc(C(=O)c2ccccc2)c1,1,Train
27219128,CC[C@H]1C[C@@H](n2c(=O)nc(-c3cnn(C)c3)c3oc4ccc(-c5cccnc5)nc4c32)CCO1,1,Train
11234364,CS(=O)(=O)O.Cc1ccc(N2CCN(C(=O)[C@H](C)Cc3ccc(Cl)cc3)CC2)c([C@@H](NC(=O)CCN)C(C)C)c1,0,Train
5704709,CC[N+](C)(C)Cc1ccccc1Br.Cc1ccc(S(=O)(=O)[O-])cc1,0,Train
23538085,CCN1C(=O)CNc2ncc(-c3ccc(-c4nc[nH]n4)nc3C)nc21,1,Train
24484914,O=C(c1ccc(O[C@H]2C[C@H](N3CCCCC3)C2)cc1)N1CC(O)C1,0,Train
26035406,CCN(C(C)C)[C@H]1CC[C@@H](N2CC[C@H](NC(=O)c3cccc(C(F)(F)F)c3)C2=O)[C@@H](CS(=O)(=O)c2ccccc2)C1,0,Train
30728094,Nc1ncc(-c2cnc(C3CCNCC3)s2)cc1OCc1ccncc1,0,Train
23277879,COc1cc2c(cc1OC)CN(Cc1csc(-c3ccc4ccccc4c3)n1)CC2,0,Train
30708865,CC(C)Nc1cc(-n2ncc3cc(C#N)cnc32)ncc1-n1cc(C2CCNCC2)nn1.Cl,0,Train
29887251,C[C@H](NC(=O)c1ccc(C(F)(F)F)cc1Cl)C1(N2CCN(S(=O)(=O)c3cn(C)nn3)CC2)CCC(F)(F)CC1.Cl,1,Train
31636869,COc1cc2c(cc1OC)CN(CCc1ccc(OC(=O)C#Cc3cc(OC)c(OC)c(OC)c3)cc1)CC2,0,Train
13100478,CCCc1nc(C)c2c(=O)[nH]c(-c3cc(S(=O)(=O)N(C)CCOC)ccc3OCC)nn12,1,Train
24571020,CCC1(C)NC(=O)c2cc(S(=O)(=O)Nc3ccc(F)cc3F)cc(OC)c2NC1=O,1,Train
27145727,Cc1cnc(-c2cc(N3CCc4nc(N5CCC(O)CC5)ncc4C3)ncc2Cl)c(C)c1,1,Train
22289753,CC(Sc1nnc(-c2ccc(NC(=O)c3ccc(Cl)c(Cl)c3)cc2)n1C)C(=O)O,0,Train
25266014,Cn1c(-c2ccc(C(F)(F)F)cn2)c(C2CCCC2)c2ccc(C(=O)NC(C)(C)C(=O)Nc3ccc(/C=C/C(=O)O)cc3)cc21,0,Train
20161947,CS(=O)(=O)Nc1ccc2c(c1)S(=O)(=O)N=C(C1=C(O)[C@@H]3[C@H]4CC[C@H](C4)[C@@H]3N(Cc3ccc(F)cc3)C1=O)N2,0,Train
27344917,CC1Cc2c(Br)cccc2N1C(=O)Cc1nc(N2CCOCC2)sc1C(=O)O,0,Train
29704892,COc1ccc(OC)c(CCn2cnc3sc4c(c3c2=O)CCN(C(=O)C(C)(C)O)C4)c1,1,Train
11233611,Cn1cncc1CN1CC(N(CCn2cccc2)S(=O)(=O)c2ccccn2)Cc2cc(C#N)ccc21,0,Train
23751940,CNc1ccc(-c2nc(=O)n(CCC3CCCCO3)c3c2oc2ncc(-c4cnn(C)c4)cc23)cn1,0,Train
8753256,CO[C@H]1C[C@@H]2CC[C@@H](C)[C@@](O)(O2)C(=O)C(=O)N2CCCC[C@H]2C(=O)O[C@H]([C@H](C)C[C@@H]2CC[C@@H](OCCO)[C@H](OC)C2)CC(=O)[C@H](C)/C=C(\\C)[C@@H](O)[C@@H](OC)C(=O)[C@H](C)C[C@H](C)/C=C/C=C/C=C/1C,0,Train
12824890,COc1ccc2c(O[C@@H]3C[C@H]4C(=O)N[C@]5(C(=O)NS(=O)(=O)C6CC6)C[C@H]5/C=C\\CCCCN(C)C(=O)[C@@H]4C3)cc(-c3nc(C(C)C)cs3)nc2c1Cl,0,Train
24383726,COc1ccc(Cn2ccc(C)c(NC(=O)C(Cc3ccc(CC(=O)O)cc3)NC(C)=O)c2=O)cc1,0,Train
32180000,CC(=O)NCc1ccc(S(=O)(=O)Nc2ccc(Oc3ccc(Cl)c(C(F)(F)F)c3)c(C#N)c2)cc1,0,Train
30708645,CC(=O)N1CC(n2cc(-c3cnc(-n4ccc5cc(C#N)cnc54)cc3NC(C)C)nn2)C1.O=C(O)C(F)(F)F,1,Train
12676276,COc1cc(C)c(S(=O)(=O)N(C)CCOCC(=O)N2CCC(CN3CCN(C)CC3)CC2)c(C)c1.O=C(O)/C=C/C(=O)O,0,Train
24155121,CC(C)CC[C@H](O)[C@](C)(O)[C@H]1CC[C@@]2(O)C3=CC(=O)[C@]4(O)C[C@@H](O)[C@@H](O)C[C@]4(C)[C@H]3[C@H](O)C[C@]12C,1,Train
75455,C[C@@H]1O[C@@H](OC[C@H]2O[C@@H](Oc3c(-c4ccc(O)c(O)c4)oc4cc(O)cc(O)c4c3=O)[C@H](O)[C@@H](O)[C@@H]2O)[C@H](O)[C@H](O)[C@H]1O,0,Train
24527231,O=C(O)CC(NC(=O)Cn1ccc2cc(Br)ccc21)C(=O)CF,0,Train
29322609,Nc1cc(Nc2cc(Cl)c3n(c2=O)C2(CCCCC2)NC3=O)ncn1,0,Train
12528357,Cc1cc(OCCN2CCOCC2)nn1-c1ccc2ccccc2c1,1,Train
25083801,COc1ccc(N2N=C(C(F)(F)F)C3CCN(c4ccc(C5(CN6CCCC6)CC5)cc4)C(=O)C32)cc1.O=C(O)C(F)(F)F,0,Train
22514242,COC(=O)N[C@H](C(=O)NN(CC[C@@]1(Cc2ccccc2)C(=O)N([C@H]2c3ccccc3C[C@H]2O)C[C@@H]1O)Cc1ccc(Br)cc1)C(C)(C)C,1,Train
26467410,C[C@@H]1COCCN1c1nc2n(c(=O)c1F)CCC(C)(C)N2CC(=O)c1ccccn1,0,Train
30597084,CC(C)(F)Cn1ccc(Nc2cc(-c3cnc4cc(C#N)cnn34)ncc2C(=O)NC[C@@H](F)C(C)(C)O)n1,0,Train
20083489,O=C(NC1CC1)c1ccc(Nc2nc3c(-c4ccc(CN5CC[C@H](F)C5)c(F)c4)cccn3n2)cc1,0,Train
27104711,CN1C(=O)N(c2cccc(C(F)(F)F)c2)C2=C(C(=O)CC2)C1c1ccc(C#N)cn1,1,Train
23600160,CCC1(C)NC(=O)c2cc(S(=O)(=O)Nc3ccc(Cl)cc3)ccc2N(C)C1=O,1,Train
24390250,CC(=O)N1CC(C(=O)N[C@@H](CCN2C3CCC2CC(n2c(C)nc4ccccc42)C3)c2ccccc2)C1,0,Train
26883074,COc1cc(-c2ccc(CC(=O)NCc3ccco3)cc2)cc(OC)c1OC,1,Train
13098636,CC(=O)N1CCc2sc(-c3ccc(OCCCN4CCC[C@H]4C)cc3)nc2C1,0,Train
21208690,CCCCCCC(N)C(=O)N[C@@H](Cc1ccc(O)cc1)C(=O)NCC(=O)NCC(=O)N[C@@H](Cc1ccccc1)C(=O)N[C@@H](CC(C)C)C(=O)O,0,Train
19171301,Cc1nc(-n2ccc(OCc3cscn3)cc2=O)sc1C(=O)NCc1ccccc1,1,Train
33162823,C=CC(=O)N1CC[C@@H](n2nc(-c3ccc(Oc4ccncc4)cc3)c3cncc(Cl)c32)C1,0,Train
30468802,CN1C(=N)N[C@](C)(c2cc(NC(=O)c3ccc(Cl)cc3)ccc2F)CS1(=O)=O.O=C(O)C(F)(F)F,0,Train
13005132,CC(C)(O)Cn1cc(-c2cnc3nnn(Cc4ccc5ncccc5c4)c3n2)cn1,1,Train
30709045,CCCn1cc(-c2cnc(-n3cnc4cc(C#N)cnc43)cc2NC(C)C)nn1,1,Train
19882870,CC(C)[C@@H](C(=O)N[C@H](C)Cc1ccc(O)c(C(C)(C)C)c1)N(C)C(=O)[C@@H](N)Cc1ccccc1,1,Train
22645369,O=c1cc(N2CCOCC2)nc(Cc2nc3cc(Br)ccc3[nH]2)[nH]1,0,Train
18538194,COc1ccc2c(n1)C1(CO2)C(=O)N(Cc2ccc(C(F)(F)F)o2)c2ccccc21,0,Train
26667837,CC(=NNC(=N)N)c1sc(-c2ccc(-c3ccccc3)cc2)nc1C,0,Train
32831151,C[C@]12O[C@H](C[C@H](O)C1O)n1c3ccccc3c3c4c(c5c6ccccc6n2c5c31)C(=O)NC4=O,1,Train
32186355,COc1ccnc(CNC(=O)c2cn(Cc3ccc(Cn4ccccc4=O)cc3)nc2C(F)(F)F)c1F,1,Train
23718327,CC1CCC(C(=O)N(c2ccc(Oc3ccccc3C(F)(F)F)cc2C(O)O)C(C)C)CC1,1,Train
26422856,Cc1cc(CNCCC(=O)O)ccc1NC(=O)c1cc(N(CC2CC2)C2CCCCC2)ncn1,0,Train
32741312,COC(=O)N1CCC(Cc2cccc([C@@H](CC#N)Nc3nc4nc(C)ccc4[nH]3)c2)CC1,0,Train
20051257,CC(=O)Nc1ccc(Nc2nc3cccc(-c4cccc(F)c4)n3n2)cc1,1,Train
11838502,CCn1c(=O)c(-c2cc(OC)cc(OC)c2)cc2cnc(Nc3ccncc3)nc21,1,Train
24567585,NC(=O)[C@H](Cc1ccccc1)NC(=O)[C@H](Cc1c[nH]c2ccccc12)NC(=O)[C@@H]1CCCN1C(=O)[C@H](Cc1ccc(O)cc1)NC(=O)CCC(=O)N[C@H]1O[C@@H](CO)[C@H](O[C@H]2O[C@@H](CO)[C@@H](O)[C@@H](O)[C@@H]2O)[C@@H](O)[C@@H]1O,1,Train
32562404,O=P(Oc1ccccc1)(Oc1ccccc1)C(O)c1nc2ccccc2s1,0,Train
24178133,CO[C@@]1(NC(=O)Cc2cccs2)C(=O)N2C(C(=O)O)=C(COC(N)=O)CS[C@H]21,0,Train
22219254,O=C(c1ccccc1C(F)(F)F)N1CC2=C(C1)CN(c1ccc(OCc3ccccc3)nn1)C2,1,Train
14444783,Cc1nc(Nc2ncc(C(=O)Nc3c(C)cccc3Cl)s2)cc(N2CCN(CCO)CC2)n1.O,1,Train
4233831,COCCc1ccc(OC[C@H](O)CNC(C)C)cc1,0,Train
30468777,CN1C(=N)N[C@](C)(c2cc(NC(=O)c3ccccn3)ccc2F)CC1=O,0,Train
32210062,Cc1c[nH]c2ncnc(N[C@H]3CC[C@H](N(C)C)CC3)c12,0,Train
21598040,Cn1c(-c2ccccn2)c(C2CCCCC2)c2ccc(C(=O)N[C@@]3(C(=O)Nc4ccc(-c5cncnc5)cc4)CCNC3)cc21,0,Train
11586224,COc1ccc(-n2nc(S(C)(=O)=O)c3c2C(=O)N(c2ccc(C(C)(C)CN4CCCC4)cc2)CC3)cc1,0,Train
12933554,CC(C)=CCn1c(N2CCCNCC2)c(C#N)c2ncn(Cc3nccc4ccccc34)c(=O)c21,0,Train
3659695,COc1cc([C@@H]2c3cc4c(cc3[C@@H](O[C@@H]3O[C@@H]5CO[C@@H](C)O[C@H]5[C@H](O)[C@H]3O)[C@H]3COC(=O)[C@H]23)OCO4)cc(OC)c1O,0,Train
32601192,Cc1cccnc1C1CCCN1Cc1nccn1CC1CCN(CC(F)(F)F)CC1,1,Train
7516898,COC[C@@H](NC(C)=O)C(=O)NCc1ccccc1,1,Train
12933452,CC(C)=CCn1c(N2CCC[C@H](N)C2)c(C#N)c2ncn(C)c(=O)c21,0,Train
20051398,O=C(O)c1ccc(Nc2nc3cccc(-c4ccc(OCc5ccccc5)cc4)n3n2)cc1,0,Train
22142970,Cc1cn2nc([C@@H]3CCCCN3C(=O)c3cc(Cl)ccc3NS(C)(=O)=O)cc2nc1N1CCCC1,1,Train
22990050,c1ccc([C@@H]([C@H](c2ccccc2)N2CCCCC2)N2CCCCC2)cc1,1,Train
26884545,CNc1oc(-c2cccc3ccccc23)nc1C#N,0,Train
12359042,COc1ccc2c(O[C@@H]3C[C@H]4C(=O)N[C@]5(C(=O)NS(=O)(=O)C6CC6)C[C@H]5/C=C\\CCCCN(C)C(=O)[C@@H]4C3)cc(-c3nc(C(C)C)cs3)nc2c1,1,Train
5162897,C[C@]12CC[C@H]3[C@@H](CC=C4C[C@@H](OC(=O)CCCCCCC(=O)O)CC[C@@]43C)[C@@H]1CCC2=O,1,Train
26693348,CCOc1cc(O[C@@H]2C[C@H]3C(=O)N[C@]4(C(=O)NS(=O)(=O)C5CC5)C[C@H]4C=CCCCCC[C@@H](NC(=O)OC(C)C)C(=O)N3C2)c2ccc(OC)c(C)c2n1,0,Train
10214421,Cc1nccn1-c1ccc(NC(=O)c2cc(C(F)(F)F)nn2-c2ccc3onc(N)c3c2)cc1,0,Train
22142971,Cc1cn2nc([C@@H]3CCCCN3C(=O)c3cc(Cl)ccc3NS(C)(=O)=O)cc2nc1N1CC(F)C1,1,Train
11621164,CC(OC(=O)NCC1(CC(=O)O)CCCCC1)OC(=O)C(C)(C)C,1,Train
20051276,NC(=O)c1ccc(Nc2nc3cccc(-c4ccc(O)cc4)n3n2)cc1,0,Train
5405868,CC(=O)OCC1=C(C(=O)O)N2C(=O)[C@@H](NC(=O)[C@H](N)c3ccccc3)[C@H]2SC1,0,Train
26373978,C=C[C@@H]1C[C@]1(NC(=O)[C@@H]1C[C@@](OC)(c2ccc(-c3nccs3)cc2)CN1C(=O)[C@@H](NC(=O)OC1CCCC1)C(C)(C)C)C(=O)NS(=O)(=O)C1CC1,0,Train
21420716,Cn1c(N2CCCN(CCCN3c4ccccc4CCc4ccc(C(C)(C)C(=O)O)cc43)CC2)cc(=O)n(C)c1=O,0,Train
26442793,O=C1Cn2c(-c3ccoc3)c(C3CCCCC3)c3ccc(cc32)C(=O)NS(=O)(=O)C/C=C/CCN1,0,Train
30242108,COCCOCCOCCOP(=O)(OCCOCCOCCOC)OC[C@H]1O[C@@H](n2cc(F)c(=O)[nH]c2=O)C[C@@H]1O,0,Train
20051430,O=C(NC1CC1)c1ccc(Nc2nc3cccc(-c4ccc(CN5CCOCC5)cc4)n3n2)cc1,1,Train
23751931,CNc1ccc(-c2nc(=O)n(CCC3CCCO3)c3c2oc2ncc(-c4cnn(C)c4)cc23)cn1,0,Train
27177992,CS(=O)(=O)N[C@H](C(=O)N[C@@H](Cc1ccccc1)C(=O)NCC(=O)NCC#N)c1cccc(Cl)c1,0,Train
9813358,CC(C)N1CCC(NC(=O)c2cc3ccccc3n2CC(=O)Nc2ccc(Cl)cn2)CC1,0,Train
26879435,O=C(COC1CCC(Nc2ccc([N+](=O)[O-])c(C(F)(F)F)c2)CC1)N1CCN(Cc2nc3cc(Cl)ccc3o2)CC1,1,Train
18424983,CC(C)CCn1nc(CC(C)(C)C)c(O)c(C2=Nc3ccc(NS(C)(=O)=O)cc3S(=O)(=O)N2)c1=O,0,Train
100834,CC[C@H]1CN2CCc3cc(OC)c(OC)cc3[C@@H]2C[C@@H]1C[C@H]1NCCc2cc(OC)c(OC)cc21,0,Train
11233681,Cn1cnc(S(=O)(=O)N(Cc2ccccn2)C2Cc3cc(C#N)ccc3N(Cc3cncn3C)C2)c1,0,Train
32601179,c1ccc(OCc2c(CN3CCCC3c3ccccn3)nc3ccccn23)nc1,1,Train
19761425,Cn1c(N2CCCN(CCCN3c4ccccc4Sc4ccc(C(=O)O)cc43)CC2)cc(=O)n(C)c1=O,0,Train
22196571,CNC(=O)c1ccc(Oc2ccc(C#C[C@]3(O)CN4CCC3CC4)cc2)cc1,1,Train
20500903,CS(=O)(=O)C1(c2cc(N3CCOCC3)nc(-c3cccc4[nH]ccc34)n2)CCNCC1,0,Train
27219166,CC[C@H]1C[C@@H](n2c(=O)nc(-c3cnn(CC)c3)c3oc4ncc(-c5cnn(CC)c5)cc4c32)CCO1,1,Train
19050934,O=C(CNC(=O)c1ccc(C2=NOC(c3cc(Cl)cc(C(F)(F)F)c3)(C(F)(F)F)C2)c2ccccc12)NCC(F)(F)F,0,Train
29039051,COc1cc(-c2ncc(COc3cccc([C@@H](CC(=O)O)C4CC4)c3)nc2CC(C)C)c(F)cn1,1,Train
26883066,O=C(Cc1ccc(-c2ccccc2)cc1)NCc1ccccn1,1,Train
28803322,[2H]C(c1ccc(-c2ccc3c(cnn3C)c2)cc1Cl)N(C(=O)[C@@H]1C[C@@H]2CC[C@H]1C2)c1cc(F)cc(/C=C/C(=O)OC)c1,0,Train
23009917,O=[N+]([O-])c1ccc(C2=NOC(c3ccc(N4CCOCC4)cc3)C2)o1,1,Train
7415010,CN(C)CCc1c[nH]c2ccc(C[C@H]3COC(=O)N3)cc12,0,Train
10313667,CN(C)Cc1ccccc1-c1ccc(NC(=O)c2cc(C(F)(F)F)nn2-c2ccc3onc(N)c3c2)c(F)c1,0,Train
5813634,COc1ccc2cccc(CCNC(C)=O)c2c1,1,Train
21478730,Cc1noc(C)c1CCC1CCN(S(=O)(=O)CC2(N(O)C=O)CCOCC2)CC1,0,Train
18484653,N=C(N)SCc1c(Br)ccc2c1sc1c(CSC(=N)N)c(Br)ccc12,0,Train
27752162,C[C@@H]1Cc2ccccc2CN1C(=O)c1cc2c(cc1-c1cc(C(=O)N(c3ccncc3)c3ccc(OP(=O)([O-])[O-])cc3)c3ccccn13)OCO2.[Na+],0,Train
23557662,CC(C)C[C@H](CO)Nc1nc(S(=O)(=O)Cc2ccccc2)nc2[nH]c(=O)sc12,0,Train
31532382,Cn1nc(-c2cccc3ccccc23)cc1C(=O)N1CCC(CO)CC1,1,Train
20247133,NC1=NC(c2cccc(-c3cncnc3)c2)(c2ccnc(C(F)(F)F)c2)c2cccc(F)c21,1,Train
24230921,COc1ccc(-n2nc(S(C)(=O)=O)c3c2C(=O)N(c2ccc(C4(Cn5ccnc5C)CC4)cc2)CC3)cc1.O=C(O)C(F)(F)F,0,Train
12268184,CNCC(=O)N[C@H](c1cccc(F)c1N1CCN(C(=O)[C@H](C)Cc2ccc(Cl)cc2)CC1)C(C)C,0,Train
23705919,O=C(O)c1cc(Cl)ccc1OCCCN1CCC2(CC1)Cc1cc(Cl)ccc1O2,1,Train
23692245,CC1(c2cccc(-c3cncnc3)c2)N=C(N)CCS1,1,Train
24397237,Cc1onc(-c2c(Cl)cccc2Cl)c1COc1ccc(NC(=O)c2cccc(C(=O)O)c2)cc1,0,Train
32612644,Cc1cccnc1[C@@H]1CCC[C@H](c2nc3cccc(C4CCN(C)CC4)c3n2C)N1C,0,Train
23453544,COc1cc(Br)c(CNc2ccc(Cl)c(OCCN(C)C)c2)cc1OC,0,Train
32612576,Cc1cccnc1[C@@H]1CCC[C@H](c2nccn2CCc2ccccn2)N1,1,Train
7705073,N[C@@]1(C(=O)O)CC[C@H]2[C@H](C(=O)O)[C@H]21,0,Train
30708916,CC(C)Nc1cc(-n2ncc3cc(C#N)cnc32)ncc1-c1cn([C@H]2CCN(C)C2=O)nn1,0,Train
23726763,CC(C)c1nc2c(C(=O)NCC3CCN(CC(O)CN4CCN(S(C)(=O)=O)CC4)CC3)cccc2[nH]1,0,Train
10616136,COC(=O)C1CCN(C(=O)C(Cc2cccc(C(=N)N)c2)NS(=O)(=O)c2ccc3ccccc3c2)CC1,0,Train
23798984,CC[C@@]1(O)C(=O)OCc2c1cc1n(c2=O)Cc2cc3c(CN4C(=O)C5=C(CCCC5)C4=O)c(OC)ccc3nc2-1,0,Train
23745625,COc1cc2oc3c(-c4cnn(C)c4)nc(=O)n(CC[C@@H]4CCCO4)c3c2cc1-c1cnn(C)c1,0,Train
11415277,CC(=O)N1CC2CC(C1)CN(C(=O)CN1CCC[C@H](NS(=O)(=O)c3ccc4cc(Cl)ccc4c3)C1=O)C2,0,Train
18856215,C=C[C@@H]1C[C@]1(NC(=O)[C@@H]1C[C@@H](n2cc(-c3ccccc3)nn2)CN1C(=O)[C@@H](NC(=O)OC1CCCC1)C(C)(C)C)C(=O)NS(=O)(=O)C1CC1,0,Train
21866283,Cc1cc(C[C@@H](NC(=O)N2CCC(c3cc4ccccc4[nH]c3=O)CC2)C(=O)N2CCN(C3CCN(C)CC3)CC2)cc2cn[nH]c12,0,Train
10601790,NCC1CCC(CNc2nc(NCc3ccccc3Cl)ncc2[N+](=O)[O-])CC1,0,Train
27175935,COc1cc(CNC(=O)[C@@H](CC2CCCCC2)NC(=N)NC(=O)Cc2ccc(OC)c(OC)c2)ccc1F,0,Train
3632473,N[C@@H](C(=O)N[C@@H]1C(=O)N2C(C(=O)O)=C(Cl)CS[C@H]12)c1ccccc1,0,Train
20083273,CNC(=O)c1ccc(Nc2nc3c(-c4ccc(C(C)(C)C#N)cc4)cccn3n2)cn1,1,Train
24074051,CC(=O)OC[C@H]1OC(OCc2cn(-c3ccccc3)nn2)[C@H](OC(C)=O)[C@@H](OC(C)=O)[C@@H]1OC(C)=O,1,Train
10735052,Fc1cccc(Cn2ncc3cc(Nc4ncnn5ccc(COC[C@@H]6CNCCO6)c45)ccc32)c1,0,Train
19761426,Cn1c(N2CCCN(CCCN3c4ccccc4Sc4ccc(C=CC(=O)O)cc43)CC2)cc(=O)n(C)c1=O,0,Train
15399143,COc1ccc(CCNc2ncc(C)n(CC(=O)NCCONC(=N)N)c2=O)cc1,0,Train
32601205,Cc1cccnc1C1CCCN1Cc1nc2ccccn2c1CN1CCOCC1,1,Train
30708921,CC(C)(O)CCc1cn(-c2cnc(-n3ncc4cc(C#N)cnc43)cc2N[C@H]2CC[C@@H](F)CC2)nn1,0,Train
32601132,Cc1cccnc1C1CCCN1Cc1nc2cccc(N3CCN4CCCC4C3)c2[nH]1,1,Train
33162783,C=CC(=O)N1CCC[C@@H](n2nc(-c3ccc(C(=O)Nc4cc(C(F)(F)CC)ccn4)cc3)c3c(N)ncc(Cl)c32)C1,0,Train
20145256,O=C(Cc1cccc2ccccc12)Nc1cn(C2CC(NC(=O)c3ccccn3)C2)cn1,1,Train
26699711,C=Cc1cc(C(NC(=O)OC(C)(C)C)C(=O)Nc2ccccc2C(=O)NS(=O)(=O)c2ccc(C(F)(F)F)cc2)ccc1Oc1cc(OC)nc(-c2ccccc2)n1,0,Train
8172628,N[C@H]1[C@@H]2CN(c3nc4c(cc3F)c(=O)c(C(=O)O)cn4-c3ccc(F)cc3F)C[C@H]12,1,Train
28664740,N#Cc1cccc(F)c1-c1cc(Nc2ccc(C(=O)N3CCOCC3)cc2)c2c(n1)CNC2=O,0,Train
32721373,CC#CC(CC(=O)O)c1ccc(OCc2ccc(C(=O)N3CCC4(C=Cc5ccccc54)CC3)s2)cc1,1,Train
26903718,CCS(=N)(=O)Cc1ccnc(Nc2cc(-c3ccc(F)cc3OC)c(F)cn2)c1,1,Train
29357939,COCCN(Cc1cc(C(=O)N(C)C)cc2c(=O)cc(N3CCO[C@H](C)C3)oc12)c1cc(F)cc(F)c1,1,Train
24874869,Cc1cc(COc2ccc(S(=O)(=O)CC3CN(C(C)C)CCC3C(=O)NO)cc2)c2ccccc2n1,0,Train
8160931,CC(C)[C@H](N)C(=O)OCCOCn1cnc2c(=O)[nH]c(N)nc21,0,Train
11158729,COC(=O)N1CCC(CN(C2Cc3cc(C#N)ccc3N(Cc3cncn3C)C2)S(=O)(=O)c2ccccn2)CC1,0,Train
27219146,CC[C@H]1C[C@@H](n2c(=O)nc(-c3cnn(C)c3)c3oc4cc(F)c(-c5ccn(C)n5)cc4c32)CCO1,1,Train
18370459,COc1c(OCCCN2CCOCC2)ccc2c1N=C(NC(=O)c1cnc(N)nc1)N1CCN=C21,0,Train
11233629,Cn1cncc1CN1CC(N(Cc2cccc(-n3cccc3)c2)S(=O)(=O)c2ccccn2)Cc2cc(C#N)ccc21,0,Train
24899561,CC(C)C[C@H](CO)Nc1nc(S[C@@H](C)c2cc(Cl)ccn2)nc2nc(N)sc12,0,Train
24100515,CC(=O)OC[C@@H]1[C@@H](OC(C)=O)[C@H](OC(C)=O)[C@@H](OC(C)=O)CN1CCCCCCN(C(=O)C(C)(C)C)C1CCCCC1,0,Train
21356718,Cc1c(Cc2ccc(=O)n(Cc3ccc(F)cc3F)n2)c2cc(F)ccc2n1CC(=O)O,0,Train
26691443,O=c1ncn(Cc2c(F)cc(F)cc2F)c2ccc(Oc3cccc(-c4nc5ncccc5o4)c3C(F)(F)F)cc12,0,Train
10177599,CCC(=O)C(CC(C)N(C)C)(c1ccccc1)c1ccccc1,1,Train
21177327,COc1ccc(C2(c3cccc(-c4cccnc4)c3)N=C(C)C(N)=N2)cc1,1,Train
11244786,COc1ccc(-n2nc(C(N)=O)c3c2C(=O)N(c2ccc(N4CCCCC4=O)cc2)CC3)cc1,0,Train
28571171,CC[C@H](C)[C@@H]([C@@H](CC(=O)N1CCC[C@H]1[C@H](OC)[C@@H](C)C(=O)N[C@@]1(C(=O)N2CCCCO2)C[C@@H]1c1ccccc1)OC)N(C)C(=O)[C@@H](NC(=O)[C@H](C(C)C)N(C)CCCC(=O)NNC(=O)CCCCCN1C(=O)CC(SC[C@H](N)C(=O)O)C1=O)C(C)C,0,Train
2795126,O=C1c2c(O)ccc(O)c2C(=O)c2c(NCCNCCO)ccc(NCCNCCO)c21,1,Train
23618042,COCCCn1c(=O)nc(-c2ccc(N3CCN(C)CC3)nc2)c2oc3ccc(-c4cnn(C)c4)cc3c21,0,Train
8667691,Cc1nc2c([nH]1)-c1ccccc1N(C(=O)c1ccc(NC(=O)c3ccccc3-c3ccccc3)cc1)CC2.Cl,1,Train
21895705,CN1CCC(c2c[nH]c3cc(Nc4ccc(F)c(F)c4)ccc23)CC1,1,Train
32612584,Cc1cccnc1[C@@H]1CCC[C@H](c2nc3ccccc3[nH]2)N1CCc1ccccn1,1,Train
11251204,O=C(Cc1ccccc1)N[C@H]1CO[C@H](/C=C/c2ccccc2)OC1,0,Train
11586250,COc1ccc(-n2nc(C(N)=O)c3c2C(=O)N(c2ccc(C(C)(C)CN4CCOCC4)cc2)CC3)cc1,0,Train
20867484,CC(C)OC(=O)[C@H](C)N[P@](=O)(OC[C@H]1O[C@@H](n2ccc(=O)[nH]c2=O)[C@](C)(F)[C@@H]1O)Oc1ccccc1,0,Train
26749154,CC(O)c1ccc(N(C)S(=O)(=O)c2cccc(C(=O)Nc3ccc(C#N)cc3)c2)cc1,1,Train
32329122,OC[C@H]1O[C@H](Sc2ccc(Cl)c(Cl)c2)[C@H](O)[C@@H](n2cc(-c3ccsc3)nn2)[C@H]1O,1,Train
32471191,C[C@@H]1Cc2c([nH]c3ccccc23)[C@@H](c2c(F)cc(OCCNCCCF)cc2F)N1CC1(F)CC1,0,Train
26901647,OC[C@@H](Nc1ncnc2[nH]c(-c3ccccc3)cc12)c1ccccc1,1,Train
33215870,COc1cc(C(=O)NC(=N)Nc2ccc(C)c(NC(=O)c3ccc(-c4ccc(F)cc4)cc3)c2)cc(OC)c1OC.Cl,0,Train
27390817,COc1ccc(CCC2CCN(CCc3ccccc3Cl)CC2)cc1,1,Train
30708727,CC(C)Nc1cc(-n2ncc3cc(C#N)cnc32)ncc1-c1cn([C@@H]2CCCC[C@H]2O)nn1,0,Train
11646830,COc1ccc(-n2nc(S(C)(=O)=O)c3c2C(=O)N(c2ccc(C4(CN(C)C)CC4)cc2)CC3)cc1,0,Train
23012928,CNc1nc(-c2c(C3CCCC3)c3ccc(C(=O)NC(C)(C)C(=O)Nc4ccc(C=CC(=O)O)cc4)cc3n2C)cs1,0,Train
30597032,CC(C)Nc1cc(-c2cnc3cc(C#N)cnn23)ncc1C(=O)NCCC1(O)CCCC1,1,Train
22751703,Br.Cc1ccc(Sc2ccccc2CSC(=N)N)c(CSC(=N)N)c1,0,Train
24646407,COc1ccccc1N1CCN(c2ncnc3c2cnn3-c2ccccc2)CC1,0,Train
18462181,N=C(N)SCc1cc(F)ccc1Sc1ccc([N+](=O)[O-])cc1CSC(=N)N,0,Train
29717936,COCc1ccc(-c2cc3c(N[C@@H](C)c4nn(C)cc4C)c(C(N)=O)cnc3cc2F)cn1,1,Train
12140386,O=C(COc1ccc(C23CC4CC(CC(C4)C2)C3)cc1)Nc1cc(C(=O)NCCCn2ccnc2)ccn1,0,Train
24283683,CC(C)n1c(=O)c(C(=O)N[C@H]2C[C@@H]3CC[C@H](C2)N3C[C@@H](O)CN(C)C(=O)OC(C)(C)C)cc2ccccc21,1,Train
20083452,O=C(c1ccc(-c2cccn3nc(Nc4ccc(C(=O)N5CCOCC5)cc4)nc23)cc1)N1CCC1,0,Train
12646430,CCOC(=O)c1cnc(N2CCN(C(=O)NS(=O)(=O)c3ccc(F)cc3)CC2)c(Cl)c1,0,Train
9889625,NC(=O)N(O)CCC#Cc1ccc(OCCCCN2CCC(=C3c4ccc(Cl)cc4CCc4cccnc43)CC2)cc1,0,Train
30596878,CC(C)(F)CNc1cc(-c2cnn3cc(C#N)cnc23)ncc1C(=O)NC[C@@H](F)C(C)(C)O,0,Train
24366137,C[N+](C)(CCCCNC(=O)Cc1ccc(OCc2ccccc2)cc1)CCNC(=O)c1nc(Cl)c(N)nc1N.[Br-],0,Train
23745709,CNc1ccc(-c2nc(=O)n(CCC3CCCO3)c3c2oc2ncc(-c4cnn(C)n4)cc23)cn1,1,Train
31055170,Nc1ncc2n1CC(Cc1cccc3occc13)CC2,1,Train
10728536,COc1cc2c(Cc3nc4c([nH]3)c(=O)n(C)c(=O)n4CC(C)C)cnc(C)c2cc1OC,0,Train
28665358,CC(=O)C1=C(O)C(C(C)C)N(CCn2c([N+](=O)[O-])cnc2C)C1=O,1,Train
21805404,COC(=O)Nc1ccc2c(c1)OCCCCCC[C@H](NC(=O)/C=C/c1cc(Cl)ccc1-n1cnnn1)c1nc-2c[nH]1.O=C(O)C(F)(F)F,0,Train
8046340,CCOC(=O)C(C)(C)c1ccc(C(O)CCCN2CCC(C(O)(c3ccccc3)c3ccccc3)CC2)cc1,0,Train
25081766,C[C@@](CCC(=O)O)(NC(=O)c1ccc(NCc2cnc3nc(N)nc(O)c3n2)cc1)C(=O)O,0,Train
24187702,CCC(C)[C@H]1O[C@]2(CC[C@@H]1C)CC1C[C@@H](C/C=C(\\C)[C@@H](O[C@H]3C[C@H](OC)[C@@H](OC4C[C@H](OC)[C@@H](O)[C@H](C)O4)[C@H](C)O3)[C@@H](C)/C=C/C=C3\\CO[C@@H]4[C@H](O)C(C)=C[C@@H](C(=O)O1)[C@]34O)O2.CO[C@H]1CC(O[C@H]2[C@H](C)O[C@@H](O[C@@H]3/C(C)=C/C[C@@H]4CC(C[C@]5(CC[C@H](C)[C@@H](C(C)C)O5)O4)OC(=O)[C@@H]4C=C(C)[C@@H](O)[C@H]5OC/C(=C\\C=C\\[C@@H]3C)[C@@]45O)C[C@@H]2OC)O[C@@H](C)[C@@H]1O,0,Train
30709060,CCCn1cc(-c2cnc(-n3ncc4cc(C#N)cnc43)cc2N[C@@H](C)CO)nn1,0,Train
25991284,C[C@@H]1O[C@@H](/C=C/c2ccccc2)OC[C@H]1NC(=O)Cc1ccccc1,0,Train
27938221,O=C(Cn1cnc([N+](=O)[O-])n1)Nc1nc(-c2ccc(F)c(F)c2)cs1,1,Train
30708754,CC(C)Nc1cc(-n2ncc3cc(C#N)cnc32)ncc1-c1cn(CCC(C)(C)O)cn1,0,Train
30698645,Cn1nc(-c2cnc(N)c(-c3cn[nH]c3)n2)nc1C1(c2ccccc2)CC1,0,Train
10043835,COc1cccc(-c2c(C)n(Cc3c(F)cccc3F)c(=O)n(C[C@H](N)c3ccccc3)c2=O)c1F,1,Train
19760852,CC[C@H](C)CN1C(=O)c2ccccc2C(C(=O)O)C1c1cc2ccccc2o1,1,Train
4089486,CN1CCC(=C2c3ccccc3CC(=O)c3sccc32)CC1.O=C(O)/C=C/C(=O)O,1,Train
23012992,Cc1ccc(-c2c(C3CCCC3)c3ccc(C(=O)NC(C)(C)C(=O)Nc4ccc(C=CC(=O)O)cc4)cc3n2C)cn1,0,Train
4358988,Cl.c1ccc([C@H]2CN3CCSC3=N2)cc1,0,Train
13021999,c1cnc2ccc(Cn3nnc4nccnc43)cc2c1,1,Train
20442126,COc1ccc(CCNc2ncc(C)n(CC(=O)NCCONC(=N)N)c2=O)cc1OC.O=C(O)C(F)(F)F,0,Train
20247102,Cc1cc(C2(c3cccc(-c4cncnc4)c3)N=C(N)c3c(F)cccc32)cc(C)n1,1,Train
30708987,CC(C)Nc1cc(-n2ncc3cc(C#N)cnc32)ncc1-c1cc([C@H]2C[C@@H](O)CCN2)no1,0,Train
20965340,C/C(=C\\c1cc(F)c(OCCCF)cc1F)C(=O)N[C@@H]1[C@H](O)[C@@H](O)[C@H]2OCO[C@H]2[C@@H]1O,0,Train
24569966,CCN(C(=O)/C=C/[C@H]1[C@H](O)C[C@H](O)[C@@H]1C/C=C\\CCCC(=O)OC(C)C)[C@H]1C[C@H](C)S(=O)(=O)C2SC(S(N)(=O)=O)=CC21,0,Train
28371594,C=C(C)[C@@H]1CCC(C)=C[C@H]1c1c(O)cc(CC2CN(C(=O)OCC)C2)cc1O,1,Train
28803340,COC(=O)/C=C/c1cc(F)cc(N(Cc2ccc(-c3ccc(N(C)C)cc3)cc2Cl)C(=O)c2ccccc2)c1,0,Train
32179991,CC(=O)Nc1ccc(S(=O)(=O)Nc2ccc(Oc3ccc(Cl)c(C(F)(F)F)c3)c(C#N)c2)cc1,0,Train
20129742,CC(C)n1c(=O)c(C(=O)N[C@@H]2C[C@@H]3CC[C@H](C2)N3CCCN2CCC[C@@H]2C(N)=O)cc2ccccc21,0,Train
23170352,NC(=O)c1cncc(-c2ccc(C3CCC(CCO)CC3)cc2)n1,1,Train
12995717,COc1cccc(Cn2cnc(-c3ccc(Cl)cc3Cl)c2CN)c1,1,Train
30597000,Cc1cnn2c(-c3cc(NC4CC4)c(C(=O)NC[C@@H](F)C(C)(C)O)cn3)cnc2c1,0,Train
22514243,COC(=O)N[C@H](C(=O)NN(CCC[C@@]1(Cc2ccccc2)C(=O)N([C@H]2c3ccccc3C[C@H]2O)C[C@H]1O)Cc1ccc(Br)cc1)C(C)(C)C,1,Train
20071833,Clc1ccc(Nc2c(-c3ncccn3)oc3cnccc23)c2cn[nH]c12,0,Train
20083253,CC(=O)Nc1ccc(Nc2nc3c(-c4cc(F)cc(F)c4)cccn3n2)cc1,1,Train
23277880,COc1cc2c(cc1OC)CN(Cc1coc(-c3ccc4cc(Br)ccc4c3)n1)CC2,0,Train
24567231,O=c1c(O)c(-c2ccc(O)c(O)c2)oc2cc(O)cc(O)c12.[NaH],0,Train
24467389,COC(=O)N[C@H](C(=O)NN(Cc1cccc(-c2cccnc2)c1)C[C@@](O)(Cc1ccccc1)C(=O)N[C@H]1c2ccccc2C[C@H]1O)C(C)(C)C.O=CO,1,Train
12268561,CC(C)[C@H](NC(=O)CCN(C)C)c1cccc(F)c1N1CCN(C(=O)[C@H](C)Cc2ccc(Cl)cc2)CC1,1,Train
20083478,N#CC1(c2ccc(-c3cccn4nc(Nc5ccc(C(=O)NC6CC6)cc5)nc34)cc2)CCOCC1,1,Train
30708632,CC(C)Nc1cc(-n2cnc3cc(C#N)cnc32)ncc1-c1cn(C2CN(C)C2)nn1,1,Train
12773739,CCCc1nc(C)c2c(=O)[nH]c(-c3cc(S(=O)(=O)N(C)CC(=O)N(CC)CC)ccc3OCC)nn12,1,Train
20611461,Cc1ccc2oc(C(=O)NC3(C(=O)N[C@@H](CCCN4CCN(CC5CCOCC5)CC4)Cc4ccccc4)CCCC3)cc2c1.O=C(O)C(F)(F)F,1,Train
33289283,CN(C(=O)[C@@H]1[C@@H](Cc2ccnc(N)c2)C(=O)N1C(=O)N[C@@H](C1CCCCC1)C(F)(F)F)c1cccnc1,1,Train
12676302,COc1cc(C)c(S(=O)(=O)N(C)CCOCC(=O)N2CCN([C@H]3CN4CCC3CC4)CC2)c(C)c1.O=C(O)/C=C/C(=O)O,0,Train
20083451,O=C(c1ccc(Nc2nc3c(-c4ccc(C(=O)N5CC(O)C5)cc4)cccn3n2)cc1)N1CC(O)C1,0,Train
4779289,CC[C@]1(O)C[C@H]2CN(CCc3c([nH]c4ccccc34)[C@@](C(=O)OC)(c3cc4c(cc3OC)N(C=O)[C@H]3[C@@](O)(C(=O)OC)[C@H](OC(C)=O)[C@]5(CC)C=CCN6CC[C@]43[C@@H]65)C2)C1,0,Train
24358373,CS(=O)(=O)c1ccccc1-c1ccc(NC(=O)c2cc(C(F)(F)F)nn2-c2cccc(CN)c2)c(F)c1.O=C(O)C(F)(F)F,0,Train
10303099,Cc1ccn(CCCCN2CCN(c3cc(C(F)(F)F)nc(C(C)(C)C)n3)CC2)c(=O)n1,0,Train
32571728,CCNC(=O)c1cc2c(N3CCCC3C(C)(C)OC)ccnc2[nH]1,1,Train
27850027,CCOc1cc(NC(=O)C2(NC(=O)c3ccc4c(C5CCCC5)c(-c5ncc(Cl)cn5)n(C)c4c3)CCC2)ccc1C=CC(=O)O,1,Train
11586103,COc1ccc(-n2nc(S(C)(=O)=O)c3c2C(=O)N(c2ccc(C(C)(C)CO)cc2)CC3)cc1,0,Train
8294638,CCCc1nn(C)c2c(=O)nc(-c3cc(S(=O)(=O)N4CCN(C)CC4)ccc3OCC)[nH]c12,1,Train
8385199,C/C=C/C[C@@H](C)C(=O)[C@H]1C(=O)N[C@@H](C(C)C)C(=O)N(C)CC(=O)N(C)[C@@H](CC(C)C)C(=O)N[C@@H](C(C)C)C(=O)N(C)[C@@H](CC(C)C)C(=O)N[C@@H](C)C(=O)N[C@H](C)C(=O)N(C)[C@@H](CC(C)C)C(=O)N(C)[C@@H](CC(C)C)C(=O)N(C)[C@@H](C(C)C)C(=O)N1C,0,Train
20728690,O=c1cc([C@@H]2CCN[C@H](Cc3ccccc3)C2)o[nH]1,0,Train
10737591,O=C1CC(c2ccc(C[C@H](Nc3nc4cc(F)ccc4s3)c3nc4ccccc4[nH]3)cc2)S(=O)(=O)N1,0,Train
12504129,CCN(C(=O)Cc1ccc(S(C)(=O)=O)cc1)C1CCN(CC[C@@H](c2cc(F)cc(F)c2)C2CCN(S(C)(=O)=O)CC2)CC1,0,Train
24283678,COC(CN(C)C(=O)c1ccncc1)CN1[C@H]2CC[C@@H]1C[C@@H](NC(=O)C1C(=O)c3ccccc3N(C(C)C)C1=O)C2,1,Train
18556831,CCCCn1c2ncccc2c(=O)n1Cc1ccc(-c2ccccc2-c2nn[nH]n2)cc1,0,Train
13074532,COc1cccc(-c2cccc(C3(c4ccncc4)N=C(N)N4CC(F)(F)CN=C43)c2)c1F,0,Train
20083508,O=C(c1ccc(Nc2nc3c(-c4ccc(CN5CCC(F)(F)CC5)cc4)cccn3n2)cc1)N1CC(O)C1,0,Train
4234250,CC(C)NC[C@@H](O)COc1ccc(CC(N)=O)cc1,0,Train
8162744,CC(C)NCC(COc1ccc(CCOCC2CC2)cc1)OC(=O)C1CC1,1,Train
12093478,CC(=O)Nc1ccc(F)cc1OC[C@@H](O)CN1CCC2(CC1)Cc1cc(F)ccc1O2,1,Train
30708938,CC(C)Nc1cc(-n2ncc3cc(C#N)c(N)nc32)ncc1-c1cn(C2CCCCC2)nn1,0,Train
30708675,CC(C)Nc1cc(-n2ncc3cc(C#N)cnc32)ncc1-c1cn([C@H]2CCN(C(=O)C(C)(C)C)C[C@H]2O)nn1,0,Train
20129750,CC(C)n1c(=O)c(C(=O)N[C@@H]2C[C@@H]3CC[C@H](C2)N3CCCN2CCN(c3ccccc3)CC2)cc2ccccc21,1,Train
11625979,Cc1cc(-c2cc(=O)c3cccnc3o2)ccc1O,0,Train
27141219,CS(=O)(=O)c1cc(C#N)ccc1[C@H]1NC(=O)N(c2cccc(C(F)(F)F)c2)C2=C1C(=O)CCC2,1,Train
25266090,CNc1nc(-c2c(C3CCCC3)c3ccc(C(=O)NC4(C(=O)Nc5ccc(/C=C/C(=O)O)cc5)CCCC4)cc3n2C)cs1,0,Train
23139259,CNc1cc(Nc2cnc(C#N)c(O[C@H](C)CN(C)C)n2)ncc1-c1cnn(C)c1,0,Train
26693369,COc1ccc2c(O[C@@H]3C[C@H]4C(=O)N[C@]5(C(=O)NS(=O)(=O)C6(C)CC6)C[C@H]5C=CCCCCC[C@@H](OC(=O)c5cnn(C)n5)C(=O)N4C3)cc(OC(C)C)nc2c1C,1,Train
26174226,CN1CC[C@@](NC(=O)c2ccc3c(C4CCCCC4)c(-c4ccccn4)n(C)c3c2)(C(=O)Nc2ccc(/C=C/C(=O)O)cc2)C1,0,Train
27681980,O=C(Cc1ccncc1)NCc1ccccc1-c1ccccc1/C=C/c1ccc(O)cc1,1,Train
10267743,C[C@@]1(F)[C@H](O)[C@@H](CO)O[C@H]1n1ccc(N)nc1=O,0,Train
26146818,CC(C)C[C@@H]1C(=O)NCC(=O)N[C@H](CCCNC(=N)N)C(=O)NCC(=O)N[C@H](CC(=O)O)C(=O)N(C)[C@@H](Cc2ccccc2)C(=O)N1C,0,Train
24290249,CN(C)[C@H]1CC[C@H](NC(=O)[C@@H](Cc2ccc(Cl)cc2)NC(=O)Cc2ccc(F)cc2)CC1,0,Train
12145351,CC(=O)Nc1ccc(O)cc1OC[C@@H](N)CN1CCC2(CC1)Cc1cc(F)ccc1O2,0,Train
12223131,CNC(=O)CN1CCC(Oc2cc3c(Nc4cccc(Cl)c4F)ncnc3cc2OC)CC1,1,Train
27107198,Cc1onc(C(=O)N2CCC(Nc3cc(=O)n(C)c4cc(F)c(F)cc34)CC2)c1C,1,Train
21859071,CC(=O)N(C)Cc1ccc(-c2ccc(N3CCOc4ncnc(N)c4C3=O)cc2)c(Cl)c1,1,Train
4783400,NC[C@H](CC(=O)O)c1ccc(Cl)cc1,0,Train
23033289,CCn1cc([C@]2(c3cccc(NC(=O)c4ccc(Cl)cn4)c3)N=C(N)c3c(F)cccc32)cc(C)c1=O,0,Train
32614177,Clc1cccnc1[C@@H]1CCC[C@H](c2cn3c(N4CCNC5(CC5)C4)cccc3n2)N1,1,Train
32614099,Cc1cccnc1[C@H]1CCC[C@@H](c2nc3ccccn3c2-c2ccncc2)N1,1,Train
18462160,N=C(N)SCc1ccccc1Sc1cc(F)c(F)cc1CSC(=N)N,0,Train
26879496,N#Cc1ccc(NC2CCC(OCC(=O)N3CCN(Cc4nc5cc(Cl)ccc5s4)CC3)CC2)cc1C(F)(F)F,0,Train
18462157,COc1ccc(Sc2ccc(F)cc2CSC(=N)N)c(CSC(=N)N)c1,0,Train
28803445,COC(=O)/C=C/c1cccc(N(Cc2cccc3cc4cnn(C)c4c(F)c23)C(=O)C2C[C@@H]3CC[C@H]2C3)c1,0,Train
8238956,CCOc1cc(CC(=O)N[C@@H](CC(C)C)c2ccccc2N2CCCCC2)ccc1C(=O)O,1,Train
25263994,COc1ccc2c(OC3CCN4C(=O)N(C)CCCC/C=C\\C5C[C@@]5(C(=O)NS(=O)(=O)C5(C)CC5)NC(=O)[C@@H]4C3)cc(-c3nc(C(F)(F)F)cs3)nc2c1C,0,Train
33027867,CS(=O)(=O)N1CCN(C(=O)c2cnc3ccc(F)cc3c2-c2ccc(C3(C#N)CC3)cc2)CC1,0,Train
32035225,FCCOc1ccccc1CCC1CCN(CCc2ccccc2Cl)CC1,1,Train
28803478,COC(=O)/C=C/c1cccc(N(Cc2ccc(-c3ccc4c(cnn4C)c3)cc2)C(=O)c2ccccc2)c1,0,Train
18596653,CC(C)[C@H](N)C(=O)NCCCCCC(=O)O[C@@H]1Cc2ccccc2[C@@H]1NC(=O)[C@H](Cc1ccccc1)C[C@H](O)CN1CCN(Cc2cccnc2)C[C@H]1C(=O)NC(C)(C)C.O=C(O)C(F)(F)F,0,Train
9672242,N[C@@H](Cc1ccccc1)[C@@H](O)/C=C/C(=O)O.O=C(O)C(F)(F)F,0,Train
31375540,Cl.O=C(CN1CCCCC1)Nc1ccc2oc(-c3ccco3)nc2c1,1,Train
20548671,C[C@H](c1c(CCN(C)C)sc2ccccc12)n1cccn1,1,Train
26879459,O=C(COC1CCC(Nc2ccc([N+](=O)[O-])c(C(F)(F)F)c2)CC1)N1CCN(Cc2cc3cc(F)c(F)cc3o2)CC1,0,Train
24518834,CNC(=O)c1ccc(C(c2nnnn2Cc2ccccc2)N2CCN(C3CCC3)CC2)cc1,0,Train
28347111,Cc1c(NC(=O)c2cc(C(F)(F)F)nc3ccc(Br)cc23)c(C(F)(F)F)nn1Cc1ccc(F)cc1,0,Train
27060714,CCN1C(=O)N(c2cccc(C(F)(F)F)c2)C2=C(C(=O)CC2)C1c1ccc(C#N)cc1S(C)(=O)=O,1,Train
12549359,Cc1ccc(N2c3cccc(C(=O)Nc4ccc(OCC(C)C)c(F)c4)c3OC[C@@H]2CO)nc1,1,Train
15832207,CC(C)[C@H]1NC(=O)[C@@H](Cc2ccc(Cl)cc2)NCCOc2ccccc2CCCNC(=O)[C@H](CN(C)C)NC1=O,0,Train
24557268,COC[C@H]1CCCN1c1cc(NC(C)=O)nc(-n2nc(C)cc2C)n1.Cl,1,Train
27681991,CCN(CC)CCOc1ccc(/C=C/c2ccccc2-c2ccccc2CNC(=O)Cc2ccc(OC)cc2)cc1,0,Train
30708729,CCCn1cc(-c2cnc(-n3ncc4cc(Cl)cnc43)cc2NC(C)C)nn1,1,Train
28275950,COc1ccc2c(c1)c(CN1CCN(C)CC1)cn2S(=O)(=O)c1ccccc1Br.CS(=O)(=O)O,1,Train
19761445,Cn1c(N2CCCN(CCCN3c4ccccc4Sc4ccc(CCC(=O)O)cc43)CC2)cc(=O)n(C)c1=O,0,Train
32611569,CNC(=O)c1cccc(Cn2nc(C)c(NC(=O)c3ccc(COc4ccc(C(F)(F)F)cc4C)cc3)c2C)n1,0,Train
3801026,Cl.O=C(CCCN1CCC(O)(c2ccc(Cl)cc2)CC1)c1ccc(F)cc1,1,Train
26879585,O=C(COC1CCC(Nc2ccc([N+](=O)[O-])c(C(F)(F)F)c2)CC1)N1CCN(Cc2cc3cc(Cl)ccc3o2)CC1,0,Train
33162775,C=CC(=O)N1CCC[C@@H](n2nc(-c3ccc(C(=O)Nc4cccc(F)n4)cc3)c3cncc(C#N)c32)C1,0,Train
23012919,Cc1nc(-c2c(C3CCCC3)c3ccc(C(=O)NC(C)(C)C(=O)Nc4ccc(C=CC(=O)O)cc4)cc3n2C)cs1,0,Train
11646860,CNC1(c2ccc(N3CCc4c(C(N)=O)nn(-c5ccc(OC)cc5)c4C3=O)cc2)CC1,0,Train
27104775,CC(C)NC(=O)N1C(=O)N(c2cccc(C(F)(F)F)c2)C2=C(C(=O)CC2)[C@H]1c1ccc(C#N)cc1S(C)(=O)=O,1,Train
21283944,CCc1cc2c(cc1[14CH2]C)CC(NC[C@H](O)c1ccc(O)c3[nH]c(=O)ccc13)C2,0,Train
24484912,O=C(c1ccc(O[C@H]2C[C@H](N3CCCCC3)C2)cc1)N1CCC(O)CC1,0,Train
11716842,CCCCCC(C)(O)C/C=C/[C@H]1CCC(=O)[C@@H]1CCSc1nc(C(=O)O)cs1,0,Train
10206739,O=C(NC[C@H]1CN(c2ccc(N3CCOCC3=O)cc2)C(=O)O1)c1ccc(Cl)s1,1,Train
8455094,CC1CCN(C(=O)C(Cc2cc3c(N)nccc3s2)NS(=O)(=O)c2ccc3ccccc3c2)CC1,1,Train
6675608,CN(C)CC/C=C1/c2ccccc2COc2ccc(CC(=O)O)cc21.Cl,0,Train
28803349,[2H]C(c1ccc(-c2ccc(N(C)C)cc2)cc1F)N(C(=O)c1ccccc1)c1cncc(/C=C/C(=O)OC)c1,0,Train
20442121,Cc1cnc(NCCc2ccc3c(c2)CCC3)c(=O)n1CC(=O)NCCONC(=N)N.Cl,0,Train
29230729,CN1CCC2=C(C1=O)C(c1ccc(C#N)cc1-c1cnco1)N(C)C(=O)N2c1cccc(C(F)(F)F)c1,1,Train
30708519,CCCn1cc(-c2cnc(-n3cnc4cc(C#N)cnc43)cc2N[C@@H](C)CO)nn1,1,Train
32115632,Cc1ccc(COC(=O)N2C[C@H]3[C@H](CNC(=O)c4ccc5[nH]c(=O)oc5c4)[C@H]3C2)nc1,0,Train
22835800,N[C@@H](CC(=O)N1CCN(C(=O)c2ccccn2)CC1)Cc1cc(F)c(F)cc1F,0,Train
883415,Clc1cccc(Cl)c1NC1=NCCN1,1,Train
3591831,CC(C)NC[C@H](O)COc1cccc2ccccc12,1,Train
27060730,CCS(=O)(=O)N1C(=O)N(c2cccc(C(F)(F)F)c2)C2=C(C(=O)CC2)C1c1ccc(C#N)cc1,1,Train
19872343,CC(F)(F)c1nc([C@@H](O)[C@H](O)[C@H](O)CO)c[nH]1,1,Train
24314360,CCCCCCCCCCC(N)C(=O)N[C@@H](Cc1ccc(O)cc1)C(=O)N1CCC[C@H]1C(=O)N[C@@H](Cc1c[nH]c2ccccc12)C(=O)N[C@@H](Cc1ccccc1)C(N)=O,0,Train
32612696,Cc1cccnc1[C@H]1CCC[C@@H](c2nc3cccc(N4CCN(C)CC4)c3[nH]2)N1C,0,Train
11822115,CCCNC(=O)c1c(C)c2c(Nc3cc(C(=O)NC4CC4)ccc3C)ncnn2c1CN1CCN(C)CC1,0,Train
20007920,COc1cccc2[nH]cc(C(=O)C(=O)N3CCN(C(=O)c4ccccc4)C[C@H]3C)c12,0,Train
20083400,CC(C)N1CCN(c2ccc(Nc3nc4c(-c5ccc(C(=O)N(C)C)cc5)cccn4n3)cc2)CC1,1,Train
20083256,COc1ccc(-c2cccn3nc(Nc4ccc(C(=O)N(C)C)c(OC)c4)nc23)cc1,1,Train
27178007,C[C@@H](O)[C@H](NC(=O)Cc1cc(Cl)cc(Cl)c1)C(=O)NCc1ccnc(C#N)n1,1,Train
29836861,Cc1cnc(-c2cc(O[C@@H]3CCOC3)cc(C(=O)N[C@H](C)c3ccc(C(F)(F)F)nn3)c2)s1,1,Train
30169899,O=[N+]([O-])c1ccc(N[C@H]2CC[C@H](Oc3cncc(N4CCN(CC5CCCC5)CC4)c3)CC2)cc1C(F)(F)F,0,Train
29619256,ON=c1cc(-c2cc3sccc3cn2)oc2ccc(CCCN3CCOCC3)cc12,0,Train
12933639,CC#CCn1c(N2CCCNCC2)c(C#N)c2c1c(=O)n(Cc1nccc3ccccc13)c(=O)n2C,0,Train
13699357,Cl.Nc1nccc2cc(CC(NC(=O)CNS(=O)(=O)c3ccc4ccccc4c3)C(=O)N3CCCCC3)ccc12,0,Train
21168375,CC/C=C\\C/C=C\\C/C=C\\C/C=C\\C/C=C\\C/C=C\\CCC(=O)NCC(=O)O,1,Train
32721372,CC#CC(CC(=O)O)c1ccc(OCc2ccc(C(=O)N3CCC4(C=Cc5ccccc54)CC3)cc2)cc1,1,Train
5393893,CC1=C(C(=O)O)N2C(=O)[C@@H](NC(=O)[C@H](N)c3ccc(O)cc3)[C@H]2SC1,0,Train
20051296,N#CCOc1ccc(-c2cccc3nc(Nc4ccc(C(N)=O)cc4)nn23)cc1,1,Train
18419883,CNCCCC[C@@H](NC(=O)[C@@H](CC(C)C)NC(=O)[C@@H](Cc1ccccc1)NC(=O)[C@H](N)Cc1ccccc1)C(=O)N1CCCN(C(=N)N)CC1,0,Train
10091755,NS(=O)(=O)c1ccc(NC(=S)Nc2ccccc2F)cc1,1,Train
29314735,CNc1nc2nc3c1[nH]c(=O)n3Cc1cccc(c1)OCCOCCO2,0,Train
24395303,COc1ccc2c(O[C@@H]3C[C@H]4C(=O)N[C@]5(C(=O)NS(=O)(=O)C6CC6)C[C@H]5/C=C\\CCCCN(C)C(=O)N4C3)nc(-c3ccncc3)nc2c1C,0,Train
11233687,Cn1cnc(S(=O)(=O)N(Cc2cccc(-n3cccc3)c2)C2Cc3cc(C#N)ccc3N(Cc3cncn3C)C2)c1,0,Train
29475943,COc1cc(C)c(C(=O)NS(=O)(=O)c2ccccc2)cc1-c1ccc(C#CCO)s1,0,Train
8819746,Cc1cc(O)cc(C)c1C[C@H](N)C(=O)N[C@H](CCCNC(=N)N)C(=O)N[C@@H](Cc1ccccc1)C(=O)N[C@@H](CCCCN)C(N)=O,0,Train
25762516,OC[C@H](O)[C@H](O)[C@@H](O)[C@@H](O)[14CH2]O,0,Train
26834851,NS(=O)(=O)NCCNc1nonc1C(=NO)Nc1ccc(F)c(Br)c1,0,Train
33381118,CC[C@H]1OC(=O)[C@H](C)[C@@H](O[C@H]2C[C@@](C)(O)[C@@H](O)[C@H](C)O2)[C@H](C)[C@@H](O[C@H]2C[C@@](C)(O)[C@@H](C)[C@H](C)O2)[C@](C)(O)C[C@@H](C)C(=O)[C@H](C)[C@@H](O)[C@H]1C,0,Train
27175856,C[C@@H](Nc1cc(F)cc(F)c1)c1cc(C(=O)N(C)C)cn2c(=O)cc(N3CCOCC3)nc12,1,Train
30708711,N#Cc1cnc2c(cnn2-c2cc(NC3CC3)c(-c3cn([C@@H]4CNCC[C@H]4O)nn3)cn2)c1,0,Train
12139863,COc1ccccc1N1CCN(c2nc(-c3ccncn3)cc(=O)n2C)[C@H](C)C1,1,Train
30736163,CCCc1cn(-c2cnc(-c3cnn4cc(Cl)cnc34)cc2NC(C)C)nn1,1,Train
23013078,Cn1c(-c2ccccn2)c(C2CCCC2)c2ccc(C(=O)NC3(C(=O)Nc4ccc(/C=C/C(=O)O)cc4)CCC3)cc21,1,Train
25083816,COc1ccc(N2N=C(C(N)=O)C3CCN(c4ccc(C5(CN6CCCC6=O)CC5)cc4)C(=O)C32)cc1.O=C(O)C(F)(F)F,0,Train
4263164,Clc1ccc2c(c1)CCc1cccnc1C2=C1CCNCC1,0,Train
30596892,CC(C)(O)[C@H](F)CNC(=O)c1cnc(-c2cnn3cc(C#N)cnc23)cc1N[C@@H]1CCC[C@@H]1F,0,Train
24395276,COc1ccc2c(O[C@@H]3C[C@H]4C(=O)N[C@]5(C(=O)NS(=O)(=O)C6CC6)C[C@H]5/C=C\\CCCCN(C)C(=O)[C@@H]4C3)nc(-c3cccc(F)c3)nc2c1C,0,Train
24874867,Cc1cc(COc2ccc(S(=O)(=O)CC3CNCCC3C(=O)NO)cc2)c2ccccc2n1,0,Train
25663740,COC(=O)N[C@@H](C(=O)N[C@@H](Cc1ccccc1)[C@@H](O)CN(Cc1ccc(-c2ccccn2)cc1)NC(=O)[C@H](NC(=O)OC)C(C)(C)C)C(C)(C)C,0,Train
29510868,COCc1nn(Cc2ccc(Cn3ccccc3=O)cc2)cc1C(=O)NCc1cc(OC)ccc1C#N,1,Train
23145341,CCCC[C@@H](C(N)=O)N1Cc2ccccc2C[C@H](NC(=O)[C@@H](CCCNC(N)=O)NC(=O)[C@@H](N)Cc2c(C)cc(O)cc2C)C1=O,0,Train
23705914,O=C(O)C1CCN(C(=O)c2cc(Cl)c(O)cc2OC[C@@H](O)CN2CCC3(CC2)Cc2cc(Cl)ccc2O3)C1,0,Train
20209475,CCCCC1N(CC2CCOCC2)C(=O)OC12CCN(C1(C)CCN(C(=O)c3c(C)ncnc3C)CC1)CC2,0,Train
24874875,Cc1cc(COc2ccc(S(=O)(=O)CC3CCN(C)CC3C(=O)NO)cc2)c2ccccc2n1,0,Train
22775080,C[C@@H]1N[S@](=O)(c2cccc(-c3cccc(C#N)c3)c2)=NC1=O,1,Train
25962558,C[C@H]1O[C@@H](O[C@H]2[C@@H](O)C[C@H](O[C@H]3[C@@H](O)C[C@H](O[C@H]4CC[C@@]5(C)[C@@H](CC[C@@H]6[C@@H]5C[C@@H](O)[C@]5(C)C(C7=CC(=O)OC7)CC[C@]65O)C4)O[C@@H]3C)O[C@@H]2C)C[C@H](O)[C@@H]1O,0,Train
19308992,COc1ccc2c(O[C@@H]3C[C@H]4C(=O)N[C@]5(C(=O)NS(=O)(=O)C6(C)CC6)C[C@H]5C=CCCCCCNC(=O)N4C3)cc(-c3nc(C(C)C)cs3)nc2c1Cl,1,Train
23013124,Cn1c(C(=O)O)cc2cc(NC(=O)C(C)(C)NC(=O)c3ccc4c(C5CCCC5)c(-c5ccncc5)n(C)c4c3)ccc21,0,Train
20185954,COC(=O)c1cnc(Nc2cnc(C#N)cn2)cc1NCC1CCNCC1,0,Train
29236017,CN1C(=O)N(c2cccc(C(F)(F)F)c2)C2=C(C(=O)CCC2)C1c1ccc(C#N)cc1S(=O)(=O)CCO,1,Train
24484907,OC[C@@H](O)CN1CCc2nc(-c3ccc(O[C@H]4C[C@H](N5CCCCC5)C4)cc3)sc2C1,0,Train
24431829,COCC[C@H](CC1(C(=O)N[C@@H]2C[C@H]2c2ccc(OC)cc2)CCCC1)C(=O)O,0,Train
27060723,CN1C(=O)N(c2ccnc(C(F)(F)F)c2)C2=C(C(=O)CC2)C1c1ccc(C#N)cc1S(C)(=O)=O,1,Train
20083221,COc1ccc(-c2cccn3nc(Nc4ccc(NC(C)=O)cc4)nc23)cc1,1,Train
23486622,O=C1c2cc(Cl)ccc2-n2c1nc1ccc(F)cc1c2=O,0,Train
20741111,Cc1ncc(-c2nc(Nc3ccc(CN4CCOC[C@@H]4C)cc3F)ncc2F)n1C1CCOCC1,1,Train
22456775,COc1cc(C)c(S(=O)(=O)N(C)CCOCC(=O)N2CCN(C3CC4CCC(C3)N4C)CC2)c(C)c1.O=C(O)/C=C/C(=O)O,0,Train
13048260,C[C@@H]1CCCN1CCCOc1ccc(-c2ccc(=O)[nH]n2)cc1,1,Train
22623065,CC#Cc1cncc(-c2cccc([C@@]3(c4cc(C)c(=O)n(CC)c4)N=C(N)c4c(F)cccc43)c2)c1,1,Train
11329965,CN(C)CC(c1ccc(O)cc1)C1(O)CCCCC1.O=C(O)CCC(=O)O,0,Train
23402642,CC(=O)Nc1ccc(O)cc1OC[C@@H](N)CN1CCC2(CC1)Cc1ccccc1O2,0,Train
24724798,CS(=O)(=O)O.Cc1c(O)cccc1C(=O)N[C@@H](CSc1ccccc1)[C@H](O)CN1CC2CCCCC2C[C@H]1C(=O)NC(C)(C)C,0,Train
24190086,Cc1cnc(C(=O)Nc2ccc(F)c([C@]3(C)CS(=O)(=O)N(C)C(=N)N3)c2)cn1,0,Train
9760692,N/N=c1/[nH]ncc2ccccc12,1,Train
32614213,Cc1cccnc1[C@@H]1CCC[C@H](c2cn3ccccc3n2)N1CCc1cnccn1,1,Train
26974828,Cl.Clc1ccc(Cn2cc(NCCN3CCOCC3)nn2)cc1Cl,1,Train
24108426,CC(C)CCOC(=O)c1ccccc1-c1ccc(CN2CCC(COC(=O)c3c4n(c5ccccc35)CCCO4)CC2)cc1,0,Train
32210095,CN(C)C(=O)C1CCN([C@H]2CC[C@H](Nc3ncnc4[nH]cc(C5CCOCC5)c34)CC2)CC1,0,Train
32601139,CN1CCC(n2ccnc2CN2CCCC2c2ccccn2)CC1,1,Train
12780589,COc1cccc(C(=O)Nc2ccc3c(c2)CCN(C(=S)NCc2ccccc2)C3)c1-c1ccc(C(F)(F)F)cc1,0,Train
20000067,CC(=O)Nc1nc2cccc(-c3ccc(OCc4ccccc4)cc3)n2n1,1,Train
31168731,CC(=O)NC[C@@H]1OC(=O)N2c3cc(F)c(C4=CCN(C(=O)CO)CC4)cc3OC[C@@H]12,0,Train
12780578,O=C(Nc1ccc2c(c1)CCN(C(=S)NCc1ccccc1)C2)c1ccccc1-c1ccc(C(F)(F)F)cc1,0,Train
4290260,CC(=O)O[C@H]1C(=O)[C@]2(C)[C@@H](O)C[C@H]3OC[C@@]3(OC(C)=O)[C@H]2[C@H](OC(=O)c2ccccc2)[C@]2(O)C[C@H](OC(=O)[C@H](O)[C@@H](NC(=O)c3ccccc3)c3ccccc3)C(C)=C1C2(C)C,0,Train
26879344,O=C(COC1CCC(Nc2ccc([N+](=O)[O-])c(C(F)(F)F)c2)CC1)N1CCN(Cc2ccc3ccc(C(F)(F)F)cc3n2)CC1,0,Train
23605321,CC[C@H]1C[C@@H](n2c(=O)nc(-c3cnn(C)c3)c3oc4cc(C#N)c(-c5cnn(C)c5)nc4c32)CCO1,1,Train
23777676,COc1cccc2c(C(=O)N3CCC[C@H]3C(=O)Nc3ccc(C=Cc4ccc(NC(=O)[C@@H]5CCCN5C(=O)c5nc(Cl)cc6c(OC)cccc56)cc4)cc3)nc(Cl)cc12,0,Train
11586393,CNCC1(c2ccc(N3CCc4c(C(F)(F)F)nn(-c5ccc(OC)cc5)c4C3=O)cc2)CC1.O=C(O)C(F)(F)F,0,Train
30708974,CC(C)Nc1cc(-n2ncc3cc(C#N)cnc32)ncc1-c1cc([C@@H]2CCCCN2)no1,1,Train
25999080,COc1cc(I)c([C@H]2Oc3c(OC)c(I)c4ccc(=O)oc4c3O[C@@H]2CO)cc1OC,1,Train
27770776,CC(C)=CCOc1cccc2c1-c1c(c3c(n1C(C)C)CCCC3=O)C2=O,0,Train
25083790,CNCC1(c2ccc(N3CCC4C(S(C)(=O)=O)=NN(c5ccc(OC)cc5)C4C3=O)cc2)CC1.O=C(O)C(F)(F)F,0,Train
18841789,c1csc([C@]23CNC[C@H]2C3)c1,1,Train
26130141,Nc1noc2ccc(-n3nc(C(F)(F)F)cc3C(=O)Nc3ccc(-c4ccccc4Cn4cccc4)cc3F)cc12,0,Train
30708575,Cc1n[nH]c(C)c1CCn1cc(-c2cnc(-n3ncc4cc(C#N)cnc43)cc2NC(C)C)nn1,0,Train
11692868,CCCCN1C(=O)[C@H]([C@H](O)C2CCCCC2)NC(=O)C12CCN(Cc1ccc(Oc3ccc(C(=O)O)cc3)cc1)CC2.Cl,0,Train
21420712,Cn1c(N2CCCN(CC/C=C3/c4ccccc4CCc4ccc(CC(=O)O)cc43)CC2)cc(=O)n(C)c1=O,0,Train
22098401,CCOC(=O)[C@H](C)NP(=O)(OC[C@H]1O[C@@](C#N)(c2ccc3c(N)ncnn23)[C@](C)(O)[C@@H]1O)Oc1ccccc1,0,Train
10493145,CCCCOc1ncc(C(C)=O)cc1-c1nc2c(CC)n(C3CN(CC)C3)nc2c(=O)[nH]1,1,Train
20881504,O=C1CC(=O)N(CCc2cccc(F)c2)C(=O)N1CCc1cccc(F)c1,1,Train
11204849,CN(C(=O)CC[C@@H](C1CCCCC1)N1Cc2cc(Oc3ccccc3)ccc2N=C1N)C1CCCCC1,0,Train
10748719,Nc1noc2ccc(-n3nc(C(F)(F)F)c4c3C(=O)N(c3ccc(-c5ccccc5CN5CC[C@@H](O)C5)cc3)CN4)cc12,0,Train
2692121,O=[14C](O)c1ccccc1O,1,Train
11615531,CCCC(N(NC(=O)c1cccc(OC)c1CC)C(=O)c1cc(C)cc(C)c1)C(C)(C)C,0,Train
11690001,O=C(O)c1ccc(CNC(=O)c2cc(F)ccc2Oc2ccc(F)cc2)cc1,1,Train
12093417,CC(=O)Nc1ccccc1OC[C@@H](O)CN1CCC2(CC1)Cc1cc(Cl)ccc1O2,1,Train
20430768,CC(C)N(C)[C@@H]1CC[C@H](N2CC[C@H](NC(=O)c3cccc(C(F)(F)F)c3)C2=O)[C@H](CS(=O)(=O)c2ccccc2)C1,0,Train
32741321,COC(=O)N1CCC(Oc2cccc([C@@H](CC#N)Nc3nc4nc(C)ccc4[nH]3)c2)CC1,0,Train
18776809,CS(=O)(=O)c1ccc(Nc2nc3cc(C(N)=O)ccc3n2Cc2ccccc2C(F)(F)F)cc1,0,Train
21889988,Cn1cccc1C(=O)N1CCn2cc(C(=O)NO)cc2C1,0,Train
12775286,CC(C)(O)CC(=O)NCCn1ccc2ncnc(Nc3ccc(Oc4cccc(C(F)(F)F)c4)c(Cl)c3)c21,0,Train
21420695,Cn1c(N2CCCN(CCCN3c4ccccc4COc4ccc(CC(=O)O)cc43)CC2)cc(=O)n(C)c1=O,0,Train
14405621,CC[C@H](C)[C@H](N)C(=O)OC[C@@H]1O[C@H](n2cnc(C(N)=O)n2)[C@@H](O)[C@H]1O,0,Train
31195138,Cc1nc(-c2ccc(-c3ccccc3)cc2)sc1-c1ccnc(NC(=N)N2CCN(C)CC2)n1,0,Train
9302778,O=C(c1nccs1)[C@H](CCCCO)NC(=O)[C@@H]1CCCN1C(=O)CC(c1ccccc1)c1ccccc1,0,Train
10588323,CC(C)n1c(=O)n(Cc2nc3ccccc3n2CCCC#N)c2cnccc21,1,Train
23386088,O=C(NCc1ccc(Cl)s1)c1ccc2[nH]c(-c3ccc(Oc4ccccc4Cl)cc3)nc2c1,1,Train
10614907,CN1C(=O)NC(=O)[C@]12Cc1ccc(NC(=O)Cn3c(=O)n(-c4nccs4)c4ccccc43)cc1C2,1,Train
23751939,CC[C@H]1C[C@@H](n2c(=O)nc(-c3cnn(C)c3)c3oc4ccc(-c5cnn(C)c5)cc4c32)CCO1,1,Train
23012911,Cn1c(-c2nccs2)c(C2CCCC2)c2ccc(C(=O)NC(C)(C)C(=O)Nc3ccc(C=CC(=O)O)cc3)cc21,0,Train
18386069,CC(C)(C)CCN1C(=O)C(C2=NS(=O)(=O)c3cc(NS(C)(=O)=O)ccc3N2)=C(O)C2CCCCC21,0,Train
20446592,C=CCCCCN(C)C(=O)[C@@H]1C[C@H](Oc2nc(-c3nc(C(C)C)cs3)nc3cc(OC)ccc23)C[C@H]1C(=O)N[C@]1(C(=O)NS(=O)(=O)C2CC2)C[C@H]1C,0,Train
10602946,O=c1n(Cc2nc3ccccc3n2CCCCF)c2cnccc2n1CC(F)(F)F,1,Train
24527234,O=C(O)CC(NC(=O)Cn1ccc2cc(Cl)ccc21)C(=O)CF,0,Train
21888337,NC(=O)C1CCN(c2nc(-c3ccc(Br)cc3)cs2)CC1,1,Train
30709014,CC(C)(O)C[C@@H]1CC(c2cnc(-n3ncc4cc(C#N)cnc43)cc2NCC(F)F)=NO1,1,Train
18365188,CC(C)OCC1(C(=O)c2ccc(N)c(Cl)c2)CCCN1,1,Train
21859032,N#Cc1ccc(-c2ccc(N3CCOc4ncnc(N)c4C3=O)cc2)c(Cl)c1,1,Train
24720352,COc1ccc2c(O[C@@H]3C[C@H]4C(=O)N[C@]5(C(=O)NS(=O)(=O)C6CC6)C[C@H]5C=CCCCCN(C)C(=O)[C@@H]4C3)cc(-c3csc(NC(C)C)n3)nc2c1,0,Train
25083752,COc1ccc(N2N=C(C(F)(F)F)C3CCN(c4ccc(C5(C6=NCCN6C)CC5)cc4)C(=O)C32)cc1.O=C(O)C(F)(F)F,0,Train
14112322,CNC(=O)c1ccc(F)c2c(C(=O)C(=O)N3CCN(C(=O)c4ccccc4)CC3)c[nH]c12,1,Train
4262852,Cc1ccc2c(=O)c3cccc(CC(=O)O)c3oc2c1C,1,Train
23463054,O=C(O)c1cc(-c2cc(Cl)c3occc3c2)ncn1,1,Train
24185874,CC(C)N(C)[C@H]1CC[C@@H](N2C(=O)C[C@H](NC(=O)c3cccc(C(F)(F)F)c3)C2=O)[C@@H](CS(=O)(=O)c2ccccc2)C1,0,Train
10212598,COc1ccccc1COCCCOc1ccc(N2C(=O)CNC[C@@H]2COCc2cccnc2)cc1,1,Train
12773741,CCCc1nc(C)c2c(=O)[nH]c(-c3cc(S(=O)(=O)N(C)CC(=O)N(C)CCOC)ccc3OCC)nn12,1,Train
30169896,O=C(CCC(F)(F)F)N1CCN(c2cc(O[C@H]3CC[C@H](Nc4ccc([N+](=O)[O-])c(C(F)(F)F)c4)CC3)ccn2)CC1,0,Train
7682024,CC(C)CCC[C@@H](C)[C@H]1CC[C@H]2[C@@H]3CC[C@H]4C[C@@H](CCC=C(c5cc(Cl)c(O)c(C(=O)O)c5)c5cc(Cl)c(O)c(C(=O)O)c5)CC[C@]4(C)[C@H]3CC[C@@]21C.N,0,Train
23013112,Cn1c(-c2cccc(N)n2)c(C2CCCC2)c2ccc(C(=O)NC3(C(=O)Nc4ccc(C=CC(=O)O)cc4)CCCC3)cc21,0,Train
32614164,Cc1cccnc1[C@@H]1CCC[C@H](c2nc3cccc(N4C5CCC4CN(C)C5)n3c2Cl)N1C,1,Train
24720349,COc1ccc2c(O[C@@H]3C[C@H]4C(=O)N[C@]5(C(=O)NS(=O)(=O)C6CC6)C[C@H]5C=CCCCCN(C)C(=O)[C@@H]4C3)cc(-c3ccccc3)nc2c1,0,Train
30708641,CC(=O)N1CCC(n2cc(-c3cnc(-n4ncc5cc(C#N)cnc54)cc3NC(C)C)nn2)CC1,0,Train
27344919,CC1Cc2cc(F)ccc2N1C(=O)Cc1nc(N2CCOCC2)sc1C(N)=O,1,Train
1445813,COc1cccc2c1C(=O)c1c(O)c3c(c(O)c1C2=O)C[C@@](O)(C(=O)CO)C[C@@H]3O[C@H]1C[C@H](N)[C@@H](O)[C@H](C)O1,0,Train
30597060,CC(C)Cn1cc(Nc2cc(-c3cnn4cc(Cl)cnc34)ncc2C(=O)NC[C@@H](F)C(C)(C)O)cn1,0,Train
22425738,CC[C@@H]1C[C@]1(NC(=O)[C@@H]1C[C@@H](Oc2cc(-c3csc(NC(C)C)n3)nc3c(Cl)c(OCCN4CCOCC4)ccc23)CN1C(=O)[C@@H](NC(=O)O[C@@H]1C[C@@H]2C[C@@H]2C1)C(C)(C)C)C(=O)O,0,Train
21023395,CC(C)(C)[C@H](NC(=O)c1ccc(N)c(Cl)c1)C(=O)N1CCC[C@H]1C(=O)N[C@H](C#N)Cc1nnn[nH]1,0,Train
29357581,CCc1cc(=O)[nH]c(-n2nc(-c3ccccc3)cc2NC(=O)Nc2ccc3c(c2)OCO3)n1,1,Train
11157898,CCOCCCN(c1c(Cl)c(Cl)cc2[nH]c(=O)c(=O)[nH]c12)S(C)(=O)=O,0,Train
29555301,COc1cc(-c2cn(C)c(=O)c3cnccc23)c(OC)cc1CN(C)C,1,Train
33162769,C=CC(=O)N1CCC[C@@H](n2nc(-c3ccc(Oc4cccnc4C#N)cc3)c3cncc(Cl)c32)C1,1,Train
33002223,O=C(NO)c1ccc(CNc2ncnc3ccc(Cl)cc23)cc1,0,Train
24385153,CCCCCNC(=O)[C@H](Cc1ccc(OCC(=O)O)c(C2=CC(O)NO2)c1)NC(=O)[C@H](Cc1ccccc1)NC(=O)OC(C)(C)C,0,Train
272683,O=c1cc(-c2ccccc2)oc2cc(O)c(O)c(O)c12,0,Train
8888713,CS(=O)(=O)c1ccccc1-c1ccc(NC(=O)c2cc(C(F)(F)F)nn2-c2cccc(CN)c2)c(F)c1.Cl,0,Train
31678287,Cc1ccc(-c2ncc(OC[C@H]3CCNC3)cc2-c2ccc(C#N)cc2)cc1,0,Train
26035401,CC(C)N(C)[C@H]1CC[C@@H](NC(=O)CNC(=O)c2cccc(C(F)(F)F)c2)[C@@H](CS(=O)(=O)c2ccccc2)C1,0,Train
12549363,O=C(Nc1ccc(OCC(F)(F)F)cc1)c1cccc2c1OCCN2c1ncc(CO)cc1Cl,1,Train
23009935,O=C1COCCN1c1ccc(C2CC(c3ccc([N+](=O)[O-])o3)=NO2)cc1F,1,Train
22059438,CC(C)CNC(=O)[C@H]1C[C@@](F)(c2ccc(CN3CCCC3)c(F)c2)C1,1,Train
32571730,CCNC(=O)c1cc2c(N3CCOC[C@@H]3C)ccnc2n1C,0,Train
24367861,Cc1cc(C#N)nc(C)c1C(=O)N1CCC(C)(N2CCC(N3C(=O)N(CC4CCOCC4)C[C@H]3c3ccccn3)CC2)CC1,0,Train
24500308,c1cc(Cn2cnc3ccccc32)cc(-n2cnnn2)c1,1,Train
25643819,CC1CNc2c(cccc2S(=O)(=O)N[C@H](CCCNC(=N)N)C(=O)N2CC[C@H](C)C[C@@H]2C(=O)O)C1,0,Train
28803330,COC(=O)/C=C/c1cccc(N(Cc2ccc(-c3ccc(N(C)C)cc3)cc2Cl)C(=O)C2CCCCC2)c1,0,Train
2222023,C=C(C)[C@@H]1CCC(C)=C[C@H]1c1c(O)cc(CCCCC)cc1O,0,Train
23978220,O=C(Cc1nc(N2CCOCC2)cc(=O)[nH]1)N1CCc2ccccc21,0,Train
28803447,COC(=O)/C=C/c1cncc(N(Cc2cccc3cc4cnn(C)c4c(F)c23)C(=O)C2CCCCC2)c1,0,Train
23745771,CC[C@H]1C[C@@H](n2c(=O)nc(-c3cnn(C)c3)c3oc4cc(C#N)c(-c5cn(C)cn5)cc4c32)CCO1,0,Train
9767116,NC(=O)c1sc(-c2ccccc2)cc1N,0,Train
27877366,CCOc1nc(NC(=O)C2(NC(=O)c3ccc4c(c3)c(C)c(-c3ccc(F)cn3)n4C3CCCCC3)CCC2)ccc1C=CC(=O)O,1,Train
1108135,O=C(Nc1ccccc1)c1ccccc1O,1,Train
21359860,CCCCc1ccc(C(=O)NC2(C(=O)N[C@@H](Cc3ccccc3)C(=O)NCC3CCN(CC4CCOCC4)CC3)CCCC2)cc1,0,Train
30708923,CC(C)(O)CCc1cn(-c2cnc(-n3ncc4cc(C#N)cnc43)cc2N[C@@H]2CCC[C@@H]2F)nn1,0,Train
24425539,CO[C@H](CCC(C)(C)O)[C@](C)(O)[C@H]1CC[C@@]2(O)C3=CC(=O)[C@@H]4C[C@@H](O)[C@@H](O)C[C@]4(C)[C@H]3CC[C@]12C,1,Train
28803459,[2H]C(c1ccc(-c2ccc3c(cnn3C)c2)cc1F)N(C(=O)C1CCCCC1)c1cc(F)cc(/C=C/C(=O)OC)c1,0,Train
21805408,COC(=O)Nc1ccc2c(c1)NC(=O)CCCC[C@H](NC(=O)/C=C/c1cc(Cl)ccc1-n1cnnn1)c1nc-2c[nH]1.O=C(O)C(F)(F)F,0,Train
32612589,CN1CCN(c2cccc3nc([C@H]4CCC[C@@H](c5ncccc5Br)N4C)[nH]c23)CC1,0,Train
497190,COC(=O)c1c(C)nc(C)c(C(=O)OC)c1-c1ccccc1[N+](=O)[O-],1,Train
5785005,CC(C)=CCC[C@](C)(O[C@@H]1O[C@H](CO)[C@@H](O)[C@H](O)[C@H]1O)[C@H]1CC[C@]2(C)[C@@H]1[C@H](O)C[C@@H]1[C@@]3(C)CC[C@H](O)C(C)(C)[C@@H]3CC[C@]12C,0,Train
32698305,O=C(O)C(F)(F)F.O=c1c2nccn2c2cc(F)c(-c3ccncc3)cc2n1C1CC1,1,Train
27060712,N#CCN1C(=O)N(c2cccc(C(F)(F)F)c2)C2=C(C(=O)CC2)C1c1ccc(C#N)cc1,1,Train
26741763,CC=Cc1nc(N)cc2nc(C)[nH]c(=O)c12,1,Train
20247095,COc1cc(C2(c3cccc(-c4cncnc4)c3)N=C(N)c3c(F)cccc32)ccn1,1,Train
20034258,O=C(NC[C@@H](O)c1ccccc1)c1ccc(N2CCN(C(=O)c3ccccc3C(F)(F)F)CC2)nn1,1,Train
9589727,COc1ccc(-n2nc(C)cc2C(=O)Nc2ccc(-c3ccccc3S(N)(=O)=O)cc2)cc1,1,Train
24360295,Cc1c(CN(CCc2ccc(N)cc2)C2CCN(C(=O)c3c(F)cccc3F)CC2)c(=O)n(-c2ccc(F)cc2)n1C.Cl,0,Train
13045215,COc1ccc(C2(c3cccc(Br)c3)N=C(N)N3CC(F)(F)CN=C32)cc1,1,Train
26467597,C[C@@H]1COCCN1c1cc(=O)n2c(n1)N(Cc1ccnc(F)c1)[C@H](C(F)(F)F)CC2,0,Train
18877881,CC(C)Oc1ccc(C(=O)NC2(C(=O)N[C@H](Cc3ccccc3)C(=O)NCC3CCN(CC4CCOCC4)CC3)CCCC2)cc1,0,Train
23013089,COc1ccc(-c2c(C3CCCC3)c3ccc(C(=O)NC4(C(=O)Nc5ccc(/C=C/C(=O)O)cc5)CCC4)cc3n2C)cn1,0,Train
22663953,COC(=O)c1ccc2nc(C(F)(F)F)n(C)c2c1,1,Train
32571717,CCNC(=O)c1cc2c(N3CCCC3c3ccccn3)ccnc2[nH]1,1,Train
12780580,CC(C)Oc1cccc(C(=O)Nc2ccc3c(c2)CCN(C(=O)Oc2ccccc2)C3)c1-c1ccc(C(F)(F)F)cc1,0,Train
18484648,N=C(N)SCc1cccc2c1-c1c(CSC(=N)N)cccc1-2,0,Train
1915394,CC12CCC(=O)C=C1CCC1C2CCC2(C)C(O)CCC12,0,Train
23820473,Cc1cc(C)c2[nH]ccc2c1-c1nc(C(N)=O)c(-c2ccc(N3CCNC(C)(C)C3)cc2)o1,0,Train
12093778,O=C(c1ccc(O)cc1OC[C@@H](O)CN1CCC2(CC1)Cc1cc(Cl)ccc1O2)N1CCOCC1,0,Train
32186346,COCc1nn(Cc2ccc(Cn3ccccc3=O)cc2)cc1C(=O)NCc1c(Cl)cccc1-n1cnnn1,0,Train
24368062,COCCOCCOCCOCCOCCOCCOC(=O)N[C@H](C(=O)N[C@@H](Cc1ccccc1)[C@@H](O)CN(Cc1ccc(-c2ccccn2)cc1)NC(=O)[C@@H](NC(=O)OC)C(C)(C)C)C(C)(C)C,0,Train
26018174,CC(C)COC[C@@]1(N=[N+]=[N-])O[C@@H](n2ccc(N)nc2=O)[C@@H](C)[C@@H]1OCC(C)C,0,Train
23906691,CCc1ccc(-c2nc3c(=O)n(Cc4ccccc4)c(=O)nc-3n(C)n2)cc1,0,Train
23598067,CC1(C)CC(COc2ccc(Oc3cccc(-c4ccncn4)c3C#N)c(Cl)c2)CC(C)(C)N1,0,Train
29002282,N=C(N)c1ccc(C[C@H](NC(=O)CNS(=O)(=O)c2ccc3ccccc3c2)C(=O)N2CCCCC2)cc1,0,Train
29817448,CCOc1ccccc1-c1cc2c(N[C@H](CCO)c3ccccc3)ncnc2[nH]1,1,Train
97268,COC(=O)C1=CO[C@@H](C)[C@H]2CN3CCc4c([nH]c5ccccc45)[C@@H]3C[C@H]12,1,Train
32334118,CC[Si](CC)(CC)c1ccc(N2[C@H](c3ccc(NC(=O)[C@@H]4CCCN4C(=O)[C@@H](NC(=O)OC)C(C)C)cc3)CC[C@H]2c2ccc(NC(=O)[C@@H]3CCCN3C(=O)[C@@H](NC(=O)OC)C(C)C)cc2)cc1,0,Train
11586152,COc1ccc(-n2nc(C(F)(F)F)c3c2C(=O)N(c2ccc(C4(N(C)C)CC4)cc2)CC3)cc1,0,Train
10737212,Cc1nn(-c2ccc3onc(N)c3c2)c2c(=O)n(-c3ccc(-c4ccccc4CN(C)C)cc3)c(C)nc12,0,Train
12549361,Cc1ccc(N2c3cccc(C(=O)Nc4ccc(C(F)(F)F)c(F)c4)c3OC[C@@H]2CO)nc1,1,Train
27219145,CC[C@H]1C[C@@H](n2c(=O)nc(-c3cnn(C)c3)c3oc4cc(F)c(-c5cnn(C)c5)cc4c32)CCO1,1,Train
9104571,CCCCCNC(=O)[C@H](Cc1ccc(OCC(=O)O)c(C(=O)O)c1)NC(=O)[C@H](Cc1ccccc1)NC(=O)OC(C)(C)C,0,Train
1724426,CC(=O)N[C@@H](CS)C(=O)O,0,Train
21688715,CSc1ccccc1Nc1nc(N2CCNCC2)nc2c(NCC3CC3)ncnc12,0,Train
23434682,O=C(NCCC1CC1)c1ccc(N2CCN(C(=O)c3cc(F)ccc3C(F)(F)F)CC2)nn1,1,Train
26974824,Cl.Clc1ccc(-n2cc(NCCN3CCOCC3)nn2)cc1Cl,1,Train
6049992,CC(C)(C)NC[C@H](O)COc1nsnc1N1CCOCC1.O=C(O)/C=C\\C(=O)O,1,Train
1287039,c1ccc(C2(N3CCCCC3)CCCCC2)cc1,1,Train
25762912,CCc1cc(-c2ccc(C(F)(F)F)o2)n(-c2ccc3c(c2)nc(-c2cc(N4CCCC4)ccc2O)n3Cc2c[nH]c(=O)c(C)c2)n1,0,Train
23013119,Cn1c(C(=O)O)cc2cc(NC(=O)C(C)(C)NC(=O)c3ccc4c(C5CCCC5)c(-c5ccccn5)n(C)c4c3)ccc21,0,Train
21689639,CCOP(=O)(OCC)C(N=C=S)c1ccco1,0,Train
19601328,NS(=O)(=O)c1ccc(-n2cc(CS(=O)(=O)[C@@H]3O[C@H](CO)[C@@H](O)[C@H](O)[C@H]3O)nn2)cc1,0,Train
32454302,COC(=O)[C@@H]1CCCN1C(=O)[C@@H](Cc1ccccc1)N(C)C(=O)[C@H](C)NC(=O)[C@@H](NC(=O)[C@H](F)[C@H](O)[C@H](CC(C)C)NC(=O)[C@H](CC(N)=O)NC(=O)[C@H](CC(C)C)NC(=O)[C@H](NC(=O)[C@@H](NC(=O)[C@H](C(C)C)N(C)C)C(C)C)C(C)C)[C@@H](C)O,0,Train
14048787,CCCCCOc1ccc(CCC(N)(CO)CO)cc1.Cl,0,Train
13028440,COc1ccc(CCN2C(=O)N(NS(C)(=O)=O)C[C@H]2c2ccc(OC)cc2)cc1,1,Train
25844477,NC[C@H]1O[C@H](O[C@@H]2[C@@H](N)C[C@@H](N)[C@H](O[C@@H]3O[C@@H](CO)[C@H](O)[C@@H](N)[C@@H]3O)[C@H]2O)[C@H](N)C[C@@H]1O.O=S(=O)(O)O,0,Train
10737524,O=C1CC(c2ccc(C[C@H](Nc3nc4ccc(F)cc4s3)c3nc4ccccc4[nH]3)cc2)S(=O)(=O)N1,0,Train
18443642,Cc1ncccc1NC(=O)c1ccc2c(c1)CC[C@@H]1C[C@@](OP(=O)(O)O)(C(F)(F)F)CC[C@@]21Cc1ccccc1,0,Train
18429574,CCNC(=O)[C@H]1C[C@@](F)(c2ccc(CN3CCCC3)c(F)c2)C1,1,Train
25659035,O=C(O)C[C@H]1CC[C@H](c2ccc(C(=O)Nc3nnc(Cc4cccc(F)c4)s3)cc2)CC1,1,Train
19761411,Cn1c(N2CCN(CCCN3c4ccccc4Sc4ccc(C(=O)O)cc43)CC2)cc(=O)n(C)c1=O,0,Train
24074030,O=S(=O)(Cc1nnn(-c2ccccc2)c1I)C1O[C@H](CO)[C@@H](O)[C@H](O)[C@H]1O,0,Train
24369321,COc1ccc(Cn2c(CCc3ccccc3)nnc2[C@@H](Cc2c[nH]c3ccccc23)NC(=O)OCC(C)C)cc1.O=C(O)C(F)(F)F,1,Train
29555425,CCCCc1ccc(-c2nc(C)c(-c3ccnc(NN)n3)s2)cc1,0,Train
9966376,C[C@H](Cc1c[nH]c2c(OS(C)(=O)=O)cccc12)NC[C@H](O)c1cccc(NC/C=C/c2ccccc2)c1,0,Train
32081738,Cl.O=C(CCN1CCc2ccccc2C1)Nc1cc(-c2ccco2)c2oc(-c3ccco3)nc2c1,0,Train
32700727,O=C(O)C(F)(F)F.O=C1NCCc2ccc(O)c(c2)C/C=C/c2cccc(c2)C[C@@]2(CCCc3cn([C@@H]4O[C@H](CO)[C@@H](O)[C@H](O)[C@H]4O)nn3)CC(=O)N3[C@@H]2c2[nH]c4ccc(Br)cc4c2C[C@@H]3C(=O)N[C@H]1Cc1c[nH]cn1,0,Train
23013084,COc1ccc(-c2c(C3CCCC3)c3ccc(C(=O)NC4(C(=O)Nc5ccc(/C=C/C(=O)O)cc5)CCC4)cc3n2C)nc1,0,Train
18365015,O=C(c1ccc2[nH]ccc2c1)C1(Cc2ccccc2)CCNC1,1,Train
18952381,CC(C)c1cc(Oc2c(Cl)cc(-n3nc(C#N)c(=O)[nH]c3=O)cc2Cl)nn(COC(=O)N2CCOCC2)c1=O,0,Train
32612627,Cc1cccnc1[C@@H]1CCC[C@H](c2nc3cccc(N4CCN(C)C(C)C4)c3[nH]2)N1C,1,Train
23359312,Cc1ccc(C(=O)Nc2ccc(CN3CCN(C)CC3)c(C(F)(F)F)c2)cc1C#Cc1cnc2[nH]ncc2c1,0,Train
31380315,CC(=O)N1CCN(c2cccc(-c3cc(-c4ncco4)c4c(N)ncnn34)c2)C(=O)C1(C)C,1,Train
23009921,O=[N+]([O-])c1ccc(C2=NOC(c3ccc(N4CCOCC4)c(F)c3)C2)o1,1,Train
26174210,CC(=O)N1CCCC(NC(=O)c2ccc3c(C4CCCCC4)c(-c4ccccn4)n(C)c3c2)(C(=O)Nc2ccc(/C=C/C(=O)O)cc2)C1,0,Train
18425096,CC(C)CCn1nc(CC2CCCC2)c(O)c(C2=NS(=O)(=O)c3cc(NS(C)(=O)=O)ccc3N2)c1=O,0,Train
32612673,CN1CCN(c2cccc3nc([C@H]4CCC[C@@H](c5nccc6occc56)N4C)[nH]c23)CC1,1,Train
20385117,c1ccc(OC2CN(c3c4c(nc5ccnn35)CCNCC4)C2)cc1,1,Train
31765421,CC[C@]1(NC(=O)c2ccc3c(c2)CCCO3)C[C@@H]2CN(CCc3c([nH]c4ccccc34)[C@@](C(=O)OC)(c3cc4c(cc3OC)N(C)[C@H]3[C@@](O)(C(=O)OC)[C@H](OC(C)=O)[C@]5(CC)C=CCN6CC[C@]43[C@@H]65)C2)C1,0,Train
12973160,CC(=O)c1nc([C@@H](O)[C@H](O)[C@H](O)CO)c(C)[nH]1,0,Train
22316947,Cn1c2c(c3cc(S(=O)(=O)c4c[nH]c5ccccc45)ccc31)C1CCC(C2)N1,0,Train
14115593,Cc1cc(COc2ccc(C(=O)N[C@@H]3CC4(C[C@@H]3C(=O)NO)OCCO4)cc2)c2ccccc2n1,0,Train
30597015,CC(C)(O)[C@H](F)CNC(=O)c1cnc(-c2cnc3cc(Cl)cnn23)cc1NC1CC(F)C1,1,Train
22059440,CC(=O)N(C)C[C@H]1C[C@H](c2ccc(CN3CCCC3)c(Cl)c2)C1.Cl,1,Train
22108251,COc1ccc(-c2nnc(C(=O)N3CC(Oc4ccc(CN(C)C)c(F)c4)C3)o2)cc1,1,Train
24014947,CC(C)c1n[nH]c2cc(O)c(-c3nnc(C(=O)NCC(F)(F)F)n3-c3ccc(N4CCN(C)CC4)cc3)cc12,0,Train
13005104,Cn1cc(-c2cnc3nnn(Cc4ccc5ncccc5c4)c3n2)cn1,1,Train
14106291,CCCNC(=O)c1cn2ncnc(Nc3cc(C(=O)NOC)ccc3C)c2c1C,0,Train
27822263,O=c1cc(N2CCOCC2)nc2n1CCC1(CC1)N2C[C@@H](O)c1ccccc1,0,Train
11415381,CS(=O)(=O)N1CC2CC(CN(C(=O)CN3CCC[C@H](NS(=O)(=O)c4ccc5cc(Cl)ccc5c4)C3=O)C2)C1,0,Train
33338843,CCCCc1ccccc1NCc1ccc(C(=O)Nc2nc(CC(=O)[O-])cs2)s1.[Na+],1,Train
20741101,Cc1ncc(-c2nc(Nc3cc(F)c(CN4CCOCC4)cc3F)ncc2F)n1C1CCOCC1,1,Train
32601130,Cc1cccnc1C1CCCN1Cc1nc2cccc(N3CCN(C)CC3)n2c1C,1,Train
12824868,COc1ccc2c(O[C@@H]3C[C@H]4C(=O)N[C@]5(C(=O)NS(=O)(=O)C6CC6)C[C@H]5/C=C\\CCCCN(C)C(=O)[C@@H]4C3)cc(-n3ccc(C(C)C)n3)nc2c1C,1,Train
31937573,FCCOc1ccccc1CCC1CCN(CCc2ccccc2)CC1,1,Train
9660508,COc1cccc2c(CCCN3CCN(C4CCCCC4)CC3)cccc12,0,Train
12646562,CCOC(=O)c1cc(C#N)c(N2CCN(C(=O)NS(=O)(=O)c3ccc(Cl)s3)CC2)nc1C,0,Train
29190116,CNC(=O)c1ccc2[nH]nc(Cc3ccc4c(cnn4C)c3)c2c1,1,Train
1721907,OC[C@H](O)[C@H](O)[C@@H](O)[C@@H](O)CO,0,Train
25265988,CN1CCC(NC(=O)c2ccc3c(C4CCCC4)c(-c4cccc(N)n4)n(C)c3c2)(C(=O)Nc2ccc(/C=C/C(=O)O)cc2)CC1,0,Train
3572833,CN(CCOc1ccc(NS(C)(=O)=O)cc1)CCc1ccc(NS(C)(=O)=O)cc1,1,Train
32571714,O=C(NC1CC1)c1cc2c(-c3cccc(Cl)c3)ccnc2[nH]1,1,Train
23751919,COc1cc(-c2nc(=O)n(CCC3CCCO3)c3c2oc2ncc(-c4cnn(C)c4)cc23)ccn1,1,Train
30708925,CC(C)(O)CCc1cn(-c2cnc(-n3ncc4cc(C#N)cnc43)cc2NC(CF)CF)nn1,0,Train
32161825,CCn1c(=O)c(-c2ccc(-c3nc(C)c[nH]3)cc2Cl)cc2cnc(Nc3ccc(N4CCN(C)CC4)cc3)nc21,0,Train
32612671,CN1CCN(c2cccc3nc([C@H]4CCC[C@@H](c5nccc6ccccc56)N4C)[nH]c23)CC1,0,Train
28803326,[2H]C(c1ccc(-c2ccc3c(cnn3C)c2)cc1Cl)N(C(=O)c1ccccc1)c1cccc(/C=C/C(=O)OC)c1,0,Train
26553309,CN(CC1CC(CO)=CC(=O)C1O)CC1OC(CO)CC(=O)C1O,0,Train
18887657,NC(=O)[C@@]1(Cc2ccc(OCc3cc(-c4ccccc4)nc4ccccc34)c(F)c2)C[C@@H]1C(=O)NO,0,Train
23476427,CC(C)(c1cc(N2CCOCC2)nc(-c2cccc3[nH]ccc23)n1)S(C)(=O)=O,1,Train
18660708,CCOc1ccc(C(C)Nc2nc(N3CCN(C(C)=O)CC3)nc3c2CN(C(C)C)C3=O)cc1,0,Train
9798758,COc1ccc(Sc2ccccc2N2C[C@@H](C)N(CC(=O)O)C[C@@H]2C)cc1,1,Train
12809364,CCn1c2ccccc2c2cc(NC(=O)c3ccccc3Cl)ccc21,0,Train
24368065,COCCOCCOCCOCCOCCOC(=O)N[C@H](C(=O)N[C@@H](Cc1ccccc1)[C@@H](O)CN(Cc1ccc(-c2ccccn2)cc1)NC(=O)[C@@H](NC(=O)OCCOCCOCCOCCOCCOC)C(C)(C)C)C(C)(C)C,0,Train
25079893,C[C@H]1CN(C(=O)C(=O)c2c[nH]c3cccc(F)c23)[C@H](C)CN1C(=O)c1ccccc1,0,Train
23014136,CSCC[C@H](NC(=O)[C@H](CC(C)C)NC(=O)CNC(=O)[C@H](Cc1ccccc1)NNC(=O)C(Cc1ccccc1)NC(=O)C(Cc1c[nH]c2ccccc12)NC(=O)C1CCCN1C(=O)C(N)Cc1ccc(O)cc1)C(N)=O,0,Train
3574966,CC(C)NC[C@H](O)COc1cccc2ccccc12.Cl,1,Train
12938293,Nc1cc(C(F)(F)F)c(-c2cc(Nc3cnc4ccccc4c3)nc(N3CCOCC3)n2)cn1,0,Train
18444230,CC(C)CCn1nc(N2CCOCC2)c(O)c(C2=Nc3ccc(NS(C)(=O)=O)cc3S(=O)(=O)N2)c1=O,0,Train
17163077,CCN(CC)Cc1cc(Nc2ccnc3cc(Cl)ccc23)ccc1O.Cl.O,1,Train
26741762,O=c1[nH]cnc2cc(N3CCOCC3)nc(N3CCOCC3)c12,1,Train
19633975,O=C(Nc1ccc2c(c1)c1ccccc1n2CCO)c1ccccc1C(F)(F)F,1,Train
10610504,CNC(=N)c1cccc(CC(NS(=O)(=O)c2ccc3ccccc3c2)C(=O)N2CCC(C)CC2)c1,0,Train
27682093,COc1cccc(C(=O)NCc2ccccc2-c2ccccc2/C=C/c2ccc(O)cc2)c1,0,Train
24186185,O=C(C[C@H]1CNC(=O)c2cc(-c3cccc(F)c3)cn21)N[C@H](CO)C1CCCCC1,0,Train
28982736,C[C@H]1Cn2c(nnc2C(C)(C)F)CN1C(=O)c1cccc(C(F)(F)c2n[nH]c(=O)c3ccccc23)c1,0,Train
604010,COC1CC2CCC(C)C(O)(O2)C(=O)C(=O)N2CCCCC2C(=O)OC(C(C)CC2CCC(O)C(OC)C2)CC(=O)C(C)/C=C(\\C)C(O)C(OC)C(=O)C(C)CC(C)/C=C/C=C/C=C/1C,0,Train
9097922,COc1cc(C)ccc1S(=O)(=O)NC(=O)C(c1ccc2c(c1)OCO2)c1cn(C)c2cc(C(N)=O)ccc12,0,Train
27850041,CCOc1cc(NC(=O)C2(NC(=O)c3ccc4c(C5CCCC5)c(-c5ncc(Cl)cn5)n(C)c4c3)CCC2)ncc1C=CC(=O)O,1,Train
63067,COc1ccc(-c2coc3cc(O[C@@H]4O[C@H](CO)[C@@H](O)[C@H](O)[C@H]4O)ccc3c2=O)cc1,0,Train
92761,Oc1cc(O)c2c(c1)O[C@H](c1ccc(O)c(O)c1)[C@@H](O)C2,0,Train
12425983,CCCc1cc(C(=O)O)ccc1-c1ccc(OCCN[C@@H](C)[C@H](O)c2ccc(O)cc2)cc1,0,Train
29174264,CCOc1nc(NC(=O)C2(NC(=O)c3ccc4c(C5CCCC5)c(-c5ccccn5)n(C)c4c3)CCC2)ccc1/C=C/C(=O)O,1,Train
24162664,CC[C@H](C)[C@H](NC(=O)CN)C(=O)N[C@H](C(=O)N[C@@H](CCC(=O)O)C(=O)N[C@@H](CCC(N)=O)C(=O)N[C@H]1CSSC[C@@H]2NC(=O)[C@H]([C@@H](C)CC)NC(=O)[C@H](CO)NC(=O)[C@H](C(C)O)NC(=O)[C@H](CSSC[C@H](NC(=O)[C@H](CC(C)C)NC(=O)[C@H](Cc3cnc[nH]3)NC(=O)[C@H](CCC(N)=O)NC(=O)[C@H](CC(N)=O)NC(=O)[C@@H](NC(=O)[C@@H](N)Cc3ccccc3)C(C)C)C(=O)NCC(=O)N[C@@H](CO)C(=O)N[C@@H](Cc3cnc[nH]3)C(=O)N[C@@H](CC(C)C)C(=O)N[C@@H](C(C)C)C(=O)N[C@@H](CCC(=O)O)C(=O)N[C@@H](C)C(=O)N[C@@H](CC(C)C)C(=O)N[C@@H](Cc3ccc(O)cc3)C(=O)N[C@@H](CC(C)C)C(=O)N[C@@H](C(C)C)C(=O)N[C@H](C(=O)NCC(=O)N[C@@H](CCC(=O)O)C(=O)N[C@@H](CCCNC(=N)N)C(=O)NCC(=O)N[C@@H](Cc3ccccc3)C(=O)N[C@@H](Cc3ccccc3)C(=O)N[C@@H](Cc3ccc(O)cc3)C(=O)N[C@@H](C(=O)N3CCC[C@H]3C(=O)N[C@@H](CCCCN)C(=O)N[C@H](C(=O)O)C(C)O)C(C)O)CSSC[C@@H](C(=O)N[C@@H](CC(N)=O)C(=O)O)NC(=O)[C@H](Cc3ccc(O)cc3)NC(=O)[C@H](CC(N)=O)NC(=O)[C@H](CCC(=O)O)NC(=O)[C@H](CC(C)C)NC(=O)[C@H](CCC(N)=O)NC(=O)[C@H](Cc3ccc(O)cc3)NC(=O)[C@H](CC(C)C)NC(=O)[C@H](CO)NC2=O)NC1=O)C(C)C,0,Train
26621055,CCOC(=O)[C@H](Cc1ccccc1)NP(=O)(COCCn1cnc2c(N)ncnc21)N[C@@H](Cc1ccccc1)C(=O)OCC,0,Train
32858024,CC(=O)[C@H]1CC[C@H]2[C@@H]3CC=C4C[C@@H](OC(=O)CCCCC(=O)O)CC[C@]4(C)[C@H]3CC[C@]12C,1,Train
21359856,O=C(NC1(C(=O)N[C@H](CCCN2CCN(CC3CCOCC3)CC2)Cc2ccccc2)CCCC1)c1ccc2ccccc2c1,1,Train
25040286,CCc1cc(-c2c[nH]c3ncc(-c4cnn(CC(C)C)c4)cc23)nc(N)n1,1,Train
33289278,CN(C(=O)[C@@H]1[C@@H](Cc2ccnc(N)c2)C(=O)N1C(=O)N[C@@H](C1CCCCC1)C(F)(F)F)c1cccc(Cl)c1,0,Train
32601194,Cc1cccnc1C1CCCN1Cc1nccn1CC1CCN(c2ccccn2)CC1,1,Train
127172,O=c1[nH]cc(F)c(=O)[nH]1,1,Train
28783386,COc1ccccc1Oc1cc([N+](=O)[O-])ccc1NS(C)(=O)=O,1,Train
11586374,CNCC1(c2ccc(N3CCc4c(S(C)(=O)=O)nn(-c5ccc(OC)cc5)c4C3=O)cc2)CC1.O=C(O)C(F)(F)F,0,Train
20616778,Cc1ncnc(C)c1C(=O)N1CCC(C)(N2CCC(N3C(=O)N(C4CCOCC4)C[C@H]3c3ccccc3)CC2)CC1,0,Train
27682087,CN(C)c1ccc(CC(=O)NCc2ccccc2-c2ccccc2/C=C/c2ccc(O)cc2)cc1,0,Train
23751925,Cc1nc2cc(-c3nc(=O)n(CCC4CCCO4)c4c3oc3ncc(-c5cnn(C)c5)cc34)ccc2n1C,1,Train
12332069,CCCCC1N(CC2CCCCC2)C(=O)OC12CCN(C1(C)CCN(C(=O)c3c(C)cccc3C)CC1)CC2,1,Train
21598161,CCCCCN1C(=O)C(N)(c2ccc3c(c2)OCO3)c2ccccc21,1,Train
32612668,Cc1c(Cl)ccnc1[C@@H]1CCC[C@H](c2nc3cccc(N4CCN(C)CC4)c3[nH]2)N1C,1,Train
29196191,CCN1C(=O)c2cccc3c(NS(=O)(=O)c4cc(Br)ccc4OC)ccc1c23,1,Train
12675935,COc1cc(C)c(S(=O)(=O)N(C)CCOCC(=O)N2CCC(CCN(C)C)CC2)c(C)c1,0,Train
29232329,O=c1[nH]cnc2c(-n3cc(CCN4CCCCC4)cn3)nccc12,0,Train
20051389,O=C(NCc1cccnc1)c1ccc(-c2cccc3nc(Nc4ccccc4)nn23)cc1,1,Train
194089,O=c1cc(-c2ccccc2)oc2cc(O)ccc12,0,Train
15399505,Cc1cnc(NCCc2ccc(C(F)(F)F)cc2)c(=O)n1CC(=O)NCCONC(=N)N,0,Train
7683416,C=C(Br)C(=O)Nc1cc(C(=O)Nc2cc(C(=O)Nc3cc(C(=O)Nc4cc(C(=O)NCCC(=N)N)n(C)c4)n(C)c3)n(C)c2)n(C)c1.Cl,1,Train
18952367,CC(=O)OCn1nc(Oc2c(Cl)cc(-n3nc(C#N)c(=O)[nH]c3=O)cc2Cl)cc(C(C)C)c1=O,0,Train
12614063,COC[C@@H]1CCCN1CC(O)CN1[C@H]2CC[C@@H]1C[C@H](NC(=O)c1nn(C(C)C)c3ccccc13)C2,1,Train
18603155,CCCCCCC(N)C(=O)N[C@@H](Cc1c(C)cc(O)cc1C)C(=O)N1CCC[C@H]1C(=O)N[C@@H](Cc1c[nH]c2ccccc12)C(=O)N[C@@H](Cc1ccccc1)C(N)=O,0,Train
11220381,C=C[C@@H]1C[C@]1(NC(=O)[C@@H]1C[C@@H](Oc2cc(-c3ccccc3)nc3cc(OC)ccc23)CN1C(=O)[C@@H](NC(=O)OC(C)(C)C)C(C)(C)C)C(=O)NCC(F)(F)F,0,Train
32571731,c1cncc(C2CCCN2c2ccnc3[nH]ncc23)c1,1,Train
24874865,Cc1cc(COc2ccc(S(=O)(=O)CC3NCCCC3C(=O)NO)cc2)c2ccccc2n1,0,Train
27334675,OC[C@H]1O[C@@H](SCc2cn(-c3ccccc3)nn2)[C@H](O)[C@@H](O)[C@@H]1O,0,Train
20308377,NC1=N[C@](c2ccncc2)(c2cccc(-c3cncnc3)c2)c2cccc(F)c21,1,Train
91297,N[C@@H](Cc1c[nH]c2ccccc12)C(=O)NCC(=O)O,1,Train
24395297,COc1ccc(-c2nc(O[C@@H]3C[C@H]4C(=O)N[C@]5(C(=O)NS(=O)(=O)C6CC6)C[C@H]5/C=C\\CCCCN(C)C(=O)N4C3)c3ccc(OC)c(C)c3n2)cc1,1,Train
32115627,CC(OC(=O)N1C[C@H]2[C@H](CNC(=O)c3ccc4[nH]c(=O)oc4c3)[C@H]2C1)c1cc(Cl)cc(Cl)c1,1,Train
28571173,CC[C@H](C)[C@@H]([C@@H](CC(=O)N1CCC[C@H]1[C@H](OC)[C@@H](C)C(=O)N[C@@H](Cc1c[nH]c2ccccc12)C(=O)NCc1ccccc1)OC)N(C)C(=O)[C@@H](NC(=O)[C@H](C(C)C)N(C)CCCC(=O)NNC(=O)CCCCCN1C(=O)CC(SC[C@H](N)C(=O)O)C1=O)C(C)C,0,Train
22196099,Cc1nn(-c2ccccn2)c(O)c1C(=O)Nc1ccccc1,1,Train
19432407,CS(=O)(=O)c1ccc(C(c2nnnn2Cc2ccccc2)N2CCCN(C3CCC3)CC2)cc1,0,Train
15682094,CC1CN(C(=O)C(=O)c2c[nH]c3cccc(F)c23)CCN1C(=O)c1ccccc1,0,Train
32601116,Cc1cccnc1C1CCCN1Cc1nc2cccc(N3CCN(C4CC4)CC3)c2[nH]1,1,Train
25795986,CCCCCCCCCC[C@H](N)C(=O)NC(Cc1ccc(O)cc1)C(=O)NCC(=O)NCC(=O)N[C@H](Cc1ccccc1)C(=O)N[C@@H](CC(C)C)C(N)=O,0,Train
32612457,Cc1cccnc1[C@H]1CCC[C@@H](c2nc3ccccc3n2CCCN(C)C)N1C,0,Train
8175841,C[C@H](Cc1cc2c(c(C(N)=O)c1)N(CCCO)CC2)NCCOc1ccccc1OCC(F)(F)F,0,Train
22751704,Br.N=C(N)SCc1cccc2c1-c1c(CSC(=N)N)cccc1-2,0,Train
26699738,C=CCCCS(=O)(=O)NC(=O)c1ccccc1NC(=O)C(NC(=O)OC(C)(C)C)c1ccc(Oc2cc(OC)nc(-c3ccccc3)n2)c(C=C)c1,0,Train
11116227,CNC(=O)c1cc(Oc2ccc(NC(=O)Nc3ccc(Cl)c(C(F)(F)F)c3)cc2)ccn1.Cc1ccc(S(=O)(=O)O)cc1,1,Train
10628443,NS(=O)(=O)c1ccccc1-n1nc(C(F)(F)F)c2c1C(=O)N(c1ccc(-c3ccccc3CN3CC[C@@H](O)C3)cc1)CC2,0,Train
6732817,CCCCCc1cc(OC)c(CC=C(C)C)c(O)c1C(=O)O,0,Train
31277689,C[C@H](N[S@]1(=O)=NC(=O)c2ccccc21)c1ccccc1,1,Train
12485726,N#Cc1nc(CCCO)cc(-c2cccc(C(F)(F)F)c2)n1,0,Train
26883083,COC(=O)c1ccc(-c2ccc(CC(=O)NCc3ccccc3)cc2)cc1,1,Train
30708890,N#Cc1cnc2c(cnn2-c2cc(NC3CC3)c(-n3cc(C4CCOCC4)nn3)cn2)c1,1,Train
23036958,CC(=O)N[C@@H](Cc1ccccc1)[C@H](O)CN[C@H]1CC(C)(C)Oc2ccc(CC(C)(C)C)cc21,1,Train
32612631,Cc1cccnc1[C@@H]1CCC[C@H](c2nc3ccccc3n2CCCCN2CCOCC2)N1C,1,Train
30596995,CCCNc1cc(-c2cnc3cc(Cl)cnn23)ncc1C(=O)NC[C@@H](F)C(C)(C)O,1,Train
12495747,C=C[C@@H]1C[C@]1(NC(=O)[C@@H]1C[C@@H](Oc2cc(OCC)nc3c(Br)c(OC)ccc23)CN1C(=O)[C@@H](CC(=O)Nc1ccccc1)C(C)(C)C)C(=O)NS(=O)(=O)C1CC1,0,Train
27164679,CN(C)Cc1ccc2c(c1)CCN(C(=O)c1cc3cc(Br)ncc3n1C)C2,1,Train
10127838,C[C@H](N)C(=O)N[C@@]1(C(=O)O)CC[C@H]2[C@H](C(=O)O)[C@H]21.Cl,0,Train
24938735,CS(=O)(=O)c1ccc([C@H](C[C@@H]2CCC(=O)C2)C(=O)Nc2cnccn2)cc1Cl,0,Train
26179211,NS(=O)(=O)c1ccc(-n2cc(C3=CC=CC3[Fe]C3C=CC=C3)nn2)cc1,1,Train
23978150,C[C@H]1Cc2ccccc2N1C(=O)Cc1nc(N2CCOCC2)cc(=O)[nH]1,0,Train
20129755,CC(C)n1c(=O)c(C(=O)N[C@@H]2C[C@@H]3CC[C@H](C2)N3CCCCCCCN2CCCCC2)cc2ccccc21,1,Train
29190137,Cn1cc(-c2ccc(Cc3n[nH]c4ccc(C(=O)N5CCOCC5)cc34)cc2)cn1,1,Train
13473055,CC1CCN(C(=O)[C@H](CCCNc2ncccn2)NS(=O)(=O)c2ccc3ccccc3c2)CC1,1,Train
24568096,CCN1CCN(CC(=O)N[C@]2(c3ccc(Cl)c(Cl)c3)C(=O)Nc3cc(Cl)cc(Cl)c32)CC1,0,Train
30596857,CC(C)(O)[C@H](F)CNC(=O)c1cnc(-c2cnn3cc(Cl)cnc23)cc1NC1CC(F)(F)C1,1,Train
8796119,O=C(Nc1cc(C(F)(F)F)cc(C(F)(F)F)c1)c1cnc(Cl)nc1Cl,0,Train
2825000,COc1ccc(CCN(C)CCCC(C#N)(c2ccc(OC)c(OC)c2)C(C)C)cc1OC,1,Train
20083419,CC(C)(O)Cn1cc(Nc2nc3c(-c4ccc(CNC5CCS(=O)(=O)C5)cc4)cccn3n2)cn1,0,Train
18877911,O=C(/C=C/c1ccc(Cl)cc1)NC1(C(=O)N[C@H](Cc2ccccc2)C(=O)NCC2CCN(CC3CCOCC3)CC2)CCCC1,0,Train
23298484,Cn1cnc(S(=O)(=O)N2CCS[C@H]2C(=O)O[C@@H](Cc2c(Cl)c[n+]([O-])cc2Cl)c2ccc(OC(F)F)c(OCC3CC3)c2)c1,0,Train
4297128,CNCC[C@H](Oc1cccc2ccccc12)c1cccs1,0,Train
29174267,CCOc1nc(NC(=O)C2(NC(=O)c3ccc4c(C5CCCC5)c(-c5cncnc5)n(C)c4c3)CCC2)ccc1/C=C/C(=O)O,1,Train
20212801,O=C(CC1CNC(=O)c2cc(-c3ccccc3F)cn21)NCC1CCCCC1,1,Train
12428975,O=C1c2ncc3c(ccn3Cc3ccc(F)cc3)c2CCN1O,1,Train
27682001,O=C(Cc1ccc(F)cc1)NCc1ccccc1-c1ccccc1/C=C/c1ccc(F)cc1,0,Train
20473513,O=c1cc(COc2cc(Cl)cc(Cl)c2)[nH][nH]1,1,Train
8163246,CC(C)(C)NC[C@@H](COc1nsnc1N1CCOCC1)OC(=O)C1CC1,1,Train
30708995,CC(C)Nc1cc(-n2ncc3cc(C#N)cnc32)ncc1-c1cn(C[C@H]2CC2(F)F)nn1,1,Train
12676268,CCN1CCC(N2CCN(C(=O)COCCN(C)S(=O)(=O)c3c(C)cc(OC)cc3C)CC2)CC1.O=C(O)/C=C/C(=O)O,0,Train
26898643,O=c1cc(C2CCNCC2)o[nH]1,0,Train
32471201,COc1cc(OCCNCCCF)ccc1[C@@H]1c2[nH]c3ccccc3c2C[C@@H](C)N1CC1(F)COC1,0,Train
24074037,CC(=O)OC[C@H]1OC(O[C@H]2[C@H](OC(C)=O)[C@@H](OC(C)=O)C(S(=O)(=O)Cc3nnn(-c4ccc(S(N)(=O)=O)cc4)c3I)O[C@@H]2COC(C)=O)[C@H](OC(C)=O)[C@@H](OC(C)=O)[C@@H]1OC(C)=O,0,Train
26467349,C[C@@H]1COCCN1c1cc(=O)n2c(n1)N(CC(=O)c1cccnc1)[C@H](C(F)(F)F)CC2,0,Train
30531234,COC(=O)[C@@]12C[C@@H]1[C@@H](n1cnc3c(NC(C4CC4)C4CC4)nc(Cl)nc31)[C@H](O)[C@@H]2O,1,Train
11586438,COc1ccc(-n2nc(C(N)=O)c3c2C(=O)N(c2ccc(C4(CN5CCOCC5)CC4)cc2)CC3)cc1.O=C(O)C(F)(F)F,0,Train
28665366,CC(=O)C1=C(O)C(CC(C)C)N(CCn2c([N+](=O)[O-])cnc2C)C1=O,1,Train
23591542,Cc1c(O)c(=O)ccn1CCCC(=O)N1CCCC1c1nc2ccccc2s1,1,Train
9160226,C=C(Br)C(=O)Nc1ccc(C(=N)N)cc1.Cl,0,Train
20308379,NC1=N[C@@](c2cccc(-c3cncnc3)c2)(c2ccnc(C(F)F)c2)c2cccc(F)c21,1,Train
24190659,CCCOCCn1c2c(nc(N[C@H]3CC[C@H](O)CC3)c1=O)CNC(c1ccc(OC)nc1)=C2,1,Train
10600646,CN(C)CC1CCC(CNc2nc(NCc3ccccc3Cl)ncc2[N+](=O)[O-])CC1,1,Train
18877908,CCCCc1ccc(C(=O)NC2(C(=O)N[C@H](Cc3ccccc3)C(=O)NCC3CCN(CC4CCOCC4)CC3)CCCC2)cc1,0,Train
23434688,O=C(NCCC1CC1)c1ccc(N2CCN(C(=O)c3ccc(F)cc3C(F)(F)F)CC2)nn1,1,Train
19149198,O=C(C1CCOCC1)N1CCCN(c2nc3ccc(Cl)cc3s2)CC1,1,Train
8892136,CC[C@]1(O)CC2CN(CCc3c([nH]c4ccccc34)[C@@](C(=O)OC)(c3cc4c(cc3OC)N(C)[C@H]3[C@@](O)(C(=O)OC)[C@H](OC(C)=O)[C@]5(CC)C=CCN6CC[C@]43[C@@H]65)C2)C1,0,Train
12514654,COCCOc1cc(NC(=O)C2(NC(=O)c3ccc4c(C5CCCC5)c(-c5ncc(Cl)cn5)n(C)c4c3)CCC2)ccc1/C=C/C(=O)O,1,Train
11343410,OCC1OC(OC2(CO)OC(CO)C(O)C2O)C(O)C(O)C1O,0,Train
21177505,CC#Cc1cncc(-c2cc(C3(C4CC4)N=C(C)C(N)=N3)ccc2O)c1,0,Train
12446759,O=C1c2ncc3c(c(CCCOC4CCOCC4)cn3Cc3ccc(F)cc3)c2CCN1O,0,Train
10734955,Cc1cc(Cc2ccc(C(=O)N[C@@H]3CN(C(=O)C(C)(C)C)C[C@@H]3C(=O)NO)cc2)c2ccccc2n1,0,Train
125553,OCCc1c[nH]c2ccccc12,1,Train
6772561,C/C=C(/C)C(=O)O[C@@H]1[C@H](OC(C)=O)c2c(ccc3ccc(=O)oc23)OC1(C)C,1,Train
32721377,CC#C[C@@H](CC(=O)O)c1ccc(OCc2ccc(C(=O)N[C@@H]3CCCc4ccccc43)cc2)cc1,1,Train
18462167,N=C(N)SCc1cc(F)ccc1Sc1cc(F)c(F)cc1CSC(=N)N,0,Train
27602839,CCCC(=O)c1cnn(-c2ccc(NC(=O)c3cn(CC(=O)N4CCN5CCN(C)C(=O)[C@@H]5C4)c4ccc(Cl)cc34)cc2)c1C.Cl,0,Train
30631444,CO[C@H]1C(=O)[C@]2(C)[C@@H](OC(=O)N(C)C)C[C@H]3OC[C@@]3(OC(C)=O)[C@H]2[C@H](OC(=O)c2ccccc2)[C@]2(O)C[C@H](OC(=O)[C@H](O)[C@@H](NC(=O)N(C)C)c3ccccc3)C(C)=C1C2(C)C,1,Train
24907112,CNC(=O)[C@@H](NC(=O)[C@@](O)(CCCN(Cc1ccc(C#Cc2cccnc2)cc1)NC(=O)C(NC(=O)OC)C(C)(C)C)Cc1ccccc1)C(C)(C)C,0,Train
24569645,CCCCC[C@H](O)/C=C/[C@H]1[C@H](O)C[C@H](O)[C@@H]1C/C=C\\CCCC(=O)NCCc1ccc(S(N)(=O)=O)cc1,0,Train
29314746,CN(C)C(=O)Cc1ccc(-c2nc(N)nc3ccccc23)cc1,1,Train
29475957,COc1cc(C)c(C(=O)NS(=O)(=O)c2cccc3cccnc23)cc1-c1ccc(C#CCO)s1,0,Train
19611826,N=C(N)NCCC[C@@H](NC(=O)[C@@H](CCCNC(=N)N)NC(=O)[C@@H](CCCNC(=N)N)NC(=O)[C@@H](CCCNC(=N)N)NC(=O)[C@@H](CCCNC(=N)N)NC(=O)[C@@H](CCCNC(=N)N)NC(=O)[C@@H](CCCNC(=N)N)NC(=O)CCCNC(=O)[C@@H](CCC(N)=O)NC(=O)CCC(=O)OCCNC(=S)Nc1ccc(-c2c3ccc(=O)cc-3oc3cc(O)ccc23)c(C(=O)O)c1)C(N)=O,0,Train
32489710,NC(=O)c1cccc(-c2ccc(S(=O)(=O)Nc3ccc4c(c3)N(C(=O)C3CC3)CCC4)cc2)c1,1,Train
30708932,CC(C)Nc1cc(-n2ncc3cc(C#N)cnc32)ncc1-n1cc(CCC(C)(C)OC(=O)CN(C)C)nn1,1,Train
4776338,CC[C@H]1OC(=O)[C@H](C)[C@@H](O[C@H]2C[C@@](C)(OC)[C@@H](O)[C@H](C)O2)[C@H](C)[C@@H](O[C@@H]2O[C@H](C)C[C@H](N(C)C)[C@H]2O)[C@](C)(O)C[C@@H](C)CN(C)[C@H](C)[C@@H](O)[C@]1(C)O,0,Train
27682091,COc1ccc(CC(=O)NCc2ccccc2-c2ccccc2/C=C/c2ccc(O)cc2)cn1,0,Train
27682009,CC[C@@H](C(=O)NCc1ccccc1-c1ccccc1/C=C/c1ccc(O)cc1)c1ccccc1,0,Train
29357940,C[C@@H]1CN(c2cc(=O)c3cc(C(=O)N(C)C)cc(CN4CCOc5c(F)cc(F)cc54)c3o2)CCO1,1,Train
25077419,CC1CCCN1CCCOc1ccc(C2=NC3(CCN(C4CCCC4)CC3)CO2)cc1,0,Train
22830628,C[C@@H](CO)N1C[C@@H](C)[C@@H](CN(C)Cc2ccc(Oc3ccccc3)cc2)Oc2c(NC(=O)c3ccncc3)cccc2C1=O,1,Train
20800178,CC(=O)NCc1ccc2c(c1)C(N1CCN(C)CC1)Cc1ccccc1S2,1,Train
12995748,CCOc1ccccc1Cn1cnc(-c2ccc(Cl)cc2Cl)c1CN,1,Train
33611428,C[C@H]1CN(C(=O)c2ccnc(Nc3cc4[nH]c(-c5ccc(F)c(C(F)(F)F)c5)nc4cn3)c2)C[C@@H](C)N1CC1CC1,0,Train
14396133,CC(=O)N[C@@H](CCN1[C@H]2CC[C@@H]1C[C@@H](n1c(C)nc3c1CCN(C(=O)C(C)C)C3)C2)c1cccc(F)c1,0,Train
8101951,COC(=O)N[C@H](C(=O)N[C@@H](Cc1ccccc1)[C@@H](O)CN(Cc1ccc(-c2ccccn2)cc1)NC(=O)[C@@H](NC(=O)OC)C(C)(C)C)C(C)(C)C,0,Train
3654487,Nc1nc2c(ncn2COC(CO)CO)c(=O)[nH]1,0,Train
27131959,Nc1ccn([C@@H]2O[C@H](COC(=O)[C@@H](N)Cc3ccccc3)[C@@H](O)C2(F)F)c(=O)n1.O=C(O)C(F)(F)F,0,Train
25265961,Cc1ccc(-c2c(C3CCCC3)c3ccc(C(=O)N[C@]4(C(=O)Nc5ccc(/C=C/C(=O)O)cc5)CCN(C)C4)cc3n2C)nc1,0,Train
24314367,CCCCCCCCCCC(NC(=O)[C@H](Cc1ccccc1)NC(=O)[C@H](Cc1c[nH]c2ccccc12)NC(=O)[C@@H]1CCCN1C(=O)[C@@H](N)Cc1ccc(O)cc1)C(N)=O,0,Train
20051323,COc1ccc(-c2cccc3nc(Nc4ccc(C(=O)NCC(N)=O)cc4)nn23)cc1,0,Train
15399369,Cc1cnc(NCCc2ccc(F)c(F)c2)c(=O)n1CC(=O)NCCONC(=N)N,0,Train
27219175,CC[C@H]1C[C@@H](n2c(=O)nc(-c3cnn(C)c3)c3oc4cnc(-c5cnn(C)c5)cc4c32)CCCO1,1,Train
20083415,CN(CCO)Cc1ccc(-c2cccn3nc(Nc4ccc(C(=O)NC5CC5)cc4)nc23)cc1,0,Train
13059980,CN(c1ccc2c(c1)S(=O)(=O)N=C(c1c(O)c3cccn3n(Cc3ccc(F)cc3)c1=O)N2)S(C)(=O)=O,0,Train
24395279,COc1ccc(-c2nc(O[C@@H]3C[C@H]4C(=O)N[C@]5(C(=O)NS(=O)(=O)C6CC6)C[C@H]5/C=C\\CCCCN(C)C(=O)[C@@H]4C3)c3ccc(OC)c(C)c3n2)cc1,0,Train
70669,CN(Cc1cnc2nc(N)nc(N)c2n1)c1ccc(C(=O)N[C@@H](CCC(=O)O)C(=O)O)cc1,0,Train
30428586,Cc1nc2ccc(-n3ncc(C(=O)c4cc5ccc(Br)cc5[nH]4)c3N)cc2[nH]1,0,Train
28803335,[2H]C(c1ccc(-c2ccc3c(cnn3C)c2)cc1)N(C(=O)[C@@H]1C[C@@H]2CC[C@H]1C2)c1cccc(/C=C/C(=O)OC)c1,0,Train
29232331,CN(CCc1cnn(-c2nccc3c(=O)[nH]cnc23)c1)Cc1ccc(F)cc1,0,Train
22751742,Br.N=C(N)SCc1cc(F)ccc1Sc1ccc(C(F)(F)F)cc1CSC(=N)N,0,Train
26334084,COc1cc(Cl)ccc1C[C@@H](C)C(=O)N1CCN(c2ccc(Cl)cc2[C@@H](NC(=O)C2CCN2)C(C)C)CC1,0,Train
28803485,COC(=O)/C=C/c1cccc(N(Cc2ccc(-c3ccc(N(C)C)cc3)cc2)C(=O)[C@@H]2C[C@@H]3CC[C@H]2C3)c1,0,Train
28803315,COC(=O)/C=C/c1cc(F)cc(N(Cc2ccc(-c3ccc4c(cnn4C)c3)cc2)C(=O)C2CCCCC2)c1,0,Train
26883086,CC(C)CNC(=O)c1ccc(-c2ccc(CC(=O)NCc3ccco3)cc2)cc1,1,Train
27104744,CC(C)(O)CCNC(=O)N1C(=O)N(c2cccc(C(F)(F)F)c2)C2=C(C(=O)CC2)C1c1ccc(C#N)cc1,1,Train
635724,NC(N)=O,0,Train
26023066,Cl.N#Cc1ccc(Cn2cncc2CN2CCN(C(=O)C3CCCCC3)CCC2c2ccccc2)cc1,1,Train
24324509,COC(=O)N[C@@H](CCN1[C@H]2CC[C@@H]1C[C@H](n1c(C)nc3c1CN(C(=O)OC)CC3)C2)c1cccc(F)c1,1,Train
25266026,Cn1c(-c2ccc3ncccc3c2)c(C2CCCC2)c2ccc(C(=O)NC(C)(C)C(=O)Nc3ccc(/C=C/C(=O)O)cc3)cc21,0,Train
30708873,CC(=O)N[C@H]1CC[C@H](c2cn(-c3cnc(-n4ncc5cc(C#N)cnc54)cc3NC(C)C)nn2)CC1,0,Train
29190128,Cn1cc(-c2ccc(Cc3n[nH]c4ccc(C(=O)N5CC[C@H](O)C5)cc34)cc2)cn1,0,Train
18884250,CC(C)(C)Cc1nn(CCC2CC2)c(=O)c(C2=NS(=O)(=O)c3cc(NS(C)(=O)=O)ccc3N2)c1O,0,Train
12676210,COc1cc(C)c(S(=O)(=O)N(C)CCOCC(=O)N2CCC(CCN(C)C)CC2)c(C)c1.O=C(O)/C=C/C(=O)O,0,Train
30709004,CC(C)Nc1cc(-n2ncc3cc(C#N)cnc32)ncc1-c1nnc(C(=O)N2CCNCC2)o1,0,Train
31323861,C[C@@H](NC(=O)c1cc(Cl)cnc1Oc1ccc(F)cc1)c1ccc(C(=O)O)cc1,1,Train
8353029,CC(C)(C)NC[C@@H](O)COc1ccc(NC(=O)NC2CCCCC2)cc1,0,Train
1100900,O=C(O)/C=C/c1ccccc1O,1,Train
26662063,NC(=O)c1sc(N2CCOCC2)nc1CC(=O)N1CCc2ccccc21,1,Train
6075662,CC[C@@]1(O)C(=O)OCc2c1cc1n(c2=O)Cc2cc3ccccc3nc2-1,0,Train
71823,COC[C@@]12CC[C@H](OC)[C@]34C([C@H]([C@H](OC)[C@H]13)[C@@]1(O)[C@@H](O)[C@H](OC)[C@@]3(O)C[C@@H]4[C@@H]1[C@H]3OC(=O)c1ccccc1)N(C)C2,0,Train
32614131,CN1CCN(c2cccc3nc([C@H]4CCC[C@@H](c5ncccc5C(F)(F)F)N4C)cn23)CC1,0,Train
27339223,C=Cc1cc([C@H](NC(=O)OC(C)(C)C)C(=O)Nc2ccccc2C(=O)NS(=O)(=O)c2ccc(C(F)(F)F)cc2)ccc1Oc1cc(OC)nc(-c2ccccc2)n1,0,Train
23751929,CN(C)c1cnc(-c2nc(=O)n(CCC3CCCO3)c3c2oc2ncc(-c4cnn(C)c4)cc23)cn1,0,Train
5371868,CNS(=O)(=O)Cc1ccc2[nH]cc(CCN(C)C)c2c1.O=C(O)CCC(=O)O,1,Train
2419978,C=C(C)[C@@H]1C[C@@]2(C)C(=CC1=O)CC[C@@H](OC(=O)/C(C)=C\\C)[C@@H]2C,1,Train
27806961,COc1ccc(Cl)c(S(=O)(=O)Nc2ccc(-c3cnc4c(C)n[nH]c4n3)cc2)c1.O=C(O)C(F)(F)F,1,Train
10457650,COc1cc(C(C)C)c(Oc2cnc(N)nc2N)cc1I,1,Train
30428584,Cc1nc2ccc(-n3ncc(C(=O)c4cc5ccc(-c6ccccc6)cc5[nH]4)c3N)cc2[nH]1,0,Train
12514625,CCOc1cc(NC(=O)C2(NC(=O)c3ccc4c(C5CCCC5)c(-c5ccc(Cl)cn5)n(C)c4c3)CCC2)ccc1/C=C/C(=O)O,1,Train
27060683,CNC(=O)N1C(=O)N(c2cccc(C(F)(F)F)c2)C2=C(C(=O)CC2)[C@H]1c1ccc(C#N)cc1,1,Train
3905540,C[n+]1cccc2c(N)cccc21,1,Train
24874877,Cc1cc(COc2ccc(S(=O)(=O)CC3NCCC3C(=O)NO)cc2)c2ccccc2n1,0,Train
9175160,CCCCCNC(=O)[C@H](Cc1ccc(OCC(=O)OC)c(C(=O)O)c1)NC(=O)[C@H](Cc1ccccc1)NC(=O)OC(C)(C)C,0,Train
23036981,CC(=O)N[C@@H](Cc1ccccc1)[C@H](O)CN[C@H]1CC(C)(C)Cc2nn(CC(C)C)cc21,0,Train
28665350,Cc1ncc([N+](=O)[O-])n1CCN1C(=O)C(C(=O)c2ccc(F)cc2)=C(O)[C@H]1CC(C)C,1,Train
25083811,COc1ccc(N2N=C(C(F)(F)F)C3CCN(c4ccc(C5(Cn6ccnc6C)CC5)cc4)C(=O)C32)cc1.O=C(O)C(F)(F)F,0,Train
31331,OCc1ccc(O[C@@H]2O[C@H](CO)[C@@H](O)[C@H](O)[C@H]2O)cc1,0,Train
24074049,CC(=O)OC[C@H]1OC(S(=O)(=O)Cc2cn(-c3ccccc3)nn2)[C@H](OC(C)=O)[C@@H](OC(C)=O)[C@@H]1OC(C)=O,1,Train
9879395,Cc1cc(COc2ccc(S(=O)(=O)CC3(CC(=O)NO)CCCO3)cc2)c2ccccc2n1,0,Train
8383547,[3H][C@@]1(O)C[C@H]2[C@@H](CC[C@@H]3C[C@@H](O[C@H]4C[C@H](O)[C@H](O[C@H]5C[C@H](O)[C@H](O[C@H]6C[C@H](O)[C@H](O)[C@@H](C)O6)[C@@H](C)O5)[C@@H](C)O4)CC[C@]23C)[C@@]2(O)CC[C@H](C3=CC(=O)OC3)[C@]21C,0,Train
20007930,CC(C)C1CN(C(=O)c2ccccc2)CCN1C(=O)C(=O)c1c[nH]c2cccc(F)c12,1,Train
27157509,C=CCOC(=O)c1cccnc1NC12CC3CC(CC(C3)C1)C2,0,Train
23705917,O=C(O)c1ccc(F)cc1OCCCN1CCC2(CC1)Cc1cc(Cl)ccc1O2,1,Train
20500893,CS(=O)(=O)C1(c2cc(N3CCOCC3)nc(-c3cccc4[nH]ccc34)n2)CCOCC1,1,Train
23751811,Cc1nc(NC(=O)CN2C(=O)OC[C@H]2C(C)C)sc1-c1ccc(N)cc1,1,Train
23071052,CCCC(=O)c1cnn(-c2ccc(NC(=O)c3cn(CC(=O)N4CCN(CC(F)F)CC4)c4ccc(C)cc34)cc2)c1C.Cl,0,Train
31840315,CC/N=c1/cc2oc3cc(NCC)c(C)cc3c(-c3ccccc3C(=O)NCCCCNC(=O)Cc3onc(-c4ccc(Cl)o4)c3-c3ccccc3)c-2cc1C.Cl,1,Train
30596839,CC(C)(O)[C@H](F)CNC(=O)c1cnc(-c2cnn3cc(Cl)cnc23)cc1NCCC(F)(F)F,1,Train
21859078,Nc1ncnc2c1C(=O)N(c1ccc(-c3ccc(Cn4cccnc4=O)cc3Cl)cc1)CCO2,0,Train
11016488,O=C(O)CC(c1cccnc1)n1ccc2c(CCc3ccc4c(n3)NCCC4)cccc21,0,Train
25180458,COCCOCCOCCOCCOCCNC(=O)C[C@H](NC(=O)c1ccc2ccccc2n1)C(=O)N[C@@H](Cc1ccccc1)[C@H](O)CN1CC2CCCCC2C[C@H]1C(=O)NC(C)(C)C,0,Train
30708919,CC(C)(O)CCc1cn(-c2cnc(-n3ncc4cc(C#N)cnc43)cc2N[C@H]2CC[C@@H](F)C2)nn1,0,Train
9203105,O=c1ccn(CCO)c(C(O)c2ccccc2)c1O,0,Train
27779269,C[C@@H]1Cc2ccccc2CN1C(=O)c1cc2c(cc1-c1cc(C(=O)N(c3ccc(O)cc3)c3cnc4c(ccn4C)c3)c3ccccn13)OCO2,0,Train
28679082,NC(=O)c1cnc(CNc2nc3c(cc2F)c(=O)c(C(=O)O)cn3C2CC2)cn1,0,Train
23744852,COCCOCc1c(-c2cc3cc(C)cc(OC)c3s2)c2c(N)ncnn2c1CN1CCNCC1.O=CO,0,Train
28358947,Cl.NC[C@H]1C[C@@H]1c1cc(Cl)ccc1OCCF,1,Train
15439115,CCn1c2ccccc2c2c(C)c(NC(=O)c3ccccc3Cl)ccc21,0,Train
8072099,CCOC(=O)Nc1ccc(NCc2ccc(F)cc2)cc1N,1,Train
13126341,CC(C)CCn1nc(-c2cccs2)c(O)c(C2=CS(=O)(=O)c3cc(NS(C)(=O)=O)ccc3N2)c1=O,0,Train
20083482,O=C1c2ccc(Nc3nc4c(-c5ccc(CN6CCOCC6)cc5)cccn4n3)cc2CN1C1CC1,0,Train
21379633,N#CC1=C(C(F)F)NC(C(F)F)=C(C#N)C1c1ccc2[nH]ncc2c1,1,Train
14104040,CCNC(=O)c1cn2ncnc(Nc3cc(C(=O)NOC)ccc3C)c2c1C,0,Train
23751933,Cn1cc(-c2cnc3oc4c(-c5ccn(C)n5)nc(=O)n(CCC5CCCO5)c4c3c2)cn1,0,Train
29254281,CC(=O)C1=C(C)N(c2cccc(C(F)(F)F)c2)C(=O)N(C)C1c1ccc(C#N)cc1C(=O)NCCF,1,Train
29232376,O=c1[nH]cnc2c(-n3cc(CCN4CCC(c5ccncc5)CC4)cn3)nccc12,0,Train
11646806,CNCC1(c2ccc(N3CCc4c(C(F)(F)F)nn(-c5ccc(OC)cc5)c4C3=O)cc2)CC1,1,Train
23565848,Cc1ccc(-c2cc(C(=O)O)ncn2)cc1Cl,1,Train
28803463,[2H]C(c1ccc(-c2ccc(N(C)C)cc2)cc1)N(C(=O)[C@@H]1C[C@@H]2CC[C@H]1C2)c1cncc(/C=C/C(=O)OC)c1,0,Train
32978,N[C@@H](Cc1ccc(O)cc1)C(=O)N1CCC[C@H]1C(=O)O,0,Train
13098966,C[C@@H]1C(=O)N[C@H](Cc2ccc(O)cc2)C(=O)NCCCc2cccc3c2O[C@H](CC3)CN[C@@H](C2CC2)C(=O)N1C,1,Train
26275004,O=C(N/N=C/c1ccc2no[n+]([O-])c2c1)c1ccncc1,0,Train
24627230,COC(=O)N[C@H](C(=O)NN(CCC[C@@]1(O)Cc2ccc(cc2)CC=CCNC(=O)[C@H](C(C)C)NC1=O)Cc1ccc(Br)cc1)C(C)(C)C,0,Train
12187139,COc1cccc(-c2c(C)n(Cc3c(F)cccc3F)c(=O)n(C[C@H](NCCCC(=O)O)c3ccccc3)c2=O)c1F,0,Train
31298117,Brc1ccc(C2CC(c3ccco3)=Nc3ccccc3S2)cc1,1,Train
10748009,C=CC[C@]1(O)CC[C@H]2[C@@H]3CCC4=CC(=O)CCC4=C3[C@@H](c3ccc(P(=O)(c4ccccc4)c4ccccc4)cc3)C[C@@]21C,0,Train
32107355,COc1ccc(-c2noc(CC(=O)NCCCCCCCCCCC(=O)OC[C@H]3O[C@H](O)[C@H](O)[C@@H](O)[C@H]3O)c2-c2ccc(OC)cc2)cc1,1,Train
24567230,CC(=O)O[C@@]12CO[C@@H]1C[C@H](O[C@H]1OC[C@@H](O)[C@@H](O)[C@H]1O)[C@@]1(C)C(=O)[C@H](O)C3=C(C)[C@@H](OC(=O)[C@H](O)[C@@H](NC(=O)c4ccccc4)c4ccccc4)C[C@@](O)([C@@H](OC(=O)c4ccccc4)[C@@H]12)C3(C)C,1,Train
8177190,COc1cc(N)c(Cl)cc1C(=O)NC1CCN(CCCOc2ccc(F)cc2)CC1OC,1,Train
12172229,Cc1c(-c2cccc(OCCCCC(=O)O)c2F)c(=O)n(C[C@H](N)c2ccccc2)c(=O)n1Cc1c(F)cccc1C(F)(F)F,0,Train
24481168,Cn1cncc1CN(CCN(Cc1ccccc1)S(=O)(=O)c1ccccn1)c1ccc(C#N)cc1.O=C(O)C(F)(F)F,0,Train
25795809,COC(=O)c1ccc(-c2cccc(OC3OC(CO)C(O)C(O)C3O)c2)cc1,0,Train
32674635,CC#C[C@@H](CC(=O)O)c1ccc(OCc2ccc(C(=O)N[C@H]3CCCc4ccccc43)cc2)cc1,1,Train
31513352,Cc1nc(-c2cccc3ccccc23)sc1C(=O)N1CCC(CO)CC1,1,Train
20611445,O=C(NC1(C(=O)N[C@@H](CCCN2CCN(CC3CCOCC3)CC2)Cc2ccccc2)CCCC1)c1cc2cc(Cl)ccc2o1,1,Train
32210087,CC(=O)N1CCN([C@H]2CC[C@H](Nc3ncnc4[nH]cc(C5CCOCC5)c34)CC2)CC1,0,Train
3040730,O=C(O)CN(CCN(CC(=O)O)Cc1ccccc1O)Cc1ccccc1O,0,Train
21935035,NS(=O)(=O)c1ccc(-n2nnc(CS[C@@H]3O[C@H](CO)[C@@H](O)[C@H](O)[C@H]3O)c2I)cc1,0,Train
31298120,c1coc(C2=Nc3ccccc3SC(c3ccc4c(c3)OCO4)C2)c1,1,Train
19872340,CC(=O)c1nc([C@@H](O)[C@H](O)[C@H](O)CO)cn1C,0,Train
11646807,COc1ccc(-n2nc(C(F)(F)F)c3c2C(=O)N(c2ccc(C4(CN(C)C)CC4)cc2)CC3)cc1,1,Train
26467388,C[C@@H]1COCCN1c1nc2n(c(=O)c1F)CC[C@@H](C(F)(F)F)N2CC(=O)c1cccnc1,0,Train
26699713,C=Cc1cc(C(NC(=O)OC(C)(C)C)C(=O)Nc2ccc(C(=O)NS(=O)(=O)c3ccc(C(F)(F)F)cc3)cc2)ccc1Oc1cc(OC)nc(-c2ccccc2)n1,0,Train
24146829,CC(C)(C)NCC(O)c1cc(O)cc(O)c1.O=S(=O)(O)O,0,Train
28982723,N#Cc1cccnc1N1CCN(C(=O)c2cccc(Oc3n[nH]c(=O)c4ccccc34)c2)CC1,1,Train
32612693,Cc1ccnc([C@@H]2CCC[C@H](c3nc4cccc(N5CCN(C)CC5)c4[nH]3)N2C)c1Cl,1,Train
22316923,Cn1c2c(c3cc(S(=O)(=O)c4cccc(C(F)(F)F)c4)ccc31)C1CCC(C2)N1,1,Train
30996552,C[C@]12CC[C@@H]3c4ccc(O)cc4C[C@@H](CCCCCCCCC[S@](=N)(=O)CCCC(F)(F)C(F)(F)F)[C@H]3[C@@H]1CC[C@@H]2O,0,Train
23331500,COc1ccc(-c2nnc(C(=O)N3CC(Oc4ccc(CN5CC6(CCCO6)C5)cc4)C3)o2)cc1,1,Train
18386101,CS(=O)(=O)Nc1ccc2c(c1)S(=O)(=O)N=C(C1=C(O)[C@H]3CCC[C@H]3N(Cc3ccc(F)cc3)C1=O)N2,0,Train
18660767,CC(=O)N1CCN(c2nc(NCc3cc4ccccc4cn3)c3c(n2)C(=O)N(C(C)C)C3)CC1,0,Train
28665265,O=C1NCc2nc(-c3c(F)cccc3F)cc(Nc3ccc(C(=O)N4CCCCC4)cc3)c21,0,Train
31164432,Cc1ccc(NC(=O)c2cccc(C(F)(F)F)c2)cc1NC(=O)c1cnc(N)nc1,0,Train
13022188,c1cnc2ccc(Cn3nnc4ncc(-c5cnn([C@@H]6CCNC6)c5)nc43)cc2c1,0,Train
26693356,COc1ccc2c(O[C@@H]3C[C@H]4C(=O)N[C@]5(C(=O)NS(=O)(=O)C6CC6)C[C@H]5C=CCCCCC[C@@H](NC(=O)c5cc[nH]n5)C(=O)N4C3)cc(OC(C)C)nc2c1C,0,Train
18578653,COc1ccc2cc(C(=O)N3CCc4cc(OC)c(OC)cc4C3)ccc2c1,1,Train
24571063,Cc1c(S(=O)(=O)Nc2ccc(C(F)(F)F)cc2)ccc2c1C(=O)NC(C)(C)C(=O)N2,0,Train
4357021,N#CNC(=O)[C@H](Cc1ccccc1)NC(=O)OCc1ccccc1,1,Train
19650456,CCCS(=O)(=O)Nc1ccc(F)c(C(=O)Nc2cnc3[nH]cnc3c2)c1F,0,Train
19577031,COc1cccc2[nH]cc(C(=O)C(=O)N3CCN(C(=O)c4ccccc4)CC3)c12,0,Train
25301561,CCN(CC)c1ccc(/C=C2\\C(=O)N(c3ccccn3)N=C2C)cc1,0,Train
26496346,CO[C@H]1C(=O)[C@]2(C)[C@@H](O)C[C@H]3OC[C@@]3(OC(C)=O)[C@H]2[C@H](OC(=O)c2ccccc2)[C@]23OC(=O)O[C@H]2[C@H](OC(=O)[C@H](O)[C@@H](NC(=O)OC(C)(C)C)c2ccccc2)C(C)=C1C3(C)C,0,Train
28803329,[2H]C(c1ccc(-c2ccc3c(cnn3C)c2)cc1Cl)N(C(=O)c1ccccc1)c1cncc(/C=C/C(=O)OC)c1,0,Train
18536085,C[C@H]1[C@H](O)[C@](CO)(N=[N+]=[N-])O[C@H]1n1ccc(N)nc1=O,0,Train
23082197,Cc1c(Cc2ccccc2S(=O)(=O)c2ccccc2)c2c(n1CC(=O)O)CCNC2=O,0,Train
13059958,CC(C)(C)CCn1c(=O)c(C2=NS(=O)(=O)c3cc(NS(C)(=O)=O)ccc3N2)c(O)c2cccn21,0,Train
10366351,CCN(C(=O)C(C)C)c1ccc(C(O)(C(F)(F)F)C(F)(F)F)cc1,1,Train
29657806,CC(=O)N1CCN(c2cccc(-c3cc(I)c4c(N)ncnn34)c2)C(=O)C1(C)C,1,Train
9891451,CCCC(NC(=O)[C@@H]1[C@H]2CCC[C@H]2CN1C(=O)[C@@H](NC(=O)[C@@H](NC(=O)c1cnccn1)C1CCCCC1)C(C)(C)C)C(=O)C(=O)NC1CC1,0,Train
27121131,CC(Nc1ccccc1)c1cc(C(=O)NCCN(C)C)cn2c(=O)cc(N3CCOCC3)nc12,0,Train
13100497,CCCc1nc(C)c2c(=O)[nH]c(-c3cc(S(=O)(=O)N(C)CC(=O)O)ccc3OCC)nn12,0,Train
10142281,CCCCN1C(=O)[C@@H]([C@H](O)C2CCCCC2)NC(=O)C12CCN(Cc1ccc(Oc3ccc(C(=O)O)cc3)cc1)CC2.Cl,0,Train
18578655,COc1cc2c(cc1OC)CN(C(=O)c1ccc(-c3ccc(O)cc3)cc1)CC2,1,Train
12766481,COc1cc(C)c(S(=O)(=O)N(C)CCOCC(=O)N2CCC(C(O)CN(C)C)CC2)c(C)c1,0,Train
22316958,Cn1c2c(c3cc(S(=O)(=O)c4cccc(C(F)(F)F)c4)ccc31)C1CCC(C2)N1,1,Train
19565770,Oc1ccc(-c2ncc(-c3cccc(O)c3)s2)cc1,1,Train
22316935,Cn1c2c(c3cc(S(=O)(=O)c4cccc(Cl)c4)ccc31)C1CCC(C2)N1,0,Train
32378553,CC(=O)N1CCN([C@H]2CC[C@H](Nc3ncnn4ccc([C@H]5CC[C@H](C(N)=O)CC5)c34)CC2)CC1,0,Train
25764139,C=C/C=C/CCC[C@H]1C(=O)O[C@@H]2O[C@]3(C)CC[C@H]4[C@H](C)CC[C@@H]1[C@@]24OO3,1,Train
14405623,CNCC(=O)OC[C@@H]1O[C@H](n2cnc(C(N)=O)n2)[C@@H](O)[C@H]1O,0,Train
11586245,COc1ccc(-n2nc(C(F)(F)F)c3c2C(=O)N(c2ccc(C4(N(C)CCO)CC4)cc2)CC3)cc1,1,Train
21689636,CC(C)OP(=O)(CN=C=S)OC(C)C,0,Train
26534873,CCOC(=O)C(C(=O)OCC)N1C(C)=C(C(=O)OC)C(C=Cc2ccccc2)C(C(=O)OC)=C1C,0,Train
18301864,Cc1nn(-c2nc3ccc(F)cc3s2)c(O)c1-c1ccccc1,1,Train
12908232,CCCCC(=O)OC[C@H]1O[C@@H](n2ccc(N)nc2=O)[C@](C)(F)[C@@H]1OC(=O)CCCC,1,Train
26693366,COc1ccc2c(O[C@@H]3C[C@H]4C(=O)N[C@]5(C(=O)NS(=O)(=O)C6CC6)C[C@H]5C=CCCCCC[C@@H](NC(=O)c5ccn(CC(F)F)n5)C(=O)N4C3)cc(OC(C)C)nc2c1C,0,Train
20851356,Cc1nc2ccncc2n1C1C[C@@H]2CC[C@H](C1)N2CC[C@H](NC(=O)C1CCS(=O)CC1)c1cccc(F)c1,0,Train
10553093,Nc1cc2ncnc(NCc3cccs3)c2cn1,1,Train
25762915,CCc1cc(-c2ccc(C(F)(F)F)o2)n(-c2ccc3c(c2)nc(-c2cc(N4CCCC4)ccc2O)n3Cc2cc(C)c(=O)n(C)c2)n1,0,Train
24526895,CC(Cc1cc(F)ccc1F)Nc1cc[nH]c(=O)c1-c1nc2cc3c(cc2[nH]1)C(=O)N(CC(O)CO)C3=O,0,Train
22462573,COc1ccc(-c2nc(Nc3cccc(NC(=O)NC4CCNC4)c3)nc3[nH]cnc23)cc1,0,Train
12411871,c1coc(-c2nc3[nH]ncc3cc2-c2ccncn2)c1,1,Train
21857584,CCc1nc2ccc(Cl)cn2c1C(=O)NCc1ccc(N2CCC(c3ccc(OC(F)(F)F)cc3)CC2)cc1,1,Train
24367862,CCO[C@H]1CC[C@H](CN2C[C@@H](c3ccccn3)N(C3CCN(C4(C)CCN(C(=O)c5c(C)cc(C#N)nc5C)CC4)CC3)C2=O)CC1,0,Train
25083756,COc1ccc(N2N=C(C(F)(F)F)C3CCN(c4ccc(C5(C6=NC(C)(C)CO6)CC5)cc4)C(=O)C32)cc1.O=C(O)C(F)(F)F,0,Train
29875253,O=C(c1cccc(C(F)(F)c2n[nH]c(=O)c3ccccc23)c1)N1CCn2c(nnc2C(F)(F)F)C1,0,Train
10633055,CCCCN1C(=O)C(CC2CCCCC2)NC(=O)C12CCN(Cc1ccc(Oc3ccccc3)cc1)CC2.Cl,0,Train
20051347,COc1ccc(-c2cccc3nc(Nc4ccc(C(=O)NCc5cc(C)nn5C)cc4)nn23)cc1,1,Train
29357583,CCc1cc(=O)[nH]c(-n2nc(-c3ccccc3)cc2NC(=O)Nc2ccc(C(C)(C)C)cc2)n1,1,Train
7784284,N=C(N)c1cccc(CC(NS(=O)(=O)c2ccc3ccccc3c2)C(=O)N2CCNCC2)c1,0,Train
31851341,O=C(CCCCCCNc1ncnc2cc(F)ccc12)NO,0,Train
22653565,Cc1cc2c(=O)n(Cc3ccccc3C#N)c(N3CCC[C@@H](N)C3)nc2[nH]1,0,Train
43446,COc1ccc2c3c1O[C@H]1C(=O)CC[C@@]4(O)[C@@H](C2)N(C)CC[C@]314,1,Train
30597141,CC(C)OC1C[C@@H](Nc2cc(-c3cnn4cc(Cl)cnc34)ncc2C(=O)NC[C@@H](F)C(C)(C)O)CC1(F)F,0,Train
23012922,Cn1c(-c2csc(N)n2)c(C2CCCC2)c2ccc(C(=O)NC(C)(C)C(=O)Nc3ccc(C=CC(=O)O)cc3)cc21,0,Train
22670249,O=c1cc(N2CCOCC2)nc(Cc2nc3c(-c4cccs4)cccc3o2)[nH]1,1,Train
23013085,Cn1c(-c2cccc(N)n2)c(C2CCCC2)c2ccc(C(=O)NC3(C(=O)Nc4ccc(/C=C/C(=O)O)cc4)CCC3)cc21,0,Train
4768037,CCC(C)(C)C(=O)O[C@H]1C[C@@H](C)C=C2C=C[C@H](C)[C@H](CC[C@@H]3C[C@@H](O)CC(=O)O3)[C@H]21,0,Train
22707605,CC(C)n1nc(C(=O)N[C@@H]2C[C@@H]3CC[C@H](C2)N3CC(O)CN2CCCCC2)c2ccccc21,1,Train
32601187,CN1CCN(c2c(C3CCCN3Cc3ccccn3)nc3ccccn23)CC1,1,Train
25265821,CCCCCCCCCCC(N)C(=O)N[C@@H](Cc1c(C)cc(O)cc1C)C(=O)N1CCC[C@H]1C(=O)N[C@@H](Cc1c[nH]c2ccccc12)C(=O)N[C@@H](Cc1ccccc1)C(N)=O,0,Train
18661995,COc1cc(/C=C2\\CCCN3C2=NO[C@]3(CO)c2ccc(F)cc2)ccc1-n1cnc(C)c1,1,Train
13100490,CCCc1nc(C)c2c(=O)[nH]c(-c3cc(S(=O)(=O)N(CC)CCOC)ccc3OCC)nn12,1,Train
2228813,COc1cc2c(c(OC)c1OC)-c1ccc(OC)c(=O)cc1[C@@H](NC(C)=O)CC2,0,Train
482809,CCN(CC)CCCC(C)Nc1ccnc2cc(Cl)ccc12,0,Train
25266102,COc1cccc(-c2c(C3CCCC3)c3ccc(C(=O)NC4(C(=O)Nc5ccc(/C=C/C(=O)O)cc5)CCCC4)cc3n2C)n1,0,Train
8441596,CN1CCC[C@@H]1Cc1c[nH]c2ccc(CCS(=O)(=O)c3ccccc3)cc12,1,Train
4955364,C=CC(N)CCC(=O)O,0,Train
22289774,Cc1cc(NC(=O)c2ccc3ccccc3c2)ccc1-c1cnc(OCC(C)(C)C(=O)O)nc1,1,Train
19367126,Cc1nc(C)c(-c2ccc([C@H]3CC[C@H](CCO)CC3)cc2)nc1C(N)=O,1,Train
32601176,c1ccc(C2CCCN2Cc2nc3ccccn3c2N2CCOCC2)nc1,1,Train
21859072,CN(Cc1ccc(-c2ccc(N3CCOc4ncnc(N)c4C3=O)cc2)c(Cl)c1)S(C)(=O)=O,1,Train
9884901,NC(=O)N(O)CCC#Cc1ccc(OCCN2CCN([C@H](c3ccccc3)c3ccc(Cl)cc3)CC2)cc1,0,Train
22974852,CC1(C)[C@H](Nc2c(C(N)=O)cnn3cc(-c4ccncc4F)cc23)CC[C@]1(C)N,0,Train
8857000,CN[C@@H](Cc1ccccc1)C(=O)N[C@@H](Cc1ccccc1)C(N)=O,1,Train
20083318,N#CC1CN(Cc2ccc(-c3cccn4nc(Nc5cnn(C(F)F)c5)nc34)cc2)C1,1,Train
27783143,CC[C@H](C)[C@@H]([C@@H](CC(=O)N1CCC[C@H]1[C@H](OC)[C@@H](C)C(=O)N[C@@H](Cc1c[nH]c2ccccc12)C(=O)O)OC)N(C)C(=O)[C@@H](NC(=O)[C@H](C(C)C)N(C)CCCC(=O)NNC(=O)CCCCCN1C(=O)CC(SC[C@H](N)C(=O)O)C1=O)C(C)C,0,Train
26879582,N#Cc1ccc(NC2CCC(OCC(=O)N3CCN(Cc4nc5cc(C(F)(F)F)ccc5s4)CC3)CC2)cc1C(F)(F)F,0,Train
8436508,CC(=O)N[C@@H](Cc1c[nH]c2ccccc12)C(=O)N[C@@H](C)C(=O)O,0,Train
15439113,COCCn1c2ccccc2c2cc(NC(=O)c3ccccc3Cl)ccc21,0,Train
33028501,COc1ccc2nc(OC)n(CCCNC(C)=O)c2c1,1,Train
23463105,O=C(O)c1cc(-c2ccc(OC3CCCC3)c(Cl)c2)ncn1,1,Train
8467114,Cc1cc(C)c2c(c1)OC(=O)[C@@H](CC(C)C)NC(=O)[C@H](Cc1ccccc1)NC(=O)CNC(=O)[C@@H](C)NC(=O)[C@H](Cc1ccc(O)cc1)NC(=O)CC2(C)C,0,Train
26443270,NC(=O)C(Cc1ccccc1)NC(=O)C(Cc1c[nH]c2ccccc12)NC(=O)C1CCCN1C(=O)C(Cc1ccc(O)cc1)NC(=O)CCC(=O)NC1OC(CO)C(O[C@@H]2OC(CO)C(O)C(O)C2O)C(O)C1O,1,Train
9307994,Cc1cn(C[C@H](NC(=O)OCc2ccccc2)C(=O)O)c(=O)nc1N1CCC(CNc2nc3ccccc3[nH]2)CC1,0,Train
12422474,CC1(C)OCCn2c1nc(C(=O)NCc1ccc(F)cc1)c(O)c2=O,1,Train
26889347,O=C(O)C[C@H]1CC[C@H](c2ccc(-c3ccc4c(c3)OCCN4C(=O)Nc3ccccc3)cc2)CC1,1,Train
32649229,Cc1cc(C(=O)Nc2ccc(C(=O)O)cc2)n(Cc2csc(N3CCCCC3)n2)c1,1,Train
19115712,CS(=O)(=O)Nc1ccc2c(c1)S(=O)(=O)N=C(c1c(O)c(N3CCCC3)nn(CCC3CC3)c1=O)N2,0,Train
12773729,CCCc1nc(C)c2c(=O)[nH]c(-c3cc(S(=O)(=O)N(C)[C@H](C)C(=O)N(C)C)ccc3OCC)nn12,1,Train
25795812,O=C([O-])c1ccc(-c2ccc(Cl)c(OC3OC(CO)C(O)C(O)C3O)c2)cc1.[Na+],0,Train
9814174,CC(C)N1CCC(NC(=O)c2cc3ccccc3n2Cc2cc(-c3ccc(Cl)s3)on2)CC1,0,Train
23646215,COc1cc(C)cc2cc(-c3c(COCCN)c(CN4CCNCC4)n4ncnc(N)c34)sc12.Cl,0,Train
30709009,COC(=O)NCC1CC(c2cnc(-n3ncc4cc(C#N)cnc43)cc2NC(C)C)=NO1,1,Train
30598175,CC(C)CCOc1nc(N2C[C@H]3[C@@H](C2)[C@@H]3C(=O)O)ccc1C(=O)NC1C2CC3CC1CC(O)(C3)C2,0,Train
11586263,COc1ccc(-n2nc(S(C)(=O)=O)c3c2C(=O)N(c2ccc(C(C)(C)CN4CCOCC4)cc2)CC3)cc1,0,Train
24014252,COc1cc(C)cc2cc(-c3cc(CN4CCNC(=O)C4)n4ncnc(N)c34)sc12.Cl,1,Train
23820475,Cc1c[nH]c2cccc(-c3nc(C(N)=O)c(-c4ccc(N5CCNC(C)(C)C5)cc4)o3)c12,0,Train
20083437,CNC(=O)c1ccc(Nc2nc3c(-c4ccc(CN5CCS(=O)(=O)CC5)cc4)cccn3n2)cc1,0,Train
6481069,C=CCc1ccccc1OCC(O)CNC(C)C,1,Train
26669715,CC(=NO)c1cccc(C(C)(C)NC(=O)Nc2ccc(Cl)c(C(F)(F)F)c2)c1,1,Train
23745580,Cn1cc(-c2cc(F)c3oc4c(-c5ccc(N6CCOCC6)nc5)nc(=O)n(CCC5CCCO5)c4c3c2)cn1,0,Train
21061732,Cn1cccc1C(=O)N1CCc2cc(C(=O)NO)ccc2C1,1,Train
30708996,CC(C)Nc1cc(-n2ncc3cc(C#N)cnc32)ncc1-c1cc([C@H]2COCCN2)on1,1,Train
13066019,C=C[C@@H]1C[C@]1(NC(=O)[C@@H]1C[C@@H](Oc2cc(-c3csc(NC(C)C)n3)nc3cc(OC)ccc23)CN1C(=O)[C@@H](NC(=O)OC1CCCC1)C(C)(C)C)P(=O)(O)Cc1c(C)cccc1C,0,Train
21726570,C/C=C(\\C)C(=O)N[C@@H](c1ccccc1)[C@@H](O)C(=O)O[C@H]1C[C@@]2(O)[C@@H](OC(=O)c3cccc(N=[N+]=[N-])c3)[C@H]3[C@](C)(C(=O)[C@H](O)C(=C1C)C2(C)C)[C@@H](OC(=O)OCC)C[C@H]1OC[C@]13OC(C)=O,1,Train
24253786,CC(C)C[C@H]1NC(=O)[C@H](Cc2ccccc2)NC(=O)CNC(=O)[C@@H](C)NC(=O)[C@H](Cc2ccc(O)cc2)NC(=O)C=Cc2ccccc2OC(=O)OC1=O,0,Train
13102252,C=CC(=O)N1CCC[C@@H](n2nc(-c3ccc(Oc4ccccc4)cc3)c3c(N)ncnc32)C1,0,Train
18979446,CC1CCC(C(=O)N(c2ccc(Oc3ncccc3C(F)(F)F)cc2C(=O)O)C(C)C)CC1,1,Train
18488001,COc1ccc2nc(-n3nc4c(c3O)-c3ccccc3CC4)sc2c1,1,Train
30708796,CCCc1cn(-c2cnc(-n3ncc4cc(C#N)cnc43)cc2Nc2cnn(CC(F)F)c2)nn1,0,Train
22196112,Cc1nn(-c2ccccn2)c(O)c1C(=O)Nc1ccc(C(F)(F)F)cc1,0,Train
9879621,Cc1cc(COc2ccc(S(=O)(=O)CC3(CC(=O)NO)CCC3)cc2)c2ccccc2n1,0,Train
33162781,C=CC(=O)N1CCC[C@@H](n2nc(-c3cnc(C(=O)Nc4ccccn4)nc3)c3cncc(Cl)c32)C1,1,Train
32614234,Cc1cccnc1[C@H]1CCC[C@@H](c2nc3cccc(N4CCN(C)CC4)n3c2Br)N1C,0,Train
22162096,COc1cc(OC)c(/C=C/S(=O)(=O)Cc2cnc(OC)c(N)c2)c(OC)c1,1,Train
30708953,CC(C)Nc1cc(-n2ncc3cc(C#N)cnc32)ncc1-c1cc(C(CO)CO)no1,0,Train
22670238,O=c1cc(N2CCOCC2)nc(Cc2nc3cc(Cl)ccc3[nH]2)[nH]1,0,Train
20129770,CCOC(=O)N1CCN(CCCCCCCN2[C@H]3CC[C@@H]2C[C@H](NC(=O)c2cc4ccccc4n(C(C)C)c2=O)C3)CC1,1,Train
29230726,CN1CCC2=C(C1=O)C(c1ccc(C#N)cc1-c1ccncc1)N(C)C(=O)N2c1cccc(C(F)(F)F)c1,1,Train
32186336,COCc1nn(Cc2ccc(Cn3ccccc3=O)cn2)cc1C(=O)NCc1c(C#N)ccc(OC)c1F,0,Train
23204733,COc1cc2c(cc1OC)CN(Cc1coc(-c3ccc4cc(O)ccc4c3)n1)CC2,0,Train
24368074,COCCOCCOCCOCCOCCNC(=O)C[C@H](NC(=O)c1ccc2ccccc2n1)C(=O)N[C@@H](Cc1ccccc1)[C@H](O)CN1C[C@H]2CCCC[C@H]2C[C@H]1C(=O)NC(C)(C)C,0,Train
18425076,CC(C)(C)Cc1nn(CCC2CC2)c(=O)c(C2=Nc3ccc(NS(C)(=O)=O)cc3S(=O)(=O)N2)c1O,0,Train
11288889,CC(C)(C)OC(=O)[C@@H](NC(=O)N[C@H](C(=O)N1C[C@H]2[C@@H]([C@H]1C(=O)NC(CC1CC1)C(=O)C(=O)NCCc1ccccc1)C2(C)C)C(C)(C)C)C(C)(C)C,1,Train
22285502,COP(=O)(O)C(CNC(=O)c1ccc(OCCC2CCNCC2)cc1)NS(=O)(=O)c1ccccc1,0,Train
25083768,COc1ccc(N2N=C(C#N)C3CCN(c4ccc(C5(CS(C)(=O)=O)CC5)cc4)C(=O)C32)cc1.O=C(O)C(F)(F)F,1,Train
12639836,CC(C)n1nc(C(=O)N[C@@H]2C[C@@H]3CC[C@H](C2)N3CC(O)CN2CCC(CNS(C)(=O)=O)CC2)c2ccccc21,0,Train
32721374,CC#C[C@@H](CC(=O)O)c1ccc(OCc2ccc(C(=O)N3CCN(c4ccc(F)cc4)CC3)s2)cc1,1,Train
24874878,Cc1cc(COc2ccc(S(=O)(=O)CC3C(C(=O)NO)CCN3C)cc2)c2ccccc2n1,0,Train
11586407,COc1ccc(-n2nc(C(N)=O)c3c2C(=O)N(c2ccc(C4(N(C)CCO)CC4)cc2)CC3)cc1.O=C(O)C(F)(F)F,0,Train
30597056,COCCn1cc(Nc2cc(-c3cnn4cc(C#N)cnc34)ncc2C(=O)NC[C@@H](F)C(C)(C)O)cn1,0,Train
20007939,CC(C)(C)C1CN(C(=O)C(=O)c2c[nH]c3cccc(F)c23)CCN1C(=O)c1ccccc1,1,Train
19308983,COc1ccc2c(O[C@@H]3C[C@H]4C(=O)N[C@]5(C(=O)NS(=O)(=O)C6CC6)C[C@H]5C=CCCCCCNC(=O)N4C3)cc(-c3nc(C(C)C)cs3)nc2c1,1,Train
22093639,CC(C(=O)NCCCC[C@H](NC(=O)CC[C@@H](C)[C@H]1CC[C@H]2[C@H]3[C@H](CC[C@@]21C)[C@@]1(C)CC[C@@H](O)C[C@H]1C[C@H]3O)C(=O)O)c1cccc(C(=O)c2ccccc2)c1,0,Train
27060727,CCOC(=O)N1C(=O)N(c2cccc(C(F)(F)F)c2)C2=C(C(=O)CC2)C1c1ccc(C#N)cc1,1,Train
29268231,COc1nnc2ccc(N3CCC(c4ccc(OCCN5[C@@H](C)CN(C(C)=O)C[C@H]5C)cc4)CC3)nn12,1,Train
24141054,CC1(C)S[C@@H]2[C@H](NC(=O)[C@H](N)c3ccc(O)cc3)C(=O)N2[C@H]1C(=O)O,0,Train
20117103,CC(C)[C@H](NC(=O)[C@@](O)(CCC(=O)Nc1cc(C(=O)N[C@H](C)c2ccccc2)cc(N(C)S(C)(=O)=O)c1)CCc1ccccc1)C(=O)Nc1ccccc1,0,Train
9560849,COc1ccccc1Cn1[se]c2ccccc2c1=O,0,Train
33162789,C=CC(=O)N1CCC[C@@H](n2nc(-c3ccc(C(=O)Nc4ccc(F)cn4)cc3)c3c(N)ncc(Cl)c32)C1,0,Train
10773622,CC[C@]1(O)C[C@H]2CN(CCc3c([nH]c4ccccc34)[C@@](C(=O)OC)(c3cc4c(cc3OC)N(C=O)[C@H]3[C@@](O)(C(=O)OC)[C@H](OC(C)=O)[C@]5(CC)C=CCN6CC[C@]43[C@@H]65)C2)C1,0,Train
25795807,COC(=O)c1ccc(-c2c(Cl)cc(OC3OC(CO)C(O)C(O)C3O)cc2Cl)cc1,0,Train
24186191,O=C(C[C@H]1CNC(=O)c2cc(-c3cccc(F)c3)cn21)N[C@H](CO)c1ccccc1,0,Train
25965419,C=CCNC(=O)C(=O)C(CCCC)NC(=O)[C@@H]1[C@@H]2[C@H](CN1C(=O)[C@@H](NC(=O)NC(C(=O)OC(C)C)C(C)(C)C)C(C)(C)C)C2(C)C,1,Train
8620783,Cn1c(=O)c2c(ncn2[14CH3])n(C)c1=O,1,Train
12083607,COc1ccc2c(c1)nc(S(=O)Cc1ncc(C)c(OC)c1C)n2S(=O)(=O)c1ccc(OCC(=O)O)cc1,0,Train
26691440,O=C(Nc1ccccn1)c1cccc(Oc2ccc3c(c2)c(=O)ncn3Cc2c(F)cc(F)cc2F)c1C(F)(F)F,0,Train
12223390,CC(=O)N(C)C1(c2ccccc2)CCN(C[C@@H]2C[C@@]2(C(=O)N(C)Cc2ccccc2)c2ccc(Cl)c(Cl)c2)CC1,0,Train
23592632,COc1cc(Nc2nc3n(n2)C(c2ccccc2)CCN3CC(C)(C)O)ccc1-n1cnc(C)c1,1,Train
12367532,CC1(C)Oc2ncnc(N)c2N=C1c1ccc([C@H]2CC[C@H](CC(=O)O)CC2)cc1,1,Train
21132434,Cc1nc(C(C)C)n([C@@H]2C[C@@H]3CC[C@H](C2)N3CC[C@H](NC(=O)C2CCC(F)(F)CC2)c2ccccc2)n1,1,Train
21726569,C/C=C(\\C)C(=O)N[C@@H](c1ccccc1)[C@@H](O)C(=O)O[C@H]1C[C@@]2(O)[C@@H](OC(=O)c3cccc(N=[N+]=[N-])c3)[C@H]3[C@](C)(C(=O)[C@H](O)C(=C1C)C2(C)C)[C@@H](OC(=O)CCl)C[C@H]1OC[C@]13OC(C)=O,1,Train
20800213,CC(C)C(=O)NCc1ccc2c(c1)C(N1CCN(C)CC1)Cc1ccccc1S2.Cl,1,Train
33057694,CN(CC(=O)Nc1nc2ccc(OC(F)(F)F)cc2s1)C(=O)CNC(C)(C)C.Cl,0,Train
20503776,COc1cc(F)c2[nH]c(-c3c(C)nn(C)c3C)c(/C=C3\\Oc4ccc(NC(=O)Nc5ccc(C(=O)N(C)CCN(C)C)cc5)cc4C3=O)c2c1.O=C(O)C(F)(F)F,0,Train
13048364,Cc1n[nH]c(=O)cc1-c1ccc(OC2CCN(C3CCC3)CC2)cc1,1,Train
11690039,C[C@H](NC(=O)c1cc(Cl)cnc1Oc1cccc(F)c1)c1ccc(C(=O)O)cc1,1,Train
28803346,COC(=O)/C=C/c1cncc(N(Cc2ccc(-c3ccc4c(cnn4C)c3)cc2)C(=O)c2ccccc2)c1,0,Train
19176017,N#Cc1c(-c2ccc(Br)cc2)no[n+]1[O-],0,Train
26932458,Fc1ccc(Oc2nccc3[nH]ccc23)cc1,1,Train
22751739,Br.N=C(N)SCc1c(F)ccc2c1oc1c(CSC(=N)N)c(F)ccc12,0,Train
158675,CNC(C)Cc1ccc2c(c1)OCO2,1,Train
27682012,COc1ccc(CC(=O)NCc2ccccc2-c2ccccc2/C=C/c2ccccc2)cc1,0,Train
32186332,COc1ccc(C#N)c(CNC(=O)c2cn(Cc3ccc(Cn4ccccc4=O)cc3)nc2N)c1F,0,Train
27339229,C=CCCCS(=O)(=O)NC(=O)c1ccccc1NC(=O)[C@@H](NC(=O)OC(C)(C)C)c1ccc(Oc2cc(OC)nc(-c3ccccc3)n2)c(C=C)c1,0,Train
1724615,O=C[C@H](O)[C@@H](O)[C@H](O)[C@H](O)CO,1,Train
26711131,CC(C)(C)NC(=O)Nc1nc(Cl)c(CCC2CCCCC2)n(CC(=O)Nc2ccccc2C(=O)NS(=O)(=O)c2ccc(C(F)(F)F)cc2)c1=O,0,Train
26883084,O=C(Cc1ccc(-c2ccc(C(=O)O)cc2)cc1)NCc1ccco1,0,Train
28803352,[2H]C(c1ccc(-c2ccc3c(cnn3C)c2)cc1F)N(C(=O)c1ccccc1)c1cncc(/C=C/C(=O)OC)c1,0,Train
24181470,CC(C)n1c(=O)n(C(=O)N[C@@H]2C[C@@H]3CC[C@H](C2)N3CCCOC(=O)N2CCN(C(=O)C3CCCO3)CC2)c2ccccc21.O=C(O)C(F)(F)F,1,Train
5951264,Cn1c(N)nc2ncc(-c3ccccc3)cc21,1,Train
12915289,N#Cc1cc(O[C@H]2C[C@@H]3CC[C@H](C2)N3)cc(-c2ncccc2C#N)c1,1,Train
24526068,Cc1cc(CC(OC(=O)N2CCC(c3cc4ccccc4[nH]c3=O)CC2)c2cc(C(=O)N(C)C)cc(Cl)n2)cc2c(CN3CCCC3)n[nH]c12,0,Train
31123046,Cc1cccc(CN2C(=O)c3cc(-c4ccnc(Nc5ccnn5C)n4)cn3C[C@H]2C)n1,1,Train
20083210,Cn1cc(Nc2nc3c(-c4ccc(OCC#N)cc4)cccn3n2)cn1,1,Train
27219170,CC[C@H]1C[C@@H](n2c(=O)nc(-c3cnn(C)c3)c3oc4ncc(-c5cn(C)nc5C)cc4c32)CCO1,1,Train
20110836,Cc1cc(-c2nnn(Cc3ccc(C(=O)O)cc3)n2)cc(C(=O)NCc2ccc(F)cc2)n1,1,Train
32601150,c1ccc(C2CCCN2Cc2ccccc2-n2cccn2)nc1,1,Train
21149317,CC(C)CCN1C(=O)C(C2=NS(=O)(=O)c3cc(NS(C)(=O)=O)ccc3N2)=C(O)[C@@H]2CCC[C@@H]21,0,Train
19872342,OC[C@@H](O)[C@@H](O)[C@H](O)c1c[nH]c(-c2ncc[nH]2)n1,1,Train
497773,COC(=O)C1=C(C)NC(C)=C(C(=O)OC)C1c1ccccc1[N+](=O)[O-],0,Train
6770548,CC(C(=O)O)c1ccc2c(c1)CC(=O)c1ccccc1S2,1,Train
7108452,COc1cc([C@@H]2c3cc4c(cc3[C@@H](O[C@@H]3O[C@@H]5CO[C@@H](c6cccs6)O[C@H]5[C@H](O)[C@H]3O)[C@H]3COC(=O)[C@H]23)OCO4)cc(OC)c1O,0,Train
20850940,Cn1cnc(S(=O)(=O)N(CCN(Cc2cncn2C)c2ccc(-c3ccccc3)cc2)Cc2ccccc2)c1,0,Train
23032595,COC(=O)[C@@H]1[C@@H](c2ccccc2)[C@]2(c3ccc(OC)cc3)Oc3cc(O[C@H]4COC[C@H](CO)O4)cc(OC)c3[C@]2(O)[C@@H]1O,0,Train
22516482,Cc1cc(CC(OC(=O)N2CCC(c3cc4ccccc4[nH]c3=O)CC2)c2cc(CN3CCCCCC3)ccn2)cc2cn[nH]c12,0,Train
1914275,C[C@]12CC[C@@H]3c4ccc(O)cc4CC[C@H]3[C@@H]1CC[C@@H]2O,0,Train
9305629,C[C@H](OC[C@H](c1ccccc1)N1CCN(CCOCC(=O)O)CC1)c1cc(C(F)(F)F)cc(C(F)(F)F)c1,0,Train
29573243,CCN(C(=O)CO)[C@H]1CN(C(=NC#N)Nc2cccc(OC)c2)N=C1c1ccc(Cl)c(Cl)c1,0,Train
3573079,COc1ccc([C@@H]2Sc3ccccc3N(CCN(C)C)C(=O)[C@@H]2OC(C)=O)cc1,0,Train
11615394,CCc1ccc(C(=O)NN(C(=O)c2cc(C)cc(C)c2)C(C)(C)C)c(F)c1,1,Train
27157501,CC(C)CCNC(=O)c1cccnc1NCCC(C)C,1,Train
23606867,Cc1nn(-c2cccc(NC(=O)[C@H]3C[C@@H]3c3ccccc3)c2)c(C)c1CC(=O)O,0,Train
21726581,C/C=C(\\C)C(=O)N[C@@H](c1ccccc1)[C@@H](O)C(=O)O[C@H]1C[C@@]2(O)[C@@H](OC(=O)c3cccc(N=[N+]=[N-])c3)[C@H]3[C@](C)(C(=O)[C@H](O)C(=C1C)C2(C)C)[C@@H](OC(=O)CNC(=O)OC(C)(C)C)C[C@H]1OC[C@]13OC(C)=O,1,Train
24456857,CC(=O)N[C@H](Cc1ccccc1)C(=O)N1C[C@H](OCc2ccc3ccccc3c2)C[C@@H]1CCCNC(=N)N.O=C(O)C(F)(F)F,0,Train
23463108,O=C(O)c1cc(-c2ccc(OC3CC3)c(Cl)c2)ncn1,1,Train
64198,O=c1c(-c2ccc(O)cc2)coc2c([C@@H]3O[C@H](CO)[C@@H](O)[C@H](O)[C@H]3O)c(O)ccc12,0,Train
23591534,Cc1c(OCc2ccccc2)c(=O)ccn1CCCC(=O)Nc1ccc(Cc2nc3ccccc3s2)cc1,1,Train
11689985,O=C(O)c1ccc(CNC(=O)c2cc(F)cnc2Oc2ccc(F)cc2)cc1,1,Train
12971504,CC#CCn1c(N2CCCNCC2)c(C#N)c2ncn(Cc3nccc4ccccc34)c(=O)c21,0,Train
33002222,O=C(NO)c1ccc(CNc2ncnc3ccc(F)cc23)cc1,0,Train
12676209,COc1cc(C)c(S(=O)(=O)N(C)CCOCC(=O)N2CCC(C(O)CN(C)C)CC2)c(C)c1.O=C(O)C(F)(F)F,0,Train
30597064,CC(C)(O)[C@H](F)CNC(=O)c1cnc(-c2cnn3cc(Cl)cnc23)cc1Nc1cnn(CC2CC2)c1,0,Train
2942765,CN(C)CC1CCCCC1(O)c1cccc(O)c1,1,Train
25798923,CC(=O)C(F)(F)F.COc1ccc(OC2CN(c3c4c(nc5ccnn35)CCNCC4)C2)cc1,1,Train
29657887,CC(=O)N1CCN(c2cc(-c3cc(C(F)(F)F)c4c(N)ncnn34)ccc2S(C)(=O)=O)C(=O)C1(C)C,0,Train
23726786,CC(=O)N(C)CC(O)CN1CCC(CNC(=O)c2cccc3[nH]c(C(C)C)nc23)CC1,0,Train
31735186,COC(=O)CCNC(=O)[C@@H]1OP(=O)(OC2CSSCC2OCc2ccccc2)OCC1(C)C,1,Train
28571172,CC[C@H](C)[C@@H]([C@@H](CC(=O)N1CCC[C@H]1[C@H](OC)[C@@H](C)C(=O)N[C@@H](Cc1c[nH]c2ccccc12)C(N)=O)OC)N(C)C(=O)[C@@H](NC(=O)[C@H](C(C)C)N(C)CCCCCCN1C(=O)CC(SC[C@H](N)C(=O)O)C1=O)C(C)C,0,Train
12446689,N#Cc1cc(F)ccc1Cn1ccc2c3c(ncc21)C(=O)N(O)CC3,0,Train
26183926,Cc1cc(O)cc(C)c1C[C@H](N)C(=O)N[C@@H]1CSCCSC(C)(C)[C@H](C(=O)N[C@@H](COC2OC(CO)C(O)C(O)C2O)C(N)=O)NC(=O)C2(Cc3ccccc3C2)NC1=O,1,Train
10499022,CCCCOc1ncc(C(C)=O)cc1-c1nc2c(CC)n(CCN3CCOCC3)nc2c(=O)[nH]1,1,Train
2225532,O=C(N[C@H](CO)[C@H](O)c1ccc([N+](=O)[O-])cc1)C(Cl)Cl,1,Train
30169886,CCCCC(=O)N1CCN(c2cc(O[C@H]3CC[C@H](Nc4ccc([N+](=O)[O-])c(C(F)(F)F)c4)CC3)ccn2)CC1,0,Train
33289306,CC[C@@H](NC(=O)N1C(=O)[C@H](Cc2ccnc(N)c2)[C@H]1C(=O)N(C)c1cc(Cl)cc(Cl)c1)C1CCCCC1,0,Train
10616937,COC(=O)C1CCCCN1C(=O)C(Cc1cccc(C(=N)N)c1)NS(=O)(=O)c1ccc2ccccc2c1,0,Train
13073242,O=C(CN1C(=O)C2(CCCC2)NC[C@H]1c1cc(F)cc(F)c1)Nc1ccc2c(c1)C[C@@]1(C2)C(=O)Nc2ncccc21,1,Train
29717932,COCc1ccc(-c2cc3c(N[C@@H](C)c4ccn(C)n4)c(C(N)=O)cnc3cc2F)cn1,1,Train
23906650,N#Cc1ccc2cc3c(=O)[nH]c(=O)nc-3n(-c3cccc(-c4nnn[nH]4)c3)c2c1,1,Train
18386199,CS(=O)(=O)Nc1ccc2c(c1)S(=O)(=O)N=C(C1=C(O)C3CCCN3N(Cc3ccc(F)cc3)C1=O)N2,0,Train
8598448,[3H]C1C[C@]2(C)[C@H]3C[C@H](O)[C@@]4(C)[C@@H](CC[C@@H]4[C@H](C)CCC(=O)O)[C@@H]3[C@H](O)C[C@@H]2C([3H])[C@@H]1O,0,Train
28803482,[2H]C(c1ccc(-c2ccc3c(cnn3C)c2)cc1)N(C(=O)c1ccccc1)c1cccc(/C=C/C(=O)OC)c1,0,Train
20083499,N#CC1CCN(Cc2ccc(-c3cccn4nc(Nc5ccc(C(=O)NC6CC6)cc5)nc34)cc2)CC1,0,Train
23477658,O=S(=O)(c1ccc(Oc2ccc(Cl)cc2O)cc1)N1CCCC1,1,Train
28960227,O=C1COCCN1c1ccc(CO[C@@H]2COc3nc([N+](=O)[O-])cn3C2)cc1F,1,Train
26662075,C[C@@H]1Cc2c(Br)cccc2N1C(=O)Cc1nc(N2CCOCC2)sc1C(N)=O,1,Train
24074039,CC(=O)OC[C@H]1OC(OCc2nnn(-c3ccc(S(N)(=O)=O)cc3)c2I)[C@H](OC(C)=O)[C@@H](OC(C)=O)[C@@H]1OC(C)=O,0,Train
2157041,CC(Cc1ccc(O)cc1)NCC(O)c1cc(O)cc(O)c1,0,Train
18487990,Oc1c2c(nn1-c1nc3ccccc3[nH]1)CCc1ccccc1-2,0,Train
1914136,CN(C)CCOC(c1ccccc1)c1ccccc1,1,Train
26830511,Cc1c[nH]c2c(Nc3nc(N[C@@H]4CCCC[C@@H]4N)cc4nc[nH]c(=O)c34)cccc12,0,Train
22751734,Br.N=C(N)SCc1cc(F)ccc1Sc1ccc([N+](=O)[O-])cc1CSC(=N)N,0,Train
12385724,CC[C@@H]1OCC(=O)[C@H]1NC(=O)[C@H](CC1CCCCCC1)NC(=O)N1CCOCC1,0,Train
28213308,CC(C)[C@H](N)C(=O)N1CCC[C@H]1C(=O)N[C@@H](Cc1ccccn1)c1ccccc1.Cl,0,Train
32601122,Cc1cccnc1C1CCCN1Cc1nccn1N1CCN(C)CC1,1,Train
4193299,CCCSc1ccc2nc(NC(=O)OC)[nH]c2c1,0,Train
12820262,COc1ccc2c(O[C@@H]3C[C@H]4C(=O)N[C@]5(C(=O)NS(=O)(=O)C6(C)CC6)C[C@H]5/C=C\\CCCCCC(=O)N4C3)cc(-c3nc(C(C)C)cs3)nc2c1Cl,1,Train
2739235,CC(C)NCC(O)COc1ccc(CC(N)=O)cc1,0,Train
15796067,O=C(O)CC1OC(=O)N(CC(=O)NC[C@H]2CC[C@H](Nc3nc4ccccc4[nH]3)CC2)c2ccccc21,0,Train
24303891,COc1cnccc1C(=O)N(NC(=O)c1cccc(O)c1C)C(C)(C)C,1,Train
33162804,C=CC(=O)N1CCC[C@@H](n2nc(-c3ccc(C(=O)Nc4cc(C(F)(F)F)ccn4)cc3)c3c(N)ncc(Cl)c32)C1,0,Train
8092554,CN(C(=O)[C@H](Cc1ccc(C(=N)N)cc1)NS(=O)(=O)c1ccc2ccccc2c1)C1CCCC1,0,Train
6576812,Cc1c(O)c2c(c(C)c1CCO[C@@H]1O[C@H](CO)[C@@H](O)[C@H](O)[C@H]1O)C(=O)C(C)(C)C2,0,Train
29836244,CC(O)C(C)Oc1cc(C(=O)N[C@H](C)c2cnc(C(F)(F)F)nc2)cc(-c2ncc(Cl)s2)c1,1,Train
24425551,CO[C@H]1C[C@@]2(C)[C@@H](C[C@H]1O)C(=O)C=C1[C@@H]2CC[C@]2(C)[C@@H]([C@@](C)(O)[C@H](O)CCC(C)C)CC[C@@]12O,1,Train
9235574,CCCOc1ccc(S(=O)(=O)N(C)CCN(C)C)cc1-c1nc2c([nH]1)c(=O)n(C)c(=O)n2CC(C)C,0,Train
8909432,C[C@@H]1C=C2C(=O)O[C@@H]3CC[C@H](C1)[C@]23O,1,Train
27219174,CC[C@H]1C[C@@H](n2c(=O)nc(-c3cnn(C)c3)c3oc4cnc(-c5cccnc5)cc4c32)CCO1,1,Train
30355395,Cn1c(SCCCN2C[C@@H]3CCN(c4c(F)cc(F)cc4F)[C@@H]3C2)nnc1-c1ccn(C)c(=O)c1,1,Train
9965536,C[C@H](Cc1c[nH]c2c(OS(C)(=O)=O)cccc12)NC[C@H](O)c1cccc(NC(=O)c2ccccc2)c1,0,Train
20051327,COc1ccc(-c2cccc3nc(Nc4ccc(C(=O)NCc5cccnc5)cc4)nn23)cc1,0,Train
24935601,COC(=O)c1ccc(-c2ccc(OC3OC(CO)C(O)C(O)C3O)cc2)cc1,0,Train
29443074,CN(C)C(=O)c1cccc(-c2cnc(N)c(-c3nc4cccc(N5CCNCC5)c4[nH]3)n2)c1,0,Train
24722800,Cc1nnc(C(C)C)n1C1CC2CCC(C1)N2CC[C@H](NC(=O)C1CCC1)c1ccccc1,1,Train
28605565,O=C(Cn1cnc([N+](=O)[O-])n1)Nc1cccc(-c2ccccc2)c1,1,Train
33607705,CN1C(=O)CCc2cc3cc(c21)OCCOC[C@H]1CN(C(=O)CCC(=O)NCCCOCCOCCOc2cccc4c2C(=O)N(C2CCC(=O)NC2=O)C4=O)CCN1c1ncc(Cl)c(n1)N3,0,Train
32035228,FCCOc1ccc(CCN2CCC(CCc3ccccc3)CC2)cc1,1,Train
28347331,Cc1c(NC(=O)c2cc(C(N)=O)nc3cc(F)ccc23)c(C(F)(F)F)nn1Cc1ccc(C#N)cc1,0,Train
5652635,Cl.Clc1cccc(Cl)c1N=C1NCCN1,1,Train
26308907,O=c1cc(N2CCOCC2)nc2n1CC[C@@H](C(F)(F)F)N2c1cc(F)cc(F)c1,1,Train
18444225,CC(C)CCn1nc(N(C)C(C)C)c(O)c(C2=Nc3ccc(NS(C)(=O)=O)cc3S(=O)(=O)N2)c1=O,0,Train
14504631,CN(C)CCOC(c1ccccc1)c1ccccc1.Cn1c(=O)c2[nH]c(Cl)cc2n(C)c1=O,1,Train
9236409,CCOc1ccc(S(=O)(=O)N2CCN(C)CC2)cc1-c1nc2c([nH]1)c(=O)n(C)c(=O)n2CC(C)C,1,Train
20095295,CCOc1ccc(Cc2cc([C@]34OC[C@](CO)(O3)[C@@H](O)[C@H](O)[C@H]4O)ccc2Cl)cc1,0,Train
31132717,CNc1cc(Nc2cc(F)cc(F)c2OC)nn2c(C(=O)NC[C@](C)(O)CO)cnc12,0,Train
27339219,C=Cc1cc([C@H](NC(=O)[C@@H](NC(=O)OC(C)(C)C)C(C)(C)C)C(=O)Nc2cccc(C(=O)NS(=O)(=O)c3ccc(C(F)(F)F)cc3)c2)ccc1Oc1cc(OC)nc(-c2ccccc2)n1,0,Train
24709042,CC1(C)O[C@@H]2C[C@H]3C4C[C@H](F)C5=CC(=O)C=CC5(C)[C@H]4C(O)CC3(C)[C@]2(C(=O)CO)O1,0,Train
24518840,CS(=O)(=O)c1ccc(C(c2nnnn2Cc2ccccc2)N2CCN(C3CCC3)CC2)cc1,0,Train
30596840,CC(C)(O)CCNC(=O)c1cnc(-c2cnn3cc(Cl)cnc23)cc1NC1COC1,1,Train
11968823,Nc1ncnc2c1c(C(=O)c1cccc(NC(=O)Nc3c(F)cccc3F)c1)cn2C1CCCC1,0,Train
20442127,Cc1cnc(NCCc2ccc(F)cc2F)c(=O)n1CC(=O)NCCONC(=N)N.O=C(O)C(F)(F)F,0,Train
26414238,CC(C)(C)[C@H](NC(=O)CNC(=O)COc1ccc([C@@H]2[C@@H](SCC(O)c3ccc4c(c3)OCCO4)C(=O)N2c2ccc(F)cc2)cc1)C(=O)O,0,Train
32612551,Cc1cccnc1[C@@H]1CCC[C@H](c2nc3ccccc3n2CCC#N)N1C,1,Train
10620894,CN(C)Cc1ccccc1-c1ccc(N2CCc3c(C(F)(F)F)nn(-c4ccccc4S(N)(=O)=O)c3C2=O)cc1,0,Train
26374018,C=C[C@@H]1C[C@]1(NC(=O)[C@@H]1C[C@@](OC)(c2ccc(-c3cscn3)cc2)CN1C(=O)[C@@H](NC(=O)OC1CCCC1)C(C)(C)C)C(=O)NS(=O)(=O)C1CC1,0,Train
21420704,Cn1c(N2CCCN(CC/C=C3/c4ccccc4CCc4ccc(C(=O)O)cc43)CC2)cc(=O)n(C)c1=O,0,Train
23978094,O=C(Cc1nc(N2CCOCC2)cc(=O)[nH]1)N1CCc2c(-c3ccccn3)cccc21,0,Train
3647093,COc1ccc(CCN(C)CCCC(C#N)(c2ccc(OC)c(OC)c2)C(C)C)cc1OC.Cl,1,Train
21359857,O=C(NC1(C(=O)N[C@@H](Cc2ccccc2)C(=O)NCC2CCN(CC3CCOCC3)CC2)CCCC1)c1ccc(-n2cccc2)cc1,0,Train
29190143,COC1CN(C(=O)c2ccc3[nH]nc(Cc4ccc5c(cnn5C)c4)c3c2)C1,1,Train
967070,NC(=O)C1CCCN1C(=O)C(Cc1c[nH]cn1)NC(=O)C1CCC(=O)N1,0,Train
30597077,CC(F)(F)Cn1cc(Nc2cc(-c3cnc4cc(C#N)cnn34)ncc2C(=O)NC[C@@H](F)C(C)(C)O)cn1,0,Train
24014944,CCNC(=O)c1nnc(-c2cc3c(C(C)C)n[nH]c3cc2O)n1-c1ccc(N2CCOCC2)c(F)c1,0,Train
9514266,CC(=O)N[C@@H](Cc1c[nH]c2ccccc12)C(=O)N[C@@H](CC(C)C)C(=O)O,0,Train
24600774,CCOP(=O)(OCC)C(Nc1nc2ccc(OC)cc2s1)c1ccc(O)c(C(=O)OC)c1,0,Train
12287871,CC(C)(C)CC(=O)Nc1c(F)cc(C(=O)Nc2nccs2)cc1F,1,Train
21338106,Cc1nc2ncnn2c2c1CCN2[C@@H](C)c1ccc(F)cc1,1,Train
13066002,C=C[C@@H]1C[C@]1(NC(=O)[C@@H]1C[C@@H](Oc2cc(-c3csc(NC(C)C)n3)nc3cc(OC)ccc23)CN1C(=O)[C@@H](NC(=O)OC1CCCC1)C(C)(C)C)P(=O)(O)Cc1cccc(OC)c1,0,Train
24935597,OCC1OC(Oc2ccc(-c3ccccc3)cc2)C(O)C(O)C1O,1,Train
12824885,COc1ccc2c(O[C@@H]3C[C@H]4C(=O)N[C@]5(C(=O)NS(=O)(=O)C6CC6)C[C@H]5/C=C\\CCCCN(C)C(=O)[C@@H]4C3)cc(-c3nc(C(C)C)cs3)nc2c1C,0,Train
12139872,C[C@@H]1CN(C(=O)c2ccccc2)CCN1c1nc(-c2ccncn2)cc(=O)n1C,1,Train
20051346,COc1ccc(-c2cccc3nc(Nc4ccc(C(=O)NC5CCN(C)CC5)cc4)nn23)cc1,0,Train
29443080,CN(C)C(=O)c1cccc(-c2cnc(N)c(-c3nc4cccc(N5CCNCC5)c4n3C)n2)c1,0,Train
27628378,CS(=O)(=O)NC(=O)[C@H](Cc1ccccc1)NC(=O)OCc1ccccc1,0,Train
26879392,O=C(COC1CCC(Nc2ccc([N+](=O)[O-])c(C(F)(F)F)c2)CC1)N1CCN(Cc2cc3cc(F)ccc3s2)CC1,0,Train
24007136,CN(C)C1CCN(C(=O)c2ccc(-c3ccc4ncc(-c5ccc(C#N)cc5)n4n3)cc2)CC1,0,Train
26373957,C=C[C@@H]1C[C@]1(NC(=O)[C@@H]1C[C@@](OC)(c2ccc(-c3ccccc3OC)cc2)CN1C(=O)[C@@H](NC(=O)OC1CCCC1)C(C)(C)C)C(=O)NS(=O)(=O)C1CC1,1,Train
24324392,CC(C)S(=O)(=O)NC[C@H](C)c1ccc(-n2cc(CO)c(C(F)(F)F)n2)cc1,1,Train
11583547,Cl.NC(CO)(CO)CCc1ccc(OCCCC(F)(F)F)cc1,0,Train
32186341,COCc1nn(Cc2ccc(Cn3cc(C)cn3)cc2)cc1C(=O)NCc1cc(OC)ccc1-n1cnnn1,1,Train
23103155,Cc1nc(N)nc(N)c1OCCCOc1cc(Cl)c(Cl)cc1Cl,1,Train
9595955,CN(C(=O)[C@H](Cc1ccc(C(=N)NN)cc1)NS(=O)(=O)c1ccc2ccccc2c1)C1CCCC1,0,Train
23013162,Cc1cnc2nnn(Cc3ccc4ncccc4c3)c2n1,1,Train
23032341,Cc1nn(C)cc1-c1nc2c(N3CCN(Cc4ccc(Cl)cc4)CC3)c(Cl)cnc2[nH]1,1,Train
23820476,CCc1ccc2[nH]ccc2c1-c1nc(C(N)=O)c(-c2ccc(N3CCNC(C)(C)C3)cc2)o1,0,Train
25083798,COc1ccc(N2N=C(S(C)(=O)=O)C3CCN(c4ccc(C5(CN(C)C)CC5)cc4)C(=O)C32)cc1.O=C(O)C(F)(F)F,0,Train
27177993,N#CCNC(=O)CNC(=O)[C@H](Cc1ccccc1)NC(=O)Cc1cccc(Cl)c1,0,Train
28982731,N#Cc1cccnc1N1CCN(C(=O)c2cccc(Cc3n[nH]c(=O)c4ccccc34)c2)CC1,1,Train
142217,Cc1cc(=O)oc2cc(O)ccc12,1,Train
9882812,Cc1cc(COc2ccc(S(=O)(=O)CC3(CC(=O)NO)CCCCN3)cc2)c2ccccc2n1,0,Train
20127784,N[C@@H](CC(=O)N1CCC[C@H]1COCC1CC1)Cc1cc(F)c(F)cc1F,1,Train
13075429,NC1=NC(c2ccncc2)(c2cccc(-c3cncnc3)c2)c2ccccc21,0,Train
30708962,COC(=O)N1CC(c2cc(-c3cnc(-n4ncc5cc(C#N)cnc54)cc3NC(C)C)on2)C1,1,Train
9881664,Cc1cc(COc2ccc(S(=O)(=O)CC3(CC(=O)NO)CCCN3C)cc2)c2ccccc2n1,0,Train
2956951,C[C@H](CCC(=O)NCCS(=O)(=O)O)[C@H]1CC[C@H]2[C@H]3[C@H](C[C@H](O)[C@@]21C)[C@@]1(C)CC[C@@H](O)C[C@H]1C[C@H]3O,0,Train
19647782,O=C(C=C1CCN(C(=O)c2ccccc2O)CC1)N[C@@H]1CCN(Cc2ccc3cc(F)ccc3c2)C1,0,Train
30708567,CC(C)Nc1cc(-n2ncc3cc(C#N)c(N)nc32)ncc1-c1cn(CC(C)(C)O)nn1,0,Train
33601244,Cl.NC(CO)(CO)CCc1ccc(OCCC(F)CF)cc1,0,Train
625572,Cc1ncc2n1-c1ccc(Cl)cc1C(c1ccccc1F)=NC2,1,Train
23978088,O=C(Cc1nc(N2CCOCC2)cc(=O)[nH]1)N1CCc2c1cccc2C(F)(F)F,0,Train
27007975,Cc1ncc(CN[C@@H]2CCN(CCn3c(=O)ccc4ncc(F)cc43)C[C@@H]2F)cc1C#N,1,Train
26448751,COc1cc(-c2ccc3c(n2)[C@@H](C)N(c2cnn(CC(F)(F)F)c2)C3=O)cnc1OC,1,Train
1991268,CC(C)NCC(O)COc1ccc(CCOCC2CC2)cc1,1,Train
22611936,C#Cc1ccc(NC(=O)c2cnn3c(C)cc(C)nc23)cc1,0,Train
30708976,CC(=O)N(C)CCCc1cc(-c2cnc(-n3ncc4cc(C#N)cnc43)cc2NC(C)C)on1,1,Train
24631509,CCCCCCCCSNC(N)=NC(=N)N(C)C,1,Train
5480843,C=CCN1CC[C@]2(C)c3cc(O)ccc3C[C@H]1[C@H]2C,1,Train
23385892,O=c1cc(-c2ccccc2)c2ccccc2n1CC1CN2CCC1(F)CC2,1,Train
26467387,C[C@@H]1COCCN1c1nc2n(c(=O)c1F)CC[C@@H](C(F)(F)F)N2CC(C)(C)O,1,Train
10731257,O=C1CC(c2ccc(C[C@H](Nc3nc4ccccc4s3)c3nc4ccccc4[nH]3)cc2)S(=O)(=O)N1,0,Train
20611438,O=C(NC1(C(=O)N[C@@H](CCCN2CCN(CC3CCOCC3)CC2)Cc2ccccc2)CCCC1)c1ccc(-c2ccccc2)cc1,1,Train
31747631,O=C(Nc1ccc(-c2ccc(C(=O)N3CCC[C@H]3C(=O)O)nc2)cc1)Nc1ccccc1Cl,0,Train
30708906,CC(C)Nc1cc(-n2ncc3cc(C#N)cnc32)ncc1-n1cc(C2CCN(C(=O)CC(C)(C)O)CC2)nn1,0,Train
7419619,Cc1c(O)cccc1C(=O)N[C@@H](CSc1ccccc1)[C@H](O)CN1C[C@H]2CCCC[C@H]2C[C@H]1C(=O)NC(C)(C)C,0,Train
29657557,CC(=O)N1CCN(c2cccc(-c3cc(-c4ccnn4CC(F)(F)F)c4c(N)ncnn34)c2)C(=O)C1(C)C,0,Train
23745582,Cn1cc(-c2cc3c(cc2F)oc2c(-c4ccc(N5CCC5)nc4)nc(=O)n(CCC4CCCO4)c23)cn1,0,Train
28935768,CO[C@H]1CC[C@H](N2C(=O)CNc3ncc(-c4ccc(-c5nc[nH]n5)nc4C)nc32)CC1,0,Train
12646420,CCOC(=O)c1cnc(N2CCN(C(=O)NS(=O)(=O)c3ccc(Cl)cc3)CC2)c(Cl)c1,0,Train
29875261,C[C@@H]1Cn2c(nnc2C(F)(F)F)CN1C(=O)c1cccc(C(F)(F)c2n[nH]c(=O)c3c2CCCC3)c1,0,Train
22514249,COC(=O)N[C@H](C(=O)NN(CC[C@@]1(Cc2ccccc2)C(=O)N([C@H]2c3ccccc3C[C@H]2O)C[C@H]1O)Cc1ccc(-c2cccnc2)cc1)C(C)(C)C,0,Train
13126345,CC(C)CCn1nc(-c2ccccc2)c(O)c(C2=CS(=O)(=O)c3cc(NS(C)(=O)=O)ccc3N2)c1=O,0,Train
24811293,COc1cc([C@@H]2c3cc4c(cc3[C@@H](OC3O[C@@H]5CO[C@@H](C)O[C@H]5[C@H](O)[C@H]3O)C3COC(=O)C32)OCO4)cc(OC)c1O,0,Train
27713944,COc1cc(NC(=O)C2(NC(=O)c3ccc4c(C5CCCC5)c(-c5ccccn5)n(C)c4c3)CCC2)cc(OC)c1/C=C/C(=O)O,1,Train
24571029,CCC1(C)NC(=O)c2cc(S(=O)(=O)Nc3ccc(C(F)(F)F)cc3OC)cc(Cl)c2NC1=O,1,Train
23057010,COc1cc(F)ccc1-c1ncnc(Nc2cccc(CS(C)(=O)=O)c2)n1,1,Train
32601124,Cc1cccnc1C1CCCN1Cc1ccccn1,1,Train
90825,OC[C@H]1O[C@H](O[C@]2(CO)O[C@H](CO)[C@@H](O)[C@@H]2O)[C@H](O)[C@@H](O)[C@@H]1O,0,Train
31636853,COc1ccc(C(C(=O)Nc2ccc(CCN3CCc4cc(OC)c(OC)cc4C3)cc2)c2ccc(OC)cc2)cc1,0,Train
28599984,CC[C@H](C)[C@@H]([C@@H](CC(=O)N1CCC[C@H]1[C@H](OC)[C@@H](C)C(=O)N[C@@H](Cc1ccccc1)C(=O)O)OC)N(C)C(=O)[C@@H](NC(=O)[C@@H](N)C(C)C)C(C)C,0,Train
3576963,CN(C)CCCN1c2ccccc2CCc2ccccc21.Cl,1,Train
25031219,CC[C@]1(O)C[C@@H]2CN(CCc3c([nH]c4ccccc34)[C@@](C(=O)OC)(c3cc4c(cc3OC)N(C)[C@@H]3[C@]45CCN4CC=C[C@](CC)([C@H]45)[C@@H](C(=O)OC)[C@]3(O)C(=O)OC)C2)C1,0,Train
31131113,COc1ccc(-c2nc(C(=O)N(CCN(C)C)Cc3ccc(C(=O)NO)cc3)cc3c2[nH]c2ccccc23)cc1,0,Train
8457016,COc1ccc2ccc(S(=O)(=O)NC(Cc3cc4c(N)nccc4s3)C(=O)N3CCC(C)CC3)cc2c1,1,Train
21097263,O=C(O)c1ccc(-c2ccc(Cl)c(O[C@H]3O[C@H](CO)[C@@H](O)[C@H](O)[C@@H]3O)c2)cc1,0,Train
28665114,O=C1NCc2nc(-c3c(F)cccc3F)cc(Nc3ccc(N4CCCC4)cn3)c21,1,Train
29573237,CCN(C(=O)CO)[C@H]1CN(C(=NC#N)Nc2cccc(OC(F)F)c2)N=C1c1ccc(Cl)c(Cl)c1,0,Train
30487047,COc1ccc(-c2nnc(C(=O)N3CC(Oc4ccc(CN5CCCOCC5)cc4)C3)o2)cc1,1,Train
10617797,CN1C(=O)NC(=O)[C@]12Cc1ccc(NC(=O)Cn3c(=O)n(C4CCOC4)c4ccccc43)cc1C2,0,Train
12911574,Cc1ccc(N2c3cccc(C(=O)Nc4ccc(OCC(C)C)nc4)c3OC[C@@H]2CO)nc1,1,Train
32471179,C[C@@H]1Cc2c([nH]c3ccccc23)[C@@H](c2c(F)cc(OCCNCCCF)cc2F)N1CC(C)(C)F,0,Train
18365146,CCCC1(C(=O)c2ccc3[nH]ncc3c2)CCCN1,1,Train
20083301,CNC(=O)c1ccc(Nc2nc3c(-c4ccc(C5(C#N)CC5)cc4)cccn3n2)cn1,1,Train
23385927,CC(=O)NCc1cccc(-c2cc(=O)n(CC3CN4CCC3CC4)c3ccccc23)c1,0,Train
8934631,Cc1cc(C)c(Nc2ccnc(Nc3ccc(C#N)cc3)n2)c(C)c1,1,Train
24883722,CC(C)[C@H](NC(=O)c1ccc(C(=O)NS(=O)(=O)c2ccc(Cl)cc2)cc1)C(=O)N1CCC[C@H]1C(=O)N[C@H](C(=O)C(F)(F)F)C(C)C,0,Train
11288906,CC(C)CC(NC(=O)N[C@H](C(=O)N1C[C@H]2[C@@H]([C@H]1C(=O)NC(CC1CC1)C(=O)C(=O)NCC(=O)N[C@H](C(=O)N(C)C)c1ccccc1)C2(C)C)C(C)(C)C)C(=O)O,0,Train
30708972,COC(=O)N[C@H]1CC[C@H](c2cc(-c3cnc(-n4ncc5cc(C#N)cnc54)cc3NC(C)C)on2)CC1,1,Train
23277882,COc1cc2c(cc1OC)CN(Cc1csc(-c3ccc4cc(F)ccc4c3)n1)CC2,0,Train
24569970,NS(=O)(=O)c1ccc(-n2cc([C@H]3[C@H](O)C[C@H](O)[C@@H]3C/C=C\\CCCC(=O)O)nn2)cc1,0,Train
20247089,NC1=NC(c2ccncc2)(c2cccc(-c3cncc(F)c3)c2)c2cccc(F)c21,1,Train
18578642,COc1cc2c(cc1OC)CN(Cc1ccc3ccccc3c1)CC2,1,Train
21888422,CC(C)Oc1cccc(-c2cnc(N3CCC(C(N)=O)CC3)s2)c1.O=C(O)C(F)(F)F,0,Train
29459110,CC(O)(CSc1ccccc1C(F)(F)F)C(=O)Nc1ccc(C#N)c(C(F)(F)F)c1,0,Train
13005110,CN(C)CCOc1cnc2nnn(Cc3ccc4ncccc4c3)c2n1,0,Train
9098045,COc1cc(C)ccc1S(=O)(=O)NC(=O)C(c1ccc2c(c1)OCO2)c1cn(C)c2cc(C(=O)O)ccc12,0,Train
12139875,C[C@@H]1CN(c2ccccc2F)CCN1c1nc(-c2ccncn2)cc(=O)n1C,1,Train
27850034,CCOc1nc(NC(=O)C2(NC(=O)c3ccc4c(C5CCCC5)c(-c5ncc(Cl)cn5)n(C)c4c3)CCC2)ccc1C=CC(=O)O,1,Train
18419882,CNCCCC[C@@H](NC(=O)[C@@H](CC(C)C)NC(=O)[C@@H](Cc1ccccc1)NC(=O)[C@H](N)Cc1ccccc1)C(=O)N1CCC(N)(C(=O)O)CC1,0,Train
24325399,CC1=NN(C(=O)c2ccc(O)cc2)C(=O)C1/N=N/c1ccc(S(=O)(=O)Nc2ncccn2)cc1,1,Train
25251471,CSCC[C@H](NC(=O)[C@H](CC(C)C)NC(=O)CNC(=O)[C@H](Cc1ccccc1)NC(=O)[C@H](Cc1c[nH]c2ccccc12)NC(=O)[C@@H]1CCCN1C(=O)[C@@H](N)Cc1ccc(O)cc1)C(N)=O,0,Train
32669467,CN1CCN(c2cccc3nc([C@H]4CCC[C@@H](c5ncccc5C5CC5)N4)c(Cl)n23)CC1,1,Train
30708592,CC(C)Nc1cc(-n2ncc3cc(C#N)cnc32)ncc1-c1cn(CCc2cccnc2)nn1,0,Train
5723795,CC1(C)CC[C@]2(C(=O)O[C@@H]3O[C@H](CO)[C@@H](O)[C@H](O)[C@H]3O)CC[C@]3(C)C(=CC[C@@H]4[C@@]5(C)CC[C@H](O[C@@H]6O[C@H](C(=O)O)[C@@H](O[C@@H]7O[C@@H](CO)[C@H](O)[C@H]7O)[C@H](O)[C@H]6O)C(C)(C)[C@@H]5CC[C@]43C)[C@@H]2C1,0,Train
24570990,CC1(C)NC(=O)c2cc(S(=O)(=O)Nc3ccc(F)cc3F)ccc2NC1=O,0,Train
22830634,C[C@H]1CN([C@@H](C)CO)C(=O)c2cccc(NC(=O)c3ccncc3)c2O[C@H]1CN(C)Cc1ccc(Oc2ccccc2)cc1,1,Train
23168321,COc1ccnc2[nH]cc(C(=O)C(=O)N3CCN(C(=O)c4ccccc4)CC3)c12,1,Train
19153447,Cc1ccc2c(-c3ccc(Cl)cc3)c([C@H](OC(C)(C)C)C(=O)O)c(C)nc2c1,1,Train
10732171,CC(=O)Nc1cccc(-c2ccc(Cc3ocnc3C(=O)N[C@@H](Cc3ccccc3)C(=O)O)cc2)c1,0,Train
22653567,Cn1c(Br)c(Br)c2c(=O)n(Cc3ccccc3C#N)c(N3CCC[C@@H](N)C3)nc21,0,Train
24436142,COc1ccc(C(=O)Cn2cnc3c(C#N)c(N4CCC[C@@H](N)C4)n(CC=C(C)C)c3c2=O)cc1,0,Train
2221312,C=C(C)[C@H]1C[C@@]2(C)C(=CC1=O)CC[C@@H](OC(=O)/C(C)=C\\C)[C@@H]2C,1,Train
26691424,Cc1cc(-c2cccc(Oc3ccc4c(c3)c(=O)ncn4Cc3c(F)cc(F)cc3F)c2C(F)(F)F)cnc1N,0,Train
12093818,O=C(c1ccc(F)cc1OC[C@@H](O)CN1CCC2(CC1)Cc1cc(F)ccc1O2)N1CC[C@H](O)C1,0,Train
28960226,O=C1COCCN1c1ccc(CO[C@@H]2COc3nc([N+](=O)[O-])cn3C2)cn1,1,Train
10620860,CN1C(=O)NC(=O)[C@]12Cc1ccc(NC(=O)Cn3c(=O)n(C4CCS(=O)(=O)C4)c4ccccc43)cc1C2,0,Train
8459263,COc1ccc2ccc(S(=O)(=O)NC(Cc3cc4c(N)nccc4s3)C(=O)N3CCN(S(C)(=O)=O)CC3)cc2c1,0,Train
23751808,Cc1nc(NC(=O)C(C)CC(F)(F)F)sc1-c1ccc(N)nc1,1,Train
25080741,Cc1nc(C(C)C)n(C2CC3CCC(C2)N3CC[C@H](NC(=O)C2CCC2)c2ccccc2)n1,1,Train
23269726,CC(C)N1CCN(C(=O)Cn2c(-c3ccc(Oc4ccccn4)cc3F)c(C3CCCCC3)c3ccc(C(=O)NS(=O)(=O)C4CC4)cc32)CC1,0,Train
19687633,CCCCCCCCCCCCc1ccc(S(=O)(=O)Nc2nncs2)cc1,0,Train
8799796,CCCc1nc(Cl)ncc1C(=O)Nc1cc(C(F)(F)F)cc(C(F)(F)F)c1,0,Train
12976505,O=C1CC[C@@]2(O)[C@@H]3Cc4ccc(O)c5c4[C@@]2(CCN3CC2CC2)[C@H]1O5,1,Train
9519460,CC(C)[C@H](NC(=O)CN)C(=O)OCCOCn1cnc2c(=O)[nH]c(N)nc21,0,Train
31917650,CCOC(=O)c1cc(C(=O)c2ccc(Cl)cc2)n2ccc(-c3cc[n+](CC(=O)c4ccc(C)cc4)cc3)cc12.[Br-],0,Train
30708673,CC(=O)N1CC[C@H](n2cc(-c3cnc(-n4ncc5cc(C#N)cnc54)cc3NC(C)C)nn2)[C@H](O)C1,0,Train
20083272,CC(=O)Nc1ccc(Nc2nc3c(-c4ccc(C(F)(F)F)cc4)cccn3n2)cc1,1,Train
4209895,Cc1cccc(C)c1OCC(C)N.Cl,1,Train
22751710,Br.N=C(N)SCc1cccc2c1sc1c(CSC(=N)N)cccc12,0,Train
12518903,Br.CN(C(=O)CC[C@@H](C1CCCCC1)N1Cc2cc(Oc3ccccc3)ccc2N=C1N)C1CCCCC1,0,Train
29035185,Clc1cccc(OC[C@H]2CCCN2Cc2cccc3ccccc23)c1Cl,1,Train
11157887,CCOCCOCCN(c1c(Cl)c(Cl)cc2[nH]c(=O)c(=O)[nH]c12)S(C)(=O)=O,0,Train
26447325,COc1ccc2c3c([nH]c2c1)[C@@]1(CS[C@@H]2c4c(OC(C)=O)c(C)c5c(c4[C@H](COC1=O)N1C2[C@H]2c4c(cc(C)c(OC)c4O)C[C@@H]([C@@H]1O)N2C)OCO5)NCC3,0,Train
21598037,Cc1c(C(=O)O)sc2ccc(NC(=O)C3(NC(=O)c4ccc5c(C6CCCCC6)c(-c6ccccn6)n(C)c5c4)CCN(C)CC3)cc12,0,Train
30596893,CC(CCF)Nc1cc(-c2cnn3cc(C#N)cnc23)ncc1C(=O)NC[C@@H](F)C(C)(C)O,0,Train
3543484,CC(=O)N[C@@H](CSN=O)C(=O)O,0,Train
18301869,Cc1nn(-c2ccccn2)c(O)c1-c1cccc(C(F)(F)F)c1,0,Train
33289301,CN(C(=O)[C@@H]1[C@@H](Cc2ccnc(N)c2)C(=O)N1C(=O)N[C@@H](C1CCCCC1)C1CC1)c1ccccc1,1,Train
20430783,CSc1ccc(S(=O)(=O)C[C@H]2C[C@@H](N(C)C(C)C)CC[C@H]2N2CCC(C)(NC(=O)c3cccc(C(F)(F)F)c3)C2=O)cc1,0,Train
30708790,CC(O)Cc1cn(-c2cnc(-n3ncc4cc(C#N)cnc43)cc2NCC(C)(C)O)nn1.O=C(O)C(F)(F)F,1,Train
15399412,Cc1cnc(NCCc2ccc(F)cc2F)c(=O)n1CC(=O)NCCONC(=N)N,0,Train
25257180,CN1C(=N)N[C@](C)(c2cc(NC(=O)c3ccc(C(F)(F)F)cn3)ccc2F)CC1=O,0,Train
2665243,N[C@@H](CO)C(=O)N[C@@H](Cc1ccc(O)cc1)C(=O)O,0,Train
26129072,CS(=O)(=O)Nc1ccc2c(c1)S(=O)(=O)N=C(C1=C(O)C3C4CCC(C4)C3N(Cc3ccc(F)cc3)C1=O)N2,0,Train
27178004,CC[C@H](C)[C@H](NC(=O)C(c1cc(Cl)cc(Cl)c1)N(C)C)C(=O)NCc1ccnc(C#N)n1,1,Train
22373387,NC1=N[C@](c2ccc(OC(F)F)cc2)(c2cccc(OCCCF)c2)C2=NCC(F)(F)CN12,0,Train
19048835,O=C(O)c1cc(Cl)c(O)cc1OC[C@@H](O)CN1CCC2(CC1)Cc1cc(Cl)ccc1O2,0,Train
30133441,COc1nnc2ccc(N3CCC(c4ccc(N5CC(CN6CCN(C)C(=O)[C@H]6C)C5)cc4)CC3)nn12,1,Train
28803453,COC(=O)/C=C/c1cc(F)cc(N(Cc2cccc3cc4cnn(C)c4c(Cl)c23)C(=O)C2CCN(C)CC2)c1,0,Train
20083459,C[C@H](c1ccc(-c2cccn3nc(Nc4ccc(C(=O)NC5CC5)cc4)nc23)cc1)N1CCOCC1,1,Train
25266018,Cc1ccc(-c2c(C3CCCC3)c3ccc(C(=O)NC(C)(C)C(=O)Nc4ccc(/C=C/C(=O)O)cc4)cc3n2C)cn1,0,Train
13022067,CN(C)CCNc1cnc2nnn(Cc3ccc4ncccc4c3)c2n1,0,Train
10675875,N=C(N)c1ccc2nc(-c3ccccn3)[nH]c2c1,0,Train
32601196,Cc1cccnc1C1CCCN1Cc1nccn1CCCCN1CCOCC1,1,Train
4164595,CN(C)CCC=C1c2ccccc2CCc2ccccc21.Cl,0,Train
12223369,COC(=O)NC1(c2ccccc2)CCN(C[C@@H]2C[C@@]2(C(=O)N(C)Cc2ccccc2)c2ccc(Cl)c(Cl)c2)CC1,0,Train
29768902,Cc1nc(-c2nc3ccccc3n2C)c(C)c(-c2ccc3c(c2C)N(C)CCO3)c1[C@H](OC(C)(C)C)C(=O)O,1,Train
12496985,Cn1c(=O)cc(Nc2ccc(I)cc2F)c2c(=O)n(C3CC3)c(=O)n(-c3ccccc3)c21,0,Train
11234357,CNCCN[C@H](c1cc(C)ccc1N1CCN(C(=O)[C@H](C)Cc2ccc(Cl)cc2F)CC1)C(C)C,0,Train
23150436,O=C(c1ccc(OC2CC(N3CCCCC3)C2)cc1)N1CCCCC1,1,Train
23013095,Cn1c(-c2ccoc2)c(C2CCCC2)c2ccc(C(=O)NC3(C(=O)Nc4ccc(C=CC(=O)O)cc4)CCCC3)cc21,0,Train
14351224,CO[C@H]1C[C@H]2OC[C@@]2(OC(C)=O)[C@H]2[C@H](OC(=O)c3ccccc3)[C@]3(O)C[C@H](OC(=O)[C@H](O)[C@@H](NC(=O)OC(C)(C)C)c4ccccc4)C(C)=C([C@@H](OC)C(=O)[C@]12C)C3(C)C,0,Train
9145628,c1ccc([C@@H]([C@H](c2ccccc2)N2CCCC2)N2CCCC2)cc1,1,Train
27060725,CN1C(=O)N(c2cccc(C(F)(F)F)c2)C2=C(C(=O)CC2)C1c1ccc(C#N)cc1S(C)=O,1,Train
22456776,COc1cc(C)c(S(=O)(=O)N(C)CCOCC(=O)N2CCN(CCN(C)C)CC2)c(C)c1,0,Train
18487982,Oc1c2c(nn1-c1ccccn1)CCc1cc(Br)ccc1-2,0,Train
4910138,C[C@H](N)C(=O)N[C@@H](Cc1c[nH]c2ccccc12)C(=O)O,0,Train
114117,O=Cc1c[nH]c2ccccc12,1,Train
7408729,COc1cc(C)c(S(=O)(=O)N[C@@H](CC(=O)O)C(=O)N[C@H](Cc2ccc(C(=N)N)cc2)C(=O)N2CCCCC2)c(C)c1C,0,Train
14173396,O=C(NCCc1ccccc1Cl)c1cc(-n2ncc(=O)[nH]c2=O)ccc1Cl,1,Train
10220976,CNCc1nccn1-c1ccc(NC(=O)c2cc(C(F)(F)F)nn2-c2ccc3onc(N)c3c2)c(F)c1,0,Train
28398793,C=CC(=O)N[C@H]1CCN(c2ccc(C(N)=O)c(Nc3ccc(N4CCOCC4)nc3)n2)C1,0,Train
32700703,NC(=O)CC[C@@H]1NC(=O)[C@H]2Cc3c([nH]c4ccccc34)[C@H]3N2C(=O)C[C@]3(CCCc2cn([C@@H]3O[C@H](CO)[C@@H](O)[C@H](O)[C@H]3O)nn2)Cc2cccc(c2)/C=C/Cc2cc(ccc2O)C[C@@H](C(N)=O)NC1=O,0,Train
27252409,C[C@@H]1COC[C@@H](C)N1c1cc(=O)n2c(n1)N(Cc1ccc(Cl)s1)[C@H](C(F)(F)F)CC2,1,Train
27345438,COc1cccc(-c2cccc([C@@]3(c4ccncc4)N=C(N)N4CC(F)(F)CN=C43)c2)c1F,0,Train
28803444,COC(=O)/C=C/c1cccc(N(Cc2cccc3cc4cnn(C)c4c(F)c23)C(=O)C2CCCCC2)c1,0,Train
32601148,CN1CCN(c2c(CN3CCCC3c3ccccn3)nc3ccc(F)cn23)CC1,1,Train
31755084,NC(=O)c1cc(Cl)c2c(Cl)c(C3CC3)n(C3CCCNC3)c2n1,0,Train
26621059,CC(C)COC(=O)[C@H](Cc1ccccc1)NP(=O)(COCCn1cnc2c(N)ncnc21)Oc1ccccc1,1,Train
33289315,CC[C@@H](NC(=O)N1C(=O)[C@H](Cc2ccnc(N)c2)[C@H]1C(=O)N(C)c1ccccc1)C1CC1,1,Train
23572156,O=C(Nc1nc(Cc2ccccc2)no1)c1ccc(O[C@H]2CC[C@@H](C(=O)O)CC2)cc1,0,Train
23489115,CS(=O)(=O)N1CCN(c2ccc(N3CCN(C(=O)NC4C5CC6CC4CC(O)(C6)C5)c4ccccc43)nc2)CC1,0,Train
23591541,Cc1c(O)c(=O)ccn1-c1ccc(CC(=O)NCc2ccc(-c3nc4ccccc4s3)cc2)cc1,1,Train
28982720,C[C@@H]1Cn2c(nnc2C(F)(F)F)CN1C(=O)c1cccc(Cc2n[nH]c(=O)c3ccccc23)c1,0,Train
13853199,O=C(Nc1ccc2c(c1)CCN(Cc1ncn[nH]1)C2)c1ccccc1-c1ccc(C(F)(F)F)cc1,1,Train
21119344,COc1cccc(OC2CN(c3c4c(nc5ccnn35)CCNCC4)C2)c1.O=C(O)C(F)(F)F,1,Train
27675975,COc1cccc2c1C(NCC(C)(C)c1ccccc1)=NC(=O)C2,1,Train
20129749,CC(C)n1c(=O)c(C(=O)N[C@@H]2C[C@@H]3CC[C@H](C2)N3CCCCCCCN2CCOCC2)cc2ccccc21,1,Train
25133177,Cc1ccc(-c2cccc(S3(=O)=NC(=O)[C@H](C)N3)c2)cc1,1,Train
19115708,CC(C)(C)CCn1nc(N2CCCC2)c(O)c(C2=NS(=O)(=O)c3cc(NS(C)(=O)=O)ccc3N2)c1=O,0,Train
31755085,NC(=O)c1cc(Cl)c2c(Cl)c(C#CC3CC3)n(C3CCCNC3)c2n1,0,Train
18995818,Cc1cc2c(-c3ccc[nH]c3=O)c(C(=O)NS(=O)(=O)C3CC3)n(Cc3cc(F)ccc3F)c2cc1F,0,Train
26883082,CC(=O)c1ccc(-c2ccc(CC(=O)NCc3ccccc3)cc2)cc1,1,Train
2399598,C[C@]12CC[C@@H]3c4ccc(OS(=O)(=O)O)cc4CC[C@H]3[C@@H]1CCC2=O,0,Train
3647477,C=CC[C@@H]1/C=C(\\C)C[C@H](C)C[C@H](OC)[C@H]2O[C@@](O)(C(=O)C(=O)N3CCCC[C@H]3C(=O)O[C@H](/C(C)=C/[C@@H]3CC[C@@H](O)[C@H](OC)C3)[C@H](C)[C@@H](O)CC1=O)[C@H](C)C[C@@H]2OC,0,Train
139375,Cc1nc2ccc(Cl)cc2n1C,0,Train
20042556,O=C1CCCCN1C1CCN(c2nc3ccccc3n2Cc2ccc(F)cc2)CC1,1,Train
29690068,CN1C(=O)N(c2cccc(C(F)(F)F)c2)C2=C(C(=O)CC2)[C@H]1c1ccc(C#N)cc1S(C)=O,1,Train
27339419,O=C(O)C[C@H]1CC[C@H](c2ccc(-c3ccc4c(c3)CCN4C(=O)Nc3ccccc3)cc2)CC1,1,Train
24720356,COc1ccc2c(O[C@@H]3C[C@H]4C(=O)N[C@]5(C(=O)NS(=O)(=O)C6CC6)C[C@H]5C=CCCCCN(C)C(=O)[C@@H]4C3)cc(-c3nc(C(C)C)cs3)nc2c1,1,Train
26443452,CC1(C)CN(C(=O)c2ccc(-c3cccc4nc(NC(=O)C5CC5)nn34)cc2)C1,0,Train
26883085,CNC(=O)c1ccc(-c2ccc(CC(=O)NCc3ccco3)cc2)cc1,1,Train
5633682,O=C(O)c1ccc(C(=O)O)c(-c2c3ccc(=O)cc-3oc3cc(O)ccc23)c1,0,Train
4290183,CC(=O)O[C@@]12CO[C@@H]1C[C@H](O)[C@@]1(C)C(=O)[C@H](O)C3=C(C)[C@@H](OC(=O)[C@H](O)[C@@H](NC(=O)OC(C)(C)C)c4ccccc4)C[C@@](O)([C@@H](OC(=O)c4ccccc4)[C@@H]12)C3(C)C,1,Train
23204731,COc1ccc2cc(-c3nc(CN4CCc5cc(OC)c(OC)cc5C4)cs3)ccc2c1,0,Train
13065999,C=C[C@@H]1C[C@]1(NC(=O)[C@@H]1C[C@@H](Oc2cc(-c3csc(NC(C)C)n3)nc3cc(OC)ccc23)CN1C(=O)[C@@H](NC(=O)OC1CCCC1)C(C)(C)C)P(=O)(O)Cc1ccccc1OC,0,Train
25303082,C[C@@H]1CCC(N2CC[C@]3(CN(C(=O)c4cc5ccc(F)cc5[nH]4)c4ccccc43)C2)CN1,0,Train
20430789,CC(C)N(C)[C@@H]1CC[C@H](N2CC[C@H](NC(=O)c3cc(C(F)(F)F)cc(C(F)(F)F)c3)C2=O)[C@H](CS(=O)(=O)c2ccccc2)C1,0,Train
11065589,COCCOc1ccc(N2CCN(CCn3ncc4c3nc(N)n3nc(-c5ccco5)nc43)CC2)cc1,0,Train
18293659,O=C(O)c1c(O)c(C2(c3ccc(Cl)cc3)CC2)nc2c(C(F)(F)F)cccc12,0,Train
12093648,O=C(NC1CC1)c1ccc(F)cc1OC[C@@H](O)CN1CCC2(CC1)Cc1cc(Cl)ccc1O2,1,Train
25999081,COC(=O)OC[C@H]1Oc2c(c(OC)cc3ccc(=O)oc23)O[C@@H]1c1ccc(OC)c(OC)c1,1,Train
23705911,O=C(O)[C@@H]1CCN(C(=O)c2ccc(F)cc2OC[C@@H](O)CN2CCC3(CC2)Cc2cc(Cl)ccc2O3)C1,0,Train
23783483,Cc1nn(-c2ccnc(Nc3ccc4c(c3)c(Cl)c(C)n4C)n2)cc1CN1CC[C@@H](O)C1,0,Train
29322965,Nc1cc(Nc2cc(Cl)c3n(c2=O)C2(CCC(F)(F)CC2)NC3=O)ncn1,0,Train
24425549,CO[C@H](CCC(C)(C)OC)[C@](C)(O)[C@H]1CC[C@@]2(O)C3=CC(=O)[C@@H]4C[C@@H](O)[C@@H](O)C[C@]4(C)[C@H]3CC[C@]12C,1,Train
24193664,C[C@@H](NC(=O)[C@@H](N)Cc1ccc(O)cc1)C(=O)N[C@@H](Cc1ccccc1)C(=O)N[C@@H](Cc1ccccc1)C(N)=O,0,Train
23745733,C[C@H]1C[C@@H](n2c(=O)nc(-c3cnn(C)c3)c3oc4cnc(-c5cnn(C)c5)cc4c32)C[C@@H](C)O1,1,Train
22670280,O=c1cc(N2CCOCC2)nc(Cc2nc3ccccc3n2C2CCCCC2)[nH]1,0,Train
11248119,CCCN1CCO[C@H](c2cccc(O)c2)C1,1,Train
23999130,C=CC(=O)Nc1cccc(Nc2nc(Nc3ccc(N4CCN(C(C)=O)CC4)cc3OC)ncc2C(F)(F)F)c1,0,Train
25083751,COc1ccc(N2N=C(C(F)(F)F)C3CCN(c4ccc(C5(C6=NCCN6)CC5)cc4)C(=O)C32)cc1.O=C(O)C(F)(F)F,0,Train
30596931,CC(C)(O)[C@H](F)CNC(=O)c1cnc(-c2cnc3cc(C#N)cnn23)cc1NC1CCOCC1,0,Train
24285245,COc1ccc2c(O[C@H]3CCN4C(=O)N(C)CCCC/C=C\\[C@@H]5C[C@@]5(C(=O)NS(=O)(=O)C5(C)CC5)NC(=O)[C@@H]4C3)cc(-c3nc(C(F)(F)F)cs3)nc2c1C,0,Train
24098772,Cc1ccc(NS(C)(=O)=O)c(C(=O)N2CCCC[C@H]2c2cc3nc(C4CC4)c(C)cn3n2)c1,1,Train
12856436,COc1cccc2c1C(NCC(C)(C)c1ccccc1)=NC2=O,1,Train
11814228,COc1cc(Cl)ccc1O[C@@H](c1ccccc1)[C@@H]1CNCCO1.Cl,1,Train
30355387,Cc1ncoc1-c1nnc(SCCCN2C[C@@H]3CCN(c4ccc(F)cc4)[C@@H]3C2)n1C,1,Train
30708965,CC(C)Nc1cc(-n2ncc3cc(C#N)cnc32)ncc1-c1cc([C@H]2CCNC2)no1,0,Train
24086364,O=c1cc(CO)oc(CN(Cc2ccccc2)Cc2oc(CO)cc(=O)c2O)c1O,0,Train
33162812,CC#CC(=O)N1CC(Cn2nc(-c3ccc(Oc4ccncc4)cc3)c3cncc(Cl)c32)C1,0,Train
29232378,O=c1[nH]cnc2c(-n3cc(CCN4CCC(c5cccs5)CC4)cn3)nccc12,1,Train
11001379,CC(=O)c1sc(NC(=O)N[C@@H]2CN(C(C)=O)CC[C@H]2CN2CCC[C@@H](Cc3ccc(F)cc3)C2)nc1C,0,Train
29836390,Cc1cnc(-c2cc(OC[C@H]3CN(C)CCO3)cc(C(=O)N[C@H](C)c3cnc(C(F)(F)F)nc3)c2)s1,1,Train
26164459,C[C@@H](Cc1c(F)c(F)cc(F)c1F)Nc1cc[nH]c(=O)c1-c1nc2cc3c(cc2[nH]1)C(=O)N(c1cccnc1)C3=O,0,Train
24283648,COC(CN1[C@H]2CC[C@@H]1C[C@@H](NC(=O)c1cc3ccccc3n(C(C)C)c1=O)C2)CN(Cc1cccnc1)S(C)(=O)=O,1,Train
19650474,CCCS(=O)(=O)Nc1ccc(F)c(C(=O)Nc2cnc3[nH]c(-c4ccc(Br)cc4)nc3c2)c1F,0,Train
24189160,COc1ccc2c(c1)OCCN[C@@H](C(C)C)C(=O)N(C)[C@@H]([C@@H](C)O)C(=O)N[C@H](Cc1c[nH]c3ccccc13)C(=O)NC1CCC2C1,0,Train
24368060,COCCOC(=O)N[C@H](C(=O)N[C@@H](Cc1ccccc1)[C@@H](O)CN(Cc1ccc(-c2ccccn2)cc1)NC(=O)[C@@H](NC(=O)OC)C(C)(C)C)C(C)(C)C,0,Train
29657556,CC(=O)N1CCN(c2cccc(-c3cc(-c4ccnn4C4CC4)c4c(N)ncnn34)c2)C(=O)C1(C)C,0,Train
21859046,Nc1ncnc2c1C(=O)N(c1ccc(-c3ccc(CO)cc3Cl)cc1)CCO2,1,Train
28665274,CCN(CC)C(=O)c1ccc(Nc2cc(-c3c(F)cccc3F)nc3c2C(=O)NC3)cc1,0,Train
8583270,CCCCCOC(=O)Nc1nc(=O)n([C@@H]2O[C@H](C)[C@@H](O)[C@H]2O)cc1F,0,Train
9882856,Cc1cc(COc2ccc(S(=O)(=O)CC3(CC(=O)NO)CCN(CC(C)C)C3)cc2)c2ccccc2n1,0,Train
21872756,COC(=O)N[C@H](C(=O)N1C[C@@H](C)C[C@H]1c1nc(-c2ccc(-c3ccc(-c4ccc5[nH]c([C@@H]6C[C@H](C)CN6C(=O)[C@@H](NC(=O)OC)C(C)C)nc5c4)cc3)cc2)c[nH]1)C(C)C,0,Train
23434664,O=C(Nc1ccccc1)c1ccc(N2CCN(C(=O)c3ccccc3C(F)(F)F)CC2)nn1,1,Train
31380913,Cl.NC(=O)c1ccc(OCCNC[C@H](O)COc2ccc3c(c2)OC[C@@H](COCC2CC2)O3)cc1,1,Train
24523839,O=C1NC(=O)C(c2ccccc2)(c2ccccc2)C(=O)N1.[NaH],1,Train
11586156,COc1ccc(-n2nc(C(N)=O)c3c2C(=O)N(c2ccc(C4(C(C)=O)CC4)cc2)CC3)cc1,1,Train
11690000,O=C(O)c1ccc(CNC(=O)c2cc(Cl)cnc2Oc2ccc(F)cc2)cc1,1,Train
10736803,COc1ccc2nc(N[C@@H](Cc3ccc(C4CC(=O)NS4(=O)=O)cc3)c3nc4ccccc4[nH]3)sc2c1,0,Train
21029748,CCCC1(C(=O)c2ccc3[nH]ncc3c2)CCCN1,1,Train
4229251,COc1cccc2c1C(=O)c1c(O)c3c(c(O)c1C2=O)C[C@@](O)(C(=O)CO)C[C@@H]3O[C@H]1C[C@H](N)[C@H](O)[C@H](C)O1.Cl,0,Train
20051344,COc1ccc(-c2cccc3nc(Nc4ccc(C(=O)NCCNC(C)=O)cc4)nn23)cc1,0,Train
26467640,C[C@@H]1COCCN1c1nc2n(c(=O)c1F)CC[C@@H](C(F)(F)F)N2Cc1ccon1,1,Train
13108776,COC(=O)NCc1cc2c(NCc3ccc(OC)c(Cl)c3)ncnc2c(CCO)c1OC,1,Train
29357913,C[C@@H]1CN(c2cc(=O)c3cc(C(=O)N4CCOCC4)cc(CN4CCOc5c(F)cccc54)c3o2)CCO1,0,Train
9306520,FC(F)(F)c1cc(COCC(c2ccccc2)N2CCN(CCCCc3nnn[nH]3)CC2)cc(C(F)(F)F)c1,0,Train
7981967,O=C1[C@H](CC[C@H](O)c2ccc(F)cc2)[C@@H](c2ccc(O)cc2)N1c1ccc(F)cc1,1,Train
28946096,Cc1c(C(=O)C2CC2)[n+]([O-])c2cc(Cl)c(Cl)cc2[n+]1[O-],0,Train
26496351,CO[C@H]1C(=O)[C@]2(C)[C@@H](OC(=O)N(C)C)C[C@H]3OC[C@@]3(OC(C)=O)[C@H]2[C@H](OC(=O)c2ccccc2)[C@]23OC(=O)O[C@H]2[C@H](OC(=O)[C@H](O)[C@@H](NC(=O)OC(C)(C)C)c2ccccc2)C(C)=C1C3(C)C,0,Train
12187157,COc1cccc(-c2c(C)n(Cc3c(F)cccc3C(F)(F)F)c(=O)n(C[C@@H](c3ccccc3)N(C)CCCC(=O)O)c2=O)c1F,0,Train
26273703,Cc1cc(C(F)(F)F)c(-c2ccc(C[C@H](NC(=O)c3c(Cl)cccc3Cl)C(=O)OCCCN3CCOCC3)cc2)c(=O)n1C,1,Train
15556943,C=CCN(CC=C)C(=O)[C@@]1(c2cccs2)C[C@H]1CN,1,Train
24395268,COc1ccc2c(O[C@@H]3C[C@H]4C(=O)N[C@]5(C(=O)NS(=O)(=O)C6CC6)C[C@H]5/C=C\\CCCCN(C)C(=O)[C@@H]4C3)nc(-c3nc(C(C)C)cs3)nc2c1,0,Train
26501642,CN(C(=O)c1c(F)cccc1Cl)c1ncc(-c2cc(C(N)=O)ccc2Cl)cc1OCC(F)(F)F,1,Train
4169371,Cc1nnc(SCC2=C(C(=O)O)N3C(=O)[C@@H](NC(=O)Cn4cnnn4)[C@H]3SC2)s1,0,Train
25584263,CC1CCN(C(=O)C(Cc2cc3c(N)nccc3s2)NS(=O)(=O)c2ccc3ccccc3c2)CC1.Cl,1,Train
22142969,Cc1cn2nc([C@@H]3CCCCN3C(=O)c3cc(Cl)ccc3NS(C)(=O)=O)cc2nc1N1CC(O)C1,1,Train
11102977,Cc1cncc(C=CC(=O)N2CCC(NC(=O)C(c3ccccc3)C3CCCCC3)CC2)c1,0,Train
32110189,CCN1CCc2c(sc(NC(=O)c3c(F)c(F)c(F)c(F)c3F)c2C(=O)NC)C1,0,Train
27367642,COC(=O)N[C@H](C(=O)NN(CCC[C@@]1(O)Cc2ccc(cc2)C/C=C\\NC(=O)[C@H](C(C)C)NC1=O)Cc1ccc(-c2nccs2)cc1)C(C)(C)C,1,Train
24283659,CC(C)N1C(=O)C(C(=O)N[C@H]2C[C@@H]3CC[C@H](C2)N3CC(O)CNC(=O)c2ccncc2)C(=O)c2ccccc21,1,Train
10125672,COc1cc(C)ccc1S(=O)(=O)NC(=O)C(c1ccc2c(c1)OCO2)c1cn(C)c2cc(Cl)ccc12,1,Train
12766293,COc1cc(C)c(S(=O)(=O)N(C)CCOCC(=O)N2CCN(C3CCN(C4CC4)CC3)CC2)c(C)c1,1,Train
20051445,O=C(NC1CC1)c1ccc(Nc2nc3cccc(-c4ccc(CN5CCOCC5)c(F)c4)n3n2)cc1,1,Train
27221823,CCOc1nc(NC(=O)C2(NC(=O)c3ccc4c(C5CCCC5)c(-c5ccc(F)cn5)n(C)c4c3)CCC2)ccc1/C=C/C(=O)O,1,Train
21097269,COC(=O)c1ccc(-c2c(Cl)cc(O[C@H]3O[C@H](CO)[C@@H](O)[C@H](O)[C@@H]3O)cc2Cl)cc1,0,Train
11621173,CC(C)C(OC(=O)NCC1(CC(=O)O)CCCCC1)OC(=O)c1ccccc1,1,Train
27877320,CCOc1nc(NC(=O)C2(NC(=O)c3ccc4c(C5CCCC5)c(-c5ccc(Cl)cn5)n(C)c4c3)CCC2)ccc1C=CC(=O)O,1,Train
30487035,COc1ccc(-c2nnc(C(=O)N3CCC(Oc4ccc(CN5CCOCC5)cc4)CC3)o2)cc1,1,Train
23236270,CN(C)C(=O)c1cccc(S(=O)(=O)N2CSC[C@H]2C(=O)O[C@@H](Cc2c(Cl)c[n+]([O-])cc2Cl)c2ccc(OC(F)F)c(OCC3CC3)c2)c1,0,Train
20083418,CNC(=O)c1ccc(Nc2nc3c(-c4ccc(CN5CCC(F)CC5)cc4)cccn3n2)cn1,1,Train
29230734,CN1C(=O)N(c2cccc(C(F)(F)F)c2)C2=C(C(=O)NCC2)C1c1ccc(C#N)cc1S(C)(=O)=O,1,Train
24395271,COc1ccc2c(O[C@@H]3C[C@H]4C(=O)N[C@]5(C(=O)NS(=O)(=O)C6CC6)C[C@H]5/C=C\\CCCCN(C)C(=O)[C@@H]4C3)nc(-c3ccc(F)cc3)nc2c1,1,Train
30708787,CCCc1cn(-c2cnc(-n3ncc4cc(C#N)cnc43)cc2NC(C)C)nn1.O=C(O)C(F)(F)F,0,Train
32700706,O=C(O)CC[C@@H]1NC(=O)[C@H]2Cc3c([nH]c4ccccc34)[C@H]3N2C(=O)C[C@]3(CCCc2cn([C@@H]3O[C@H](CO)[C@@H](O)[C@H](O)[C@H]3O)nn2)Cc2cccc(c2)/C=C/Cc2cc(ccc2O)CCNC1=O,0,Train
30468796,CN1C(=N)N[C@](C)(c2cc(NC(=O)c3ccccn3)ccc2F)CS1(=O)=O.O=C(O)C(F)(F)F,0,Train
23013082,Cn1c(-c2ccc(F)cn2)c(C2CCCC2)c2ccc(C(=O)NC3(C(=O)Nc4ccc(/C=C/C(=O)O)cc4)CCC3)cc21,0,Train
30596933,Cc1cnn2c(-c3cc(NC(C)C)c(C(=O)NC[C@@H](F)C(C)(C)O)cn3)cnc2c1,0,Train
19082336,COc1ccc(-c2cccc3nc(Nc4ccc(C(=O)NCCN(C)C)cc4)nn23)cc1,1,Train
31532359,Cc1[nH]c(-c2cccc3ccccc23)cc1C(=O)N1CCC(CO)CC1,1,Train
27334673,O=S(=O)(Cc1nnn(-c2ccccc2)c1I)[C@@H]1O[C@H](CO)[C@@H](O)[C@H](O)[C@H]1O,0,Train
24600775,COc1ccc2nc(NC(c3ccc(O)cc3)P(=O)(OC)OC)sc2c1,0,Train
18849841,Cc1c(-c2cccc(OCCCCC(=O)O)c2F)c(=O)n(C[C@@H](c2ccccc2)N(C)C)c(=O)n1Cc1c(F)cccc1C(F)(F)F,1,Train
18506737,Nc1nc2c(c(-c3c(Cl)cc(Cl)cc3OCCn3cccn3)n1)CN(C(=O)NC1CC(F)(F)C1)C2,0,Train
10388544,CCN(CCCCO)C(=O)N(CC)c1ccc(C(O)(C(F)(F)F)C(F)(F)F)cc1,1,Train
24571011,CC1(C)NC(=O)c2cc(S(=O)(=O)Nc3ccc(F)cc3F)cc(C(F)(F)F)c2NC1=O,1,Train
10748708,Nc1noc2ccc(-n3nc(C(F)(F)F)c4c3C(=O)N(c3ccc(-c5ccccc5CN5CC[C@@H](O)C5)cc3)CC4)cc12,0,Train
24828797,CC(=O)N[C@@H](CCN1C2CCC1CC(n1c(C)nc3c1CN(C)CC3)C2)c1ccccc1,0,Train
25266082,Cn1c(-c2csc(N)n2)c(C2CCCC2)c2ccc(C(=O)NC3(C(=O)Nc4ccc(/C=C/C(=O)O)cc4)CCCC3)cc21,0,Train
19872352,OC[C@@H](O)[C@@H](O)[C@H](O)c1c[nH]c(-c2nc[nH]n2)n1,0,Train
10595645,N#CCCCn1c(Cn2c(=O)n(C3CC3)c3ccncc32)nc2ccccc21,1,Train
23745765,CC[C@H]1C[C@@H](n2c(=O)nc(-c3cnn(C)c3)c3oc4c(C)nc(-c5cn(CC)cn5)cc4c32)CCO1,1,Train
24283680,CC(C)n1c(=O)c(C(=O)N[C@H]2C[C@@H]3CC[C@H](C2)N3CC(O)CN(C)C=O)cc2ccccc21,1,Train
18969746,O=C(Nc1n[nH]c2ccc(Cc3cc(F)cc(F)c3)cc12)c1ccc(CN2CCCCC2)cc1NC1CCOCC1,0,Train
18375080,O=C(O)CCc1cc2cc(Cl)ccc2n1S(=O)(=O)c1ccccc1,1,Train
9672241,N[C@@H](Cc1ccccc1)[C@H](O)/C=C/C(=O)O.O=C(O)C(F)(F)F,0,Train
67944,O=C(O[C@@H]1Cc2c(O)cc(O)cc2O[C@@H]1c1cc(O)c(O)c(O)c1)c1cc(O)c(O)c(O)c1,0,Train
21177438,COc1cccc(-c2cccc(C3(C)N=C(C)C(N)=N3)c2)c1,1,Train
12821622,CCOC(=O)c1cc(C#N)c(N2CCC(NC(=O)NS(=O)(=O)Cc3ccccc3)CC2)nc1C,1,Train
21598056,Cn1c(C(=O)O)cc2cc(NC(=O)C(C)(C)NC(=O)c3ccc4c(C5CCCCC5)c(-c5ccccn5)n(C)c4c3)ccc21,0,Train
22316950,Cn1c2c(c3cc(S(=O)(=O)c4c[nH]c5ccccc45)ccc31)C1CCC(C2)N1,0,Train
32614187,CN1[C@H](c2ncccc2Cl)CCC[C@@H]1c1nc2cccc(N3CCNC4(CC4)C3)n2c1Cl,0,Train
8018455,C[C@@H]1[C@@H]2C3=CC(=O)[C@@H]4[C@@]5(C)CC[C@@H](O)[C@](C)(C(=O)O)[C@@H]5CC[C@@]4(C)[C@]3(C)CC[C@@]2(C)CC[C@H]1C,0,Train
9208755,CN(C)CC/C=C1/c2ccccc2Sc2ccc(Cl)cc21,1,Train
19115702,CC(C)CCn1nc(N2CCCC2)c(O)c(C2=NS(=O)(=O)c3cc(NS(C)(=O)=O)ccc3N2)c1=O,0,Train
29657564,CC(=O)N1CCN(c2cccc(-c3cc(-c4cnn(C)c4)c4c(N)ncnn34)c2)C(=O)C1(C)C,0,Train
32669469,CN1CC2CCC(C1)N2c1cccc2nc([C@H]3CCC[C@@H](c4ncccc4Cl)N3)cn12,1,Train
30169888,O=C(CC1CCCCC1)N1CCN(c2cc(O[C@H]3CC[C@H](Nc4ccc([N+](=O)[O-])c(C(F)(F)F)c4)CC3)ccn2)CC1,0,Train
20611448,Cc1ccc(-c2ccc(C(=O)NC3(C(=O)N[C@@H](CCCN4CCN(CC5CCOCC5)CC4)Cc4ccccc4)CCCC3)cc2)cc1,0,Train
24254754,N[C@H](Cc1ccccc1)C(=O)N1CCC[C@H]1C(=O)O,1,Train
26879458,COc1ccc2oc(CN3CCN(C(=O)COC4CCC(Nc5ccc([N+](=O)[O-])c(C(F)(F)F)c5)CC4)CC3)cc2c1,1,Train
20446590,C=CCCCCCNC(=O)N1C[C@H](Oc2nc(-c3ccccc3)nc3c(C)c(OC)ccc23)C[C@H]1C(=O)N[C@]1(C(=O)NS(=O)(=O)C(C)CC)C[C@H]1C,1,Train
29090381,CN1C(=O)N(c2cccc(C(F)(F)F)c2)C2=C(C(=O)CC2)[C@H]1c1ccc(C#N)cc1CNC1CCOCC1,1,Train
12139841,COc1cccc(N2CCN(c3nc(-c4ccncn4)cc(=O)n3C)[C@H](C)C2)c1,1,Train
278107,COc1ccc(-c2coc3cc(O)cc(O)c3c2=O)cc1,0,Train
25083772,COc1ccc(N2N=C(S(C)(=O)=O)C3CCN(c4ccc(C5(CN6CCCC6)CC5)cc4)C(=O)C32)cc1.O=C(O)C(F)(F)F,0,Train
32153400,COC(=O)N1CCN([C@H]2CC[C@H](Nc3ncnc4[nH]cc(C5CCOCC5)c34)CC2)CC1,1,Train
24250996,CN1CCN(C[C@@H](NC(=O)C[C@H]2CNC(=O)c3cc(-c4cccc(Cl)c4)cn32)C2CCCCC2)CC1,0,Train
24942144,N=C(N)NCCC[C@@H](NC(=O)[C@@H](CCCNC(=N)N)NC(=O)[C@@H](CCCNC(=N)N)NC(=O)[C@@H](CCCNC(=N)N)NC(=O)[C@@H](CCCNC(=N)N)NC(=O)[C@@H](CCCNC(=N)N)NC(=O)[C@@H](CCCNC(=N)N)NC(=O)CCCNC(=O)[C@@H](CCN)NC(=O)CCC(=O)OCCNC(=S)Nc1ccc(-c2c3ccc(=O)cc-3oc3cc(O)ccc23)c(C(=O)O)c1)C(N)=O,0,Train
20473472,O=c1cc(CSc2ccccc2)[nH][nH]1,0,Train
8185032,C/C=C/C[C@@H](C)[C@@H](O)[C@H]1C(=O)N[C@@H](CC)C(=O)N(C)CC(=O)N(C)[C@@H](CC(C)C)C(=O)N[C@@H](C(C)C)C(=O)N(C)[C@@H](CC(C)C)C(=O)N[C@@H](C)C(=O)N[C@H](C)C(=O)N(C)[C@@H](CC(C)C)C(=O)N(C)[C@@H](CC(C)C)C(=O)N(C)[C@@H](C(C)C)C(=O)N1C,0,Train
32115622,O=C(NC[C@H]1[C@@H]2CN(C(=O)/C=C/c3cc(Cl)cc(Cl)c3)C[C@H]12)c1ccc2[nH]c(=O)oc2c1,1,Train
21359781,CC[C@H](C)[C@H](NC(=O)C1SC(C)(C)SC1C(=O)O)C(=O)O,1,Train
10627846,NS(=O)(=O)c1ccc(NC(=S)NCCCN2CCN(CCCNC(=S)Nc3ccc(S(N)(=O)=O)cc3)CC2)cc1,1,Train
22059431,CC(=O)N(C)C[C@H]1C[C@H](c2ccc(CN3CCCC3)c(Cl)c2)C1,1,Train
29146075,COc1ccc(N(C)c2cnc(SCc3c(F)cc(OCCC[N+]45CCN(CC4)CC5)cc3F)n2-c2ccc(F)cc2)cc1OC.O=C[O-],0,Train
28683784,COCCCOc1cc(C(=O)N(C[C@@H]2CNC[C@H]2NC(=O)OCC2CCCCC2)C(C)C)ccc1OC,0,Train
22373384,COCC#Cc1cccc(C2(c3ccc(OC(F)F)cc3)N=C(N)N3CC(F)(F)CN=C32)c1,0,Train
12385770,O=C(N[C@@H]1C(=O)CO[C@H]1CCF)[C@H](CC1CCCCCCC1)NC(=O)N1CCOCC1,0,Train
12646519,CC(C)CCOC(=O)c1cnc(N2CCN(C(=O)NS(=O)(=O)c3ccc(Cl)s3)CC2)c(Cl)c1,0,Train
21933121,COCCn1cc(C(=O)c2cccc3ccccc23)c2cccnc21,1,Train
27390821,COc1ccccc1CCC1CCN(CCc2ccccc2Cl)CC1,1,Train
12151060,CC(C)CN(C(=O)c1cccc(Cl)c1Cl)[C@H]1CCNC1,1,Train
19176129,N#Cc1c(-c2cc(F)cc(-c3no[n+]([O-])c3C#N)c2)no[n+]1[O-],0,Train
19308990,COc1ccc2c(O[C@@H]3C[C@H]4C(=O)N[C@]5(C(=O)NS(=O)(=O)C6CC6)C[C@H]5C=CCCCCCNC(=O)N4C3)cc(-c3nc(C(C)C)cs3)nc2c1Cl,1,Train
25037644,NS(=O)(=O)c1ccccc1-c1ccc(NC(=O)[C@H]2CCCN2C(=O)Nc2ccc(Cl)cc2)c(F)c1,0,Train
12292100,O=C1COc2cccc(OC[C@@H](O)CN3CCC4(CC3)Cc3cc(Cl)ccc3O4)c2N1,1,Train
10392615,Cn1cnc(S(=O)(=O)N(CCN(Cc2cncn2C)c2ccc(C#N)cc2)CC2CCCCC2)c1,0,Train
29232327,O=c1[nH]cnc2c(-n3cc(CCN4CCCC4)cn3)nccc12,0,Train
21895678,Fc1ccc(Nc2ccc3c(C4CCNCC4)c[nH]c3c2)cc1F,0,Train
13100551,CCCc1nc(C)c2c(=O)[nH]c(-c3cc(S(=O)(=O)NCCCN4CCCC4=O)ccc3OCC)nn12,1,Train
23293135,CN1C(=O)c2oc(-c3ccc(Cl)cc3)cc2Cc2cc(N3CCNCC3)ccc21,0,Train
24526881,C[C@@H](Cc1c(F)c(F)cc(F)c1F)Nc1cc[nH]c(=O)c1-c1nc2cc3c(cc2[nH]1)C(=O)N(CCN(C)C)C3=O,0,Train
20110837,Cc1cc(-c2nnn(Cc3ccc(C(=O)O)cc3)n2)cc(C(=O)NCc2cccc(F)c2)n1,1,Train
20083458,C[C@@H](c1ccc(-c2cccn3nc(Nc4ccc(C(=O)NC5CC5)cc4)nc23)cc1)N1CCOCC1,1,Train
26841436,COc1ccccc1N1CCN(C(=O)[C@]2(Oc3ccc(C(F)(F)F)cc3)CCCN(C(=O)c3cnccc3C(F)(F)F)C2)CC1,1,Train
30708904,CC(C)(O)CCc1cn(-c2cnc(-n3ncc4cc(C#N)cnc43)cc2NC2COC2)nn1,0,Train
30709054,CC(C)Nc1cc(-n2ncc3cc(C#N)cnc32)ncc1-c1cn(CCCCF)nn1,1,Train
11246704,C[C@@H](NC(=O)CCC(=O)OCCNC(=S)Nc1ccc(-c2c3ccc(=O)cc-3oc3cc(O)ccc23)c(C(=O)O)c1)C(=O)NCCCC(=O)N[C@H](CCCNC(=N)N)C(=O)N[C@H](CCCNC(=N)N)C(=O)N[C@H](CCCNC(=N)N)C(=O)N[C@H](CCCNC(=N)N)C(=O)N[C@H](CCCNC(=N)N)C(=O)N[C@H](CCCNC(=N)N)C(=O)N[C@H](CCCNC(=N)N)C(N)=O,0,Train
25083764,COc1ccc(N2N=C(C(N)=O)C3CCN(c4ccc(C5(C(C)=O)CC5)cc4)C(=O)C32)cc1.O=C(O)C(F)(F)F,1,Train
4241048,CC(=O)N1CCN(c2ccc(OC[C@H]3CO[C@](Cn4ccnc4)(c4ccc(Cl)cc4Cl)O3)cc2)CC1,1,Train
9298132,Cc1cc(COc2ccc([C@]3(C)CCN([C@H](C)C(=O)NO)C3=O)cc2)c2ccccc2n1,1,Train
31747643,O=C(Nc1ccc(-c2ccc(C(=O)N3CCC[C@H]3C(=O)O)nc2)cc1)Nc1cccc(Cl)c1,0,Train
23745586,CNc1ccc(-c2nc(=O)n(CCC3CCCCO3)c3c2oc2ccc(-c4cnn(C)c4)cc23)cn1,0,Train
19872346,OC[C@@H](O)[C@@H](O)[C@H](O)c1c[nH]c(-c2cnccn2)n1,1,Train
15510179,CCOC(=O)N[C@@H]1CC[C@@H]2[C@@H](C1)C[C@H]1C(=O)O[C@H](C)[C@H]1[C@H]2/C=C/c1ccc(-c2ccccn2)cn1,1,Train
24828804,CCC(=O)N1CCc2nc(C)n(C3CC4CCC(C3)N4CC[C@H](NC(C)=O)c3ccccc3)c2C1,1,Train
24279924,CC(C(=O)O)c1cccc(Oc2ccccc2)c1.[CaH2],1,Train
95226,COC1=CC(=O)C[C@@H](C)[C@]12Oc1c(Cl)c(OC)cc(OC)c1C2=O,1,Train
24290248,CN(C)[C@H]1CC[C@H](NC(=O)[C@@H](Cc2ccc(Cl)cc2)NC(=O)C2(c3ccc(F)cc3)CC2)CC1,0,Train
10602509,CC(C)S(=O)(=O)CCCn1c(Cn2c(=O)n(C3CC3)c3ccncc32)nc2ccccc21,0,Train
32612548,COCCCn1c([C@H]2CCC[C@@H](c3ncccc3C)N2)nc2ccccc21,1,Train
5761283,C=C[C@H]1CN2CCC1C[C@@H]2[C@@H](O)c1ccnc2ccc(OC)cc12,1,Train
26538910,C[C@]12C[C@@H](O)[C@H]3[C@@H](CC[C@]4(O)C[C@@H](O)C[C@@H](O)[C@]34CO)[C@@]1(O)CC[C@@H]2c1cn(Cc2ccccc2)nn1,0,Train
21888433,CC(C)Oc1cccc(-c2ccnc(N3CCC(C(N)=O)CC3)n2)c1.O=C(O)C(F)(F)F,1,Train
10740992,O=C1CC(c2ccc(C[C@H](Nc3nc4c(C(F)(F)F)cccc4s3)c3nc4ccccc4[nH]3)cc2)S(=O)(=O)N1,0,Train
26174229,CN1CC[C@](NC(=O)c2ccc3c(C4CCCCC4)c(-c4ccccn4)n(C)c3c2)(C(=O)Nc2ccc(/C=C/C(=O)O)cc2)C1,0,Train
12933618,CC#CCn1c(N2CCCNCC2)c(C#N)c2ncn(Cc3nc(C)c4ccccc4n3)c(=O)c21,0,Train
222626,Cc1c(N(C)C)c(=O)n(-c2ccccc2)n1C,1,Train
30596902,COc1cnc(N2CC[C@@H](Nc3cc(-c4cnn5cc(C#N)cnc45)ncc3C(=O)NC[C@@H](F)C(C)(C)O)C2)nc1,0,Train
2228514,NC(Cc1cc(I)c(Oc2cc(I)c(O)c(I)c2)c(I)c1)C(=O)O,0,Train
24254651,COc1cc2cc(C3=NNC(=O)CC3C)sc2cc1OC.Cl,0,Train
19077287,COc1ccc(-c2nnc(-c3ccc4nc(-c5c(C)cc(CCC(=O)O)cc5C)[nH]c4c3)o2)cc1,0,Train
29165853,O=C(O)C(F)(F)F.O=C1Cc2cc(C(=O)N[C@@H]3C[C@@H]4CC[C@H](C3)N4S(=O)(=O)N3CCC(NCc4ccccc4)CC3)c(Cl)cc2N1,0,Train
32562407,CC(C)(C)COP(=O)(OCC(C)(C)C)C(O)c1nc2ccccc2s1,0,Train
11308273,CCOC(=O)N1CCC(NS(=O)(=O)c2ccc(NC(=O)c3ccccc3C)c3ccccc23)CC1,1,Train
7110446,O=C1OC(c2ccc(O)c(S(=O)(=O)[O-])c2)(c2ccc(O)c(S(=O)(=O)[O-])c2)c2c(Br)c(Br)c(Br)c(Br)c21.[Na+],0,Train
23744853,COc1cc(C)cc2cc(-c3c(COCC(F)(F)F)c(CN4CCNCC4)n4ncnc(N)c34)sc12.O=CO,0,Train
24431801,COc1ccc(-n2nc(C(N)=O)c3c2C(=O)N(C2CCN(c4ccccc4S(C)(=O)=O)CC2)CC3)cc1.O=C(O)C(F)(F)F,0,Train
9132217,Nc1nc(=O)c2ncn(COCCO)c2[nH]1,0,Train
9406848,CN/C(=N\\CCSCc1[nH]cnc1C)NC#N,0,Train
25266003,Cn1c(-c2csc(N)n2)c(C2CCCC2)c2ccc(C(=O)NC(C)(C)C(=O)Nc3ccc(/C=C/C(=O)O)cc3)cc21,0,Train
8163027,CC1=C[C@H]2O[C@@H]3[C@H](O)C[C@@](C)([C@@]34CO4)[C@@]2(CO)[C@H](O)C1=O,0,Train
23745581,CNc1ccc(-c2nc(=O)n(CCC3CCCO3)c3c2oc2cc(F)c(-c4cnn(C)c4)cc23)cn1,0,Train
27232092,COC(=O)N[C@H](C(=O)NN(CCC[C@@]1(O)Cc2ccc(cc2)C/C=C\\CNC(=O)[C@H](C(C)(C)C)NC1=O)Cc1ccc(Br)cc1)C(C)(C)C,1,Train
30169890,CCCCC(=O)N1CCN(c2ccnc(O[C@H]3CC[C@H](Nc4ccc([N+](=O)[O-])c(C(F)(F)F)c4)CC3)c2)CC1,0,Train
19761435,CN(CCCN1CCC(CN2c3ccccc3Sc3ccc(C(=O)O)cc32)CC1)c1cc(=O)n(C)c(=O)n1C,0,Train
27367643,COC(=O)N[C@H](C(=O)NN(CCC[C@@]1(O)Cc2ccc(cc2)CC/C=C\\NC(=O)[C@H](C(C)C)NC1=O)Cc1ccc(-c2ccccn2)cc1)C(C)(C)C,0,Train
23565834,O=C(O)c1cc(-c2ccc(F)c(F)c2)ncn1,1,Train
26018176,CC(C)CO[C@H]1[C@H](C)[C@H](n2ccc(N)nc2=O)O[C@@]1(CO)N=[N+]=[N-],0,Train
26534869,CCOC(=O)C(C(=O)OCC)N1C(C)=C(C(=O)OC)C(Cc2ccccc2)C(C(=O)OC)=C1C,0,Train
31246785,COc1ccc(CNc2cnc(SCc3c(F)cc(C#CC[N+](C)(C)C)cc3F)n2-c2ccc(F)cc2)cc1OC.O=C[O-],0,Train
23745786,CC[C@H]1C[C@@H](n2c(=O)nc(-c3cnn(C)c3)c3oc4c(C#N)cc(-c5cn(C)cn5)cc4c32)CCO1,0,Train
93704,CN1CC[C@]23c4c5ccc(O)c4O[C@H]2[C@@H](O)C=C[C@H]3[C@H]1C5,1,Train
21935037,NS(=O)(=O)c1ccc(-n2nnc(CS(=O)(=O)[C@@H]3O[C@H](CO)[C@@H](O)[C@H](O)[C@H]3O)c2I)cc1,0,Train
30708542,CC(C)Nc1cc(-n2ncc3cc(C#N)cnc32)ncc1-c1cn([C@@H]2COC[C@H]2O)nn1,0,Train
19633978,CC(C)(O)CCn1c2ccccc2c2cc(NC(=O)c3ccccc3C(F)(F)F)ccc21,1,Train
25081715,CN1C(=O)N=C(c2ccccc2)Cc2cc(Cl)ccc21,1,Train
21119345,CC(=O)N(C)c1ccc(OC2CN(c3c4c(nc5ccnn35)CCNCC4)C2)cc1.O=C(O)C(F)(F)F,0,Train
24521030,Cc1cc(NC(=O)c2cn3c(-c4ccc(Cl)cc4Cl)c(CN)c(C)nc3n2)n(C)n1,1,Train
15556982,C=C(F)CN(CC)C(=O)[C@@]1(c2cccs2)C[C@H]1CN,1,Train
29218782,CN1C(=O)N(c2cccc(C(F)(F)F)c2)C2=C(C(=O)CC2)C1c1ccc(C#N)cc1-c1cnn(C)c1,1,Train
754371,CN1C(=O)CN=C(c2ccccc2)c2cc(Cl)ccc21,1,Train
12482164,C[C@@H](c1ccccn1)c1c(CCN(C)C)sc2ccccc12,1,Train
23864745,O=C(N[C@@H]1O[C@H](CO)[C@@H](O)[C@H](O)[C@H]1O)c1nc(-c2ccc3ccccc3c2)no1,0,Train
10198351,c1ccc(-c2ccc(C(c3c[nH]c4ccccc34)c3c[nH]c4ccccc34)cc2)cc1,0,Train
18877887,O=C(/C=C/c1ccccc1Cl)NC1(C(=O)N[C@H](Cc2ccccc2)C(=O)NCC2CCN(CC3CCOCC3)CC2)CCCC1,0,Train
20372372,COc1cc(COc2ccc(OC)cc2CCCNC(C)=O)cc(OC)c1,1,Train
18487989,Oc1c2c(nn1-c1nc3ccccc3s1)CCc1ccccc1-2,1,Train
28823798,Cc1nc(Nc2ncc(N3CCN(C)[C@H](C)C3)c(Nc3cc(C)n(C)n3)n2)cc(C2CC2)c1F,1,Train
23013091,Cn1c(-c2cnccn2)c(C2CCCC2)c2ccc(C(=O)NC3(C(=O)Nc4ccc(/C=C/C(=O)O)cc4)CCC3)cc21,0,Train
9088807,C[C@@H]1CC[C@H]2[C@@H](C)[C@@H](OC(=O)CCC(=O)O)O[C@@H]3O[C@@]4(C)CC[C@@H]1[C@@]23OO4,0,Train
24290244,CN(C)[C@H]1CC[C@H](NC(=O)[C@@H](Cc2ccc(F)cc2)NC(=O)C2(c3ccc(Cl)cc3)CC2)CC1,0,Train
30708903,CC(C)Nc1cc(-n2ncc3cc(C#N)cnc32)ncc1-n1cc([C@H]2CC[C@H](NCC(F)F)CC2)nn1,1,Train
6160253,CC(C)(C)OC(=O)C[C@@H](C=O)NC(=O)OCC1c2ccccc2-c2ccccc21,0,Train
10222710,Nc1noc2ccc(-n3nc(C(F)(F)F)cc3C(=O)Nc3ccc(-c4ccncc4S(N)(=O)=O)cc3F)cc12,0,Train
18877906,CCCCc1ccc(C(=O)NC2(C(=O)N[C@H](Cc3ccccc3)C(=O)NCC3CCN(CC4CCOCC4)CC3)CCCC2)nc1.O=C(O)C(F)(F)F,1,Train
5720474,C[C@@H]1O[C@@H](OC[C@H]2O[C@@H](OCCc3ccc(O)c(O)c3)[C@H](O)[C@@H](O)[C@@H]2OC(=O)/C=C/c2ccc(O)c(O)c2)[C@H](O)[C@H](O)[C@H]1O,0,Train
24932892,Cc1ccc(C(=O)NC2CC2)cc1Nc1ncnn2cc(C(=O)Nc3ccccn3)c(C)c12,1,Train
20616789,CCO[C@H]1CC[C@H](CN2C[C@@H](c3ccccc3)N(C3CCN(C4(C)CCN(C(=O)c5c(C)ncnc5C)CC4)CC3)C2=O)CC1,0,Train
26699712,C=Cc1cc(C(NC(=O)OC(C)(C)C)C(=O)Nc2cccc(C(=O)NS(=O)(=O)c3ccc(C(F)(F)F)cc3)c2)ccc1Oc1cc(OC)nc(-c2ccccc2)n1,0,Train
20007928,CCC1CN(C(=O)C(=O)c2c[nH]c3cccc(F)c23)CCN1C(=O)c1ccccc1,1,Train
24409554,COCCn1cc(C(C(=O)NS(=O)(=O)c2ccc(C)cc2OC)c2ccc3c(c2)OCO3)c2ccc(COC)cc21,0,Train
11342155,COc1ccc2c(c1)CCCC2CCCN1CCc2cc(OC)c(OC)cc2C1.Cl,1,Train
23751936,CC[C@H]1C[C@@H](n2c(=O)nc(-c3cnn(C)c3)c3oc4cnc(-c5cnn(C)c5)cc4c32)CCO1,1,Train
6773036,COc1cc([C@H]2Oc3c(OC)cc4ccc(=O)oc4c3O[C@@H]2CO)ccc1O,1,Train
28803458,[2H]C(c1ccc(-c2ccc3c(cnn3C)c2)cc1F)N(C(=O)C1CCCCC1)c1cncc(/C=C/C(=O)OC)c1,0,Train
23012908,Cn1c(-c2ccsc2)c(C2CCCC2)c2ccc(C(=O)NC(C)(C)C(=O)Nc3ccc(C=CC(=O)O)cc3)cc21,0,Train
31506407,NC(=O)c1sc2cncc(N3CCCCC3)c2c1N,1,Train
25037683,NS(=O)(=O)c1ccccc1-c1ccc(NC(=O)[C@H]2C[C@@H](O)CN2C(=O)Nc2ccc(Cl)cc2)c(F)c1,0,Train
30597057,Cc1cc(Nc2cc(-c3cnn4cc(C#N)cnc34)ncc2C(=O)NC[C@@H](F)C(C)(C)O)n(C)n1,0,Train
24238778,CC(C)(C)[C@H](NC(=O)c1ccc(N)c(Cl)c1)C(=O)N1CCC[C@H]1C(=O)N[C@H](C=O)CC(=O)O,0,Train
10727312,COc1cc2cncc(Cc3nc4c([nH]3)c(=O)n(C)c(=O)n4CC(C)(C)C)c2cc1OC,1,Train
23798982,CC[C@@]1(O)C(=O)OCc2c1cc1n(c2=O)Cc2cc3c(CN4CCCC4=O)c(O)ccc3nc2-1,0,Train
20051397,O=C(NCCc1cccnc1)c1ccc(-c2cccc3nc(Nc4ccccc4)nn23)cc1,1,Train
24368814,C[C@H](NC(=O)[C@H](N)CC(=O)OCc1ccccc1)C(=O)O.O=C(O)C(F)(F)F,0,Train
30708986,CC(C)Nc1cc(-n2ncc3cc(C#N)cnc32)ncc1-c1cc([C@@H]2C[C@H](O)CCN2)no1,0,Train
15557002,C#CCN(CC#C)C(=O)[C@@]1(c2cccs2)C[C@H]1CN,1,Train
18952369,CC(C)C(=O)OCn1nc(Oc2c(Cl)cc(-n3nc(C#N)c(=O)[nH]c3=O)cc2Cl)cc(C(C)C)c1=O,0,Train
24074050,CC(=O)OC[C@H]1OC(S(=O)(=O)Cc2nnn(-c3ccccc3)c2I)[C@H](OC(C)=O)[C@@H](OC(C)=O)[C@@H]1OC(C)=O,1,Train
24179962,C=CCNC(=O)C(=O)C(CCC)NC(=O)[C@@H]1CC2CN1C(=O)C(C1CCCCC1)NC(=O)Cc1cccc(c1)OCCC(C)(C)O2,0,Train
11682398,CCCCN1C(=O)[C@H](CC2CCCCC2)NC(=O)C12CCN(Cc1ccc(Oc3ccc(C(=O)O)cc3)cc1)CC2.Cl,1,Train
28803310,COC(=O)/C=C/c1cncc(N(Cc2ccc(-c3ccc(N(C)C)cc3)cc2F)C(=O)c2ccccc2)c1,0,Train
27178006,CC[C@H](C)[C@H](NC(=O)[C@@H](O)c1cc(Cl)cc(Cl)c1)C(=O)NCc1ccnc(C#N)n1,1,Train
24409555,COCCn1cc(C(C(=O)NS(=O)(=O)c2ccc(C)cc2OC)c2ccc3c(c2)OCO3)c2ccc(F)cc21,0,Train
24896109,CC(=O)O[C@H]1C(=O)[C@@]2(C)C(C(OC(=O)c3ccccc3)[C@]3(O)C[C@H](OC(=O)[C@H](O)[C@@H](NC(=O)c4ccccc4)c4ccccc4)C(C)=C1C3(C)C)[C@]1(OC(C)=O)CO[C@@H]1C[C@@H]2O,0,Train
33601265,CCCCOc1ccc(CCC(N)(CO)CO)cc1.Cl,0,Train
26374020,C=C[C@@H]1C[C@]1(NC(=O)[C@@H]1C[C@@](OC)(c2ccc(-c3cccc(OC)c3)cc2)CN1C(=O)[C@@H](NC(=O)OC1CCCC1)C(C)(C)C)C(=O)NS(=O)(=O)C1CC1,1,Train
32500055,C[C@H](CC(=O)N1CCC(O)(Cn2cnc(NCCN3CCCC3)cc2=O)CC1)c1ccccc1,0,Train
28157379,C=CC(=O)N[C@H]1CCN(c2ccc(C(N)=O)c(Nc3ccc(N4CCC(F)(F)CC4)cc3)n2)C1,0,Train
10615879,N=C(N)c1cccc(CC(NS(=O)(=O)c2ccc3ccccc3c2)C(=O)N2CCCC(C(=O)O)C2)c1,0,Train
11288895,CCC(C)C(NC(=O)N[C@H](C(=O)N1C[C@H]2[C@@H]([C@H]1C(=O)NC(CC1CC1)C(=O)C(N)=O)C2(C)C)C(C)(C)C)C(=O)OCc1ccccc1,0,Train
11586415,COc1ccc(-n2nc(C#N)c3c2C(=O)N(c2ccc(C4(CN5CCOCC5)CC4)cc2)CC3)cc1.O=C(O)C(F)(F)F,1,Train
33002243,O=C(CCCCCCNc1ncnc2cc([N+](=O)[O-])ccc12)NO,0,Train
25079892,C[C@H]1CN(C(=O)c2ccccc2)C[C@@H](C)N1C(=O)C(=O)c1c[nH]c2cccc(F)c12,0,Train
18784648,CC(C)C[C@H](NC(=O)c1ccc(-c2csc(N3CCN(C)CC3)n2)c(F)c1)C(=O)N1C[C@@H](Cl)[C@H]2OCC(=O)[C@H]21,0,Train
25266084,CC(=O)Nc1nc(-c2c(C3CCCC3)c3ccc(C(=O)NC4(C(=O)Nc5ccc(/C=C/C(=O)O)cc5)CCCC4)cc3n2C)cs1,0,Train
24190079,CN1C(=N)N[C@](C)(c2cc(NC(=O)c3ccc(C(F)(F)F)cn3)ccc2F)CS1(=O)=O,0,Train
21177370,COc1c(C)cc([C@]2(c3cccc(-c4cncnc4)c3)N=C(C)C(N)=N2)cc1C,1,Train
10712895,Cc1ccnc2[nH]c(Cc3nc4ccc(/C(N)=N\\O)cc4[nH]3)nc12,0,Train
30200144,CN(C)CCN(CC1CCCN(C2Cc3ccccc3C2)C1)C(=O)c1ccc2cccnc2c1O,1,Train
27752160,C[C@@H]1Cc2ccccc2CN1C(=O)c1cc2c(cc1-c1cc(C(=O)N(c3ccc(OP(=O)([O-])[O-])cc3)c3cnc4c(ccn4C)c3)c3ccccn13)OCO2.[Na+],0,Train
27339175,CC[C@H](C)[C@H](NC(=O)[C@H](CCC(N)=O)NC(=O)[C@H](CCCCN)NC(=O)[C@H](CCCNC(=N)N)NC(=O)[C@H](CC(C)C)NC(=O)[C@H](CCCNC(=N)N)NC(=O)[C@@H](NC(=O)[C@H](Cc1ccc(O)cc1)NC(=O)[C@H](CC(N)=O)NC(=O)[C@H](CC(=O)O)NC(=O)[C@@H](NC(=O)[C@H](Cc1ccccc1)NC(=O)[C@@H](NC(=O)[C@H](C)NC(=O)[C@H](CC(=O)O)NC(=O)[C@H](CO)NC(=O)[C@@H](N)Cc1cnc[nH]1)C(C)C)[C@@H](C)O)[C@@H](C)O)C(=O)N[C@@H](C)C(=O)N[C@H](C(=O)N[C@@H](CCCCN)C(=O)N[C@@H](CCCCN)C(=O)N[C@@H](Cc1ccc(O)cc1)C(=O)N[C@@H](CC(C)C)C(=O)N[C@@H](CC(N)=O)C(=O)N[C@@H](CO)C(=O)N[C@H](C(=O)N[C@@H](CC(C)C)C(=O)N[C@@H](CC(N)=O)C(=O)NCC(=O)N[C@@H](CCCCN)C(N)=O)[C@@H](C)CC)C(C)C,0,Train
12780573,COc1cccc(C(=O)Nc2ccc3c(c2)CCN(C(=O)Oc2ccccc2)C3)c1-c1ccc(C(F)(F)F)cc1,0,Train
20548673,C[C@H](c1c(CCN(C)C)sc2ccccc12)n1ccnc1,1,Train
32329049,OC[C@H]1O[C@H](Sc2cnc(C(F)(F)F)c(Br)c2)[C@H](O)[C@@H](n2cc(-c3ccsc3)nn2)[C@H]1O,0,Train
22001292,C[C@H]1CCCN1[C@H]1CCN(c2ccc(CC(=O)NC3CCN(CC4CCCC4)CC3)cc2)C1,0,Train
2306965,COc1cc(/C=C/C(=O)CC(=O)/C=C/c2ccc(O)c(OC)c2)ccc1O,0,Train
12766513,COc1cc(C)c(S(=O)(=O)N(C)CCOCC(=O)N2CCC(N3CCN(C(C)C)CC3)CC2)c(C)c1,0,Train
10310586,CC(C)[C@H](NC(=O)c1ccccn1)C(=O)N[C@@H](Cc1ccccc1)[C@@H](O)CN(CC(N)=O)Cc1ccccc1,0,Train
26467341,CC(C)C(=O)CN1c2nc(N3CCOC[C@H]3C)cc(=O)n2CC[C@H]1C(F)(F)F,1,Train
28935765,Cc1nc(-c2nc[nH]n2)ccc1-c1cnc2c(n1)N(CC1CCOCC1)C(=O)CN2,0,Train
21805396,COC(=O)Nc1ccc2c(c1)CCCCCC[C@H](NC(=O)/C=C/c1cc(Cl)ccc1-n1cnnn1)c1nc-2c[nH]1.O=C(O)C(F)(F)F,0,Train
14117142,CCCCN1CC[C@H](C(=O)NO)[C@H](CS(=O)(=O)c2ccc(OCc3cc(C)nc4ccccc34)cc2)C1,0,Train
8717433,Cc1noc(NS(=O)(=O)c2ccccc2-c2ccc(-c3ncco3)cc2)c1C,1,Train
10608519,CCS(=O)(=O)CCCn1c(Cn2c(=O)n(CC(F)(F)F)c3ccncc32)nc2ccccc21,0,Train
29657816,CC(=O)N1CCN(c2cccc(-c3cc(C#N)c4c(N)ncnn34)c2)C(=O)C1(C)C,0,Train
30708528,CCCn1cc(-c2cnc(-n3cnc4cnc(N)nc43)cc2NC(C)C)nn1,1,Train
30736137,CC(C)(O)CCc1cn(-c2cnc(-c3cnn4cc(C#N)cnc34)cc2N[C@H]2CC[C@H](F)C2)nn1,1,Train
24476592,COc1cc(C(=O)NC(=N)Nc2ccc(C)c(NC(=O)c3ccc(-c4ccccc4)cc3)c2)cc(OC)c1OC.Cl,0,Train
28960230,O=C1CCCCN1c1ccc(CO[C@@H]2COc3nc([N+](=O)[O-])cn3C2)cc1F,1,Train
26447326,COc1c(C)cc2c(c1O)[C@@H]1C3[C@@H]4SC[C@]5(C(=O)OC[C@@H](c6c7c(c(C)c(OC(C)=O)c64)OCO7)N3[C@@H](O)[C@H](C2)N1C)c1[nH]c2ccc(O)cc2c1CCN5C,0,Train
9881007,Cc1cc(COc2ccc(S(=O)(=O)C[C@@H]3CNCC[C@@H]3C(=O)NO)cc2)c2ccccc2n1,0,Train
31755057,NC(=O)c1cc(Cl)c2c(Cl)c(I)n(C3CCCNC3)c2n1,0,Train
2776298,CCN(CC)C(=O)Nc1ccc(OCC(O)CNC(C)(C)C)c(C(C)=O)c1,0,Train
30708985,CC(C)Nc1cc(-n2ncc3cc(C#N)cnc32)ncc1-c1cc(C2COC(C)(C)CN2)no1,1,Train
28803483,[2H]C(c1ccc(-c2ccc3c(cnn3C)c2)cc1)N(C(=O)c1ccccc1)c1cc(F)cc(/C=C/C(=O)OC)c1,0,Train
32586836,CCOC(=O)N1CCN(C(=O)[C@H](CCC(=O)O)NC(=O)c2cc(OC)c3ccccc3n2)CC1,0,Train
24007216,CN1CCN(C(=O)c2ccc(-c3ccc4ncc(-c5ccc(C#N)cc5)n4c3)cc2)CC1,0,Train
11244811,CCN(CC)Cc1ccccc1-c1ccc(N2CCc3c(C(N)=O)nn(-c4ccc(OC)cc4)c3C2=O)cc1,0,Train
4216647,C[C@](O)(CS(=O)(=O)c1ccc(F)cc1)C(=O)Nc1ccc(C#N)c(C(F)(F)F)c1,1,Train
78264,CC[C@]1(O)C[C@@H]2CN(CCc3c([nH]c4ccccc34)[C@@](C(=O)OC)(c3cc4c(cc3OC)N(C)[C@H]3[C@@](O)(C(=O)OC)[C@H](OC(C)=O)[C@]5(CC)C=CCN6CC[C@]43[C@@H]65)C2)C1,0,Train
20890637,CCCCCn1cc(C(=O)NC23CC4CC(CC(C4)C2)C3)c(=O)cc1C(C)(C)C,0,Train
26534871,CCOC(=O)C(C(=O)OCC)N1C(C)=C(C(=O)OC)C(CCc2ccccc2)C(C(=O)OC)=C1C,0,Train
27682029,COc1ccc(CC(=O)NCc2cc(F)ccc2-c2ccc(F)cc2/C=C/c2ccc(O)cc2)cc1,0,Train
1727189,CC(C)[C@H](N)C(=O)N[C@H](C(=O)O)C(C)C,0,Train
4830190,COc1ccc(CCN2CCC(Nc3nc4ccccc4n3Cc3ccc(F)cc3)CC2)cc1,0,Train
30169720,CCCC(=O)N1CCN(c2cncc(O[C@H]3CC[C@H](Nc4ccc([N+](=O)[O-])c(C(F)(F)F)c4)CC3)c2)CC1,1,Train
12385755,O=C(N[C@@H]1C(=O)CO[C@H]1CCF)[C@H](CC1CCCCCC1)NC(=O)N1CCOCC1,0,Train
27197176,CC(C)NC(=O)N1C(=O)N(c2cccc(C(F)(F)F)c2)C2=C(C(=O)CCC2)[C@H]1c1ccc(C#N)cc1S(C)(=O)=O,1,Train
2084162,S=C=NCCc1ccccc1,0,Train
27187127,Cc1ccc(NC(=O)c2cccc(C(F)(F)F)c2)cc1-c1ccnc(N2CCOCC2)c1,0,Train
22607234,CC(=O)c1ccc(N2CCN(S(=O)(=O)c3ccc4c(c3)CC(=O)N4)CC2)cc1,1,Train
7415378,C[C@H](Cn1cnc2c(N)ncnc21)OCP(=O)(O)O,0,Train
18565032,COc1cc(Cl)ccc1C[C@@H](C)C(=O)N1CCN(c2ccc(Cl)cc2[C@@H](NC(=O)C2CNC2)C(C)C)CC1.CS(=O)(=O)O,0,Train
33162780,C=CC(=O)N1CCC[C@@H](n2nc(-c3ccc(C(=O)Nc4ccccn4)cc3)c3cncc(C#N)c32)C1,0,Train
26894718,N#Cc1ccc(CCNC(=O)[C@@H]2CCCN(c3cc(N4CCC(Oc5ccc(CC(=O)O)cc5)CC4)nc(C(F)(F)F)n3)C2)cc1,0,Train
22316963,Cn1c2c(c3cc(S(=O)(=O)c4cccc(SCc5ccccc5)c4)ccc31)C1CCC(C2)N1,0,Train
12773720,CCCc1nc(C)c2c(=O)[nH]c(-c3cc(S(=O)(=O)NC)ccc3OCC)nn12,1,Train
29190141,Cn1ncc2cc(Cc3n[nH]c4ccc(C(=O)N5CCC(F)(F)C5)cc34)ccc21,1,Train
30708834,CC(C)Nc1cc(-n2ncc3cc(C#N)cnc32)ncc1-c1cn(CCO)nn1,0,Train
20654260,c1cn2cc(-c3ccc4cn[nH]c4c3)nc(Nc3ccc(N4CCOCC4)cc3)c2n1,0,Train
10221894,Nc1noc2ccc(-n3nc(C(F)(F)F)cc3C(=O)Nc3ccc(C(=O)N4CCCC4)cc3F)cc12,1,Train
31506999,COc1nc(N)nc2c1ncn2[C@H]1C[C@H](O)[C@@H](COP(=O)(N[C@@H](C)C(=O)OC(C)C)Oc2cccc3ccccc23)O1,0,Train
18462211,N=C(N)SCc1cc(F)ccc1Sc1ccc(F)cc1CSC(=N)N,0,Train
28213314,Cl.N[C@@H](Cc1ccc(O)cc1)C(=O)N1CCC[C@H]1C(=O)N[C@@H](Cc1ccccn1)c1ccccc1,0,Train
23618043,CNc1ccc(-c2nc(=O)n(CCCOC)c3c2oc2ccc(-c4cnn(C)c4)cc23)cn1,0,Train
27230058,CN(C(=O)c1c(F)cccc1Cl)c1ccc(-c2cc(C(N)=O)ccc2Cl)cc1OCC(F)(F)F,1,Train
9812205,N#Cc1c(C2CCNCC2)cc(-c2c(O)cccc2OCC2CC2)nc1N,0,Train
28803472,[2H]C(c1ccc(-c2ccc3c(cnn3C)c2)cc1F)N(C(=O)[C@@H]1C[C@@H]2CC[C@H]1C2)c1cncc(/C=C/C(=O)OC)c1,0,Train
12093519,CC(=O)Nc1ccc(O)cc1OC[C@@H](O)CN1CCC2(CC1)Cc1cc(F)ccc1O2,0,Train
30280051,COCCN1C(=O)c2cc(-c3nc(Nc4ccnn4C)ncc3C)cn2C[C@H]1C,1,Train
25083796,COc1ccc(N2N=C(C(F)(F)F)C3CCN(c4ccc(C5(CN(C)C)CC5)cc4)C(=O)C32)cc1.O=C(O)C(F)(F)F,0,Train
10672230,C[C@H](N)C(=S)N[C@@H](Cc1ccccc1)C(=O)O,0,Train
11226321,CC(C)C[C@@H](CNC(=O)[C@@H](C)CNC(=O)[C@H](CN)C(C)C)C(=O)O,0,Train
5763019,C[C@H](NC(=O)[C@@H](N)Cc1c[nH]c2ccccc12)C(=O)O,1,Train
22707602,CC(C)N(C)CC(O)CN1[C@H]2CC[C@@H]1C[C@H](NC(=O)c1nn(C(C)C)c3ccccc13)C2,1,Train
22244492,COc1cc(/C=C2\\CCCN3C2=NOC[C@@H]3c2cc(F)c(F)c(F)c2)ccc1-n1cnc(C)c1,1,Train
26879342,O=C(COC1CCC(Nc2ccc([N+](=O)[O-])c(C(F)(F)F)c2)CC1)N1CCN(Cc2cnc3cc(C(F)(F)F)ccc3c2)CC1,0,Train
32601160,c1ccc(C2CCCN2Cc2ncccc2-n2ccnc2)nc1,1,Train
9030752,COc1ccc(Cn2ccc(C)c(NC(=O)[C@H](Cc3ccc(C(C)(C)C(=O)O)cc3)NC(=O)C(C)(C)c3ccc4ccccc4c3)c2=O)cc1,0,Train
12133926,C[C@@H](Oc1cc(-c2cnn(C3CCNCC3)c2)cnc1N)c1c(Cl)ccc(F)c1Cl,1,Train
8457017,COc1ccc2ccc(S(=O)(=O)NC(Cc3cc4c(N)nccc4o3)C(=O)N3CCC(C)CC3)cc2c1,0,Train
10733250,O=C1C[C@@H](c2ccc(C[C@H](Nc3nc4ccccc4s3)c3nc4ccccc4[nH]3)cc2)S(=O)(=O)N1,0,Train
32612645,Cc1cccnc1[C@@H]1CCC[C@H](c2nc3cccc(N4CCN(C)C(C)(C)C4)c3[nH]2)N1C,1,Train
27339420,O=C(O)C[C@H]1CC[C@H](c2ccc(-c3ccc4c(C(=O)Nc5ccccc5)cccc4c3)cc2)CC1,0,Train
32401532,CN1CCN(c2cc(CN(C)[C@H]3CCCc4cccnc43)ncn2)CC1,1,Train
504321,COC(=O)C1=C(C)NC(C)=C(C(=O)OCCN(C)Cc2ccccc2)C1c1cccc([N+](=O)[O-])c1,0,Train
13036357,[O-][n+]1cccc(-c2cc3nccc(-c4ccc(OC(F)F)c(OCC5CC5)c4)n3n2)c1,1,Train
20083503,CNC(=O)c1ccc(Nc2nc3c(-c4ccc(CN5CCC(F)(F)CC5)c(F)c4)cccn3n2)cc1,0,Train
27219158,CC[C@H]1C[C@@H](n2c(=O)nc(-c3cnn(C)c3)c3oc4c(C)cc(-c5cnn(C)c5)cc4c32)CCO1,1,Train
11793857,COc1cnc(-n2cnc(C)n2)c2[nH]cc(C(=O)C(=O)N3CCN(C(=O)c4ccccc4)CC3)c12,1,Train
19869757,COc1c(/C=C/c2ccc(NS(C)(=O)=O)cc2)cc(-c2cc(F)c[nH]c2=O)cc1C(C)(C)C,0,Train
10682524,N/C(=N/O)c1ccc2nc(-c3ccccn3)[nH]c2c1,1,Train
13048305,C[C@@H]1CCCN1CCCOc1ccc(C2=NNC(=O)CC2)cc1,1,Train
5753670,C/N=C(\\NC#N)NCCSCc1nc[nH]c1C,0,Train
26894631,CN1C(=O)c2ccccc2[S@](=O)c2ccc(C(=O)NCCc3cccs3)cc21,1,Train
27197103,N#Cc1ccc(C2C3=C(CCCC3=O)N(c3cccc(C(F)(F)F)c3)C(=O)N2C(=O)NCCO)cc1,1,Train
20372361,COc1ccc(OCc2ccccc2)c(CCCNC(C)=O)c1,1,Train
23600150,CC[C@]1(C)NC(=O)c2cc(S(=O)(=O)Nc3ccc(F)cc3F)ccc2NC1=O,0,Train
27877343,CCOc1nc(NC(=O)C2(NC(=O)c3ccc4c(C5CCCC5)c(-c5cncnc5)n(C)c4c3)CCC2)ccc1C=CC(=O)O,1,Train
20356197,CC1(C)Cc2c(CN3CCC4(CC3)CCN(C(=O)c3ccnc(N)c3)CC4)cccc2O1,1,Train
19149177,O=C(C1CCOCC1)N1CCCN(c2nc(-c3ccccc3)ns2)CC1,1,Train
9302958,NCCCC[C@H](NC(=O)[C@@H]1CCCN1C(=O)CC(c1ccccc1)c1ccccc1)C(=O)c1nccs1,0,Train
32210098,CN1C(=O)C[C@@H]2CN([C@H]3CC[C@H](Nc4ncnc5[nH]cc(C6CCOCC6)c45)CC3)CC[C@@H]21,0,Train
27830960,Cc1cc(C(C)Nc2ccccc2C(=O)NO)c2nc(N3CCOCC3)cc(=O)n2c1,1,Train
24191433,CC(C)N(C)[C@@H]1CC[C@H](N2CC[C@H](NC(=O)c3cccc(C(F)(F)F)c3)C2=O)[C@H](CS(C)(=O)=O)C1,0,Train
13048288,O=c1ccc(-c2ccc(OC3CCN(C4CCC4)CC3)cc2)n[nH]1,1,Train
23463685,O=C(Cc1ccc(-c2ccccc2)cc1)NCc1ccccc1,1,Train
12911593,Cc1ccc(N2c3cccc(C(=O)Nc4ccc(OC(C)(C)C)nc4)c3OC[C@@H]2CO)nc1,1,Train
30708935,CC(C)Nc1cc(-n2ncc3cc(C#N)cnc32)ncc1-n1cc(CC[C@](C)(O)CO)nn1,0,Train
26771592,Cc1cnccc1CN1C[C@H](c2cc(F)c(F)c(F)c2)CC1=O,1,Train
11625973,O=c1cc(-c2ccc(O)cc2)oc2cccnc12,0,Train
6655982,C/C(O)=C(\\C#N)C(=O)Nc1ccc(C(F)(F)F)cc1,1,Train
27175835,CC(Nc1cccc(F)c1)c1cc(C(=O)N(C)C)cn2c(=O)cc(N3CCOCC3)nc12,1,Train
28019643,Cc1c(-c2ccccc2)n[nH]c1C(=O)N(C)Cc1cc(=O)[nH]c2ccccc12,1,Train
19601330,CC(=O)OC[C@H]1O[C@@H](SCc2cn(-c3ccc(S(N)(=O)=O)cc3)nn2)[C@H](OC(C)=O)[C@@H](OC(C)=O)[C@@H]1OC(C)=O,0,Train
567897,CCn1cc(C(=O)O)c(=O)c2cc(F)c(N3CCNCC3)cc21,0,Train
27104810,CNC(=O)N1C(=O)N(c2cccc(C(F)F)c2)C2=C(C(=O)CC2)C1c1ccc(C#N)cc1,1,Train
11157918,CCc1cc2[nH]c(=O)c(=O)[nH]c2c(N(CCCOC)S(C)(=O)=O)c1Cl,0,Train
24526907,Cc1ccc(F)cc1CC(C)Nc1cc[nH]c(=O)c1-c1nc2cc3c(cc2[nH]1)C(=O)NC3,0,Train
32601131,Cc1c(CN2CCCC2c2ncccc2Cl)nc2cccc(N3CCN(C)CC3)n12,1,Train
20161995,CS(=O)(=O)Nc1ccc2c(c1)S(=O)(=O)N=C(C1=C(O)[C@@H]3[C@H]4CC[C@H](C4)[C@@H]3N(Cc3ccc(F)c(F)c3)C1=O)N2,0,Train
30597005,CC(C)(F)[C@H](F)CNC(=O)c1cnc(-c2cnc3cc(Cl)cnn23)cc1NC1COC1,1,Train
23263473,Cc1cc(C(F)(F)F)c(-c2ccc(CC(NC(=O)c3c(Cl)cccc3Cl)C(=O)OCC(O)CO)cc2)c(=O)n1C,0,Train
32614169,Cc1cccnc1[C@@H]1CCC[C@H](c2nc3cccc(N4CCN(C)CC4)n3c2Cl)N1,1,Train
8798958,C#Cc1cccc(Nc2ncnc3cc(OCCOC)c(OCCOC)cc23)c1,1,Train
27090894,Cc1cnc2c(C(=O)NCCO)cn(Cc3ncnc(OC(F)F)c3C)c2c1,1,Train
23591536,Cc1c(OCc2ccccc2)c(=O)ccn1-c1ccc(CC(=O)NCc2ccc(-c3nc4ccccc4s3)cc2)cc1,1,Train
32614154,CC(C)N1CCN(c2cccc3nc([C@H]4CCC[C@@H](c5ncccc5Cl)N4C)c(Cl)n23)CC1,0,Train
32115642,N#Cc1cc(COC(=O)N2C[C@H]3[C@H](CNC(=O)CCCc4c[nH]nn4)[C@H]3C2)cc(OC(F)(F)F)c1,0,Train
20083219,CC(C)n1cc(Nc2nc3c(-c4ccc(C(=O)N(C)C)cc4)cccn3n2)cn1,1,Train
31507006,CC(C)OC(=O)[C@H](C)NP(=O)(OC[C@H]1O[C@@H](n2cnc3c(=O)[nH]c(N)nc32)C[C@@H]1O)Oc1ccccc1,0,Train
30736165,CCCc1cn(-c2cnc(-c3cnn4cc(C#N)cnc34)cc2NC(C)C)nn1,1,Train
19176110,N#Cc1c(-c2ccc(-c3no[n+]([O-])c3C#N)s2)no[n+]1[O-],0,Train
26273799,Cc1cc(C(F)(F)F)c(-c2ccc(C[C@H](NC(=O)c3c(Cl)cccc3Cl)C(=O)OCC(O)CO)cc2)c(=O)n1C,0,Train
19577198,COc1ccc(NC(=O)Nc2ccc(Oc3ncnc4cc(Cl)ccc34)nc2)cc1OC1CCCC1,1,Train
32614146,CCN1CCN(c2cccc3nc([C@H]4CCC[C@@H](c5ncccc5C(C)C)N4C)cn23)CC1,0,Train
22943976,CC(=O)c1cccc(C(C)(C)NC(=O)Nc2ccc(Cl)c(C(N)=O)c2)c1,1,Train
20051442,O=C(c1ccc(-c2cccc3nc(Nc4ccc(N5CCOCC5)nc4)nn23)cc1)N1CCCCC1,1,Train
9240330,CCCOc1ccc(S(=O)(=O)N2CCN(C(=O)N(C)C)CC2)cc1-c1nc2c([nH]1)c(=O)n(C)c(=O)n2CC(C)C,1,Train
25160934,CCCS(=O)(=O)[C@H]1CNC([C@@H](O)[C@H](Cc2cc(F)cc(F)c2)NC(=O)[C@H](CCc2ccccc2)N2CC[C@](NC(C)=O)(C(C)CC)C2=O)C1,0,Train
23316657,O=C(O)C[C@H]1CC[C@H](c2ccc(C(=O)Nc3nnc(COC4CCCC4)s3)cc2)CC1,1,Train
23013003,COc1ccc(-c2c(C3CCCC3)c3ccc(C(=O)NC(C)(C)C(=O)Nc4ccc(C=CC(=O)O)cc4)cc3n2C)cn1,0,Train
11848053,O=C1C(NS(=O)(=O)c2cc3ccc(Cl)nc3s2)CCCN1c1ccc(-n2ccccc2=O)cc1,0,Train
11001837,COc1cc(C)c(S(=O)(=O)N(C)CCOCC(=O)N(C)Cc2ccc(C3=NCCN3)cc2)c(C)c1,0,Train
30169885,O=C(CC1CCC1)N1CCN(c2cc(O[C@H]3CC[C@H](Nc4ccc([N+](=O)[O-])c(C(F)(F)F)c4)CC3)ccn2)CC1,0,Train
25266064,Cn1c(-c2ccoc2)c(C2CCCC2)c2ccc(C(=O)NC3(C(=O)Nc4ccc(/C=C/C(=O)O)cc4)CCCC3)cc21,0,Train
20000068,O=C(Nc1nc2cccc(-c3ccc(OCc4ccccn4)cc3)n2n1)C1CC1,1,Train
24314363,NC(=O)[C@H](Cc1ccccc1)NC(=O)[C@H](Cc1c[nH]c2ccccc12)NC(=O)[C@@H]1CCCN1C(=O)[C@H](Cc1ccc(O)cc1)NC(=O)CCC(=O)NC1O[C@@H](CO)[C@@H](O)[C@@H](O)[C@H]1O,0,Train
33458573,N#Cc1cccc(F)c1-c1cc(Nc2ccc(C(=O)N3CCCC3)cc2)c2c(n1)CNC2=O,0,Train
32858017,C[C@@]12CCC[C@H]1[C@@H]1CC=C3C[C@@H](OC(=O)CCCCC(=O)O)CC[C@]3(C)[C@H]1CC2,0,Train
22006637,Cc1cn([C@H]2C[C@H](N=[N+]=[N-])[C@@H](COP(=O)(CCl)NC(C)C)O2)c(=O)[nH]c1=O,1,Train
24108417,COC(=O)c1ccccc1-c1ccc(CN2CCC(COC(=O)c3c4n(c5ccccc35)CCCO4)CC2)cc1,1,Train
14642781,C[C@@H]1CN(C(=O)c2ccccc2)CCN1C(=O)C(=O)c1c[nH]c2c(-c3nn[nH]n3)ccc(F)c12,0,Train
21119338,O=C(O)C(F)(F)F.c1ccc(OC2CN(c3c4c(nc5ccnn35)CCNCC4)C2)nc1,1,Train
23785867,N#Cc1ccnc(N2C(=O)CC[C@H]2C(=O)N(c2cncc(F)c2)[C@H](C(=O)NC2CC(F)(F)C2)c2ccccc2Cl)c1,1,Train
27104768,N#Cc1ccc([C@@H]2C3=C(CCC3=O)N(c3cccc(C(F)(F)F)c3)C(=O)N2C(=O)N[C@H]2CCC[C@@H]2O)cc1,1,Train
31330613,CCc1cc(COc2cc(C(=O)N3CCC[C@@H](N)C3)nn2-c2ccc(C#N)cc2)on1,0,Train
25799001,CC(=O)C(F)(F)F.CC(=O)N(C)c1ccc(OC2CN(c3c4c(nc5ccnn35)CCNCC4)C2)cc1,0,Train
33002218,Cc1ccc2ncnc(NCc3ccc(C(=O)NO)cc3)c2c1,0,Train
32614150,CN1CCN(c2cccc3nc([C@H]4CCC[C@@H](c5ncccc5Cl)N4C)c(Cl)n23)CC1,0,Train
9096253,Cc1ccc(S(=O)(=O)NC(=O)C(c2ccc3c(c2)OCO3)c2cn(C)c3cc(C(N)=O)ccc23)cc1,0,Train
18425055,CC(C)(C)CCn1nc(CC(C)(C)C)c(O)c(C2=Nc3ccc(NS(C)(=O)=O)cc3S(=O)(=O)N2)c1=O,0,Train
30597058,CC(F)(F)Cn1ccc(Nc2cc(-c3cnn4cc(C#N)cnc34)ncc2C(=O)NC[C@@H](F)C(C)(C)O)n1,0,Train
24527247,O=C(O)C[C@H](NC(=O)C(=O)Nc1ccc(F)cc1)C(=O)CF,0,Train
3690495,CCCCCCCCCCCCCCCCOP(=O)([O-])OCC[N+](C)(C)C,0,Train
23751803,Cc1nc(NC(=O)CN(Cc2ccccc2)C(=O)c2ccncc2)sc1-c1ccc(N)nc1,0,Train
11246706,N=C(N)NCCC[C@@H](NC(=O)[C@@H](CCCNC(=N)N)NC(=O)[C@@H](CCCNC(=N)N)NC(=O)[C@@H](CCCNC(=N)N)NC(=O)[C@@H](CCCNC(=N)N)NC(=O)[C@@H](CCCNC(=N)N)NC(=O)[C@@H](CCCNC(=N)N)NC(=O)CCCNC(=O)[C@H](CCN)NC(=O)CCC(=O)OCCNC(=S)Nc1ccc(-c2c3ccc(=O)cc-3oc3cc(O)ccc23)c(C(=O)O)c1)C(N)=O,0,Train
28665187,O=C1NCc2nc(-c3c(F)cccc3F)cc(Nc3ccc(C(=O)N4CCOCC4)cc3)c21,0,Train
28803456,[2H]C(c1ccc(-c2ccc3c(cnn3C)c2)cc1)N(C(=O)C1CCCCC1)c1cccc(/C=C/C(=O)OC)c1,0,Train
20083493,O=C(NC1CC1)c1ccc(Nc2nc3c(-c4ccc(CN5CCC(F)(F)CC5)cc4)cccn3n2)cc1,0,Train
25999078,COc1cc([C@H]2Oc3c(OC)c(Br)c4cc(Br)c(=O)oc4c3O[C@@H]2CO)c(Br)c(Br)c1OC,1,Train
23745681,Cn1cc(-c2cnc3oc4c(-c5cnn(C)c5)nc(=O)n(CCC5CCCO5)c4c3c2)cn1,0,Train
12446416,CN(Cc1cn(Cc2ccc(F)cc2)c2cnc3c(c12)CCN(O)C3=O)CC1CC1,0,Train
12139724,C[C@@H]1COCCN1c1nc(-c2ccncc2F)cc(=O)n1C,1,Train
13100500,CCCc1nc(C)c2c(=O)[nH]c(-c3cc(S(=O)(=O)N(C)C[C@H](COC)OC)ccc3OCC)nn12,1,Train
11615418,CCc1c(OC)cccc1C(=O)NN(C(=O)c1ccccc1S(C)=O)C(C)(C)C,1,Train
32351474,O=C(Cn1cnc2c1CCCC2)Nc1ccc(-c2ccccc2)cc1,1,Train
24456844,CC(=O)N[C@H](Cc1c[nH]cn1)C(=O)N[C@H](Cc1ccccc1)C(=O)N1C[C@H](OCc2ccc3ccccc3c2)C[C@@H]1C(=O)NCCNC(=N)N.O=C(O)C(F)(F)F,0,Train
31185979,COc1ccc2c(c1CN1CCNCC1)O/C(=C\\c1c[nH]c3nc(Cl)ccc13)C2=O,0,Train
611683,Cc1ncc([N+](=O)[O-])n1CCO,1,Train
4650419,C[C@H]1O[C@@H](O[C@H]2[C@@H](O)C[C@H](O[C@H]3[C@@H](O)C[C@H](O[C@H]4CC[C@]5(C)[C@H]6C[C@@H](O)[C@]7(C)C(C8=CC(=O)OC8)CC[C@]7(O)[C@@H]6CC[C@@H]5C4)O[C@@H]3C)O[C@@H]2C)C[C@H](O)[C@@H]1O,0,Train
32614148,Cc1cccnc1[C@@H]1CCC[C@H](c2nc3cccc(N4CCN5CCCC5C4)n3c2Cl)N1C,0,Train
20129768,CC(C)n1c(=O)c(C(=O)N[C@@H]2C[C@@H]3CC[C@H](C2)N3CCCCCCCN(C)CCCN(C)S(C)(=O)=O)cc2ccccc21,0,Train
12646606,CCOC(=O)c1cc(C#N)c(N2CCC(NC(=O)NS(=O)(=O)c3ccc(Cl)s3)CC2)nc1C,0,Train
26711040,C[C@H](NP(=O)(OC[C@H]1O[C@@](C#N)(c2ccc3c(N)ncnn23)[C@](C)(O)[C@@H]1O)Oc1ccccc1)C(=O)OCc1ccccc1,0,Train
497341,COc1ccc2c(c1)c(CC(=O)O)c(C)n2C(=O)c1ccc(Cl)cc1,1,Train
20129741,CC(C)n1c(=O)c(C(=O)N[C@@H]2C[C@@H]3CC[C@H](C2)N3CCCN(C)CCCN(C)S(C)(=O)=O)cc2ccccc21,0,Train
96259,CC1(C)S[C@@H]2[C@H](NC(=O)COc3ccccc3)C(=O)N2[C@H]1C(=O)O,0,Train
30597008,CC(C)(C)CCNC(=O)c1cnc(-c2cnc3cc(Cl)cnn23)cc1NC1COC1,1,Train
24828849,COC(=O)N1CCc2c(nc(C)n2C2CC3CCC(C2)N3CC[C@H](NC(C)=O)c2cccc(F)c2)C1,1,Train
744819,Nc1cc(-c2ccncc2)c[nH]c1=O,1,Train
29459109,CC(O)(CSc1cccc(C(F)(F)F)c1)C(=O)Nc1ccc(C#N)c(C(F)(F)F)c1,0,Train
11157912,COCCN(c1c(C)c(Cl)cc2[nH]c(=O)c(=O)[nH]c12)S(C)(=O)=O,0,Train
11344445,COc1cc2c(cc1OC)CN(CC/C=C1\\CCCc3c(OC)cccc31)CC2,1,Train
25659036,O=C(O)C[C@H]1CC[C@H](c2ccc(C(=O)Nc3nnc(Cc4ccccc4F)s3)cc2)CC1,0,Train
32378526,CN(C)[C@H]1CC[C@H](Nc2ncnc3[nH]cc([C@H]4CC[C@H](C(N)=O)CC4)c23)CC1,0,Train
28946089,CCCCC(=O)c1c(C)[n+]([O-])c2cc(Cl)c(Cl)cc2[n+]1[O-],0,Train
26534866,CCOC(=O)C1=C(C)N(C(C(=O)OCC)C(=O)OCC)C(C)=C(C(=O)OCC)C1c1ccccc1,0,Train
20051420,CC(=O)Nc1ccc(Nc2nc3cccc(-c4ccc(CN5CCOCC5)cc4)n3n2)cc1,1,Train
5835978,CCCCNC(=O)O[C@H]1C=C[C@@]23CCN(C)Cc4ccc(OC)c(c42)O[C@H]3C1,1,Train
11288896,CC(C)(C)C(NC(=O)N[C@H](C(=O)N1C[C@H]2[C@@H]([C@H]1C(=O)NC(CC1CC1)C(=O)C(N)=O)C2(C)C)C(C)(C)C)C(=O)OCc1ccc(F)cc1,0,Train
23751818,COc1ccc(-c2c(C)nn3c(NCCN4CCOCC4)cc(C)nc23)cc1OC,1,Train
21795614,CC(=O)N[C@H](c1cccs1)c1cc(Br)c2cccnc2c1O,1,Train
9140388,C=C(Br)C(=O)Nc1cc(C(=O)Nc2ccccc2)n(C)c1,0,Train
244925,CN(C)CCCN1c2ccccc2Sc2ccccc21,0,Train
20083216,COc1ccc(-c2cccn3nc(Nc4ccc(C(=O)O)cc4)nc23)cc1,1,Train
12147053,O=C(c1cc(Cl)c(O)cc1OC[C@@H](O)CN1CCC2(CC1)Cc1cc(Cl)ccc1O2)N1CC[C@H](O)C1,0,Train
23170168,NC(=O)CC1CCC(c2ccc(-c3cncc(C(N)=O)n3)cc2)CC1,1,Train
10395870,O=C(O)CCCCN(C(=O)N1CCOCC1)c1ccc(C(O)(C(F)(F)F)C(F)(F)F)cc1,0,Train
28803449,COC(=O)/C=C/c1cc(F)cc(N(Cc2cccc3cc4cnn(C)c4c(F)c23)C(=O)C2CCCCC2)c1,0,Train
12131535,CC(=O)Nc1ccc(O)cc1OC[C@@H](N)CN1CCC2(CC1)Cc1cc(Cl)ccc1O2,0,Train
29690060,CN1C(=O)N(c2cccc(C(F)(F)F)c2)C2=C(C(=O)CC2)C1c1ccc(C#N)cc1C(C)(C)O,1,Train
19755369,COC(=O)C=CCNC(=O)CN1C(=O)[C@@H](COC(=O)Nc2ccc(Cl)cc2C(F)(F)F)N=C(c2ccccc2)c2ccccc21,0,Train
30708867,CC(C)Nc1cc(-n2ncc3cc(C#N)cnc32)ncc1-n1cc(C2CCN(CC(F)F)CC2)nn1,1,Train
30597091,CCCn1cc(Nc2cc(-c3cnc4cc(C#N)cnn34)ncc2C(=O)NC[C@@H](F)C(C)(C)O)cn1,0,Train
31841826,O=C(CCn1cnc([N+](=O)[O-])n1)Nc1ccc(OCc2ccccc2)cc1,1,Train
26621057,CC(C)COC(=O)[C@H](Cc1ccccc1)NP(=O)(COCCn1cnc2c(N)ncnc21)N[C@@H](Cc1ccccc1)C(=O)OCC(C)C,1,Train
30675191,CCN(CC)C1CCC(C)(C(=O)Nc2nc3c(OC)ccc(N4CCOCC4)c3s2)CC1,0,Train
23745524,C[C@H]1C[C@@H](n2c(=O)nc(-c3cnn(C)c3)c3oc4ccc(-c5cn(C)nn5)nc4c32)C[C@@H](C)O1,1,Train
26494617,CNC(=O)Nc1ccc(O)cc1OC[C@@H](O)CN1CCC2(CC1)Cc1cc(Cl)ccc1O2,0,Train
26129074,CS(=O)(=O)Nc1ccc2c(c1)S(=O)(=O)N=C(C1=C(O)[C@H]3[C@@H]4CC[C@@H](O4)[C@H]3N(Cc3ccc(F)cc3)C1=O)N2,0,Train
31636865,COc1ccc(C(C(=O)Oc2ccc(CCN3CCc4cc(OC)c(OC)cc4C3)cc2)c2ccc(OC)cc2)cc1,0,Train
11586184,CNCC1(c2ccc(N3CCc4c(C(N)=O)nn(-c5ccc(OC)cc5)c4C3=O)cc2)CC1,0,Train
26331287,CC(C)[C@H](NC(=O)[C@H](OCc1ccccc1)[C@H](O)[C@@H](O)[C@@H](OCc1ccccc1)C(=O)N[C@H]1c2ccccc2CC1O)C(=O)NCCF,0,Train
30708532,CC(C)Nc1cc(-n2ncc3cc(C#N)cnc32)ncc1-c1cn(CC(C)(C)O)nn1,0,Train
24108423,CC(C)(C)C(=O)OCOC(=O)c1ccccc1-c1ccc(CN2CCC(COC(=O)c3c4n(c5ccccc35)CCCO4)CC2)cc1,0,Train
25083807,COc1ccc(N2N=C(S(C)(=O)=O)C3CCN(c4ccc(C5(CN6CCOCC6)CC5)cc4)C(=O)C32)cc1.O=C(O)C(F)(F)F,1,Train
19450094,NC(=O)CC(=O)N1CCc2nc(-c3ccc(OC4CC(N5CCCCC5)C4)cc3)sc2C1,0,Train
32132007,CSC[C@H](NC(C)=O)C(=O)NC1CCCCC1,1,Train
30708792,CC(C)CCn1cc(-c2cnc(-n3ncc4cc(C#N)cnc43)cc2NC(C)C)nn1.O=C(O)C(F)(F)F,0,Train
32035229,FCCOc1cccc(CCN2CCC(CCc3ccccc3)CC2)c1,1,Train
12147041,NC(=O)Nc1ccc(F)cc1OC[C@@H](O)CN1CCC2(CC1)Cc1cc(Cl)ccc1O2,1,Train
24570983,CC1(C)NC(=O)c2cc(S(=O)(=O)Nc3ccc(C(F)(F)F)cc3)ncc2NC1=O,0,Train
22142766,Cc1ccc(NS(C)(=O)=O)c(C(=O)N2CCCC[C@H]2c2cc3nc(C4CC4)cc(C)n3n2)c1,1,Train
25663418,COC(=O)N[C@@H](C(=O)NN(CC[C@@]1(Cc2ccccc2)C(=O)N(C2c3ccccc3C[C@H]2O)C[C@@H]1O)Cc1ccc(Br)cc1)C(C)(C)C,1,Train
2508986,CC(C)(C)NCC(O)COc1cccc2c1C[C@H](O)[C@H](O)C2,0,Train
29644997,CS(=O)(=O)Nc1ccc([N+](=O)[O-])cc1Oc1ccccc1I,1,Train
25650906,N#CCCCn1c(Cn2c(=O)[nH]c3cccnc32)nc2ccccc21,1,Train
12530310,O=C(N[C@@H](Cc1ccc(F)c(Br)c1)C(=O)O)c1cc(Cl)c(Cl)cc1NS(=O)(=O)c1cccc2nccnc12,0,Train
21098455,Cn1cncc1-c1cc(/C=N/NC(N)=O)c2ccccc2n1,1,Train
22001283,C[C@H]1CCCN1[C@H]1CCN(c2ccc(C(=O)NC3CCOCC3)cc2)C1,1,Train
906905,Oc1cccc(O)c1,0,Train
26334078,COc1cc(Cl)ccc1C[C@@H](C)C(=O)N1CCN(c2c(F)cccc2[C@@H](NC(=O)C2CCN2)C(C)C)CC1,0,Train
32614232,COCc1c([C@@H]2CCC[C@H](c3ncccc3C)N2C)nc2cccc(N3CCN(CC(F)(F)F)CC3)n12,1,Train
30736130,CCCn1cc(-c2cnc(-c3cnc4cc(C#N)cnn34)cc2NC2CC2)nn1,1,Train
11586324,COc1ccc(-n2nc(C(N)=O)c3c2C(=O)N(c2ccc(C4(CN5CCOCC5)CC4)cc2)CC3)cc1,0,Train
29349020,CN1CCN(c2nc(NCCN3CCOCC3)c3nc(Cl)c(NCCN4CCOCC4)nc3n2)CC1,0,Train
18386047,CC(C)CCN1C(=O)C(C2=NS(=O)(=O)c3cc(NS(C)(=O)=O)ccc3N2)=C(O)C2CCCCC21,0,Train
23906668,Cn1nc(-c2ccc(OC(F)(F)F)cc2)nc2c(=O)n(C)c(=O)nc1-2,1,Train
12385751,CC[C@@H]1OCC(=O)[C@H]1NC(=O)[C@H](CC1CCCCCCC1)NC(=O)N1CCOCC1,0,Train
30708910,CC(C)(O)CCc1cn(-c2cnc(-n3ncc4cc(C#N)cnc43)cc2NC2CCC(F)C2)nn1,0,Train
2359739,NCC1(CC(=O)O)CCCCC1,0,Train
30631439,COC(=O)O[C@H]1C(=O)[C@]2(C)[C@@H](OC)C[C@H]3OC[C@@]3(OC(C)=O)[C@H]2[C@H](OC(=O)c2ccccc2)[C@]2(O)C[C@H](OC(=O)[C@H](O)[C@@H](NC(=O)N(C)C)c3ccccc3)C(C)=C1C2(C)C,1,Train
25265933,Cn1c(-c2ccc(Cl)cn2)c(C2CCCC2)c2ccc(C(=O)NC(C)(C)C(=O)Nc3ccc(/C=C/C(=O)O)cc3)cc21,0,Train
24142265,CCCCc1nc(Cl)c(CO)n1Cc1ccc(-c2ccccc2-c2nnn[nH]2)cc1.[KH],0,Train
6624054,CCCc1nc2c(C)cc(-c3nc4ccccc4n3C)cc2n1Cc1ccc(-c2ccccc2C(=O)O)cc1,1,Train
18877917,CCCCOc1cccc(C(=O)NC2(C(=O)N[C@H](Cc3ccccc3)C(=O)NCC3CCN(CC4CCOCC4)CC3)CCCC2)c1,0,Train
23013097,Cn1c(-c2cocn2)c(C2CCCC2)c2ccc(C(=O)NC3(C(=O)Nc4ccc(C=CC(=O)O)cc4)CCCC3)cc21,0,Train
23566179,O=C([O-])c1cc(-c2ccc(Cl)c(Cl)c2)ncn1.[Na+],1,Train
30996536,Cc1ccc(NC(=O)c2ccc(CN3CCS(=N)(=O)CC3)cc2)cc1Nc1nccc(-c2cccnc2)n1,0,Train
5203544,Cl.O[C@@H](c1cc(C(F)(F)F)nc2c(C(F)(F)F)cccc12)[C@H]1CCCCN1,0,Train
27175826,CC(Nc1cc(F)cc(F)c1)c1cc(C(=O)N(C)C)cn2c(=O)cc(N3CCOCC3)nc12,1,Train
27219124,CC[C@H]1C[C@@H](n2c(=O)nc(-c3cnn(C)c3)c3oc4ccc(-c5cn(C)nc5C)nc4c32)CCO1,1,Train
25967999,Cc1nc(C(C)C)n(C2CC3CCC(C2)N3CC[C@H](NC(=O)C2CCC(F)(F)CC2)c2ccccc2)n1,1,Train
6939871,CC(=O)N[C@@H](Cc1c[nH]c2ccccc12)C(=O)N[C@H](C(N)=O)C(C)C,0,Train
11967317,CS(=O)(=O)c1ccc([C@@H](CC2CCCC2)C(=O)Nc2cnc([C@H](O)CO)cn2)cc1Cl,0,Train
9820931,COc1cc(C(=O)NCC2CCN(c3ccncc3)CC2)cc(OCCc2ccc(Cl)cc2Cl)c1Cl,0,Train
33156068,Cc1cc(C#N)ccc1-c1cnn2c1C[C@@H](O)C2,1,Train
28562173,O=C(Cn1cnc([N+](=O)[O-])n1)N1CCN(Cc2ccc(C(F)(F)F)cc2)CC1,1,Train
25764142,C[C@@H]1CC[C@H]2[C@@H](CCCC3=CC=CCC3=O)C(=O)O[C@@H]3O[C@]4(C)CC[C@@H]1[C@]32OO4,1,Train
12933638,CC(C)=CCn1c(N2CCC[C@H](N)C2)c(C#N)c2c1c(=O)n(Cc1nccc3ccccc13)c(=O)n2C,0,Train
24431792,CS(=O)(=O)c1ccccc1N1CCC(NC(=O)c2cc(C(F)(F)F)nn2-c2ccc3onc(N)c3c2)CC1.O=C(O)C(F)(F)F,0,Train
27238770,O=C(CCCCCCNc1ncnc2ccc(F)cc12)NO,0,Train
74608,CCN1C[C@@]2(COC)[C@H]3[C@@H](OC)[C@H]4C1[C@]3([C@@H](OC)C[C@H]2O)[C@@H]1C[C@]2(O)[C@@H](OC)[C@H](O)[C@@]4(OC(C)=O)[C@H]1[C@H]2OC(=O)c1ccccc1,0,Train
23265687,CC(C)c1nnc(N2CCN(c3ncc(OCc4ccncc4C#N)cn3)[C@H](C)C2)o1,1,Train
22663960,CCN(CC)C(=O)COC(=O)c1ccc2c(c1)nc(C(F)(F)F)n2C,1,Train
24014940,CCCNC(=O)c1nnc(-c2cc3c(C(C)C)n[nH]c3cc2O)n1-c1ccc(N2CCOCC2)cc1,1,Train
28213310,Cl.NCCCC[C@H](N)C(=O)N1CCC[C@H]1C(=O)N[C@@H](Cc1ccccn1)c1ccccc1,0,Train
10738246,N#Cc1ccc2[nH]c([C@H](Cc3ccc(C4CC(=O)NS4(=O)=O)cc3)Nc3nc4ccccc4s3)nc2c1,0,Train
22663958,Cn1c(C(F)(F)F)nc2cc(C(=O)O)ccc21,0,Train
23745692,Cn1cc(-c2cnc3oc4c(-c5cnn(C)c5)nc(=O)n(CCC5CCCCO5)c4c3c2)cn1,1,Train
24726394,Cc1nnc(C(C)C)n1C1CC2CCC(C1)N2CC[C@H](NC(=O)C1CCCC1)c1ccccc1,0,Train
32186338,COCc1nn(Cc2ccc(Cn3cc(F)ccc3=O)cc2)cc1C(=O)NCc1c(C#N)ccc(OC)c1F,1,Train
23263479,Cc1cc(C(F)(F)F)c(-c2ccc(CC(NC(=O)c3c(Cl)cccc3Cl)C(=O)OCCCN3CCOCC3)cc2)c(=O)n1C.Cl,1,Train
25266027,Cn1c(-c2cccc3cccnc23)c(C2CCCC2)c2ccc(C(=O)NC(C)(C)C(=O)Nc3ccc(/C=C/C(=O)O)cc3)cc21,0,Train
19872362,OC[C@@H](O)[C@@H](O)[C@H](O)c1c[nH]c(-c2ncn(Cc3ccccc3)n2)n1,0,Train
11119643,Cc1c(CN(CCc2ccc(S(N)(=O)=O)cc2)C2CCN(C(=O)c3c(F)cccc3F)CC2)c(=O)n(-c2ccc(F)cc2)n1C,0,Train
32612447,Cc1cccnc1[C@@H]1CCC[C@H](c2nc3ccccc3n2C2CCN(C)CC2)N1C,1,Train
20083464,CC(C)(O)CNC(=O)c1ccc(-c2cccn3nc(Nc4ccc(C(=O)N5CC(O)C5)cc4)nc23)cc1,0,Train
20500869,C[C@@H]1COCCN1c1cc(C2(S(C)(=O)=O)CC2)nc(-c2cccc3[nH]ccc23)n1,1,Train
22974849,CC1(C)[C@H](Nc2c(C(N)=O)cnn3cc(-c4ccc(F)nc4)cc23)CC[C@]1(C)N,0,Train
30708917,CC(C)(O)CCc1cn(-c2cnc(-n3ncc4cc(C#N)cnc43)cc2NCCCF)nn1,0,Train
21090693,CC(C)S(=O)(=O)NC[C@H](C)C1=CCC(n2cc(CO)c(C(F)(F)F)n2)C=C1,1,Train
32614108,CCN1[C@H](c2ncccc2C)CCC[C@@H]1c1nc2cccc(N3CCN(C)CC3)n2c1Br,0,Train
13048352,C[C@@H]1CCCN1CCCOc1ccc(C2=NNC(=O)C(C)(C)C2)cc1,1,Train
14137269,CC(=O)N[C@@H](CCN1[C@H]2CC[C@@H]1C[C@@H](n1c(C)nc3ccccc31)C2)c1ccccc1,1,Train
7960555,CC(C)CN(C[C@@H](O)[C@H](Cc1ccccc1)NC(=O)O[C@H]1CO[C@H]2OCC[C@@H]12)S(=O)(=O)c1ccc(N)cc1,1,Train
30596964,CC(C)(O)[C@H](F)CNC(=O)c1cnc(-c2cnn3cc(Cl)cnc23)cc1NC1COC1,1,Train
31636875,COc1cc2c(cc1OC)CN(CCc1ccc(NCc3c4ccccc4cc4ccccc34)cc1)CC2,0,Train
8820035,C=C(Br)C(=O)Nc1cc(C(=O)Nc2cc(C(=O)Nc3cc(C(=O)NCCC(=N)N)n(C)c3)n(C)c2)n(C)c1.Cl,1,Train
23434669,O=C(Nc1nc2ccccc2[nH]1)c1ccc(N2CCN(C(=O)c3ccccc3C(F)(F)F)CC2)nn1,1,Train
285983,COc1cc(OC)c2c(=O)cc(-c3ccccc3)oc2c1,1,Train
21420692,Cn1c(N2CCCN(CCCN3c4cc(C(=O)O)ccc4COc4ccccc43)CC2)cc(=O)n(C)c1=O,0,Train
29322645,CC1(C)NC(=O)c2c(Cl)cc(Nc3cc(N)ncn3)c(=O)n21,0,Train
23434690,Cc1cc(C(=O)N2CCN(c3ccc(C(=O)NCCC4CC4)nn3)CC2)c(C(F)(F)F)o1,1,Train
20442100,N=C(N)NOCCNC(=O)Cn1c(Cl)cnc(NCC(F)(F)c2ccccc2)c1=O,0,Train
23864727,O=C(N[C@@H]1O[C@H](CO)[C@@H](O)[C@H](O)[C@H]1O)c1nnc(-c2ccc3ccccc3c2)o1,0,Train
30708869,COC(=O)N1CCC(c2cn(-c3cnc(-n4ncc5cc(C#N)cnc54)cc3NC(C)C)nn2)CC1,1,Train
10618434,N=C(NO)c1cccc(CC(NS(=O)(=O)c2ccc3ccccc3c2)C(=O)N2CCC(C(=O)O)CC2)c1,0,Train
12646593,CCOC(=O)c1cc(C#N)c(N2CCC(NC(=O)NS(=O)(=O)c3ccc(Cl)cc3)CC2)nc1C,1,Train
30708973,CC(C)Nc1cc(-n2ncc3cc(C#N)cnc32)ncc1-c1cc([C@H]2CCCCN2)no1,1,Train
22339948,C=CC(=O)Nc1ccc(S(=O)(=O)N2CCN(C(=O)C3CC3)CC2)cn1,0,Train
10736361,CCc1nc2c(C)cc(C)nc2n1Cc1ccc(-c2c(C(=O)O)n(C)c(=O)c3ccccc23)cc1,0,Train
31506997,CC(C)OC(=O)[C@H](C)NP(=O)(OC[C@H]1O[C@@H](n2ccc(N)nc2=O)C[C@@H]1O)Oc1ccc(F)cc1,0,Train
20124286,CCCCOC(=O)N1CCN(C(=O)[C@H](CCC(=O)O)NC(=O)c2cc(OCCOC)cc(-c3ccccc3)n2)CC1,0,Train
20446585,C=CCCCCN(C)C(=O)N1C[C@H](Oc2nc(-c3ccncc3)nc3c(C)c(OC)ccc23)C[C@H]1C(=O)N[C@]1(C(=O)NS(=O)(=O)C(C)CC)C[C@H]1C,0,Train
11234360,CNCC(=O)N[C@H](c1cc(C)ccc1N1CCN(C(=O)[C@H](C)Cc2ccc(Cl)cc2F)CC1)C(C)C.CS(=O)(=O)O,0,Train
11327632,OC[C@H]1O[C@@](CO)(OC2O[C@H](COC3O[C@H](CO)[C@H](O)[C@H](O)[C@H]3O)[C@@H](O)[C@H](O)[C@H]2O)[C@@H](O)[C@@H]1O,0,Train
23269729,CCN(CC)CC1CN(C(=O)Cn2c(-c3ccc(Cl)c(F)c3)c(C3CCCCC3)c3ccc(C(=O)NS(=O)(=O)N(C)C)cc32)CCO1.O=C(O)C(F)(F)F,0,Train
25663424,COC(=O)N[C@@H](C(=O)NN(CC[C@@]1(Cc2ccccc2)C(=O)N(C2c3ccccc3C[C@H]2O)C[C@H]1O)Cc1ccc(-c2cccnc2)cc1)C(C)(C)C,0,Train
11246708,O=C(O)c1cc(NC(=S)NCCO)ccc1-c1c2ccc(=O)cc-2oc2cc(O)ccc12,0,Train
11342154,COc1cc2c(cc1OC)CN(CC/C=C1\\CCCc3c(OC)cccc31)CC2.Cl,1,Train
21216157,CN(Cc1ccccc1)C(=O)[C@@]1(c2ccc(Cl)c(Cl)c2)C[C@H]1CN1CCC(c2ccccc2)(N(C)C(=O)C(N)=O)CC1,0,Train
11666283,CCCCN1C(=O)[C@H](CC2CCCCC2)NC(=O)C12CCN(Cc1ccc(Oc3ccc(C(=O)NC)cc3)cc1)CC2.Cl,0,Train
25663433,COC(=O)N[C@@H](C(=O)NN(CCC[C@@]1(Cc2ccccc2)C(=O)N(C2c3ccccc3C[C@H]2O)C[C@H]1O)Cc1ccc(Br)cc1)C(C)(C)C,1,Train
19042413,Cc1cc(N2CCC(N3CCCC3C)C2)ccc1NC(=O)c1ccccc1F,0,Train
28803481,COC(=O)/C=C/c1cncc(N(Cc2ccc(-c3ccc4c(cnn4C)c3)cc2F)C(=O)c2ccccc2)c1,0,Train
88554,CC(CN1c2ccccc2Sc2ccccc21)N(C)C,1,Train
24395266,COc1ccc2c(O[C@@H]3C[C@H]4C(=O)N[C@]5(C(=O)NS(=O)(=O)C6CC6)C[C@H]5/C=C\\CCCCN(C)C(=O)[C@@H]4C3)nc(-c3ccccc3)nc2c1,1,Train
8154196,C=CCc1ccccc1OCC(CNC(C)C)OC(=O)C1CC1,1,Train
23009930,CN1CCN(c2ccc(C3CC(c4ccc([N+](=O)[O-])o4)=NO3)cc2)C(=O)C1,1,Train
8459307,COc1ccc2ccc(S(=O)(=O)NC(Cc3cc4c(N)nccc4s3)C(=O)N3CCC(C(C)=O)CC3)cc2c1,0,Train
8169392,CC(C)n1c(/C=C/[C@@H](O)C[C@@H](O)CC(=O)O)c(-c2ccc(F)cc2)c2ccccc21,1,Train
30708911,CC(C)(O)CCc1cn(-c2cnc(-n3ncc4cc(C#N)cnc43)cc2N[C@H]2CCOC2)nn1,0,Train
20051433,CC(=O)Nc1ccc(Nc2nc3cccc(-c4ccc(C(=O)NCCc5ccccc5)cc4)n3n2)cc1,0,Train
24088775,Cc1cn2nc(-c3cc(=O)n4cc(N5CCN(C)CC5)ccc4n3)cc2c(C)n1,0,Train
29236005,CN1C(=O)N(c2cccc(C(F)(F)F)c2)C2=C(C(=O)CCC2)[C@H]1c1ccc(C#N)cc1S(C)=O,1,Train
28358941,C=C(F)COc1ccc(Cl)cc1[C@H]1C[C@@H]1CN.Cl,1,Train
10374145,O=C(NOCc1ccccc1)Nc1ccc2c(-c3ccncc3)c[nH]c2c1,0,Train
21859016,Nc1ncnc2c1C(=O)N(c1ccc(-c3cc(Cl)ccc3Cl)cc1)CCO2,1,Train
11344442,COc1ccc2c(c1)C(CCCN1CCc3cc(OC)c(OC)cc3C1)CCC2,1,Train
11090070,O=C(NCc1ccccn1)c1ccc2c(c1)Cc1c(-c3ccc(-c4ccc(O)cc4)cc3)n[nH]c1-2,1,Train
27390809,COc1ccc(CCN2CCC(CCc3cccc(OC)c3)CC2)cc1,1,Train
25040284,CCc1cc(-c2c[nH]c3ncc(-c4cn[nH]c4)cc23)nc(N)n1,0,Train
27219172,CC[C@H]1C[C@@H](n2c(=O)nc(-c3cnn(C)c3)c3oc4ncc(-c5cccnc5)cc4c32)CCO1,1,Train
32612639,CCN1CCN(c2cccc3nc([C@H]4CCC[C@@H](c5ncccc5Cl)N4C)[nH]c23)CC1,1,Train
28157262,C=CC(=O)N[C@H]1CCN(c2ccc(C(N)=O)c(Nc3ccc(Oc4ccccc4)cc3)n2)C1,0,Train
9786728,NCC(=O)N[C@@H](Cc1c[nH]c2ccccc12)C(N)=O,0,Train
10736974,O=C1CC(c2ccc(C[C@H](Nc3nc4ccccc4s3)c3nc4cc(Cl)ccc4[nH]3)cc2)S(=O)(=O)N1,0,Train
26411973,Cc1cc(-c2cc(=O)c3ccccc3o2)cc(C)c1O,0,Train
33028495,CCOc1nc2ccc(OC)cc2n1CCCNC(C)=O,1,Train
11586120,COc1ccc(-n2nc(C(N)=O)c3c2C(=O)N(c2ccc(C(C)(C)CN)cc2)CC3)cc1,0,Train
30708901,CCN[C@H]1CC[C@H](c2cn(-c3cnc(-n4ncc5cc(C#N)cnc54)cc3NC(C)C)nn2)CC1,0,Train
19565769,Oc1ccc(-c2cnc(-c3cccc(O)c3)s2)cc1,0,Train
26894569,CCN1C(=O)c2ccccc2S(=O)c2ccc(C(=O)NCc3ccc(OC)cc3)cc21,1,Train
9772248,NC(=O)c1sc(-c2ccc(F)cc2)cc1N,1,Train
27175816,C[C@H](Nc1ccc(F)c(F)c1)c1cc(C(=O)N(C)C)cn2c(=O)cc(N3CCOCC3)nc12,1,Train
21208693,CCCCCCCCCCC(N)C(=O)N[C@@H](Cc1ccc(O)cc1)C(=O)NCC(=O)NCC(=O)N[C@@H](Cc1ccccc1)C(=O)N[C@@H](CC(C)C)C(=O)O,0,Train
20083360,CC(=O)Nc1ccc(Nc2nc3c(-c4ccc(NS(=O)(=O)C5CC5)cc4)cccn3n2)cc1,0,Train
25454890,COc1ccc2c(c1)C(CC(=O)O)CCC(=O)N2CC(=O)NCC1CCC(Nc2nc3ccccc3[nH]2)CC1,0,Train
31330604,N#Cc1ccc(-n2nc(C(=O)N3CCC[C@@H](N)C3)cc2OCC(O)C(F)(F)F)cc1,0,Train
21379654,CCc1n[nH]c2ccc(C3C(C#N)=C(C(F)F)NC(C(F)F)=C3C#N)cc12,1,Train
20083372,CNC(=O)c1ccc(Nc2nc3c(-c4ccc(CN5CC(C#N)C5)cc4)cccn3n2)cn1,1,Train
24314350,CCCCCCC(N)C(=O)N[C@@H](Cc1ccc(O)cc1)C(=O)N1CCC[C@H]1C(=O)N[C@@H](Cc1c[nH]c2ccccc12)C(=O)N[C@@H](Cc1ccccc1)C(N)=O,0,Train
23637195,CC(C)CN1CCC(COc2ccc(NC(=O)Nc3cccnc3Oc3ccccc3C(C)(C)C)c(F)c2)CC1,0,Train
23263477,CCN(CC)CCOC(=O)C(Cc1ccc(-c2c(C(F)(F)F)cc(C)n(C)c2=O)cc1)NC(=O)c1c(Cl)cccc1Cl,0,Train
27681998,O=C(NCc1ccccc1-c1ccccc1/C=C/c1ccc(O)cc1)Nc1ccccc1,0,Train
10658341,OCCOCn1ccc2cccnc21,1,Train
21933127,CCCCCn1cc(C(=O)c2cccc3ccccc23)c2cnccc21,1,Train
23751924,CNc1cc(-c2nc(=O)n(CCC3CCCO3)c3c2oc2ncc(-c4cnn(C)c4)cc23)ccn1,0,Train
25266006,CNc1nc(-c2c(C3CCCC3)c3ccc(C(=O)NC(C)(C)C(=O)Nc4ccc(/C=C/C(=O)O)cc4)cc3n2C)cs1,0,Train
13100493,CCCc1nc(C)c2c(=O)[nH]c(-c3cc(S(=O)(=O)N(C)CC(OC)OC)ccc3OCC)nn12,1,Train
27141269,CCS(=O)(=O)c1cc(C#N)ccc1[C@H]1NC(=O)N(c2cccc(C(F)(F)F)c2)C2=C1C(=O)CCC2,1,Train
10217307,Cc1nccn1-c1ccc(NC(=O)c2cc(C(F)(F)F)nn2-c2ccc3onc(N)c3c2)c(F)c1,0,Train
14467650,O=c1[nH][nH]c2nc(-c3ccco3)c(-c3ccncn3)cc12,0,Train
12676275,COc1cc(C)c(S(=O)(=O)N(C)CCOCC(=O)N2CCC(N3CCN(C(C)C)CC3)CC2)c(C)c1.O=C(O)/C=C/C(=O)O,0,Train
26662089,C[C@@H]1Cc2c(Br)cccc2N1C(=O)Cc1nc(N2CCOCC2)sc1C(=O)O,0,Train
28803351,COC(=O)/C=C/c1cccc(N(Cc2ccc(-c3ccc(N(C)C)cc3)cc2)C(=O)c2ccccc2)c1,0,Train
12517560,Cc1cc(Cn2c(=O)c(C3=CS(=O)(=O)c4ccccc4N3)c(O)c3cc(F)ccc32)ccc1F,0,Train
24935007,C[C@@H]1CCC2[C@@H](C)C(=O)OC3O[C@]4(C)CCC1[C@]32OO4,1,Train
12090165,O=C(c1cc2c(cc1F)OC(c1ccc(F)cc1)(c1ccc(Cl)cc1Cl)O2)N1CCOCC1,1,Train
32612534,Clc1cccnc1[C@@H]1CCC[C@H](c2nc3cccc(N4CCN(C5CC5)CC4)c3[nH]2)N1,1,Train
32614171,CN1CCN(c2cccc3nc([C@H]4CCC[C@@H](c5ncccc5Cl)N4)cn23)CC1,1,Train
12093805,O=C(c1ccc(O)cc1OC[C@@H](O)CN1CCC2(CC1)Cc1cc(Cl)ccc1O2)N1CCCCC1,1,Train
21219915,CC(C)C[C@H](NC(=O)[C@H](Cc1ccc(OP(=O)(O)O)cc1)NC(=O)c1ccc(C#N)cc1)C(=O)Nc1cc(C(=O)NCc2ccccc2)cc(-c2ccc(C(N)=O)cc2)c1,0,Train
23013125,Cn1c(C(=O)O)cc2cc(NC(=O)C(C)(C)NC(=O)c3ccc4c(C5CCCC5)c(-c5ccc6ncccc6c5)n(C)c4c3)ccc21,0,Train
20007925,CC1CN(C(=O)c2ccccc2)CCN1C(=O)C(=O)c1c[nH]c2cccc(F)c12,0,Train
30596834,CC(C)(O)C1CCC(NC(=O)c2cnc(-c3cnn4cc(Cl)cnc34)cc2NC2COC2)CC1,1,Train
7397984,CC(C)(C)c1ccc(C(C)(C)C)c(NC(=O)[C@H]2CC[C@H]3[C@@H]4CNC5=CC(=O)CC[C@]5(C)[C@H]4CC[C@]23C)c1,0,Train
27188063,C[C@H]1Cc2c(nnn2-c2ncc(F)cn2)CN1C(=O)c1cccc(C(F)(F)F)c1F,1,Train
18952374,CC(C)c1cc(Oc2c(Cl)cc(-n3nc(C#N)c(=O)[nH]c3=O)cc2Cl)nn(COC(=O)c2cnccn2)c1=O,0,Train
32611574,CNC(=O)c1cc(Cn2nc(C)c(NC(=O)c3ccc(COc4ccc(C(F)(F)F)cc4C)cc3)c2C)ccn1,0,Train
18958780,CCc1nc(N)nc(N)c1OCCCOc1ccccc1CCC(=O)O.Cl,1,Train
24014941,CC(C)NC(=O)c1nnc(-c2cc3c(C(C)C)n[nH]c3cc2O)n1-c1ccc(N2CCOCC2)cc1,1,Train
11226322,C[C@H](N)CC(=O)N[C@@H](CCCCN)CC(=O)O,0,Train
23096021,CN1C(=N)N[C@@]2(c3cc(-c4cccc(C#N)c4)cs3)CN(c3ncc(F)cn3)C[C@H]2C1=O,1,Train
20083257,Cn1cc(-c2cccn3nc(Nc4ccc(C(=O)N5CC(O)C5)cc4)nc23)cn1,0,Train
26924271,CCCC(=O)C1=C(CF)NC(N2CCC(C(=O)NS(=O)(=O)Cc3ccccc3)CC2)C(C#N)=C1,0,Train
33162768,C=CC(=O)N1CCC[C@@H](n2nc(-c3ccc(Oc4ccncc4C#N)cc3)c3cncc(F)c32)C1,1,Train
27830961,Cc1cc(C(C)Nc2ccccc2C(=O)NS(C)(=O)=O)c2nc(N3CCOCC3)cc(=O)n2c1,0,Train
32571741,CCNC(=O)c1cc2c(N3CCOCC3C3CC3)ccnc2[nH]1,1,Train
20051392,O=C(NCc1ccncc1)c1ccc(-c2cccc3nc(Nc4ccccc4)nn23)cc1,0,Train
30597047,CCn1cc(Nc2cc(-c3cnn4cc(Cl)cnc34)ncc2C(=O)NC[C@@H](F)C(C)(C)O)cn1,0,Train
29690070,CCS(=O)c1cc(C#N)ccc1C1C2=C(CCC2=O)N(c2cccc(C(F)(F)F)c2)C(=O)N1C,1,Train
24395305,COc1ccc2c(O[C@@H]3C[C@H]4C(=O)N[C@]5(C(=O)NS(=O)(=O)C6CC6)C[C@H]5/C=C\\CCCCCNC(=O)N4C3)nc(-c3ccccc3)nc2c1C,1,Train
1912434,Oc1ccc(/C=C/c2cc(O)cc(O)c2)cc1,0,Train
21420690,Cn1c(N2CCN(CC/C=C3\\c4ccccc4COc4ccc(CC(=O)O)cc43)CC2)cc(=O)n(C)c1=O,0,Train
27850043,CCOc1nc(NC(=O)C2(NC(=O)c3ccc4c(C5CCCC5)c(-c5ncc(Cl)cn5)n(C)c4c3)CCC2)ncc1C=CC(=O)O,0,Train
12093446,NC(=O)Nc1ccccc1OC[C@@H](O)CN1CCC2(CC1)Cc1cc(Cl)ccc1O2,1,Train
22462279,Cn1cc(-c2cccc(-c3cnc(N)c(C(=O)NC4C5CC6CC4CC(O)(C6)C5)n3)c2)cn1,1,Train
26130143,Nc1noc2ccc(-n3nc(C(F)(F)F)cc3C(=O)Nc3ccc(-c4ccccc4Cn4ccc(O)c4)cc3F)cc12,0,Train
23477689,O=C(c1ccc(Oc2ccc(Cl)cc2O)s1)N1CCNCC1,1,Train
20243299,CCOC(=O)c1cc2cc(-c3cc(C(=O)NCc4ccc(C(=O)O)cc4)nn3C)ccc2[nH]1,0,Train
24431798,Nc1noc2ccc(-n3nc(C(F)(F)F)cc3C(=O)NC3CCN(c4ccccc4CN4CCC[C@H]4O)CC3)cc12.O=C(O)C(F)(F)F,0,Train
10737722,O=C1CC(c2ccc(C[C@H](Nc3nc4cc(Br)ccc4s3)c3nc4ccccc4[nH]3)cc2)S(=O)(=O)N1,0,Train
29232389,O=c1[nH]cnc2c(-n3cc(CCN4CCC(c5cccc(C(F)(F)F)c5)CC4)cn3)nccc12,1,Train
22059446,c1cc([C@H]2C[C@@H](CN3CCOCC3)C2)ccc1CN1CCCC1,0,Train
10374818,CCN(C(=O)c1ccncc1)c1ccc(C(O)(C(F)(F)F)C(F)(F)F)cc1,1,Train
32601283,Cc1cccnc1C1CCCN1C(C)c1cn2c(N3CCN(C)CC3)cccc2n1,1,Train
7954801,CCCCC1=NC2(CCCC2)C(=O)N1Cc1ccc(-c2ccccc2-c2nn[nH]n2)cc1,0,Train
26023067,Cl.N#Cc1ccc(Cn2cncc2CN2CCN(C(=O)C34CC5CC(CC(C5)C3)C4)CCC2c2ccccc2)cc1,0,Train
30596923,CC(C)(O)c1cnc(Nc2cc(-c3cnn4cc(Cl)cnc34)ncc2C(=O)NC[C@@H](F)C(C)(C)O)s1,0,Train
5775836,COc1cc2c(c(OC)c1OC)-c1c(cc3c(c1OC)OCO3)C[C@H](C)[C@H](C)C2,1,Train
31507000,C[C@H](NP(=O)(OC[C@H]1O[C@@H](n2cnc3c(=O)[nH]c(N)nc32)C[C@@H]1O)Oc1cccc2ccccc12)C(=O)OCC(C)(C)C,0,Train
25265931,Cn1c(-c2ccccn2)c(C2CCCC2)c2ccc(C(=O)NC(C)(C)C(=O)Nc3ccc(/C=C/C(=O)O)cc3)cc21,0,Train
27675860,CC(Nc1ccc(F)c(F)c1)c1cc(C(=O)N(C)C)cn2c(=O)cc(N3CCOCC3)nc12,1,Train
2414132,CN[C@@H](C)[C@@H](O)c1ccccc1,1,Train
10741354,O=C1CC(c2ccc(C[C@H](Nc3nc4ccccc4s3)c3nc4cc(C(F)(F)F)ccc4[nH]3)cc2)S(=O)(=O)N1,0,Train
12147049,CN(C)[C@@H]1CCN(C(=O)c2ccc(O)cc2OC[C@@H](O)CN2CCC3(CC2)Cc2cc(Cl)ccc2O3)C1,0,Train
28950310,CCn1c(=O)c2c(nc(S)n2C)n(C)c1=O,0,Train
11344434,COc1ccc2c(c1)/C(=C/CCN1CCc3cc(OC)c(OC)cc3C1)CCC2,1,Train
30708562,CC[C@](C)(O)Cn1cc(-c2cnc(-n3ncc4cc(C#N)cnc43)cc2NC(C)C)nn1,1,Train
27390822,COc1ccccc1CCC1CCN(CCc2ccc(F)cc2)CC1,1,Train
10616758,CCCCCCCOC(=O)[C@@]1(F)[C@@H]2C[C@@H](OCc3ccc(Cl)c(Cl)c3)[C@@](N)(C(=O)O)[C@@H]21,0,Train
11226307,CC(C)C[C@H](CCNC(=O)[C@H](C)CCNC(=O)[C@@H](CCN)C(C)C)C(=O)O,0,Train
12223618,CN(Cc1ccccc1)C(=O)[C@@]1(c2ccc(Cl)c(Cl)c2)C[C@H]1CN1CCC(C(=O)N2CCCCC2)(c2ccccc2)CC1,0,Train
27681986,COc1ccc(CC(=O)NCc2ccccc2-c2ccccc2/C=C/c2ccc(N(C)C)cc2)cc1,0,Train
31298119,COc1cc(C2CC(c3ccco3)=Nc3ccccc3S2)ccc1O,1,Train
6358087,CCCC(=O)OC(CNC(C)C)COc1cccc2ccccc12.Cl,1,Train
20741102,Cc1ncc(-c2nc(Nc3cc(F)c(CN4CCOC[C@@H]4C)cc3F)ncc2F)n1C1CCOCC1,1,Train
23726787,CC(=O)N1CCC(CN2CCC(CNC(=O)c3cccc4[nH]c(C(C)C)nc34)CC2)CC1,0,Train
23745792,CC[C@H]1C[C@@H](n2c(=O)nc(-c3cnn(C)c3)c3oc4c(C)nc(-c5cn(C)cn5)cc4c32)C[C@@H](C)O1,1,Train
23629141,Cc1ccc(S(=O)(=O)Nc2cc(Oc3ccccc3)ccc2C(=O)O)cc1,0,Train
19308987,COc1ccc2c(O[C@@H]3C[C@H]4C(=O)N[C@]5(C(=O)NS(=O)(=O)C6(C)CC6)C[C@H]5C=CCCCCCNC(=O)N4C3)cc(-c3nc(C(C)C)cs3)nc2c1,1,Train
12139869,Cn1c(N2CCO[C@@H]3CCCC[C@H]32)nc(-c2ccncc2F)cc1=O,1,Train
11966601,CC(C)n1cc(C(=O)c2cccc(NC(=O)Nc3ccc(Cl)cc3)c2)c2c(N)ncnc21,0,Train
19162549,c1ccc(CC2(c3ccc4[nH]ccc4c3)CCNC2)cc1,1,Train
8101020,CCOC(=O)C1=C[C@@H](OC(CC)CC)[C@H](NC(C)=O)[C@@H](N)C1.O=P(O)(O)O,0,Train
32072100,CCCN1C[C@H]2[C@@H]3CC[C@H](C(=O)Nc4cc(C(C)(C)C)ccc4C(C)(C)C)[C@@]3(C)CC[C@@H]2[C@@]2(C)CCC(=O)C=C12,0,Train
11157878,COc1cccc(CN(c2c(Cl)c(Cl)cc3[nH]c(=O)c(=O)[nH]c23)S(C)(=O)=O)c1,0,Train
11591145,CC(C(N)=O)N1C(=O)Cc2cc(Cl)ccc21,1,Train
13048378,C[C@@H]1CCCN1CCCOc1ccc(-c2cnn(-c3ccccn3)c(=O)c2)cc1,1,Train
18981596,O=C(O)CCNCc1ccc(NC(=O)c2cc(N(CC3CC3)C3CCCCC3)ncn2)cc1,0,Train
21119314,COc1cccc(OC2CN(c3c4c(nc5ccnn35)CCNCC4)C2)c1,1,Train
5004,O=C(O)c1cc2sccc2[nH]1,1,Train
473527,Cn1cc(C#N)c2ccccc21,1,Train
30596928,CC(C)(O)[C@H](F)CNC(=O)c1cnc(-c2cnc3cc(Cl)cnn23)cc1NC1CCOCC1,0,Train
1445814,COc1cccc2c1C(=O)c1c(O)c3c(c(O)c1C2=O)C[C@@](O)(C(=O)CO)C[C@@H]3O[C@H]1C[C@H](N)[C@H](O)[C@H](C)O1,0,Train
24325122,CC1=NN(C(=O)c2ccc(Cl)cc2)C(O)C1/N=N/c1ccc(S(=O)(=O)Nc2ncccn2)cc1,0,Train
12229905,CC(=O)Nc1ccc(C(=O)NCC(C)(C)[C@H]2Nc3ccc(C#N)cc3[C@H]3C=CC[C@H]32)cc1,0,Train
28803461,[2H]C(c1ccc(-c2ccc3c(cnn3C)c2)cc1Cl)N(C(=O)[C@@H]1C[C@@H]2CC[C@H]1C2)c1cccc(/C=C/C(=O)OC)c1,0,Train
28803308,[2H]C(c1ccc(-c2ccc(N(C)C)cc2)cc1Cl)N(C(=O)[C@@H]1C[C@@H]2CC[C@H]1C2)c1cncc(/C=C/C(=O)OC)c1,0,Train
32858018,C[C@@]12CCC[C@H]1[C@@H]1CC=C3C[C@@H](OC(=O)CCCCCC(=O)O)CC[C@]3(C)[C@H]1CC2,0,Train
24166379,O=C(O)Cc1ccccc1Nc1c(Cl)cccc1Cl.[NaH],1,Train
27157525,CC(C)CCn1c(=O)c2cccnc2n(CCC(C)C)c1=O,1,Train
30708960,CC(C)Nc1cc(-n2ncc3cc(C#N)c(N)nc32)ncc1-c1cn(CCCO)nn1,0,Train
23820471,CC1(C)CN(c2ccc(-c3oc(-c4ccc(Cl)c5[nH]ccc45)nc3C(N)=O)cc2)CCN1,0,Train
12933570,N#Cc1c(N2CCC[C@H](N)C2)n(Cc2ccccc2)c2c(=O)n(Cc3ccnc4ccccc34)cnc12,0,Train
10588544,CCC(CC)Nc1c(Nc2cccc(C(=O)N(C)C)c2O)c(=O)c1=O,1,Train
23305853,O=C(Nc1nnc(COC2CCCC2)s1)c1ccc(O[C@H]2CC[C@@H](C(=O)O)CC2)cc1,0,Train
10719899,COCC[C@H](CC1(C(=O)NCCCc2ccc(F)cc2)CCCC1)C(=O)O,1,Train
892462,NC(=O)c1ncn([C@@H]2O[C@H](CO)[C@@H](O)[C@H]2O)n1,0,Train
9457307,O=C(O)CC1CCC(=O)N(CC(=O)NC[C@H]2CC[C@H](Nc3nc4ccccc4[nH]3)CC2)c2ccccc21,0,Train
21177334,COc1cccc(-c2cccc(C3(c4ccncc4)N=C(C)C(N)=N3)c2)c1,1,Train
20446588,COc1ccc2c(O[C@H]3C[C@@H](C)[C@H](C(=O)N[C@]4(C(=O)NS(=O)(=O)C5CC5)C[C@H]4C=CCCCCN(C)C=O)C3)nc(-c3ccc(F)cc3)nc2c1C,0,Train
4643153,CC[C@H](C)[C@H]1O[C@]2(CC[C@@H]1C)C[C@@H]1C[C@@H](C/C=C(\\C)[C@@H](O[C@H]3C[C@H](OC)[C@@H](O[C@H]4C[C@H](OC)[C@@H](O)[C@H](C)O4)[C@H](C)O3)[C@@H](C)/C=C/C=C3\\CO[C@@H]4[C@H](O)C(C)=C[C@@H](C(=O)O1)[C@]34O)O2,0,Train
24086365,CN(Cc1ccccc1)Cc1oc(CO)cc(=O)c1O,0,Train
10602674,O=c1n(Cc2nc3ccccc3n2CCCCCO)c2cnccc2n1C1CC1,0,Train
24074043,CC(=O)OC[C@H]1OC(SCc2nnn(-c3ccc(S(N)(=O)=O)cc3)c2I)[C@H](OC(C)=O)[C@@H](OC(C)=O)[C@@H]1OC(C)=O,0,Train
18981456,Cc1cc(O)ccc1NC(=O)c1cc(NC2CCCCC2)ncn1,1,Train
26496354,COC(=O)O[C@H]1C[C@H]2OC[C@@]2(OC(C)=O)[C@H]2[C@H](OC(=O)c3ccccc3)[C@]34OC(=O)O[C@H]3[C@H](OC(=O)[C@H](O)[C@@H](NC(=O)OC(C)(C)C)c3ccccc3)C(C)=C([C@@H](OC)C(=O)[C@]12C)C4(C)C,0,Train
12870049,CN(C)CC(C)(C)Cn1c(CC(C)(C)C)nc2cc(/C=C/C(=O)NO)ccc21,1,Train
29475907,COc1ccc(CC(=O)O)cc1-c1ccc(C#CCO)s1,0,Train
31765362,CC[C@]1(NC(=O)c2ccc3c(c2)CCCC3)C[C@@H]2CN(CCc3c([nH]c4ccccc34)[C@@](C(=O)OC)(c3cc4c(cc3OC)N(C)[C@H]3[C@@](O)(C(=O)OC)[C@H](OC(C)=O)[C@]5(CC)C=CCN6CC[C@]43[C@@H]65)C2)C1,0,Train
10368289,Cn1cc(C#N)c2ccc(NC(=O)NOCc3ccccc3)cc21,1,Train
11234371,CS(=O)(=O)O.Cc1ccc(N2CCN(C(=O)[C@H](C)Cc3ccc(Cl)cc3C)CC2)c([C@@H](NC(=O)CCN(C)C)C(C)C)c1,0,Train
9239981,CCCOc1ccc(S(=O)(=O)N2CCC(CCO)CC2)cc1-c1nc2c([nH]1)c(=O)n(C)c(=O)n2CC(C)C,1,Train
20051264,COc1ccc(-c2cccc3nc(Nc4cccc(NC(C)=O)c4)nn23)cc1,0,Train
23705939,CC1(C)CN(C(=O)c2ccc(F)cc2OCCCN2CCC3(CC2)Cc2cc(Cl)ccc2O3)CC1C(=O)O,0,Train
31380909,Cl.O=C1NCc2cc(OCCNC[C@H](O)COc3ccc4c(c3)OC[C@@H](COCC3CC3)O4)ccc21,0,Train
21029796,Cc1ccc(C(=O)Nc2ccon2)cc1NC(=O)c1cnn(-c2ccccc2F)c1N,1,Train
32612659,CN1CCN(c2cccc3nc([C@H]4CCC[C@@H](c5ncccc5OC5CC5)N4C)[nH]c23)CC1,1,Train
23705921,N#Cc1cc(C(=O)O)c(OCCCN2CCC3(CC2)Cc2cc(Cl)ccc2O3)cc1Cl,0,Train
13066008,C=C[C@@H]1C[C@]1(NC(=O)[C@@H]1C[C@@H](Oc2cc(-c3csc(NC(C)C)n3)nc3cc(OC)ccc23)CN1C(=O)[C@@H](NC(=O)OC1CCCC1)C(C)(C)C)P(=O)(O)Cc1ccccc1F,0,Train
20129759,CC(C)n1c(=O)c(C(=O)N[C@@H]2C[C@@H]3CC[C@H](C2)N3CCCN2CCC(CNS(C)(=O)=O)CC2)cc2ccccc21,0,Train
27028535,O=C(Nc1cncc(Oc2cncnc2)n1)c1cc(Cl)ccn1,1,Train
21598058,Cn1c(-c2ccccn2)c(C2CCCCC2)c2ccc(C(=O)NC(C)(C)C(=O)Nc3ccc4sc(C(=O)O)cc4c3)cc21,0,Train
13030499,Cc1c(C(Cc2ccc(F)c(F)c2)P(=O)(OC(C)C)OC(C)C)sc2ccccc12,0,Train
11023239,CN1[C@H]2CC[C@@H]1C[C@H](OC(c1ccc(Cl)cc1)c1cccc(Cl)c1)C2,0,Train
30758801,COC(=O)/C=C/C(=O)OCCOCCOCCOCCOC(=O)/C=C/C(=O)OC,0,Train
19688594,CC(C)(O)Cn1c2ccccc2c2cc(NC(=O)c3ccccc3C(F)(F)F)ccc21,1,Train
12149698,C=C[C@@H]1C[C@]1(NC(=O)[C@@H]1C[C@@H](Oc2cc(-c3csc(NC(=O)C(C)C)n3)nc3c(Br)c(OC)ccc23)CN1C(=O)[C@@H](NC(=O)OC1CCCC1)C(C)(C)C)C(=O)O,0,Train
21928469,Cc1ccc(S(=O)(=O)Nc2c(C(=O)N[C@@H](C)C(C)(C)C)c(C)nn2-c2ccccc2)cc1,0,Train
1544748,CCC(C(=O)O)c1ccc(N2Cc3ccccc3C2=O)cc1,1,Train
27175851,C[C@@H](Nc1cc(F)cc(F)c1)c1cc(C(=O)N2CCN(C)CC2)cn2c(=O)cc(N3CCOCC3)nc12,0,Train
12514631,CCOc1cc(NC(=O)C2(NC(=O)c3ccc4c(C5CCCC5)c(-c5ncc(Br)cn5)n(C)c4c3)CCC2)ccc1/C=C/C(=O)O,1,Train
28665340,CC(=O)C1=C(O)C(Cc2cn(C)c3ccccc23)N(CCn2c([N+](=O)[O-])cnc2C)C1=O,1,Train
18484662,N=C(N)SCc1cccc2c1Oc1c(CSC(=N)N)cccc1S2,0,Train
91904,CN1[C@H]2C[C@H](OC(=O)[C@H](CO)c3ccccc3)C[C@@H]1[C@H]1O[C@@H]21,1,Train
29232392,Nc1nc(-c2cc(C(=O)O)ccn2)cs1,0,Train
26374120,C=C[C@@H]1C[C@]1(NC(=O)[C@@H]1C[C@@](OC)(c2ccc(-c3ccncc3)cc2)CN1C(=O)[C@@H](NC(=O)OC1CCCC1)C(C)(C)C)C(=O)NS(=O)(=O)C1CC1,0,Train
26174227,Cn1c(-c2ccccn2)c(C2CCCCC2)c2ccc(C(=O)N[C@]3(C(=O)Nc4ccc(/C=C/C(=O)O)cc4)CCNC3)cc21,0,Train
7754038,CCCCC(=O)N(Cc1ccc(-c2ccccc2-c2nnn[nH]2)cc1)[C@H](C(=O)O)C(C)C,0,Train
23718320,COc1ccnc(Oc2ccc3c(c2)c(=O)ncn3Cc2ccc(F)cc2F)c1C(F)(F)F,1,Train
12933567,CC#CCn1c(N2CCC[C@H](N)C2)c(C#N)c2ncn(Cc3ccnc4ccccc34)c(=O)c21,0,Train
8630746,NC(=O)c1ncn([C@H]2O[C@@H](CO)[C@H](O)[C@@H]2O)n1,0,Train
21935041,CC(=O)OC[C@H]1O[C@@H](S(=O)(=O)Cc2nnn(-c3ccc(S(N)(=O)=O)cc3)c2I)[C@H](OC(C)=O)[C@@H](OC(C)=O)[C@@H]1OC(C)=O,0,Train
2230085,COc1ccc(Cl)cc1C(=O)NCCc1ccc(S(=O)(=O)NC(=O)NC2CCCCC2)cc1,1,Train
3593780,O=C1C[C@@H](c2ccc(O)cc2)Oc2cc(O)ccc21,1,Train
29722469,C[C@H]1[C@H](NC(=O)c2cc3c(F)cc(F)cc3[nH]2)C[C@@H]2C[C@H]1C2(C)C,0,Train
23906631,N#Cc1ccc2cc3c(=O)[nH]c(=O)nc-3n(-c3ccccc3)c2c1,1,Train
24571069,Cc1cc2c(cc1S(=O)(=O)Nc1ccc(C(F)(F)F)cc1)C(=O)NC(C)(C)C(=O)N2,0,Train
31124075,Cc1ccc(-n2nc(C)c3ccc(-c4ccc([C@H]5C[C@@H]5C(=O)O)cc4)cc32)cc1,1,Train
18484659,N=C(N)SCc1cccc2c1oc1c(CSC(=N)N)cccc12,0,Train
14030707,Cc1cc(C(F)(F)F)c(-c2ccc(C[C@H](NC(=O)c3c(Cl)cccc3Cl)C(=O)O)cc2)c(=O)n1C,0,Train
9525248,CCc1nc2c(C)cc(C)nc2n1Cc1ccc(-c2c(-c3nn[nH]n3)cnc3ccccc23)cc1,0,Train
1293536,CC(=O)CC(c1ccccc1)c1c(O)c2ccccc2oc1=O,1,Train
14113745,O=C(N[C@@H]1CCOC[C@@H]1C(=O)NO)c1ccc(Cc2c(C(F)(F)F)nn3ccccc23)cc1,0,Train
23902044,COc1cc(CN2CCN(C)CC2)ccc1-c1nc2c(N[C@H]3[C@@H](C(N)=O)[C@@H]4C=C[C@H]3C4)c(Cl)cnc2[nH]1,0,Train
11288914,CC(C)(C)C(NC(=O)N[C@H](C(=O)N1C[C@H]2[C@@H]([C@H]1C(=O)NC(CC1CC1)C(=O)C(=O)NCCc1ccccc1)C2(C)C)C(C)(C)C)C(=O)O,0,Train
6050252,CCN1CCN(C(=O)N[C@@H](C(=O)N[C@@H]2C(=O)N3C(C(=O)O)=C(CSc4nnnn4C)CS[C@H]23)c2ccc(O)cc2)C(=O)C1=O,0,Train
31506368,CC(=O)N1CCN(c2cncc3sc(C(N)=O)c(N)c23)CC1,0,Train
12308686,CCc1ccnc(C(CC(=O)N2CCC(N3Cc4ccccc4NC3=O)CC2)Cc2cc(C)c3[nH]ncc3c2)c1,1,Train
32612569,Cc1cc(F)cnc1[C@@H]1CCC[C@H](c2nccn2C2CCN(C)CC2)N1,1,Train
27050592,Cc1cnc(-c2ccccc2C(C)C)nc1NCc1ccc(-n2ccnn2)cc1.O=C(O)C(F)(F)F,1,Train
624881,Nc1ncnc2c1ncn2[C@@H]1O[C@H](CO)[C@@H](O)[C@@H]1O,0,Train
24414016,CCOc1ccccc1C[C@H](c1ccccc1)N1CCNCC1.Cl,1,Train
31212065,N[C@@H]1CCC=C(c2ccc(F)cc2)[C@H]1COc1cc(F)c(S(=O)(=O)Nc2cscn2)cc1Cl,0,Train
26879569,O=C(NCCOC1CCC(Nc2ccc([N+](=O)[O-])c(C(F)(F)F)c2)CC1)C(=O)NCc1cc2cc(Cl)ccc2o1,0,Train
8281859,C[C@@H]1CC[C@H]2[C@@H](C)[C@@H](c3ccco3)O[C@@H]3O[C@]4(C)CC[C@@H]1[C@@]23OO4,1,Train
27681974,CC(C)(C(=O)NCc1ccccc1-c1ccccc1/C=C/c1ccc(O)cc1)c1ccccc1,0,Train
18301841,Cc1nn(-c2ccccn2)c(O)c1-c1ccc(F)cc1,1,Train
27334670,CC(=O)OC[C@H]1O[C@@H](OCc2nnn(-c3ccccc3)c2I)[C@H](OC(C)=O)[C@@H](OC(C)=O)[C@@H]1OC(C)=O,1,Train
18487997,Oc1c2c(nn1-c1ccccn1)CCc1cc(-c3ccccc3)ccc1-2,0,Train
28803313,[2H]C(c1ccc(-c2ccc(N(C)C)cc2)cc1)N(C(=O)c1ccccc1)c1cncc(/C=C/C(=O)OC)c1,0,Train
13124266,CC(C)C[C@H](CO)Nc1nc(S[C@@H](C)c2ccc(Cl)cn2)nc2nc(N)sc12,0,Train
25074285,C=C1[C@@H](O)[C@@]2(O)OC[C@@]34[C@@H](C[C@H]5C(C)=CC(=O)[C@@H](O)[C@]5(C)[C@@H]23)OC(=O)[C@H](O)[C@@]14O,0,Train
26789561,CNc1cc(F)c(F)c2c1[nH]c1nc(Oc3cnc([C@H](C)O)nc3)nc(N3C[C@H]4C[C@@H]3C[C@H]4N)c12,0,Train
22663954,COC(=O)c1ccc2c(c1)nc(C(F)(F)F)n2C,1,Train
20636942,Cc1cc[n+]([O-])c(C)c1C(=O)N1C[C@@H]2CN(CC[C@H](NC(=O)C3CCCC3)c3ccccc3)C[C@@H]2C1,1,Train
22001289,C[C@H]1CCCN1[C@H]1CCN(c2ccc3cc(C(=O)NC4CCOCC4)ccc3c2)C1,1,Train
9887584,NC(=O)N(O)CCC#Cc1ccc(OCCCCN2CCN(C(c3ccc(F)cc3)c3ccc(F)cc3)CC2)cc1,0,Train
23277873,COc1ccc2cc(-c3ccc(CN4CCc5cc(OC)c(OC)cc5C4)o3)ccc2c1,0,Train
22514252,COC(=O)N[C@H](C(=O)NN(CCC[C@@]1(Cc2ccccc2)C(=O)N([C@H]2c3ccccc3C[C@H]2O)C[C@H]1O)Cc1ccc(-c2cccnc2)cc1)C(C)(C)C,0,Train
24186987,NC(=O)n1nc(NCC(=O)NC2CN([C@H]3CC[C@@H](c4ccc5c(c4)OCO5)CC3)C2)c2cc(C(F)(F)F)ccc21,0,Train
19889529,CC[C@@H](C)Nc1nc(C)nc2c(-c3ccc(OC)nc3C)c(C)nn12,1,Train
10722637,Cc1cc(Cc2ccc(C(=O)N[C@@H]3COC[C@@H]3C(=O)NO)cc2)c2ccccc2n1,0,Train
27536639,CCN(Cc1ccccc1C(F)(F)F)C(=O)C1CCN(S(=O)(=O)c2ccc3[nH]ncc3c2)CC1,1,Train
23489112,COc1ccc(-c2cnc(N3CCN(C(=O)NC4C5CC6CC4CC(C(N)=O)(C6)C5)c4ccccc43)nc2)cc1,1,Train
25011029,NC(=O)c1cc2c(-c3ccc4c(c3)CCO4)cncc2s1,1,Train
19650491,CCCS(=O)(=O)Nc1ccc(F)c(C(=O)Nc2cnc3[nH]c(-c4ccc(Cl)c(Cl)c4)nc3c2)c1F,0,Train
22751743,Br.CN(C)S(=O)(=O)c1ccc(Sc2ccc(F)cc2CSC(=N)N)c(CSC(=N)N)c1,0,Train
10496828,Cc1cc(C[C@H](NS(=O)(=O)c2ccccc2)c2nc3ccccc3[nH]2)ccc1[C@@H]1CC(=O)NS1(=O)=O,0,Train
27175823,CC(Nc1ccccc1F)c1cc(C(=O)NCCN(C)C)cn2c(=O)cc(N3CCOCC3)nc12,0,Train
1441537,C/C=C(/C)C(=O)O[C@H]1[C@@H](OC(C)=O)c2c(ccc3ccc(=O)oc23)OC1(C)C,1,Train
23592624,COc1cc(Nc2nc3n(n2)CCC(O)N3Cc2ccccc2)ccc1-n1cnc(C)c1,1,Train
10724256,COc1cc2cncc(Cc3nc4c([nH]3)c(=O)n(C)c(=O)n4CC(C)C)c2cc1OC,1,Train
30428600,Cc1nc2ccc(-n3ncc(C(=O)c4cc5cc(CN6CCOCC6)ccc5[nH]4)c3N)cc2[nH]1,0,Train
33338820,Cc1csc(NC(=O)c2ccc(CNc3ccccc3C)cc2)n1,1,Train
262620,O=c1cc(-c2ccc(O)cc2)oc2cc(O)cc(O)c12,0,Train
11586427,COc1ccc(-n2nc(S(C)(=O)=O)c3c2C(=O)N(c2ccc(C4(CN5CCOCC5)CC4)cc2)CC3)cc1.O=C(O)C(F)(F)F,1,Train
96479,C[C@]12CC[C@H](O)C[C@H]1CC[C@@H]1[C@@H]2C[C@@H](O)[C@]2(C)[C@@H](C3=CC(=O)OC3)CC[C@]12O,0,Train
24255001,O=C(O)C[C@@H](c1cnc2ccccc2c1)N1CC[C@H](CCCc2ccc3cccnc3n2)C1=O,0,Train
12821700,CCOC(=O)c1cc(C#N)c(N2CCC(C(=O)NS(=O)(=O)Cc3ccc(OC)cc3)CC2)nc1C,1,Train
30708963,CC(=O)N1CCC(c2cc(-c3cnc(-n4ncc5cc(C#N)cnc54)cc3NC(C)C)on2)CC1,1,Train
32378523,CN(C)[C@H]1CC[C@H](Nc2ncnn3ccc(C4CCOCC4)c23)CC1,1,Train
7496939,CC(=O)NC[C@H]1CN(c2ccc(N3CCOCC3)c(F)c2)C(=O)O1,1,Train
33611435,O=C(c1ccnc(Nc2cc3[nH]c(-c4cccc(C(F)(F)F)c4)nc3cn2)c1)N1CCN(CC(F)(F)F)CC1,0,Train
12503310,Fc1ccc(-n2ncc3c2CCCC3CCN2CCOCC2)cc1,1,Train
12470334,COc1ccc(NC(=O)c2ccc(Cn3ccnn3)c3ccccc23)c(C(=O)NCC2CCCCC2)n1,0,Train
28960228,O=C1CCCCN1c1ccc(CO[C@@H]2COc3nc([N+](=O)[O-])cn3C2)cc1,1,Train
30708874,CC(C)Nc1cc(-n2ncc3cc(C#N)cnc32)ncc1-c1cn(CC2CC2)nn1,1,Train
33607703,CN1C(=O)CCc2cc3cc(c21)OCCOC[C@H]1COCCN1c1ncc(Cl)c(n1)N3,1,Train
22316953,Cn1c2c(c3cc(S(=O)(=O)c4cccc(C(F)(F)F)c4)ccc31)C1CCC(C2)N1,1,Train
24518852,c1ccc(Cn2nnnc2C(c2ccc(CN3CCNCC3)cc2)N2CCCN(C3CCC3)CC2)cc1,0,Train
22775070,N#Cc1cccc(-c2cccc(-c3nn[nH]n3)c2)c1,0,Train
23592597,COc1cc(Nc2nc3n(n2)C(C)CC(=O)N3CC2CC(F)(F)C2)ccc1-n1cnc(C)c1,1,Train
9599013,COC(=O)c1c(O)cccc1OCCCCNC(=O)C(Cc1ccc(OCC(=O)O)c(O)c1)NC(C)=O,1,Train
2208089,CC(=O)Nc1ccc(O)cc1,1,Train
18877898,CCSc1ccc(C(=O)NC2(C(=O)N[C@H](Cc3ccccc3)C(=O)NCC3CCN(CC4CCOCC4)CC3)CCCC2)cc1.O=C(O)C(F)(F)F,0,Train
27516501,O=C(c1ccc(CO)cc1Cl)c1c[nH]c2ncc(-c3cnn(C4CCNCC4)c3)cc12,0,Train
4071005,CCCCCCCCCCCCCCCC(=O)OC(CC(=O)O)C[N+](C)(C)C.[Cl-],1,Train
12676327,COc1cc(C)c(S(=O)(=O)N(C)CCOCC(=O)N2CCN(C3CCN(C4CC4)CC3)CC2)c(C)c1.O=C(O)/C=C/C(=O)O,1,Train
3309247,Oc1ccc(-c2cccc(-c3ccc(O)cc3)c2)cc1,1,Train
23277881,COc1ccc2cc(-c3nc(CN4CCc5cc(OC)c(OC)cc5C4)co3)ccc2c1,0,Train
21216159,CN(Cc1ccc(F)cc1)C(=O)[C@@]1(c2ccc(Cl)c(Cl)c2)C[C@H]1CN1CCN(C(=O)CN2CCCC2)CC1,0,Train
27752185,Cc1c(N(C(=O)c2cc(-c3cc(Cl)ccc3C(=O)N3Cc4ccccc4C[C@H]3CN3CCOCC3)n(C)c2C)c2ccc(O)cc2)cc(C#N)n1C,0,Train
11119650,Cc1c(CN(CCc2ccc(Cl)cc2)C2CCN(C(=O)c3c(F)cccc3F)CC2)c(=O)n(-c2ccc(F)cc2)n1C,0,Train
10220183,COc1cccc(-n2c(=O)n(Cc3ccccc3OC(F)(F)F)c(=O)n(C[C@H](N)c3ccccc3)c2=O)c1F,0,Train
4342707,CN/C(=C\\[N+](=O)[O-])NCCSCc1ccc(CN(C)C)o1.Cl,0,Train
380936,O=C1OC(c2ccc(O)c(S(=O)(=O)O)c2)(c2ccc(O)c(S(=O)(=O)O)c2)c2c(Br)c(Br)c(Br)c(Br)c21,0,Train
33434972,C=CC(=O)N[C@H]1CCCN(c2ccc(C(N)=O)c(Nc3ccc(C(=O)N4CCOCC4)cc3)n2)C1,0,Train
29459133,CC(O)(COc1ccc(C(F)(F)F)cc1)C(=O)Nc1ccc(C#N)c(C(F)(F)F)c1,0,Train
20083388,Cc1cc(Nc2nc3c(-c4ccc(C(=O)N(C)C)cc4)cccn3n2)ccc1C(=O)NC1CC1,0,Train
18386192,CN(c1ccc2c(c1)S(=O)(=O)N=C(C1=C(O)C3CCCN3N(CCC(C)(C)C)C1=O)N2)S(C)(=O)=O,0,Train
4279514,CC(C)NCC(O)c1ccc(NS(C)(=O)=O)cc1.Cl,0,Train
31221097,Cc1c(-c2ccc(-n3cccc3)cc2)[nH]c2cc(F)cc(F)c2c1=O,1,Train
20447342,CC(CNC(=O)c1ccc2[nH]ccc2c1)c1cccc(C(=O)c2ccccc2)c1,0,Train
31016165,CS(=O)(=O)c1ccc(-c2cnc(NCc3ccco3)n3cnnc23)cc1,0,Train
33196413,O=C(COC(=O)Cc1ccccc1Nc1c(Cl)cccc1Cl)OC[C@H]1OC(O)[C@H](O)[C@@H](O)[C@H]1O,0,Train
33002217,Cc1ccc2c(NCc3ccc(C(=O)NO)cc3)ncnc2c1,0,Train
22623055,CCn1cc(C2(c3cccc(-c4cncc(C#N)c4)c3)N=C(N)c3c(F)cccc32)cc(C)c1=O,0,Train
27219157,CC[C@H]1C[C@@H](n2c(=O)nc(-c3cnn(C)c3)c3oc4c(OC)cc(-c5cnn(C)c5)cc4c32)CCO1,1,Train
28683780,COCCCOc1cc(C(=O)N(C[C@@H]2CNC[C@H]2NC(=O)CCc2ccccc2)C(C)C)ccc1OC,0,Train
32115625,O=C(NC[C@H]1[C@@H]2CN(C(=O)C3CC3c3cc(Cl)cc(Cl)c3)C[C@H]12)c1ccc2[nH]c(=O)oc2c1,1,Train
23434687,O=C(NCCC1CC1)c1ccc(N2CCN(C(=O)c3cccc(F)c3C(F)(F)F)CC2)nn1,1,Train
24402333,CCc1cc(Nc2nc(-c3ccc(-n4cnc(C)c4)c(F)c3)cs2)c(C)cc1C,1,Train
27104731,C[C@H](CO)NC(=O)N1C(=O)N(c2cccc(C(F)(F)F)c2)C2=C(C(=O)CC2)C1c1ccc(C#N)cc1,1,Train
10360978,CCOc1ccccc1C[C@H](c1ccccc1)N1CCNCC1,1,Train
11966426,CCOc1ccc(Cc2cc([C@@H]3O[C@H](CO)[C@@H](O)[C@H](O)[C@H]3O)ccc2Cl)cc1,1,Train
3622981,Cc1nccn1CC1CCc2c(c3ccccc3n2C)C1=O,1,Train
18776686,COc1ccc(Nc2nc3cc(C(N)=O)ccc3n2Cc2ccccc2C(F)(F)F)cc1,1,Train
24206154,CCN(CC)CCOc1ccc(Nc2ncc3cc(-c4cc(OC)cc(OC)c4)c(=O)n(CC)c3n2)cc1,1,Train
9142683,O=C1c2cc(Cl)ccc2-n2c1nc1cc(F)ccc1c2=O,1,Train
29510877,COCc1nn(Cc2cnc(N3CCCC3)nc2)cc1C(=O)NCc1c(C#N)ccc(OC)c1F,1,Train
29174266,CCOc1nc(NC(=O)C2(NC(=O)c3ccc4c(C5CCCC5)c(-c5cnccn5)n(C)c4c3)CCC2)ccc1/C=C/C(=O)O,1,Train
218226,CCC(=O)C1(c2cccc(O)c2)CCN(C)CC1,1,Train
27141281,CN1C(=O)N(c2ccnc(C(F)(F)F)c2)C2=C(C(=O)CCC2)C1c1ccc(C#N)cc1S(C)(=O)=O,1,Train
7299449,C[C@H](CSN=O)C(=O)N1CCC[C@H]1C(=O)O,1,Train
21379629,CC1=C(C#N)C(c2ccc3[nH]ncc3c2)C(C#N)=C(C(F)(F)F)N1,1,Train
29573248,CCN(C(=O)CO)[C@H]1CN(C(=NC#N)Nc2ccc(Cl)c(OC(F)F)c2)N=C1c1ccc(Cl)c(Cl)c1,0,Train
29090378,CN1C(=O)N(c2cccc(C(F)(F)F)c2)C2=C(C(=O)CC2)C1c1ccc(C#N)cc1-c1ccncn1,1,Train
18391164,Cc1c(F)cc(C(=O)NC2CC2)cc1-c1ccn2c(C(C)(C)C)nnc2c1,1,Train
32115621,O=C(NC[C@H]1[C@@H]2CN(C(=O)OCc3cc(Cl)cc(Cl)c3)C[C@H]12)c1ccc2[nH]c(=O)oc2c1,1,Train
27672800,C=C1CC/C=C(/C(=O)O)C[C@@H](O)[C@H]2[C@H]1CC2(C)C,0,Train
32601128,Cc1cccnc1C1CCCCN1Cc1cn2c(N3CCN(C)CC3)cccc2n1,1,Train
23557671,CC(C)(C)[C@H](CO)Nc1nc(SCc2ccccc2)nc2nc(N)sc12,0,Train
23629140,O=C(O)c1cc(Oc2ccccc2)ccc1NS(=O)(=O)c1ccc(Br)cc1F,0,Train
24145224,COCCc1ccc(OCC(O)CNC(C)C)cc1.O=C(O)C(O)C(O)C(=O)O,1,Train
11586303,COc1ccc(-n2nc(C(F)(F)F)c3c2C(=O)N(c2ccc(C4(C5=NCCN5C)CC4)cc2)CC3)cc1,0,Train
26980746,Cc1c(/C=N/NC(=O)c2ccc([N+](=O)[O-])cc2)no[n+]1[O-],1,Train
25257178,CN1C(=N)N[C@](C)(c2cc(NC(=O)c3ccc(Cl)cn3)ccc2F)CC1=O,0,Train
11625987,O=c1cc(-c2ccc(O)c(Br)c2)oc2ncccc12,0,Train
18462193,N=C(N)SCc1cc(F)ccc1Oc1ccc(F)cc1CSC(=N)N,0,Train
12646438,CCOC(=O)c1cc(C#N)c(N2CC(C(=O)NS(=O)(=O)c3ccc(Cl)s3)C2)nc1C,0,Train
10377225,CN(C(=O)COc1ccccc1)c1ccc(C(O)(C(F)(F)F)C(F)(F)F)cc1,1,Train
30303869,COc1ccc2oc(=O)c(C(=O)C(F)(F)F)c(Nc3ccc4c(c3)OCO4)c2c1,1,Train
27713809,COc1ccccc1N1CCN(C(=O)/C=C/c2noc(-c3cc(Cl)c(O)cc3O)c2-c2ccc(O)cc2)CC1,1,Train
7791936,CC(C)(C)NC(=O)[C@@H]1C[C@@H]2CCCC[C@@H]2CN1C[C@@H](O)[C@H](Cc1ccccc1)NC(=O)[C@H](CC(N)=O)NC(=O)c1ccc2ccccc2n1.CS(=O)(=O)O,0,Train
20243750,CC(C)[C@H]1NC(=O)[C@@H](Cc2cccc(F)c2)N[C@@H](C)COc2ccccc2CCCNC(=O)[C@H](CC2CC2)NC1=O,1,Train
26879345,O=C(COC1CCC(Nc2ccc([N+](=O)[O-])c(C(F)(F)F)c2)CC1)N1CCN(Cc2ccc3c(C(F)(F)F)cccc3n2)CC1,0,Train
8169391,CC(C)n1c(/C=C/[C@H](O)C[C@H](O)CC(=O)O)c(-c2ccc(F)cc2)c2ccccc21,1,Train
10734095,Cc1nn(-c2ccc3onc(N)c3c2)c2c(=O)n(-c3ccc(-c4ccccc4CN(C)C)cc3)cnc12,1,Train
24563971,O=C(/C=C/c1ccc(O[C@@H]2O[C@H](C(=O)O)[C@@H](O)[C@H](O)[C@H]2O)cc1)c1ccc(O)cc1O,0,Train
21689642,CCOP(=O)(CC(Cc1ccccc1)N=C=S)OCC,0,Train
10454733,NC(=O)c1nc(-c2ccc(C(F)(F)F)cc2)oc1N,1,Train
26467353,Cc1nc(CN2c3nc(N4CCOC[C@H]4C)c(F)c(=O)n3CC[C@H]2C(F)(F)F)no1,0,Train
25663436,COC(=O)N[C@@H](C(=O)NN(CCC[C@@]1(Cc2ccccc2)C(=O)N(C2c3ccccc3C[C@H]2O)C[C@H]1O)Cc1ccc(-c2cccnc2)cc1)C(C)(C)C,0,Train
27681971,COc1ccc(C(=O)NCc2ccccc2-c2ccccc2/C=C/c2ccc(O)cc2)cn1,1,Train
22670264,O=c1cc(N2CCOCC2)nc(Cc2nc3cc(F)ccc3n2C2CC2)[nH]1,0,Train
26662085,O=C(O)c1sc(N2CCOCC2)nc1CC(=O)N1CCc2cc(F)ccc21,0,Train
12821366,CCOC(=O)c1cc(C#N)c(N2CC(C(=O)NS(=O)(=O)CCc3ccccc3)C2)nc1C,0,Train
22830629,C[C@H]1CN([C@H](C)CO)C(=O)c2cccc(NC(=O)c3ccncc3)c2O[C@@H]1CN(C)Cc1ccc(Oc2ccccc2)cc1,1,Train
84272,O=C1O[C@H]([C@@H](O)CO)C(O)=C1O,0,Train
23137680,CN1CCC(c2cn(-c3ccc(F)cc3)c3ccc(-c4cncnc4)cc23)CC1,1,Train
5761284,C=C[C@H]1CN2CCC1C[C@H]2[C@H](O)c1ccnc2ccc(OC)cc12,0,Train
11625975,O=c1cc(-c2ccc(O)cc2)oc2ncccc12,0,Train
24426890,CNCCCC[C@@H](NC(=O)[C@@H](CC(C)C)NC(=O)[C@@H](Cc1ccccc1)NC(=O)[C@H](N)Cc1ccccc1)C(=O)N1CCC(N)(C(=O)O)CC1,0,Train
27060717,CN1C(=O)N(c2cccc(C(F)F)c2)C2=C(C(=O)CC2)[C@H]1c1ccc(C#N)cc1,1,Train
30169725,CCCOC(=O)N1CCN(c2ccnc(O[C@H]3CC[C@H](Nc4ccc([N+](=O)[O-])c(C(F)(F)F)c4)CC3)c2)CC1,0,Train
18942446,CN(C(=O)c1ccc2c(c1)c1c(n2C)CC[C@@H](C2CCOCC2)C1)[C@H](CO)CCC(=O)NCCF,0,Train
27219125,CC[C@H]1C[C@@H](n2c(=O)nc(-c3cnn(C)c3)c3oc4ccc(-c5ccn(C)n5)nc4c32)CCO1,1,Train
27238768,Cc1ccc2ncnc(NCCCCCCC(=O)NO)c2c1,0,Train
21474994,Cn1cc(-c2cnc3ccc(NC(=O)NCCc4ccccc4)nc3c2)cn1,1,Train
26025146,CNC(=O)c1cc(Oc2ccc3oc(Nc4ccc(CCN5CCNCC5)cc4)nc3c2)ccn1,1,Train
30468801,CN1C(=N)N[C@](C)(c2cc(NC(=O)c3ccc(C(F)(F)F)cn3)ccc2F)CS1(=O)=O.O=C(O)C(F)(F)F,0,Train
19799959,CC(=O)N1CCN(C(=O)c2ccc(OC3CC(N4CCCCC4)C3)cc2)CC1,0,Train
24940673,Cc1cc(C)c(N2C[C@@H](NC(=O)c3ccc(OCc4cc(C)nc5ccccc45)cc3)[C@@H](C(=O)NO)C2)c(C)c1,0,Train
27130980,CC(=O)N1C[C@H](CO)C[C@@H]2c3cccc4c3c(cn4CCN3CCC[C@H]3C)C[C@H]21,1,Train
10602586,CC1CCN(C(=O)C(Cc2cccc(N)c2)NS(=O)(=O)c2ccc3ccccc3c2)CC1,1,Train
8150797,CC(C)NCC(O)COc1cccc2ccccc12,1,Train
23434671,O=C(NCc1nccs1)c1ccc(N2CCN(C(=O)c3ccccc3C(F)(F)F)CC2)nn1,1,Train
26442993,O=C(N[C@@H]1C=C[C@@]2(O)[C@H]3Cc4ccc(O)c5c4C2(CCN3CC2CC2)[C@H]1O5)c1ccncc1,0,Train
6635050,COc1cccc([C@]2(O)CCCC[C@H]2CN(C)C)c1,1,Train
10745642,CN(C)Cc1ccccc1-c1ccc(N2CCc3c(C(F)(F)F)nn(-c4ccc5onc(N)c5c4)c3C2=O)c(F)c1,0,Train
828776,CN1c2ccc(Cl)cc2C(c2ccccc2)=NC[14C]1=O,1,Train
12411620,CN(c1ncccc1CNc1nc(Nc2ccc3c(c2)CC(=O)N3)ncc1C(F)(F)F)S(C)(=O)=O,1,Train
32162892,NC(=O)c1cc(F)cc2[nH]c(-c3cc4c(s3)CNCC4)nc12,0,Train
26749086,CN(c1ccc(Cl)cc1)S(=O)(=O)c1cccc(C(=O)Nc2ccc(Cl)nn2)c1,1,Train
31187855,Cl.c1cc(CC2CCCNC2)c2c(c1)OCO2,1,Train
18942425,CCNC(=O)CC[C@@H](CO)N(C)C(=O)c1ccc2c(c1)c1c(n2C)CC[C@@H](C2CCOCC2)C1,0,Train
28509341,COCCN1C(=O)CNc2ncc(-c3ccc(-c4nc[nH]n4)nc3C)nc21,0,Train
25999076,COc1ccc([C@H]2Oc3c(OC)c(Cl)c4cc(Cl)c(=O)oc4c3O[C@@H]2CO)c(Cl)c1OC,1,Train
24014938,CC(C)c1n[nH]c2cc(O)c(-c3nnc(C(=O)NCCN4CCOCC4)n3-c3ccc(N4CCOCC4)cc3)cc12,0,Train
7661234,CO/N=C(\\N)c1ccc(-c2ccc(-c3ccc(/C(N)=N/OC)cc3)o2)cc1,1,Train
24190082,CN1C(=N)N[C@](C)(c2cc(NC(=O)c3ccc(F)cn3)ccc2F)CS1(=O)=O,1,Train
10217055,COc1cccc(-n2c(=O)n(Cc3c(F)cccc3Br)c(=O)n(C[C@H](N)c3ccccc3)c2=O)c1F,1,Train
23261300,COc1cc(Sc2c(-n3ccnc3)[nH]c3ccccc23)cc(OC)c1OC,0,Train
30596882,CC(C)(O)[C@H](F)CNC(=O)c1cnc(-c2cnn3cc(C#N)cnc23)cc1NC1CCC1,0,Train
32612459,Cc1cccnc1[C@@H]1CCC[C@H](c2nc3ccccc3n2CCn2cccn2)N1C,1,Train
24571006,CC1(C)NC(=O)c2cc(S(=O)(=O)Nc3ccc(F)cc3F)cc(C#N)c2NC1=O,0,Train
20611459,O=C(NC1(C(=O)N[C@@H](CCCN2CCN(CC3CCOCC3)CC2)Cc2ccccc2)CCCC1)c1cc2ccccc2s1.O=C(O)C(F)(F)F,1,Train
22142968,Cc1cn2nc([C@@H]3CCCCN3C(=O)c3cc(Cl)ccc3NS(C)(=O)=O)cc2nc1N1CCC1,1,Train
10494068,CCCCOc1ncc(C(C)=O)cc1-c1nc2c(CC)n(Cc3nccn3C)nc2c(=O)[nH]1,0,Train
8745083,CNC(=O)[C@@H](NC(=O)[C@H](OCc1ccccc1)[C@H](O)[C@@H](O)[C@@H](OCc1ccccc1)C(=O)N[C@H]1c2ccccc2C[C@H]1O)C(C)C,0,Train
24434316,CC(C)(N)C(=O)N1CCn2c(nc(-c3ccc(F)cc3)c2Nc2ccc(F)cc2)C1.Cl,0,Train
26881408,Cc1c(NC(=O)c2ccc(C(C)(C)C)cc2)cccc1-c1nc(Nc2ccc(C(=O)N3CCOCC3)cc2)c2nc[nH]c2n1,0,Train
24650185,Cc1ccc(S(=O)(=O)Nc2ccc(Oc3ccccc3C(F)(F)F)cc2C(=O)O)cc1,0,Train
9286707,C[C@H](C(=O)NO)N1CC[C@@](C)(c2ccc(OCc3ccccc3)cc2)C1=O,1,Train
22751738,Br.N=C(N)SCc1c(Br)ccc2c1sc1c(CSC(=N)N)c(Br)ccc12,0,Train
23013126,Cn1c(C(=O)O)cc2cc(NC(=O)C(C)(C)NC(=O)c3ccc4c(C5CCCC5)c(-c5cccc6cccnc56)n(C)c4c3)ccc21,0,Train
30597079,CCc1n[nH]cc1Nc1cc(-c2cnc3cc(C#N)cnn23)ncc1C(=O)NC[C@@H](F)C(C)(C)O,0,Train
32612575,Cc1cccnc1[C@@H]1CCC[C@H](c2nccn2CCn2cccn2)N1,1,Train
266165,COc1ccc(-c2cc(=O)c3ccc(OC)cc3o2)cc1,1,Train
25083809,COc1ccc(N2N=C(C(N)=O)C3CCN(c4ccc(C5(CN6CCOCC6)CC5)cc4)C(=O)C32)cc1.O=C(O)C(F)(F)F,0,Train
23027622,CC1(c2cccc(-c3cccnc3)c2)N=C(N)C(c2ccccc2)=N1,1,Train
23467579,Cc1cccc(NCc2ccc(O)c3ncccc23)c1C,0,Train
9236610,CCOc1ccc(S(=O)(=O)N2CCN(C)CC2)cc1-c1nc2c([nH]1)c(=O)n(C)c(=O)n2CC(C)CC,1,Train
20083443,C[C@H]1COCCN1Cc1ccc(-c2cccn3nc(Nc4ccc(C(=O)NC5CC5)cc4)nc23)cc1,1,Train
21859085,CN(Cc1ccc(-c2ccc(N3CCOc4ncnc(N)c4C3=O)cc2)c(Cl)c1)C(=O)CCN,0,Train
32614123,Cc1cccnc1[C@@H]1CCC[C@H](c2nc3cccc(N4CCN(C5CC5)CC4)n3c2Br)N1C,0,Train
25079890,O=C(N[C@H]1CCCC[C@@H]1NC(=O)c1ccccc1)C(=O)c1c[nH]c2cccc(F)c12,0,Train
23978085,O=C(Cc1nc(N2CCOCC2)cc(=O)[nH]1)N1CCc2c(-c3ccccc3)cccc21,0,Train
19367213,Cc1nc(C)c(-c2ccc([C@H]3CC[C@H](CC(=O)NS(C)(=O)=O)CC3)cc2)nc1C(N)=O,0,Train
23012933,CN(C)c1nc(-c2c(C3CCCC3)c3ccc(C(=O)NC(C)(C)C(=O)Nc4ccc(C=CC(=O)O)cc4)cc3n2C)cs1,0,Train
14137270,CC(=O)N[C@@H](CCN1[C@H]2CC[C@@H]1C[C@H](n1c(C)nc3ccccc31)C2)c1ccccc1,1,Train
32098825,O=C(CN1CCCCC1)Nc1ccc2oc(C3=CCCO3)nc2c1,1,Train
27516518,CN1CCC(n2cc(-c3cnc4[nH]cc(C(=O)c5ccc(CO)cc5Cl)c4c3)cn2)CC1,0,Train
23170173,Cc1nc(C)c(-c2ccc(C3CCC(CC(=O)NS(C)(=O)=O)CC3)cc2)nc1C(N)=O,0,Train
32180002,N#Cc1cc(NS(=O)(=O)c2ccc(C(=O)O)cc2)ccc1Oc1ccc(Cl)c(C(F)(F)F)c1,0,Train
27238769,O=C(CCCCCCNc1ncnc2ccc(Cl)cc12)NO,0,Train
24290761,CCOC(=O)C(Nc1ccc(CNC(=O)C2SCCN2C(=O)CC(N)Cc2cc(F)c(F)cc2F)cc1)C(C)C,0,Train
7680098,CC(C)c1nc(CN(C)C(=O)N[C@H](C(=O)N[C@@H](Cc2ccccc2)C[C@H](O)[C@H](Cc2ccccc2)NC(=O)OCc2cncs2)C(C)C)cs1,0,Train
24368061,COCCOCCOCCOCCOCCOC(=O)N[C@H](C(=O)N[C@@H](Cc1ccccc1)[C@@H](O)CN(Cc1ccc(-c2ccccn2)cc1)NC(=O)[C@@H](NC(=O)OC)C(C)(C)C)C(C)(C)C,0,Train
5862029,CCCCN1C[C@H](O)[C@@H](O)[C@H](O)[C@H]1CO,0,Train
29591141,CCOC(=O)c1c(NC(=O)c2c(F)c(F)c(F)c(F)c2F)sc2c1CCN(CC)C2,0,Train
29573239,CCN(C(=O)CO)[C@H]1CN(C(=NC#N)Nc2cccc(OC(F)F)c2)N=C1c1ccc(Cl)c(C)c1,0,Train
1117585,COCCc1ccc(OCC(O)CNC(C)C)cc1,1,Train
26685948,NC(=O)[C@H](Cc1ccccc1)NC(=O)[C@H](Cc1c[nH]c2ccccc12)NC(=O)[C@@H]1CCCN1C(=O)[C@H](Cc1ccc(O)cc1)NC(=O)CCC(=O)N[C@@H]1O[C@H](CO)[C@@H](O[C@@H]2O[C@H](CO)[C@H](O)[C@H](O)[C@H]2O)[C@H](O)[C@H]1O,1,Train
20110833,COc1ccc(CNC(=O)c2cc(-c3nnn(Cc4ccc(C(=O)O)cc4)n3)cc(C)n2)cc1,0,Train
32612678,CN(C)C1CCN(c2cccc3nc([C@H]4CCC[C@@H](c5ncccc5Cl)N4C)[nH]c23)CC1,1,Train
1121282,CC(=O)Nc1ccc(OCC(O)CNC(C)C)cc1,0,Train
27682024,COc1ccc(CC(=O)Nc2ccccc2-c2ccccc2/C=C/c2ccc(O)cc2)cc1,0,Train
12375034,COc1cnn(C)c(=O)c1-c1ccc(C[C@H](NC(=O)c2c(Cl)cccc2Cl)c2nnn[nH]2)cc1,0,Train
22108224,Cc1cc(CN(C)C)ccc1OC1CN(C(=O)c2nnc(-c3ccccc3)o2)C1,1,Train
32571738,CCNC(=O)c1cc2c(N3CCOCC3c3ccccc3)ccnc2[nH]1,1,Train
18419907,CNCCCC[C@@H](NC(=O)[C@@H](CC(C)C)NC(=O)[C@@H](Cc1ccccc1)NC(=O)[C@H](N)Cc1ccccc1)C(=O)N1CCC(N2CCC[C@H]2C(=O)O)CC1,0,Train
24467300,N#C[C@@H]1CCCN1C(=O)[C@@H](N)Cc1ccc(-c2ccc(F)cc2F)cc1,0,Train
29090380,CN1C(=O)N(c2cccc(C(F)(F)F)c2)C2=C(C(=O)CC2)[C@H]1c1ccc(C#N)cc1CNC(C)(C)C,1,Train
386135,S=C=NCc1ccccc1,0,Train
13030518,CCOP(=O)(OCC)C(Cc1ccc(F)c(F)c1)c1sc2ccccc2c1C,0,Train
30708961,CC(C)Nc1cc(-n2ncc3cc(C#N)cnc32)ncc1-c1cc([C@H]2COCCN2)no1,1,Train
29254158,CNC(=O)c1cc(C#N)ccc1[C@@H]1C(C(C)=O)=C(C)N(c2cccc(C(F)(F)F)c2)C(=O)N1C,1,Train
27682085,O=C(Cc1ccc(C(F)(F)F)cc1)NCc1ccccc1-c1ccccc1/C=C/c1ccc(O)cc1,0,Train
18564999,CNCCN[C@H](c1cccc(F)c1N1CCN(C(=O)[C@H](C)Cc2ccc(Cl)cc2)CC1)C(C)C,0,Train
12911670,Cc1ccc(N2c3cccc(C(=O)Nc4cc(F)c(OC(C)(C)C)c(F)c4)c3OC[C@@H]2CO)nc1,0,Train
19171257,COc1ccn(-c2nc(C)c(C(=O)NCc3ccccc3)s2)c(=O)c1,1,Train
24484909,NC(=O)N1CCc2nc(-c3ccc(O[C@H]4C[C@H](N5CCCCC5)C4)cc3)sc2C1,0,Train
26883076,O=C(Cc1ccc(-c2ccc(OC(F)(F)F)cc2)cc1)NCc1ccco1,1,Train
7779439,[3H]C1C2=CC(=O)C([3H])C([3H])[C@]2(C)[C@H]2[C@@H](O)C[C@]3(C)[C@@H](C(=O)CO)CC[C@H]3[C@@H]2C1[3H],1,Train
5845519,CN1CCN(C2=Nc3ccccc3Oc3ccc(Cl)cc32)CC1.O=C(O)CCC(=O)O,0,Train
25604963,CC(C)CCOC(Cc1ccccc1)OC(=O)NCC1(CC(=O)O)CCCCC1,1,Train
29657579,CC(=O)N1CCN(c2cccc(-c3cc(-c4cnn(C5CC5)c4)c4c(N)ncnn34)c2)C(=O)C1(C)C,0,Train
3647705,Oc1cc(O)c2c(c1)O[C@H](c1ccc(O)c(O)c1)[C@H](O)[C@H]2c1c(O)cc(O)c2c1O[C@H](c1ccc(O)c(O)c1)[C@H](O)[C@H]2c1c(O)cc(O)c2c1O[C@H](c1ccc(O)c(O)c1)[C@H](O)C2,0,Train
4732117,CCCCC/C=C\\C/C=C\\C=C\\C=C\\[C@@H](SC[C@H](NC(=O)CC[C@H](N)C(=O)O)C(=O)NCC(=O)O)[C@@H](O)CCCC(=O)O,0,Train
28803336,COC(=O)/C=C/c1cncc(N(Cc2ccc(-c3ccc(N(C)C)cc3)cc2Cl)C(=O)c2ccccc2)c1,0,Train
32612654,CN1CCN(c2cccc3nc([C@H]4CCC[C@@H](c5nccc6c5OCCO6)N4C)[nH]c23)CC1,1,Train
27219182,CC[C@H]1C[C@@H](n2c(=O)nc(-c3ccc(OC)cn3)c3oc4ccc(-c5cn(C)cn5)nc4c32)CCO1,1,Train
31967204,CN(C)[C@H]1CCC=C(c2ccc(F)cc2)[C@@H]1COc1cc(F)c(S(=O)(=O)Nc2cscn2)cc1Cl.Cl,1,Train
24395274,COc1ccc2c(O[C@@H]3C[C@H]4C(=O)N[C@]5(C(=O)NS(=O)(=O)C6CC6)C[C@H]5/C=C\\CCCCN(C)C(=O)[C@@H]4C3)nc(-c3ccc(F)cc3)nc2c1C,0,Train
22419638,Cc1ccncc1-c1cccc2c1ncn2CC(F)(F)F,1,Train
24365580,CC1OC(OC2C(O)CC(OC3C(O)CC(OC4CCC5(C)C(CCC6C5CC(O)C5(C)C(C7COC(=O)C7)CCC65O)C4)OC3C)OC2C)CC(O)C1O,1,Train
18459290,COc1ccc2c(O[C@@H]3C[C@H]4C(=O)N[C@]5(C(=O)NS(=O)(=O)C6CC6)C[C@H]5C=CCCCCN(C)C(=O)[C@@H]4C3)cc(-c3nc(C(C)C)cs3)nc2c1C,0,Train
32450324,CN1CC[C@H](c2c(O)cc(O)c3c(=O)cc(/C=C/c4c(Cl)cccc4Cl)oc23)[C@H](O)C1,0,Train
12093662,O=C(c1ccc(F)cc1OC[C@@H](O)CN1CCC2(CC1)Cc1ccccc1O2)N1CC[C@H](O)C1,0,Train
10201614,N#C[C@@H]1C[C@@H]2C[C@@H]2N1C(=O)[C@@H](N)C12CC3CC(CC(O)(C3)C1)C2,0,Train
21263305,CO[C@@H]1COCC[C@@H]1N[C@@H]1CC[C@@](C(=O)N2CCN(c3cc(C(F)(F)F)ccn3)CC2)(C(C)C)C1,0,Train
13830282,COc1cc2nc(N3CCCN(C(=O)N4CCOCC4)CC3)cc(N)c2c(-c2ccc(F)cc2)c1OC,1,Train
24250176,Cc1nn(-c2cccc(NC(=O)[C@@H]3C[C@H]3c3ccccc3)c2)c(C)c1CC(=O)O,0,Train
19872349,OC[C@@H](O)[C@@H](O)[C@H](O)c1c[nH]c(-c2cscn2)n1,0,Train
24141491,C[N+]1(C)[C@H]2CC(OC(=O)[C@H](CO)c3ccccc3)C[C@H]1[C@H]1O[C@@H]21,0,Train
14451703,CCC1OCC(=O)[C@H]1NC(=O)[C@H](CC(C)(C)C)NC(=O)N1CCOCC1,0,Train
10047313,CNc1nc2ccc(S(=O)(=O)N(CC(C)C)C[C@@H](O)[C@H](Cc3ccccc3)NC(=O)O[C@H]3CO[C@H]4OCC[C@@H]34)cc2s1,1,Train
5790437,CN(C)C(=N)N=C(N)N,0,Train
24951296,NC[C@@H]1C[C@@]1(C(=O)C1NCc2ccccc21)c1cccs1,0,Train
32612701,Cc1cccnc1[C@@H]1CCC[C@H](c2nc3c(N4CCN(C)CC4)cccc3n2C)N1,1,Train
19895444,C[C@@H](Oc1cc[n+]([O-])c2ccccc12)c1cn(-c2ccc(Cl)cc2)nn1,1,Train
22751729,Br.N=C(N)SCc1cc(F)ccc1Oc1ccc(F)cc1CSC(=N)N,0,Train
26898653,O=c1cc(C2CCNCC2)[nH]o1,0,Train
22645368,O=c1cc(N2CCOCC2)nc(Cc2nc3cc(F)ccc3[nH]2)[nH]1,0,Train
24828853,CCC(=O)N1CCc2c(nc(C)n2C2CC3CCC(C2)N3CC[C@H](NC(C)=O)c2cccc(F)c2)C1,1,Train
32858015,C[C@@]12CCC[C@H]1[C@@H]1CC=C3C[C@@H](OC(=O)CC(=O)O)CC[C@]3(C)[C@H]1CC2,1,Train
23726785,COC(=O)N(C)CC(O)CN1CCC(CNC(=O)c2cccc3[nH]c(C(C)C)nc23)CC1,0,Train
12495745,C=C[C@@H]1C[C@]1(NC(=O)[C@@H]1C[C@@H](Oc2cc(OCC)nc3c(Br)c(OC)ccc23)CN1C(=O)[C@@H](CC(=O)NC(C)(C)C)C(C)(C)C)C(=O)NS(=O)(=O)C1CC1,0,Train
15468079,CCCSc1nc(N[C@@H]2C[C@H]2c2ccc(F)c(F)c2)c2nnn([C@@H]3C[C@H](OCCO)[C@@H](O)[C@H]3O)c2n1,0,Train
2065301,C[C@]12CC(=O)[C@H]3[C@@H](CCC4=CC(=O)C=C[C@@]43C)[C@@H]1CC[C@]2(O)C(=O)CO,1,Train
20608196,O=C(CCN1CCN(C(=O)OCc2cc(Cl)cc(Cl)c2)CC1)c1ccc2[nH]c(=O)oc2c1,1,Train
20430788,CC(C)N(C)C1CCC(N2C(=O)C[C@H](NC(=O)c3cccc(C(F)(F)F)c3)C2=O)C(CS(=O)(=O)c2ccccc2)C1,0,Train
29232364,O=c1[nH]cnc2c(-n3cc(CCN4CCC(c5ccc(F)cc5)CC4)cn3)nccc12,1,Train
24190093,Cc1ccc(C(=O)Nc2ccc(F)c([C@]3(C)CS(=O)(=O)N(C)C(=N)N3)c2)nc1,1,Train
32601142,CN1CCN(c2c(CN3CCCC3c3ccccn3)nc3ccccn23)CC12CC2,1,Train
11586367,CNCC1(c2ccc(N3CCc4c(C#N)nn(-c5ccc(OC)cc5)c4C3=O)cc2)CC1.O=C(O)C(F)(F)F,0,Train
30596884,CC[C@@H](C)Nc1cc(-c2cnn3cc(C#N)cnc23)ncc1C(=O)NC[C@@H](F)C(C)(C)O,0,Train
3568352,O=C(O)c1cn(C2CC2)c2cc(N3CCNCC3)c(F)cc2c1=O,0,Train
27822261,CC1(C)CCn2c(nc(N3CCOCC3)cc2=O)N1C[C@@H](O)c1ccccc1,1,Train
11625982,O=c1cc(-c2ccc(O)c(Cl)c2)oc2ncccc12,0,Train
23745676,CNc1ccc(-c2nc(=O)n(CCC3CCCO3)c3c2oc2ncc(-c4cnn(CC5CC5)c4)cc23)cn1,0,Train
12702604,COc1cc(-c2nc3ccc(-c4cccc(CN(C)C)c4)cc3c(=O)n2CC(=O)NC(C)C)ccc1F,0,Train
26168597,CN1C(=O)CC(N2CCN(CCCN3c4ccccc4Sc4ccc(CC(=O)O)cc43)CC2)N(C)C1=O,1,Train
26334082,COc1cc(Cl)ccc1C[C@@H](C)C(=O)N1CCN(c2ccc(Cl)cc2[C@@H](NC(=O)C(C)N)C(C)C)CC1,0,Train
32081733,Nc1cc(-c2ccco2)c2oc(-c3ccco3)nc2c1,1,Train
24568714,COc1cc(N2CCN(C)CC2)ccc1-c1nc2c(N[C@H]3[C@@H](C(N)=O)[C@@H]4C=C[C@H]3C4)c(Cl)cnc2[nH]1,0,Train
30708672,CC(C)Nc1cc(-n2ncc3cc(C#N)cnc32)ncc1-c1cn([C@H]2CCNC[C@H]2O)nn1,0,Train
5447015,NC(=O)[C@H](CCc1ccccc1)NC(=O)[C@@H](N)Cc1ccccc1,0,Train
28803307,[2H]C(c1ccc(-c2ccc(N(C)C)cc2)cc1Cl)N(C(=O)[C@@H]1C[C@@H]2CC[C@H]1C2)c1cccc(/C=C/C(=O)OC)c1,0,Train
32186331,COCc1nn(Cc2ccc(Cn3ccccc3=O)cc2)cc1C(=O)NCc1c(C(N)=O)ccc(OC)c1F,0,Train
27187068,Cc1ccc(NC(=O)c2cccc(C(F)(F)F)c2)cc1-c1cc(N2CCOCC2)ncn1,1,Train
32297680,CC(C)(C)[C@H](c1cc(-c2cc(F)ccc2F)cn1Cc1ccccc1)N(CCCN)C(=O)CSC[C@H](NC(=O)CCOCCOCCOCCOCCNC(=O)CNC(=O)C[C@@H](SC[C@H](N)C(=O)O)C(=O)O)C(=O)O.O=C(O)C(F)(F)F,0,Train
24484918,O=C(c1ccc(O[C@H]2C[C@H](N3CCCCC3)C2)cc1)N1CCS(=O)(=O)CC1,0,Train
14473705,CC(C)(C)NC(=O)[C@@H]1CC2CCCCC2CN1C[C@@H](O)[C@H](Cc1ccccc1)NC(=O)[C@H](CC(N)=O)NC(=O)c1ccc2ccccc2n1.CS(=O)(=O)O,0,Train
9594135,COc1ccc(-n2nc(C(F)(F)F)cc2C(=O)Nc2ccc(-c3ccccc3S(N)(=O)=O)cn2)cc1,0,Train
13699707,Cc1c(C)c(S(=O)(=O)NCC(=O)NC(Cc2ccc3c(N)nccc3c2)C(=O)N2CCCCC2)c(C)c2c1OC(C)(C)CC2.Cl,0,Train
22516478,Cc1cc(CC(OC(=O)N2CCC(c3cc4ccccc4[nH]c3=O)CC2)c2cc(CN3CCCCC3)ccn2)cc2cn[nH]c12,0,Train
9303858,NCCCC[C@H](NC(=O)CN(C(=O)[C@H](N)CC1CCCCC1)C1CC1)C(=O)c1nccs1,0,Train
12646780,CCOC(=O)c1cc(C#N)c(N2CCN(C(=O)NS(=O)(=O)c3ccc(Cl)s3)C(CCC(=O)O)C2)nc1C(F)(F)F,0,Train
19432413,c1ccc(Cn2nnnc2C(c2ccc(-n3cncn3)cc2)N2CCCN(C3CCC3)CC2)cc1,1,Train
23477651,CN1CCN(Cc2ccc(Oc3ccc(Cl)cc3O)cc2)CC1,1,Train
30708990,CCCn1cc(-c2cnc(-n3ncc4cc(C#N)cnc43)cc2NC(C)C)nn1.O=C(O)C(F)(F)F,1,Train
18300009,CC(C)[C@H](C[C@H](O)[C@H](COCc1ccccc1)NC(=O)c1cc(C(=O)N[C@H](C)c2ccccc2)cc(N(C)S(C)(=O)=O)c1)C(=O)N[C@H](C(=O)NCc1ccccc1)C(C)C,0,Train
30487072,COc1ccc(-c2nnc(C(=O)N3CCC(Oc4ccc(CN5CCC(O)C5)cc4)CC3)o2)cc1,1,Train
26662073,CC1Cc2c(Cl)cccc2N1C(=O)Cc1nc(N2CCOCC2)sc1C(N)=O,1,Train
32115626,O=C(NC[C@H]1[C@@H]2CN(C(=O)NCc3cc(Cl)cc(Cl)c3)C[C@H]12)c1ccc2[nH]c(=O)oc2c1,0,Train
11586333,COc1ccc(-n2nc(C(N)=O)c3c2C(=O)N(c2ccc(C4(CCN5CCOCC5)CC4)cc2)CC3)cc1,0,Train
22434968,Cc1ncc(-c2nc(Nc3cc(F)c(CNCCO)cc3F)ncc2F)n1C1CCOCC1,0,Train
8181093,CC(O)CO.N[C@@H](C(=O)N[C@@H]1C(=O)N2C(C(=O)O)=C(CSc3cnn[nH]3)CS[C@H]12)c1ccc(O)cc1,0,Train
12139850,COc1ccc(N2CCN(c3nc(-c4ccncn4)cc(=O)n3C)[C@H](C)C2)cc1,1,Train
22373380,COc1cccc(-c2cccc([C@]3(c4ccncc4)N=C(N)N4CC(F)(F)CN=C43)c2)c1F,0,Train
32210097,CN1C(=O)C[C@H]2CN([C@H]3CC[C@H](Nc4ncnc5[nH]cc(C6CCOCC6)c45)CC3)CC[C@H]21,0,Train
19171274,Cc1nc(-n2ccc(-c3ccccc3)cc2=O)sc1C(=O)NCc1ccccc1,0,Train
34611,NS(=O)(=O)c1cc2c(cc1Cl)N=CNS2(=O)=O,0,Train
22924512,CCN(C(C)C)[C@H]1CC[C@@H](N2CCC(c3nc4cccc(C(F)(F)F)c4[nH]3)C2=O)[C@@H](CS(=O)(=O)c2ccccc2)C1,0,Train
12780588,COc1cccc(C(=O)Nc2ccc3c(c2)CCN(c2nc(-c4ccccc4)cs2)C3)c1-c1ccc(C(F)(F)F)cc1,0,Train
23477695,Oc1cc(Cl)ccc1Oc1ccc2ncccc2c1,1,Train
19367087,NC(=O)c1cncc(-c2ccc([C@H]3CC[C@H](CC(=O)O)CC3)cc2)n1,1,Train
11102949,O=C(NC1CCN(C(=O)CCc2cccnc2)CC1)C(c1ccc(Cl)cc1)C1CCCCC1,1,Train
24193224,Cc1ccccc1C#Cc1ccc(CCC(=O)O)cc1.[NaH],1,Train
24279603,COc1ccc2cc([C@H](C)C(=O)O)ccc2c1.[NaH],1,Train
26903749,COc1cc(F)ccc1-c1cc(Nc2cc(CS(C)(=N)=O)ccn2)ncc1F,1,Train
33703120,COCc1ccc(-c2ccc3nnc(C(N)=O)c(N[C@@H](C)c4nn(C)cc4C)c3c2)cn1,1,Train
12093531,CNC(=O)c1ccc(O)cc1OC[C@@H](O)CN1CCC2(CC1)Cc1cc(Cl)ccc1O2,1,Train
30596842,CC(C)Nc1cc(-c2cnn3cc(Cl)cnc23)ncc1C(=O)NC1CCC(NC(=O)[C@H](C)O)CC1,0,Train
19650497,CCCS(=O)(=O)Nc1ccc(F)c(C(=O)Nc2cnc3[nH]c(-c4ccc(C(F)(F)F)cc4)nc3c2)c1F,0,Train
21907954,COc1cc(N2CCN(C[C@H](C)O)CC2)ccc1Nc1ncc2ccc(-c3ccccc3N(C)S(C)(=O)=O)n2n1,1,Train
8453617,COc1ccc2ccc(S(=O)(=O)N[C@H]3CCN(Cc4ccc5ccnc(N)c5c4)C3=O)cc2c1,1,Train
12374999,CC(N)C1CCN(S(=O)(=O)c2cccc3cnccc23)CC1.Cl,1,Train
12500529,Cc1ccnc(C)c1C(=O)N1CC2CN(CC[C@H](NC(=O)C3CCCC3)c3ccccc3)CC2C1,0,Train
20430782,CC(C)N(C)[C@@H]1CC[C@H](N2CC[C@H](NC(=O)c3cc(F)cc(C(F)(F)F)c3)C2=O)[C@H](CS(=O)(=O)c2ccccc2)C1,0,Train
21475006,Cn1cc(-c2cnc3c(NC(=O)NCCCCc4ccccc4)ccnc3c2)cn1,1,Train
31257586,CN1CCC(c2c[nH]c3ccc(Nc4ccc5c(C6CCN(C)CC6)c[nH]c5n4)cc23)CC1,0,Train
26769173,COc1ccc(NC(=O)Nc2ccc(OC(CCN(C)C)c3ccccc3)cc2)cc1Cl,0,Train
32571711,c1ccc(C2CCCN2c2ccnc3[nH]ccc23)cc1,1,Train
30597046,CC(C)(O)[C@H](F)CNC(=O)c1cnc(-c2cnn3cc(Cl)cnc23)cc1Nc1cnn(C(F)F)c1,1,Train
24074055,O=S(=O)(Cc1cn(-c2ccccc2)nn1)C1O[C@H](CO)[C@@H](O)[C@H](O)[C@H]1O,0,Train
18386193,CC(C)(C)CCN1C(=O)C(C2=NS(=O)(=O)c3cc(NS(C)(=O)=O)ccc3N2)=C(O)C2CCCN21,0,Train
27228180,C=C[C@@H]1C[C@]1(NC(=O)[C@@H]1C[C@@H](n2cc(-c3ccccc3)c(C)n2)CN1C(=O)[C@@H](NC(=O)OC1CCCC1)C(C)(C)C)C(=O)NS(=O)(=O)C1CC1,0,Train
9738866,NC(=O)N(O)CCC#Cc1ccc(CN2CCN([C@H](c3ccccc3)c3ccc(Cl)cc3)CC2)o1,1,Train
10390013,O=C(O)CN(C(=O)CCc1ccccc1)c1ccc(C(O)(C(F)(F)F)C(F)(F)F)cc1,0,Train
14031730,CCOC(=O)[C@H](Cc1ccc(-c2c(C(F)(F)F)cc(C)n(C)c2=O)cc1)NC(=O)c1c(Cl)cccc1Cl,1,Train
20051244,COc1ccc(-c2cccc3nc(Nc4ccc(C(N)=O)cc4)nn23)cc1,1,Train
23751926,COc1cncc(-c2nc(=O)n(CCC3CCCO3)c3c2oc2ncc(-c4cnn(C)c4)cc23)c1,1,Train
23745668,CNc1ccc(-c2nc(=O)n(CCC3CCCO3)c3c2oc2ncc(-c4cnco4)cc23)cn1,0,Train
10605659,CS(=O)(=O)CCCn1c(Cn2c(=O)n(CC(F)(F)F)c3ccncc32)nc2ccccc21,0,Train
33289386,CC[C@@H](NC(=O)N1C(=O)[C@H](Cc2ccnc(N)c2)[C@H]1C(=O)N(C)c1ncccn1)c1cccc(Cl)c1,1,Train
21379657,Cc1n[nH]c2cc(F)c(C3C(C#N)=C(C(F)F)NC(C(F)F)=C3C#N)cc12,1,Train
8887755,CO/N=C1\\CN(c2nc3c(cc2F)c(=O)c(C(=O)O)cn3C2CC2)CC1CN.CS(=O)(=O)O,1,Train
12762372,CCS(=O)(=O)n1c2c(c3cc(C(=O)N4CCC(C)CC4)ccc31)CN(C1CCOCC1)CC2,1,Train
29298652,Cn1c(N2CCOCC2)cc(OCc2ccc(Oc3ccc(Cl)c(C(F)(F)F)c3)c(C#N)c2)nc1=O,0,Train
9537486,CCc1cc(CC(NC(C)=O)C(=O)NCCCCOc2cccc(O)c2C(=O)OC)ccc1N(C(=O)C(=O)O)c1ccccc1C(=O)O,0,Train
12549353,O=C(Nc1cc(Cl)cc(Cl)c1)c1cccc2c1OCCN2c1ncc(CO)cc1Cl,0,Train
32601291,CN1CCN(c2cccc3nc(CN4CCCC4c4ncccc4Cl)[nH]c23)CC1,1,Train
21149328,CC(C)(C)CCN1C(=O)C(C2=NS(=O)(=O)c3cc(NS(C)(=O)=O)ccc3N2)=C(O)[C@@H]2CCCC[C@@H]21,0,Train
24367790,COc1cc(C)c(C(=O)N2CC3CN(CC[C@H](NC(=O)C4CCCC4)c4ccccc4)CC3C2)c(C)c1,1,Train
24140622,CC[C@@H]1OC(=O)[C@H](C)[C@H](O[C@H]2C[C@@](C)(OC)[C@@H](O)[C@H](C)O2)[C@@H](C)[C@H](O[C@@H]2O[C@H](C)C[C@H](N(C)C)[C@H]2O)[C@](C)(O)C[C@H](C)CN(C)[C@@H](C)[C@H](O)[C@]1(C)O,0,Train
30708669,CC(C)Nc1cc(-n2ccc3cncnc32)ncc1-c1cn(CCN2CCOCC2)nn1,1,Train
28213322,Cl.N=C(N)NCCC[C@H](N)C(=O)N1CCC[C@H]1C(=O)N[C@@H](Cc1ccccn1)c1ccccc1,0,Train
12612247,CC1(C)Cc2c(c(N3CCOCC3)nc3sc4c(N(CCO)CCN5CCOCC5)ncnc4c23)CO1,1,Train
20117577,CN(C)C(=O)c1cc2cnc(Nc3ccc(N4CCNCC4)cn3)nc2n1C1CCCC1,1,Train
20083373,CNC(=O)c1ccc(Nc2nc3c(-c4ccc(CN5CC(C#N)C5)cc4)cccn3n2)cc1,0,Train
24074040,CC(=O)OC[C@H]1OC(SCc2cn(-c3ccc(S(N)(=O)=O)cc3)nn2)[C@H](OC(C)=O)[C@@H](OC(C)=O)[C@@H]1OC(C)=O,0,Train
24189162,COc1ccc2c(c1)OCCN[C@@H](C(C)C)C(=O)N(C)[C@@H]([C@@H](C)O)C(=O)N[C@H](Cc1ccccc1)C(=O)NC1CCC2C1,1,Train
23803384,CC(C)(C)NC(=O)N(CCCCCCN1C[C@H](O)[C@@H](O)[C@H](O)[C@H]1CO)C1CCCCC1,0,Train
4770867,CCCCc1nc(Cl)c(CO)n1Cc1ccc(-c2ccccc2-c2nnn[nH]2)cc1,0,Train
212240,CCOc1ccc2nc(S(N)(=O)=O)sc2c1,1,Train
8165738,COC(=O)c1ccccc1-c1c2ccc(N)cc2[o+]c2cc(N)ccc12,0,Train
30169893,CCCOC(=O)N1CCN(c2cncc(O[C@H]3CC[C@H](Nc4ccc([N+](=O)[O-])c(C(F)(F)F)c4)CC3)c2)CC1,0,Train
30597002,CC(C)Nc1cc(-c2cnc3cc(C#N)cnn23)ncc1C(=O)NCCC(C)(C)O,1,Train
31765319,CC[C@]1(NC(=O)c2ccc(C)c(C)c2)C[C@@H]2CN(CCc3c([nH]c4ccccc34)[C@@](C(=O)OC)(c3cc4c(cc3OC)N(C)[C@H]3[C@@](O)(C(=O)OC)[C@H](OC(C)=O)[C@]5(CC)C=CCN6CC[C@]43[C@@H]65)C2)C1,0,Train
7755058,CC(C)c1nc(N(C)S(C)(=O)=O)nc(-c2ccc(F)cc2)c1/C=C/[C@@H](O)C[C@@H](O)CC(=O)[O-],0,Train
32614132,CN1CCN(c2cccc3nc([C@H]4CCC[C@@H](c5ncccc5OC(F)(F)F)N4C)cn23)CC1,1,Train
23331501,COc1ccc(-c2nnc(C(=O)N3CC(Oc4ccc(CN5CC6(CCOC6)C5)cc4)C3)o2)cc1,1,Train
32186351,COc1ccc(-n2cnnn2)c(CNC(=O)c2cn(Cc3ccc(N4CCCC4)nc3)nc2C(F)(F)F)c1F,1,Train
30597145,CC[C@@H](C)Nc1cc(-c2cnn3cc(Cl)cnc23)ncc1C(=O)NC[C@@H](F)C(C)(C)O,0,Train
143368,NC(=O)Cc1c[nH]c2ccccc12,1,Train
21197034,Cc1cc(CCC(=O)O)cc(C)c1-c1nc2ccc(C(=O)Nc3ccc(C(C)(C)C)cc3)cc2[nH]1,0,Train
25795970,CCCCCC[C@H](N)C(=O)NC(Cc1ccc(O)cc1)C(=O)NCC(=O)NCC(=O)N[C@H](Cc1ccccc1)C(=O)N[C@@H](CC(C)C)C(N)=O,0,Train
12549134,COc1ccc(NC(=O)c2ccc(Cn3ccnn3)c3ccccc23)c(C(=O)NCC2CCC2)n1,0,Train
10702997,N=C(N)c1ccc2nc(Cc3nc4ccccc4[nH]3)[nH]c2c1,0,Train
26693345,COc1ccc2c(O[C@@H]3C[C@H]4C(=O)N[C@]5(C(=O)NS(=O)(=O)C6CC6)C[C@H]5C=CCCCCC[C@@H](NC(=O)OC(C)(C)C)C(=O)N4C3)cc(OC(C)C)nc2c1C,0,Train
9965346,C[C@H](Cc1c[nH]c2c(OS(C)(=O)=O)cccc12)NC[C@H](O)c1cccc(OS(=O)(=O)c2ccccc2)c1,0,Train
1750447,CCCC(CCC)C(=O)O,1,Train
11119645,Cc1c(CN(CCc2ccc(Cl)cc2)C2CCN(C(=O)c3cccc[n+]3[O-])CC2)c(=O)n(-c2ccc(F)cc2)n1C,0,Train
11288904,CC(C)[C@@](C)(NC(=O)N[C@H](C(=O)N1C[C@H]2[C@@H]([C@H]1C(=O)NC(CC1CC1)C(=O)C(N)=O)C2(C)C)C(C)(C)C)C(=O)O,0,Train
32378508,CC(=O)N1CCN([C@H]2CC[C@H](Nc3ncnn4ccc(C(C)C)c34)CC2)CC1,1,Train
14117256,C#CCN1CC[C@H](C(=O)NO)[C@H](CS(=O)(=O)c2ccc(OCc3cc(C)nc4ccccc34)cc2)C1,0,Train
32461525,O=C(O)c1ccc(N(Cc2ccc(C3CCOCC3)cc2)C(=O)[C@H]2CCCN2S(=O)(=O)c2c(F)c(F)c(F)c(F)c2F)c(F)c1,0,Train
11619727,CCCC(=O)OC(CCC)OC(=O)NCC1(CC(=O)O)CCCCC1,1,Train
11343179,O=C(NOC[C@H](O)CO)c1ccc(F)c(F)c1Nc1ccc(I)cc1F,1,Train
11344441,COc1ccc2c(c1)CCCC2CCCN1CCc2cc(OC)c(OC)cc2C1,1,Train
8466518,CCc1c2c(nc3ccc(OC(=O)N4CCC(N5CCCCC5)CC4)cc13)-c1cc([C@@](O)(CC)C(=O)[O-])c(CO)c(=O)n1C2,0,Train
24476455,C[C@@H]1CCCN1CCCOc1ccc(-c2cnn(-c3ccccn3)c(=O)c2)cc1.Cl,1,Train
9938886,CNc1cccc(CCOc2ccc3c(ccn3CCC(=O)O)c2)n1,0,Train
24505354,Cl.N=C(N)c1cccc(N2CCCCN(C3CCN(S(=O)(=O)c4cccs4)CC3)C2=O)c1,0,Train
20110829,Cc1cc(-c2nnn(Cc3ccc(C(=O)O)cc3)n2)cc(C(=O)NCc2ccccc2)n1,0,Train
25077410,CC1CCCN1CCCOc1ccc(C2=N[C@@H](C(C)(C)C)CO2)cc1,1,Train
754065,O=C1Nc2ccc(Cl)cc2C(c2ccccc2)=NC1O,1,Train
28982740,C[C@H]1Cn2c(nnc2C2CCC2)CN1C(=O)c1cccc(C(F)(F)c2n[nH]c(=O)c3ccccc23)c1,0,Train
18425027,CC(C)CCn1nc(CC2CC2)c(O)c(C2=NS(=O)(=O)c3cc(NS(C)(=O)=O)ccc3N2)c1=O,0,Train
32378521,Cc1ccn2ncnc(N[C@H]3CC[C@H](N(C)C)CC3)c12,1,Train
26883077,CC(=O)c1ccc(-c2ccc(CC(=O)NCc3ccco3)cc2)cc1,1,Train
26903743,COc1cc(F)ccc1-c1cc(Nc2cc(CS(C)(=N)=O)ccn2)ncc1F,1,Train
11226324,NCCCC[C@H](N)CC(=O)N[C@H](CC(=O)O)Cc1ccccc1,0,Train
32351484,CC(C)c1nccn1CC(=O)Nc1ccc(-c2ccccc2)cc1,1,Train
21990254,c1cc(OC[C@H]2CCCN2c2ccnc3ncnn23)c2ccncc2c1,1,Train
23071051,CCCC(=O)c1cnn(-c2ccc(NC(=O)c3cn(CC(=O)N4CCN(CCOC)CC4)c4ccc(C)cc34)cc2)c1C.Cl,0,Train
3628995,CCn1cc(C(=O)O)c(=O)c2cc(F)c(N3CCNCC3)nc21,0,Train
11690011,C[C@H](NC(=O)c1cc(Cl)cnc1Oc1ccc(F)cc1)c1ccc(C(=O)O)cc1,1,Train
18603152,CCCCCCC(NC(=O)[C@H](Cc1ccccc1)NC(=O)[C@H](Cc1c[nH]c2ccccc12)NC(=O)[C@@H]1CCCN1C(=O)[C@@H](N)Cc1ccc(O)cc1)C(N)=O,0,Train
1337520,COc1c(O[C@@H]2O[C@H](C(=O)O)[C@@H](O)[C@H](O)[C@H]2O)cc(O)c2c(=O)cc(-c3ccccc3)oc12,0,Train
25655058,Cc1cc(O)cc(C)c1CC(N)C(=O)NCCCCNC(=O)C(N)Cc1c(C)cc(O)cc1C.Cl,0,Train
21859070,CC(=O)NCc1ccc(-c2ccc(N3CCOc4ncnc(N)c4C3=O)cc2)c(Cl)c1,1,Train
169746,O=c1cc(-c2ccncc2)oc2ccccc12,0,Train
20083295,CC(c1ccc(-c2cccn3nc(Nc4cnn(C(F)F)c4)nc23)cc1)N1CCOCC1,1,Train
30554355,Cc1cccc(OCCC2CCOC3(CCN(Cc4ccc(COc5ccc(CCC(=O)O)cc5)cc4)CC3)C2)n1.Cl,0,Train
11586126,COc1ccc(-n2nc(C(N)=O)c3c2C(=O)N(c2ccc(C(C)(C)CN(C)C)cc2)CC3)cc1,0,Train
12268344,CC(C)[C@H](NC(=O)CCN(C)C)c1cc(Cl)ccc1N1CCN(C(=O)[C@H](C)Cc2ccc(Cl)cc2)CC1,0,Train
21773789,CCN1C(=O)C(c2cc(-c3cnn(C)c3)c(O)cc2O)C(=O)N(c2ccccc2)c2cc(C(F)(F)F)ccc21,0,Train
27060677,CN1C(=O)N(c2cccc(C(F)(F)F)c2)C2=C(C(=O)CC2)[C@H]1c1ccc(C#N)cc1,1,Train
3713558,c1c2c(cc3c1OCO3)-c1cc3ccc4c(c3c[n+]1CC2)OCO4,0,Train
11234362,CNCCC(=O)N[C@H](c1cc(C)ccc1N1CCN(C(=O)[C@H](C)Cc2ccc(Cl)cc2)CC1)C(C)C.CS(=O)(=O)O,0,Train
903774,O=c1[nH]c2ccccc2n1CCCN1CCC(n2c(=O)[nH]c3cc(Cl)ccc32)CC1,0,Train
28803440,COC(=O)/C=C/c1cccc(N(Cc2ccc(-c3ccc4c(cnn4C)c3)cc2)C(=O)[C@@H]2C[C@@H]3CC[C@H]2C3)c1,0,Train
23718317,O=c1ncn(Cc2ccc(F)cc2F)c2ccc(Oc3ncccc3C(F)(F)F)cc12,1,Train
3654871,C=C[C@H]1CN2CC[C@H]1C[C@@H]2[C@@H](O)c1ccnc2ccc(OC)cc12,1,Train
2340300,C[C@H]1C[C@H]2[C@@H]3CC[C@](O)(C(=O)CO)[C@@]3(C)C[C@H](O)[C@@H]2[C@@]2(C)C=CC(=O)C=C12,1,Train
32454301,COC(=O)[C@@H]1CCCN1C(=O)[C@@H](Cc1ccccc1)N(C)C(=O)[C@H](C)NC(=O)[C@@H](NC(=O)[C@@H](F)[C@H](O)[C@H](CC(C)C)NC(=O)[C@H](CC(N)=O)NC(=O)[C@H](CC(C)C)NC(=O)[C@H](NC(=O)[C@@H](NC(=O)[C@H](C(C)C)N(C)C)C(C)C)C(C)C)[C@@H](C)O,0,Train
11307999,O=C(c1ccc(Cl)cc1NS(=O)(=O)c1cccc2nsnc12)N1CCCCC1,1,Train
13940795,CC(=O)N1CCCC1(CC(=O)NO)CS(=O)(=O)c1ccc(OCc2cc(C)nc3ccccc23)cc1,0,Train
24526806,CCC(CC)[C@H](CO)NS(=N)(=O)c1ccc(Cl)s1,1,Train
11288897,C=CCNC(=O)C(=O)C(CCCC)NC(=O)[C@@H]1[C@@H]2[C@H](CN1C(=O)[C@@H](NC(=O)NC(C(=O)OC(C)c1ccccc1)C(C)(C)C)C(C)(C)C)C2(C)C,1,Train
24314130,CC(C)[C@H](NC(=O)C(O)(CCC(=O)Nc1cc(C(=O)N[C@H](C)c2ccccc2)cc(N(C)S(C)(=O)=O)c1)CCc1ccccc1)C(=O)Nc1ccccc1,0,Train
32110188,CCOC(=O)c1c(NC(=O)c2c(F)c(F)c(F)c(F)c2F)sc2c1CCNC2=O,0,Train
23489106,CC(C)(C)N1CCN(c2ccc(N3CCN(C(=O)NC4C5CC6CC4CC(C(N)=O)(C6)C5)c4ccccc43)nc2)CC1,0,Train
30597031,CC(C)Nc1cc(-c2cnc3cc(C#N)cnn23)ncc1C(=O)NCCc1ccccn1,1,Train
24942151,NNC(O)N1C(=O)c2cc(S(=O)(=O)[O-])cc3c(N)c(S(=O)(=O)[O-])cc(c23)C1=O.[Li+],0,Train
25796990,CC(=O)C(F)(F)F.COc1cccc(OC2CN(c3c4c(nc5ccnn35)CCNCC4)C2)c1,1,Train
21216138,CCCNC[C@@H]1C[C@@]1(C(=O)N(C)Cc1ccc(F)cc1)c1ccc(Cl)c(Cl)c1,0,Train
29357592,COc1cc(NC(=O)Nc2nc(-c3nc4ccccc4s3)cs2)cc(OC)c1OC,1,Train
10483345,Cl.Clc1ccc([C@]23CNC[C@H]2C3)cc1Cl,1,Train
25266024,Cn1c(-c2cnccn2)c(C2CCCC2)c2ccc(C(=O)NC(C)(C)C(=O)Nc3ccc(/C=C/C(=O)O)cc3)cc21,0,Train
22830632,C[C@@H](CO)N1C[C@@H](C)[C@H](CN(C)Cc2ccc(Oc3ccccc3)cc2)Oc2c(NC(=O)c3ccncc3)cccc2C1=O,1,Train
20442128,Cc1cnc(NCCc2ccc(C(F)(F)F)cc2)c(=O)n1CC(=O)NCCONC(=N)N.O=C(O)C(F)(F)F,0,Train
21862292,CCOc1ccc(-c2nnc(SCC(=O)Nc3cc(C)cc(C)c3)[nH]2)cc1,1,Train
13022194,c1cnc2ccc(Cn3nnc4ncc(-c5cnn(C6CCNCC6)c5)nc43)cc2c1,0,Train
20446598,C=CCCCCCNC(=O)N1C[C@H](Oc2nc(-c3ccc(F)cc3)nc3c(C)c(OC)ccc23)C[C@H]1C(=O)N[C@]1(C(=O)NS(=O)(=O)C(C)CC)C[C@H]1C,1,Train
11123635,CC1(C)C2=C3C=C4C5=[N+](CCC4OC3CCN2c2ccc(CC(=O)NCCCCCCN(CCOc3ccc(NS(C)(=O)=O)cc3)CCc3ccc(NS(C)(=O)=O)cc3)cc21)c1ccc(S(=O)(=O)[O-])cc1C5(C)C.O=C(O)C(F)(F)F,0,Train
8740945,NS(=O)(=O)N1CCN(C2CN(CC[C@]3(c4ccc(Cl)c(Cl)c4)CCC(=O)N(CC4CC4)C3)C2)CC1,0,Train
8553608,CCOP(=O)(OCC)C(Cc1ccccc1)N=C=S,0,Train
10612572,CC1CCN(C(=O)C(Cc2cccc(C(=N)NO)c2)NS(=O)(=O)c2ccc3ccccc3c2)CC1,1,Train
22623047,CCn1cc(C2(c3cccc(-c4cncnc4)c3)N=C(N)c3c(F)cccc32)cc(C)c1=O,0,Train
9154484,CN(C(=O)C(c1ccccc1)c1ccccc1)[C@H](CN1CC[C@H](O)C1)c1ccccc1,1,Train
18425126,CS(=O)(=O)Nc1ccc2c(c1)S(=O)(=O)NC(c1c(O)c(C3=CCCC3)nn(CCC3CC3)c1=O)=N2,0,Train
12446740,O=C1c2ncc3c(c(S(=O)(=O)N4CCCC4)cn3Cc3ccc(F)cc3)c2CCN1O,0,Train
25584266,COc1ccc2ccc(S(=O)(=O)NC(Cc3cc4c(N)nccc4s3)C(=O)N3CCN(S(C)(=O)=O)CC3)cc2c1.Cl,0,Train
28725092,CN(C)C(=O)C(CCN1CC[Si](O)(c2ccc(Cl)cc2)CC1)(c1ccccc1)c1ccccc1,0,Train
28347212,Cc1c(NC(=O)c2cc(C(N)=O)nc3ccccc23)c(C(F)(F)F)nn1Cc1ccc(C#N)cc1,0,Train
18960144,Cc1cc(Cn2nnc3c(-c4ccco4)nc(N)nc32)ccc1N,1,Train
572193,CN1C(C(=O)Nc2ccccn2)=C(O)c2sccc2S1(=O)=O,0,Train
28880204,O=C(O)C[C@H]1CC[C@H](c2ccc(C(=O)Nc3nnc(CCC4CCCO4)s3)cc2)CC1,0,Train
27219143,CC[C@H]1C[C@@H](n2c(=O)nc(-c3cnn(C)c3)c3oc4ccc(-c5cccnc5)cc4c32)CCO1,1,Train
8528971,O=C(/C=C/c1ccc(O)c2c1[C@H](C(=O)O)[C@@H](c1ccc(O)c(O)c1)O2)O[C@H](Cc1ccc(O)c(O)c1)C(=O)O,0,Train
12646338,CCOC(=O)c1cnc(N2CC(NC(=O)NS(=O)(=O)c3ccccc3)C2)c(Cl)c1,0,Train
18877888,COc1cccc(/C=C/C(=O)NC2(C(=O)N[C@H](Cc3ccccc3)C(=O)NCC3CCN(CC4CCOCC4)CC3)CCCC2)c1,0,Train
29232370,N#Cc1ccc(C2CCN(CCc3cnn(-c4nccc5c(=O)[nH]cnc45)c3)CC2)cc1,0,Train
29230724,CN1CCC2=C(C1=O)C(c1ccc(C#N)cc1-c1cnn(C)c1)N(C)C(=O)N2c1cccc(C(F)(F)F)c1,1,Train
14405620,CC(C)C[C@H](N)C(=O)OC[C@@H]1O[C@H](n2cnc(C(N)=O)n2)[C@@H](O)[C@H]1O,0,Train
21245370,Cc1ccccc1C(=O)Nc1ccc(C(=O)Nc2nccs2)cc1,1,Train
14114043,O=C(C(=O)N1CCN(C(=O)c2ccccc2)CC1)c1c[nH]c2c(-c3nn[nH]n3)ccc(F)c12,0,Train
28664695,CC1(O)CCN(C(=O)c2ccc(Nc3cc(-c4c(F)cccc4F)nc4c3C(=O)NC4)cc2)CC1,0,Train
11690047,CC(C)(NC(=O)c1cc(F)cnc1Oc1ccc(F)cc1)c1ccc(C(=O)O)cc1,1,Train
22516472,Cc1cc(CC(OC(=O)N2CCC(c3cc4ccccc4[nH]c3=O)CC2)c2cc(CN3CCOCC3)ccn2)cc2cn[nH]c12,0,Train
32704826,CCN1CCN(c2ncc(-c3cnc(N)c(OCc4ccncc4)c3)s2)CC1,1,Train
21726576,C/C=C(\\C)C(=O)N[C@@H](c1ccccc1)[C@@H](O)C(=O)O[C@H]1C[C@@]2(O)[C@@H](OC(=O)c3cccc(N=[N+]=[N-])c3)[C@H]3[C@](C)(C(=O)[C@H](O)C(=C1C)C2(C)C)[C@@H](OC(=O)CC(F)(F)F)C[C@H]1OC[C@]13OC(C)=O,1,Train
10600251,Cn1cnc(S(=O)(=O)N(CCN(Cc2cncn2C)c2ccc(C#N)cc2)Cc2ccccn2)c1,0,Train
27849969,NC(=O)C[C@H](NC(=O)[C@@H](N)Cc1ccc(O)cc1)C(=O)O,0,Train
5851366,NC(N)=N/N=C/c1c(Cl)cccc1Cl,1,Train
26080683,CC(=O)Nc1ccc(Nc2nc3c(-c4ccccc4NS(=O)(=O)c4ccccc4)cccn3n2)cc1,0,Train
13048389,CC1(C)CC(c2ccc(OC3CCN(C4CCC4)CC3)cc2)=NNC1=O,1,Train
23780511,C=C[C@@H]1C[C@]1(NC(=O)[C@@H]1C[C@@H](c2csc(-c3cc(OC)ccc3OC)n2)CN1C(=O)[C@@H](NC(=O)OC1CCCC1)C(C)(C)C)C(=O)NS(=O)(=O)C1CC1,0,Train
18386100,CS(=O)(=O)Nc1ccc2c(c1)S(=O)(=O)N=C(C1=C(O)[C@@H]3CCC[C@@H]3N(Cc3ccc(F)cc3)C1=O)N2,0,Train
24720371,COc1ccc2c(O[C@@H]3C[C@H]4C(=O)N[C@]5(C(=O)NS(=O)(=O)C6CC6)C[C@H]5C=CCCCCN(C)C(=O)[C@@H]4C3)cc(-c3cccc(C(C)C)n3)nc2c1C,1,Train
25083820,CNC1(c2ccc(N3CCC4C(C(F)(F)F)=NN(c5ccc(OC)cc5)C4C3=O)cc2)CC1.O=C(O)C(F)(F)F,0,Train
30169875,O=C(CC1CCCC1)N1CCN(c2cc(O[C@H]3CC[C@H](Nc4ccc([N+](=O)[O-])c(C(F)(F)F)c4)CC3)ccn2)CC1,0,Train
30487050,Cl.O=C(c1nnc(-c2ccccc2Cl)o1)N1CCC(Oc2ccc(CN3CCCC3)cc2)CC1,1,Train
27265048,Cc1cn2cc(-c3cc4ccc(N5CCN(C)CC5)cc4oc3=O)nc2cn1,0,Train
19872337,CC(O)c1nc([C@@H](O)[C@H](O)[C@H](O)CO)c[nH]1,0,Train
27339237,C=Cc1cc([C@H](NC(=O)NC(C)(C)C)C(=O)Nc2cccc(C(=O)NS(=O)(=O)c3ccc(C(F)(F)F)cc3)c2)ccc1Oc1cc(OC)nc(-c2ccccc2)n1,0,Train
25303936,C=N/C(=C\\C=C(/C)OCC(C)(C)C(=O)O)c1ccc(NC(=O)c2ccc3ccccc3c2)cc1C,1,Train
26816168,O=C(COc1ccc(Nc2ccc([N+](=O)[O-])c(C(F)(F)F)c2)cc1)N1CCN(CC2Cc3cc(C(F)(F)F)ccc3O2)CC1,0,Train
30708596,CC(C)Nc1cc(-n2ncc3cc(C#N)cnc32)ncc1-c1cn(CC2CCO2)nn1,1,Train
10603758,O=c1n(Cc2nc3ccccc3n2CCCC2(O)CC2)c2cnccc2n1C1CC1,1,Train
24293507,CCOC(OC)c1cc(C#N)c(N2CC(NC(=O)NS(=O)(=O)c3ccc(Cl)cc3)C2)nc1C,0,Train
26496334,CO[C@H]1C(=O)[C@]2(C)[C@@H](OC(=O)N(C)C)C[C@H]3OC[C@@]3(OC(C)=O)[C@H]2[C@H](OC(=O)c2ccccc2)[C@]2(O)C[C@H](OC(=O)[C@H](O)[C@@H](NC(=O)OC(C)(C)C)c3ccccc3)C(C)=C1C2(C)C,1,Train
20007926,C[C@H]1CN(C(=O)C(=O)c2c[nH]c3cccc(F)c23)C[C@@H](C)N1C(=O)c1ccccc1,0,Train
10338336,C[n+]1cccc2ccc(N)cc21,1,Train
20223870,N[C@@H](CC(=O)N1CCC[C@H]1c1nc(C2CC2)no1)Cc1cc(F)c(F)cc1F,1,Train
30708943,CC(C)Nc1cc(-n2ncc3cc(C#N)cnc32)ncc1-n1cc(CCC(C)(C)O)cn1,1,Train
27967377,CC[C@@H](C)[C@@H](C(=O)N[C@@H]1C(=O)N(C)[C@@H]([C@@H](C)O)C(=O)N[C@@H](C(C)C)C(=O)N(C)[C@@H](CC(C)C)C(=O)N[C@@H](C(C)C)C(=O)N(C)[C@@H](C(C)C)C(=O)N(C)[C@@H](Cc2c[nH]c3cccc(OC)c23)C(=O)N[C@@H](C(C)C)C(=O)N[C@@H]([C@H](O)c2ccccc2)C(=O)N[C@@H](C(C)C)C(=O)O[C@@H]1C)N(C)C(=O)[C@@H](NC(=O)[C@H](C(C)C)N(C)C)C(C)C,0,Train
13074503,COc1cccc(-c2cccc(C3(c4ccncc4)N=C(N)N4CCCN=C43)c2)c1F,0,Train
23618036,COCCCn1c(=O)nc(-c2ccc(N3CCN(C(C)C)CC3)cc2)c2oc3ccc(Cl)cc3c21,0,Train
9818557,COc1ccc(C(=O)NCC2CCN(c3ccncc3)CC2)cc1OCCc1ccc(Cl)cc1Cl,0,Train
24469679,Cc1cc(COc2ccc([C@]3(C)CCN([C@H](C)C(=O)NO)C3=O)cc2)c2ccccc2n1.O=C(O)C(F)(F)F,1,Train
11068948,C[C@@H]1CCCN1CCc1cc2cc(-c3cn[nH]c3)ccc2o1,1,Train
21197011,Cc1ccc(NC(=O)c2ccc3nc(-c4c(C)cc(OCC(=O)O)cc4C)[nH]c3c2)cc1C,0,Train
30597078,CCn1cc(Nc2cc(-c3cnc4cc(Cl)cnn34)ncc2C(=O)NC[C@@H](F)C(C)(C)O)cn1,0,Train
24571036,CC1(C)NC(=O)c2cc(S(=O)(=O)Nc3ccc(C(F)(F)F)cc3)c(F)cc2NC1=O,0,Train
23745776,CC[C@H]1C[C@@H](n2c(=O)nc(-c3cnn(C)c3)c3oc4ccc(-c5cn(C)cn5)nc4c32)C[C@@H](C)O1,1,Train
32612650,CN1CCN(c2cccc3nc([C@@H]4CCC[C@H](c5ncccc5C5CC5)N4C)[nH]c23)CC1,1,Train
23236293,COc1ccc(S(=O)(=O)N2CCCC[C@H]2C(=O)O[C@@H](Cc2c(Cl)c[n+]([O-])cc2Cl)c2ccc(OC(F)F)c(OCC3CC3)c2)cc1C(=O)N(C)C,1,Train
20728779,O=c1cc([C@H]2CCN[C@@H](Cc3ccc(F)cc3)C2)o[nH]1,0,Train
21149343,CS(=O)(=O)Nc1ccc2c(c1)S(=O)(=O)N=C(C1=C(O)[C@@H]3CCCCC[C@@H]3N(Cc3ccc(F)cc3)C1=O)N2,0,Train
18506721,Nc1nc2c(c(-c3c(Cl)cc(Cl)cc3OCCn3cccn3)n1)CN(C(=O)NC13CC(C1)C3)C2,0,Train
32280839,CC(C)n1nc(C#Cc2cccc3cc(-c4cccc(C(F)(F)F)c4)ncc23)c2c(N)ncnc21,0,Train
24560550,CO[C@H]1C[C@H](C(=O)Nc2ccc(-c3ccccc3S(C)(=O)=O)cc2F)N(C(=O)Nc2ccc(Cl)cc2)C1,1,Train
29254176,CC(=O)C1=C(C)N(c2cccc(C(F)(F)F)c2)C(=O)N(C)[C@@H]1c1ccc(C#N)cc1-c1ccn(C)c(=O)c1,1,Train
28960236,O=[N+]([O-])c1cn2c(n1)OC[C@@H](OCc1ccc(N3CCOCC3)c(F)c1)C2,1,Train
21019855,O=[N+]([O-])c1cn2c(n1)OC[C@@H](OCc1ccc(-c3ccc(OC(F)(F)F)cc3)nc1)C2,1,Train
31332803,Cc1cc2c(cc1N1C(=O)c3cccc4c(CCCO)ccc(c34)C1=O)n(C)c(=O)n2C,1,Train
32612511,Cc1cccnc1[C@@H]1CCC[C@H](c2nc3ccccc3[nH]2)N1Cc1ccccc1-n1cccn1,1,Train
30596980,CC(C)(O)[C@H](F)CNC(=O)c1cnc(-c2cnn3cc(Cl)cnc23)cc1NCC(F)F,1,Train
26669714,CC(=NO)c1cccc(C(C)(C)NC(=O)Nc2ccc(Cl)c(C(N)=O)c2)c1,1,Train
25108229,CC1(C2[C@@H](O)C[C@@]3(C)[C@]4(C)C[C@H](O[C@@H]5O[C@H](CO)[C@@H](O)[C@H](O)[C@H]5O)C5C(C)(C)[C@@H](OC6OCC(O)C(O)C6O)CC[C@@]56C[C@@]46CC[C@]23C)CCC(C)(C(C)(C)O)O1,0,Train
12093780,Cc1ccc(C(=O)N2CC[C@H](O)C2)c(OC[C@@H](O)CN2CCC3(CC2)Cc2cc(F)ccc2O3)c1,0,Train
24935611,O=C([O-])c1ccc(-c2ccc(OC3OC(CO)C(O)C(O)C3O)c(F)c2)cc1.[Na+],0,Train
12139784,Cn1c(N2CCO[C@@H]3COC[C@H]32)nc(-c2ccncc2F)cc1=O,1,Train
20127803,CN(C[C@@H]1CCCN1C(=O)C[C@H](N)Cc1cc(F)c(F)cc1F)c1ccc(C#N)cn1,1,Train
31277679,CCN1C(=O)c2ccccc2S1(=N)=O,1,Train
2228515,N[C@@H](Cc1cc(I)c(Oc2cc(I)c(O)c(I)c2)c(I)c1)C(=O)O,0,Train
20007917,CN(CCN(C)C(=O)c1ccccc1)C(=O)C(=O)c1c[nH]c2cccc(F)c12,0,Train
23014135,CCCCCCCCC(N)C(=O)NC(Cc1ccc(O)cc1)C(=O)N1CCCC1C(=O)NC(Cc1c[nH]c2ccccc12)C(=O)NC(Cc1ccccc1)C(=O)NNCC(=O)N[C@@H](CC(C)C)C(=O)N[C@@H](CCSC)C(N)=O,0,Train
14405628,C[C@H](N)C(=O)OC[C@@H]1O[C@H](n2cnc(C(N)=O)n2)[C@@H](O)[C@H]1O,0,Train
24567250,O=C(O)c1ccc2c(c1)C(=O)OC21c2cc(Cl)c(O)cc2Oc2cc(O)c(Cl)cc21,0,Train
19761423,Cn1c(N2CCN(CCCN3c4ccccc4Sc4ccc(CC(=O)O)cc43)CC2)cc(=O)n(C)c1=O,1,Train
24386563,C[C@@H]1C(=O)N[C@H](Cc2ccc(F)cc2)C(=O)NCCCc2ccc(F)cc2OCCN[C@@H](C2CC2)C(=O)N1C,1,Train
25795806,COC(=O)c1ccc(-c2cc(Cl)c(OC3OC(CO)C(O)C(O)C3O)c(Cl)c2)cc1,0,Train
19171321,Cc1nc(-n2ccc(OCCC3CC3)cc2=O)sc1C(=O)NCc1ccccc1,0,Train
30596978,CC[C@H](F)CNc1cc(-c2cnn3cc(Cl)cnc23)ncc1C(=O)NC[C@@H](F)C(C)(C)O,1,Train
24022828,Cc1cn2cc(-c3cc4ccc(N5CCNCC5)cc4c(=O)o3)nc2c(C)n1,0,Train
27219134,CC[C@H]1C[C@@H](n2c(=O)nc(-c3cnn(C)c3)c3oc4cc(C#N)c(-c5cnn(C)c5)nc4c32)C[C@@H](C)O1,1,Train
25257193,Cc1ccc(C(=O)Nc2ccc(F)c([C@]3(C)CC(=O)N(C)C(=N)N3)c2)nc1,0,Train
24325398,CC1=NN(C(=O)c2ccc(N)cc2)C(=O)C1/N=N/c1ccc(S(=O)(=O)Nc2ncccn2)cc1,0,Train
32186349,COCc1nn(Cc2cnc(N3CCCC3)nc2)cc1C(=O)NCc1c(-n2cnnn2)ccc(OC)c1F,1,Train
964904,O=C1CC2(CCCC2)CC(=O)N1CCCCN1CCN(c2ncccn2)CC1,1,Train