ID,smiles,cleaned_smiles,label
3747,CC\C=C\C=C\C=C\C=C\C=C\C=C\OCC(O)CO,CC/C=C/C=C/C=C/C=C/C=C/C=C/OCC(O)CO,1
3037,Clc1ccc(Cl)c(Cl)c1Cl,Clc1ccc(Cl)c(Cl)c1Cl,0
2466,O=C1NCCN1c2nccs2,O=C1NCCN1c1nccs1,1
7007,CC(C)(C)CC(C)(S)CC(C)(C)C,CC(C)(C)CC(C)(S)CC(C)(C)C,0
4116,CO\N=C(/C(=O)NC1C2SCC(=C(N2C1=O)C(=O)O)C[n+]3ccn4ncccc34)\c5nsc(N)n5,CO/N=C(\C(=O)NC1C(=O)N2C(C(=O)O)=C(C[n+]3ccn4ncccc43)CSC12)c1nsc(N)n1,0
4464,COc1nsc2c(cccc12)[N+](=O)[O-],COc1nsc2c([N+](=O)[O-])cccc12,1
3910,[O-][N+](=O)c1ccccc1Nc2ccccc2,O=[N+]([O-])c1ccccc1Nc1ccccc1,0
923,CCCCC(C)C(OC(=O)CC(CC(=O)O)C(=O)O)C(CC(C)CCCCCCC(O)CC(O)C(C)N)OC(=O)CC(CC(=O)O)C(=O)O,CCCCC(C)C(OC(=O)CC(CC(=O)O)C(=O)O)C(CC(C)CCCCCCC(O)CC(O)C(C)N)OC(=O)CC(CC(=O)O)C(=O)O,0
2468,Oc1cc2cccc3ccc4ccc(c1c4c23)[N+](=O)[O-],O=[N+]([O-])c1ccc2ccc3cccc4cc(O)c1c2c34,1
4805,CCN(CCCl)c1ccc(cc1)c2nc3cc(ccc3[nH]2)c4nc5cc(ccc5[nH]4)N6CCN(C)CC6,CCN(CCCl)c1ccc(-c2nc3cc(-c4nc5cc(N6CCN(C)CC6)ccc5[nH]4)ccc3[nH]2)cc1,0
4938,Oc1c(cc(cc1[N+](=O)[O-])c2ccccc2)[N+](=O)[O-],O=[N+]([O-])c1cc(-c2ccccc2)cc([N+](=O)[O-])c1O,1
2258,CC1(CC(O)C2(C)C(CCC3C4(C)CCCC23OC4=O)C1)C=C,C=CC1(C)CC(O)C2(C)C(CCC3C4(C)CCCC32OC4=O)C1,0
2443,NC1=NC(=O)N(C=C1)[C@H]2O[C@@H](COP(=O)(O)O)[C@H](O)[C@H]2O,Nc1ccn([C@H]2O[C@@H](COP(=O)(O)O)[C@H](O)[C@H]2O)c(=O)n1,0
1290,[O-][N+](=O)c1ccccc1C#N,N#Cc1ccccc1[N+](=O)[O-],0
1177,COC(=O)c1ccc(O)cc1,COC(=O)c1ccc(O)cc1,0
254,Cc1ccc(Cl)cc1[N+](=O)[O-],Cc1ccc(Cl)cc1[N+](=O)[O-],0
6106,Cc1cc(cc(C)n1)c2cc3N(C4CC4)C5=CC(=O)N(O)C(=O)N5c3cc2F,Cc1cc(-c2cc3c(cc2F)n2c(=O)n(O)c(=O)cc2n3C2CC2)cc(C)n1,1
3894,COc1nncc2cccnc12,COc1nncc2cccnc12,0
1322,CN1CCN(CC1)c2c(F)cc3C(=O)C(=CN(CCF)c3c2F)C(=O)O,CN1CCN(c2c(F)cc3c(=O)c(C(=O)O)cn(CCF)c3c2F)CC1,1
6871,CS(=O)(=O)OCC(O)C(O)COS(C)(=O)=O,CS(=O)(=O)OCC(O)C(O)COS(C)(=O)=O,1
145,C1CN=C(N1)c2ccc(cc2)c3cc4ccc(cc4[nH]3)C5=NCCN5,c1cc(-c2cc3ccc(C4=NCCN4)cc3[nH]2)ccc1C1=NCCN1,0
2026,[O-][N+](=O)c1cc2ccc3cccc4ccc(c1)c2c34,O=[N+]([O-])c1cc2ccc3cccc4ccc(c1)c2c34,1
3880,CC(Cc1ccc(O)c(O)c1)(NN)C(=O)O,CC(Cc1ccc(O)c(O)c1)(NN)C(=O)O,1
3028,ClC(Cl)C#N,N#CC(Cl)Cl,1
4466,CC(C)(N)[C@@H]1CC[C@](C)(N)CC1,CC(C)(N)[C@H]1CC[C@@](C)(N)CC1,0
3459,C[C@]12CC[C@H]3[C@@H](CC[C@H]4C[C@H](CC[C@]34C)OC(=O)COc5ccc(cc5)N(CCCl)CCCl)[C@@H]1CCC(=O)N2,C[C@]12CC[C@H]3[C@@H](CC[C@H]4C[C@@H](OC(=O)COc5ccc(N(CCCl)CCCl)cc5)CC[C@@]43C)[C@@H]1CCC(=O)N2,1
3462,[O-][N+](=O)c1cc(cs1)C(=O)Nc2ccc(Cl)cc2,O=C(Nc1ccc(Cl)cc1)c1csc([N+](=O)[O-])c1,1
820,CCCCCCCCCCCCCC[C@H]1CO1,CCCCCCCCCCCCCC[C@H]1CO1,0
1830,Nc1cc2c3ccccc3c4cccc(c1)c24,Nc1cc2c3c(cccc3c1)-c1ccccc1-2,1
1534,COc1cc(N)c2C(=O)c3ccccc3C(=O)c2c1N,COc1cc(N)c2c(c1N)C(=O)c1ccccc1C2=O,1
7245,ClC1CCCN(C1)N=O,O=NN1CCCC(Cl)C1,1
584,Nc1ccc(Cl)cc1N,Nc1ccc(Cl)cc1N,1
5149,OC(COc1cccc2OC(=CC(=O)c12)C(=O)O)COc3cccc4OC(=CC(=O)c34)C(=O)O,O=C(O)c1cc(=O)c2c(OCC(O)COc3cccc4oc(C(=O)O)cc(=O)c34)cccc2o1,0
3543,CC(C)CC=O,CC(C)CC=O,0
6126,CC(=C)C(=O)OCCOCCOCCOC(=O)C(=C)C,C=C(C)C(=O)OCCOCCOCCOC(=O)C(=C)C,0
4493,N#CCC#N,N#CCC#N,0
6885,CC1(C)CC(CC(C)(CN=C=O)C1)N=C=O,CC1(C)CC(N=C=O)CC(C)(CN=C=O)C1,0
1990,CC(=O)N(O)c1ccc(cc1)c2ccccc2,CC(=O)N(O)c1ccc(-c2ccccc2)cc1,1
4577,Cc1ccc(cc1)C(=O)O,Cc1ccc(C(=O)O)cc1,0
4804,Cc1ccc2nsc(NC(=O)CCl)c2c1,Cc1ccc2nsc(NC(=O)CCl)c2c1,1
2987,ClCc1ccccc1,ClCc1ccccc1,1
917,ClCCNCCCNc1c2ccccc2nc3c1ccc4cccnc34,ClCCNCCCNc1c2ccccc2nc2c1ccc1cccnc12,1
5667,CCNc1snc2ccccc12,CCNc1snc2ccccc12,0
1679,CCOC(=O)c1[nH]c2ccccc2c1\N=C\c3ccc(O)cc3,CCOC(=O)c1[nH]c2ccccc2c1/N=C/c1ccc(O)cc1,1
2407,CC1NC(Cc2c1[nH]c3ccccc23)C(=O)O,CC1NC(C(=O)O)Cc2c1[nH]c1ccccc21,0
849,c1ccc2c(c1)nc3ccc4cccc5ccc2c3c45,c1cc2ccc3nc4ccccc4c4ccc(c1)c2c34,1
3357,Nc1nc(O)c2[nH]nnc2n1,Nc1nc(O)c2[nH]nnc2n1,0
896,C\C=C(/C)\C(=O)OC1CCN2CC=C(CO)C12,C/C=C(\C)C(=O)OC1CCN2CC=C(CO)C12,0
3660,CN(C)c1ccc(cc1)N=Nc2ccc(cc2)N(C)C(=O)C,CC(=O)N(C)c1ccc(N=Nc2ccc(N(C)C)cc2)cc1,1
5885,COc1cc2nc3cc(N)c(OC)cc3nc2cc1N,COc1cc2nc3cc(N)c(OC)cc3nc2cc1N,1
224,COc1cc2CCN(C)[C@H]3Cc4ccc(Oc5cc(C[C@@H]6N(C)CCc7cc(OC)c(OC)c(Oc(c1)c23)c67)ccc5OC)cc4,COc1cc2c3c(c1)Oc1c(OC)c(OC)cc4c1[C@H](Cc1ccc(OC)c(c1)Oc1ccc(cc1)C[C@@H]3N(C)CC2)N(C)CC4,1
6897,CCCCC(CC)CNCC(CC)CCCC,CCCCC(CC)CNCC(CC)CCCC,0
1151,CC(C)(O)CCc1ccc(O)c2C(=O)c3c(O)c4C5C=COC5Oc4cc3Oc12,CC(C)(O)CCc1ccc(O)c2c(=O)c3c(O)c4c(cc3oc12)OC1OC=CC41,1
1792,C1c2ccc3ccccc3c2Cc4ccc5ccccc5c14,c1ccc2c3c(ccc2c1)Cc1c(ccc2ccccc12)C3,1
5305,Oc1cc2ccc3cc4ccccc4c5ccc(c1)c2c35,Oc1cc2ccc3cc4ccccc4c4ccc(c1)c2c34,1
1208,COC1=CC=C(C=CC1=O)[N+](=O)[O-],COc1ccc([N+](=O)[O-])ccc1=O,1
4950,Nc1cc(ccc1O)S(=O)(=O)O,Nc1cc(S(=O)(=O)O)ccc1O,0
333,CCCCOP(=O)(OCCCC)OCCCC,CCCCOP(=O)(OCCCC)OCCCC,0
4263,CCCCC\C(=C\c1ccccc1)\C=O,CCCCC/C(C=O)=C/c1ccccc1,0
2532,CCc1ccccc1NC(=O)c2csc(c2)[N+](=O)[O-],CCc1ccccc1NC(=O)c1csc([N+](=O)[O-])c1,1
3177,[O-][N+](=O)c1cc2c3ccccc3sc2c4ccccc14,O=[N+]([O-])c1cc2c3ccccc3sc2c2ccccc12,1
198,NC(CS\C(=C(/Cl)\C(Cl)(Cl)Cl)\Cl)C(=O)O,NC(CS/C(Cl)=C(\Cl)C(Cl)(Cl)Cl)C(=O)O,1
1826,CC(=O)[C@H]1CC[C@@H]2[C@@H]3CCC4=CC(=O)CC[C@]4(C)[C@H]3CC[C@]12C,CC(=O)[C@H]1CC[C@@H]2[C@@H]3CCC4=CC(=O)CC[C@]4(C)[C@H]3CC[C@]12C,0
3736,Br[C@@H]1CC[C@H](Br)[C@H](Br)CC[C@@H](Br)[C@@H](Br)CC[C@H]1Br,Br[C@H]1CC[C@@H](Br)[C@H](Br)CC[C@H](Br)[C@H](Br)CC[C@H]1Br,0
1815,COc1c2OC(=O)C=Cc2c(OC)c3ccoc13,COc1c2ccoc2c(OC)c2oc(=O)ccc12,0
5038,NNc1ccc(cc1)[N+](=O)[O-],NNc1ccc([N+](=O)[O-])cc1,1
3483,c1ccc(cc1)C(c2ccccc2)c3ccccc3,c1ccc(C(c2ccccc2)c2ccccc2)cc1,0
1538,Cc1ccc2nc3c(ccc4ccccc34)c(C)c2c1,Cc1ccc2nc3c(ccc4ccccc43)c(C)c2c1,1
5995,Cc1cc(N)c(cc1N)[N+](=O)[O-],Cc1cc(N)c([N+](=O)[O-])cc1N,1
3218,NCCc1c[nH]c2ccc(O)cc12,NCCc1c[nH]c2ccc(O)cc12,0
3493,[O-][N+](=O)c1cccc2oc3ccccc3c12,O=[N+]([O-])c1cccc2oc3ccccc3c12,1
7259,CC1OC(Oc2cc(O)c3C(=O)c4c(O)cc(C)cc4C(=O)c3c2)C(O)C(O)C1O,Cc1cc(O)c2c(c1)C(=O)c1cc(OC3OC(C)C(O)C(O)C3O)cc(O)c1C2=O,1
995,COc1cccc2C(=O)c3c(O)c4CC(O)(CC(O)c4c(O)c3C(=O)c12)C(=O)CO,COc1cccc2c1C(=O)c1c(O)c3c(c(O)c1C2=O)CC(O)(C(=O)CO)CC3O,1
3848,CCCN(N=O)C(=O)N,CCCN(N=O)C(N)=O,1
7045,CCC(C)(C)C1=CC(=C(C(=C1)N3NC2=C(C=CC=C2)N3)O)C(C)(C)CC,CCC(C)(C)c1cc(N2Nc3ccccc3N2)c(O)c(C(C)(C)CC)c1,0
951,Nc1ccc2cc(cc(O)c2c1N=Nc3ccc(cc3)c4ccc(cc4)N=Nc5c(N)ccc6cc(cc(O)c56)S(=O)(=O)O)S(=O)(=O)O,Nc1ccc2cc(S(=O)(=O)O)cc(O)c2c1N=Nc1ccc(-c2ccc(N=Nc3c(N)ccc4cc(S(=O)(=O)O)cc(O)c34)cc2)cc1,1
6477,CC(C)CCCC(C)C1CCC2C3CC=C4CC(CCC4(C)C3CCC12C)OC(=O)Cc5ccc(cc5)N(CCCl)CCCl,CC(C)CCCC(C)C1CCC2C3CC=C4CC(OC(=O)Cc5ccc(N(CCCl)CCCl)cc5)CCC4(C)C3CCC12C,0
6347,CC(C)NCC(O)c1ccc2ccccc2c1,CC(C)NCC(O)c1ccc2ccccc2c1,0
2473,C\C\1=C\CCC(=C)[C@@H]2CC(C)(C)[C@@H]2CC1,C=C1CC/C=C(/C)CC[C@@H]2[C@H]1CC2(C)C,0
185,CC(C)(C)NCC(O)c1cc(Cl)c(N)c(c1)C(F)(F)F,CC(C)(C)NCC(O)c1cc(Cl)c(N)c(C(F)(F)F)c1,0
1308,CC(=O)\C=C/c1ccc2OCOc2c1,CC(=O)/C=C\c1ccc2c(c1)OCO2,0
6763,[O-][N+](=O)C1=CC=C(S1)C3NC(=O)C2=C(C=CC=C2)N3,O=C1NC(c2ccc([N+](=O)[O-])s2)Nc2ccccc21,1
5156,C1Cc2ccc3nc4ccc5ccccc5c4cc3c2C=C1,C1=Cc2c(ccc3nc4ccc5ccccc5c4cc23)CC1,1
4041,CC(C)C(N)C(=O)O,CC(C)C(N)C(=O)O,0
5082,Cc1ccc2C(=O)N3C=C(CC3C(O)Nc2c1O)\C=C\C(=O)N,Cc1ccc2c(c1O)NC(O)C1CC(/C=C/C(N)=O)=CN1C2=O,1
2959,COC(=O)Nc1nc2cc(Sc3ccccc3)ccc2[nH]1,COC(=O)Nc1nc2cc(Sc3ccccc3)ccc2[nH]1,0
5457,CCC(CCC(C)O)COC(=O)c1ccccc1C(=O)O,CCC(CCC(C)O)COC(=O)c1ccccc1C(=O)O,0
199,[O-][N+](=O)c1ccc(cc1)C(=O)ON(OCc2ccccc2)C(=O)c3ccccc3,O=C(ON(OCc1ccccc1)C(=O)c1ccccc1)c1ccc([N+](=O)[O-])cc1,1
7134,C1=CC2C(C)CC3OC(=O)C4(C)C3C(OC4(C)O)C2(C)C1=O,CC1CC2OC(=O)C3(C)C2C(OC3(C)O)C2(C)C(=O)C=CC12,0
503,CC(=O)O[C@H]([C@@H]1CO1)c2ccc3OCOc3c2,CC(=O)O[C@@H](c1ccc2c(c1)OCO2)[C@@H]1CO1,1
3875,O=C1N(CC2CO2)Sc3cc(OCC4CO4)ccc13,O=c1c2ccc(OCC3CO3)cc2sn1CC1CO1,1
682,CC1C2C(=Nc3ccccc23)N(C)c4ccccc14,CC1c2ccccc2N(C)C2=Nc3ccccc3C21,1
3005,CCN(CC)C(=O)c1cccc(C)c1,CCN(CC)C(=O)c1cccc(C)c1,0
2380,Cc1ccc(cc1)C(=O)ON(OCc2ccccc2)C(=O)c3ccccc3,Cc1ccc(C(=O)ON(OCc2ccccc2)C(=O)c2ccccc2)cc1,1
1806,NNc1ccc(cc1[N+](=O)[O-])[N+](=O)[O-],NNc1ccc([N+](=O)[O-])cc1[N+](=O)[O-],1
174,Cc1ccc(cc1)S(=O)(=O)NN,Cc1ccc(S(=O)(=O)NN)cc1,1
330,CC1(C)CCC2(CCC3(C)C(=CCC4C5(C)CC(O)C(OC6OC(CO)C(O)C(O)C6O)C(C)(C5CCC34C)C(=O)O)C2C1)C(=O)O,CC1(C)CCC2(C(=O)O)CCC3(C)C(=CCC4C5(C)CC(O)C(OC6OC(CO)C(O)C(O)C6O)C(C)(C(=O)O)C5CCC43C)C2C1,0
4468,CC(C)CCCCCCCOC(=O)C(=C)C,C=C(C)C(=O)OCCCCCCCC(C)C,0
3667,Cc1c(cccc1[N+](=O)[O-])[N+](=O)[O-],Cc1c([N+](=O)[O-])cccc1[N+](=O)[O-],1
6242,Cn1c(N)nc2ccccc12,Cn1c(N)nc2ccccc21,1
6046,N(c1ccccc1)c2ccccc2,c1ccc(Nc2ccccc2)cc1,0
612,CC(=CCC\C(=C/CC\C(=C/CC\C=C(\C)/CC\C=C(\C)/CCC=C(C)C)\C)\C)C,CC(C)=CCC/C(C)=C\CC/C(C)=C\CC/C=C(/C)CC/C=C(/C)CCC=C(C)C,0
6222,CN(C)c1ccc(\C=C\c2ccccc2)cc1,CN(C)c1ccc(/C=C/c2ccccc2)cc1,1
4510,N#Cc1ccccc1,N#Cc1ccccc1,0
6960,NC(=O)CN1CC(O)CC1=O,NC(=O)CN1CC(O)CC1=O,0
4674,CCc1cccc2cccnc12,CCc1cccc2cccnc12,1
331,OC(=O)CCC(=O)Nc1ccc(Cl)cc1,O=C(O)CCC(=O)Nc1ccc(Cl)cc1,0
4894,CC(C)CCCCCOC(=O)C=C,C=CC(=O)OCCCCCC(C)C,0
1655,COc1ccc(cc1)[N+](=O)[O-],COc1ccc([N+](=O)[O-])cc1,1
3377,CN(Cc1ccccc1)N=O,CN(Cc1ccccc1)N=O,1
5274,CC(=O)OC1CC2C3(C)CCCC(C)(C)C3CCC2(C)C4CC=C(C=O)C(C=O)C14C,CC(=O)OC1CC2C3(C)CCCC(C)(C)C3CCC2(C)C2CC=C(C=O)C(C=O)C12C,0
6323,COc1cccc(c1)C(=O)CBr,COc1cccc(C(=O)CBr)c1,0
1632,Cc1cc2ncccc2c3ncn(C)c13,Cc1cc2ncccc2c2ncn(C)c12,0
3470,OCCN(CCO)c1ccc(cc1O)[N+](=O)[O-],O=[N+]([O-])c1ccc(N(CCO)CCO)c(O)c1,1
1920,COc1cc2ccnc3C(=O)c4ccccc4c(c1OC)c23,COc1cc2ccnc3c2c(c1OC)-c1ccccc1C3=O,1
645,COCCOC(=O)C=C,C=CC(=O)OCCOC,0
6295,CCOC(=O)N(C)C,CCOC(=O)N(C)C,1
5412,Oc1c(cc(c(O)c1[N+](=O)[O-])[N+](=O)[O-])[N+](=O)[O-],O=[N+]([O-])c1cc([N+](=O)[O-])c(O)c([N+](=O)[O-])c1O,0
158,CCCON=O,CCCON=O,1
2275,Nc1ccc2C(=O)NSc2c1,Nc1ccc2c(=O)[nH]sc2c1,0
5220,ClC1=C(Cl)C(=O)OC1,O=C1OCC(Cl)=C1Cl,1
5335,Nc1ccccc1Cl,Nc1ccccc1Cl,0
2944,Cc1cccc(N=Nc2c(O)ccc3ccccc23)c1C,Cc1cccc(N=Nc2c(O)ccc3ccccc23)c1C,0
151,CC1(C)OC1COc2c3OC(=O)C=Cc3cc4ccoc24,CC1(C)OC1COc1c2occc2cc2ccc(=O)oc12,0
6675,[O-][N+](=O)C3=C2C=CC1=CC=CC4=C1C2=C(C=C3)C5OC45,O=[N+]([O-])c1ccc2c3c1ccc1cccc(c13)C1OC21,1
3560,CC(=N)S,CC(=N)S,0
1893,COc1ccc(cc1OC)C(=O)N2CCN(CC2)c3ccc4NC(=O)CCc4c3,COc1ccc(C(=O)N2CCN(c3ccc4c(c3)CCC(=O)N4)CC2)cc1OC,0
4747,CC(=O)\N=C\1/SN(C(=O)C)c2ccc(cc12)[N+](=O)[O-],CC(=O)/N=c1\sn(C(C)=O)c2ccc([N+](=O)[O-])cc12,1
3575,Nc1ccc(\C=C\c2cccc(c2)C#N)cc1,N#Cc1cccc(/C=C/c2ccc(N)cc2)c1,1
3085,[O-][N+](=O)c1ccc2C(=O)NNC(=O)c2c1,O=c1[nH][nH]c(=O)c2cc([N+](=O)[O-])ccc12,1
4030,CC1(C)CCCC2(C)C1CCC3(C)C2CC=C(C=O)C3C=O,CC1(C)CCCC2(C)C1CCC1(C)C(C=O)C(C=O)=CCC12,0
1579,Nc1ccc(c2ccc(cc2N)[N+](=O)[O-])c(c1)[N+](=O)[O-],Nc1ccc(-c2ccc([N+](=O)[O-])cc2N)c([N+](=O)[O-])c1,1
1306,Nc1ccc(cc1)C(=C2C=CC(=N)C=C2)c3ccc(N)cc3,N=C1C=CC(=C(c2ccc(N)cc2)c2ccc(N)cc2)C=C1,1
1634,CC(C)CNc1snc2ccccc12,CC(C)CNc1snc2ccccc12,0
3873,O=C=NC1CCCCC1,O=C=NC1CCCCC1,0
409,O=C(Nc1ccccc1)Nc2snc3ccccc23,O=C(Nc1ccccc1)Nc1snc2ccccc12,0
7048,OC(=O)CC(Cl)C(O)=O,O=C(O)CC(Cl)C(=O)O,0
7040,CCC(C)C1=C(C=CC=C1)O,CCC(C)c1ccccc1O,0
6588,[N-]=[N+]=C1C=CC(=O)C=C1,[N-]=[N+]=C1C=CC(=O)C=C1,1
1159,CC(N)(CN=[N+]=[N-])C(=O)O,CC(N)(CN=[N+]=[N-])C(=O)O,1
1031,Oc1ccc(\C=N\c2snc3c(Cl)cc(Cl)cc23)cc1,Oc1ccc(/C=N/c2snc3c(Cl)cc(Cl)cc23)cc1,1
3821,C[n+]1c2ccccc2c(N)c3ccccc13,C[n+]1c2ccccc2c(N)c2ccccc21,1
2006,Nc1nc(nc2c1ncn2C3OC(CO)C(O)C3O)c4ccc(cc4)[N+](=O)[O-],Nc1nc(-c2ccc([N+](=O)[O-])cc2)nc2c1ncn2C1OC(CO)C(O)C1O,1
2778,CCCCCCC=C,C=CCCCCCC,0
7168,C1Cc2c(cc3ccc4cccc5ccc2c3c45)C2OC12,c1cc2ccc3cc4c(c5ccc(c1)c2c35)CCC1OC41,1
2208,CC(=O)c1cccc(c1)[N+](=O)[O-],CC(=O)c1cccc([N+](=O)[O-])c1,1
1962,Cc1cc(C)c(cc1N=Nc2cc(c3ccccc3c2O)S(=O)(=O)O)S(=O)(=O)O,Cc1cc(C)c(S(=O)(=O)O)cc1N=Nc1cc(S(=O)(=O)O)c2ccccc2c1O,0
1991,CC1(C)CC2C=C(C=O)C34CC3(C2C1)C(=O)OC4O,CC1(C)CC2C=C(C=O)C34CC3(C(=O)OC4O)C2C1,1
3993,ClCCN(CCCl)c1ccc2ccccc2c1,ClCCN(CCCl)c1ccc2ccccc2c1,1
5984,CN(C)CCNC(=O)c1cccc2C(=O)c3ccccc3Oc12,CN(C)CCNC(=O)c1cccc2c(=O)c3ccccc3oc12,1
1418,COc1ccc2nc3cc(Cl)ccc3c(NCCCNCCCl)c2n1,COc1ccc2nc3cc(Cl)ccc3c(NCCCNCCCl)c2n1,1
4722,Clc1ccc(CC2CO2)cc1,Clc1ccc(CC2CO2)cc1,1
1887,Cc1ccc(C)c(C)c1,Cc1ccc(C)c(C)c1,0
1029,CCC1(C)CO1,CCC1(C)CO1,0
4518,CCCCCCCCCCCCCCCCCC[N+](C)(C)Cc1ccccc1,CCCCCCCCCCCCCCCCCC[N+](C)(C)Cc1ccccc1,0
2526,Nc1nc(NO)c2ncn(C3OC(CO)C(O)C3O)c2n1,Nc1nc(NO)c2ncn(C3OC(CO)C(O)C3O)c2n1,1
1672,CC\C(=C(\CC)/c1ccc(O)cc1)\c2ccc(O)cc2,CC/C(=C(/CC)c1ccc(O)cc1)c1ccc(O)cc1,0
3501,CCCOC(=O)c1ccc(O)cc1,CCCOC(=O)c1ccc(O)cc1,0
6527,ClC(Cl)Br,ClC(Cl)Br,1
1196,CN(C)CCNC(=O)c1cccc2Oc3ccccc3Oc12,CN(C)CCNC(=O)c1cccc2c1Oc1ccccc1O2,1
1604,CC(=C)C1CCC(=C)C2C1C=C(C)C(=O)C3=C2C(=O)C(C)(O)C3,C=C(C)C1CCC(=C)C2C3=C(CC(C)(O)C3=O)C(=O)C(C)=CC12,0
5265,Cc1ccc2ccc3ccccc3c2c1C,Cc1ccc2ccc3ccccc3c2c1C,0
4898,Fc1ccc(cc1)C(=O)CCCN2CCN(CC2)c3ccccn3,O=C(CCCN1CCN(c2ccccn2)CC1)c1ccc(F)cc1,0
2383,OCc1ccc(Cl)cc1,OCc1ccc(Cl)cc1,0
5623,CC[C@@H](C)Nc1ccc(N[C@H](C)CC)cc1,CC[C@@H](C)Nc1ccc(N[C@H](C)CC)cc1,0
7066,CCCCCCCCCCCCCCCC(=O)OCC(O)C1=C(C(=C(O1)O)O)O,CCCCCCCCCCCCCCCC(=O)OCC(O)c1oc(O)c(O)c1O,0
2117,OC1C=Cc2c(ccc3c4CCC(=O)c4ccc23)C1O,O=C1CCc2c1ccc1c3c(ccc21)C(O)C(O)C=C3,1
4640,CCC(Br)(CC)C(=O)NC(=O)N,CCC(Br)(CC)C(=O)NC(N)=O,0
4900,CCC(Cl)CC(Cl)CC(C)Cl,CCC(Cl)CC(Cl)CC(C)Cl,0
5813,CCCC[C@@H](CC)COC(=O)CCCCC(=O)O,CCCC[C@@H](CC)COC(=O)CCCCC(=O)O,0
104,Cc1ccccc1N,Cc1ccccc1N,1
1731,O[C@@H]([C@H](O)C(=O)O)C(=O)O,O=C(O)C(O)C(O)C(=O)O,0
861,CCCCCNCCCCC,CCCCCNCCCCC,0
3315,CC(C)(C)c1ccc(cc1)c2ccc(NO)cc2,CC(C)(C)c1ccc(-c2ccc(NO)cc2)cc1,1
817,COc1cc(\C=C\C(=O)OC2CCC34CC35CCC6(C)C(CCC6(C)C5CCC4C2(C)C)C(C)CCC=C(C)C)ccc1O,COc1cc(/C=C/C(=O)OC2CCC34CC35CCC3(C)C(C(C)CCC=C(C)C)CCC3(C)C5CCC4C2(C)C)ccc1O,0
4981,Nc1cc(c2cccc(c2c1)S(=O)(=O)O)S(=O)(=O)O,Nc1cc(S(=O)(=O)O)c2cccc(S(=O)(=O)O)c2c1,0
6045,CC1(CO1)C(=O)N,CC1(C(N)=O)CO1,1
3581,O=NN1CCCCCCCCCCCC1,O=NN1CCCCCCCCCCCC1,1
1936,CC1C=C(C=O)C(C=O)C(O)C2CC(C)(C)CC12,CC1C=C(C=O)C(C=O)C(O)C2CC(C)(C)CC12,0
628,C1CN2CCN1CC2,C1CN2CCN1CC2,0
5744,Oc1c(N=Nc2ccc(cc2)S(=O)(=O)O)c3ccc(cc3cc1S(=O)(=O)O)S(=O)(=O)O,O=S(=O)(O)c1ccc(N=Nc2c(O)c(S(=O)(=O)O)cc3cc(S(=O)(=O)O)ccc23)cc1,1
6633,CC(Br)CBr,CC(Br)CBr,1
1695,C[n+]1cccc2[C@@H]3O[C@@H]3C=Cc12,C[n+]1cccc2c1C=C[C@H]1O[C@@H]21,1
5189,COc1cc2c(CCNC(=O)C)c[nH]c2cc1O,COc1cc2c(CCNC(C)=O)c[nH]c2cc1O,0
3405,FC(F)(F)[C@H](Cl)Br,FC(F)(F)[C@H](Cl)Br,0
5435,Cc1ccc(Cl)cc1N,Cc1ccc(Cl)cc1N,0
5569,Oc1[nH]nc2ccccc12,Oc1[nH]nc2ccccc12,0
1401,NC(=O)c1ccccc1,NC(=O)c1ccccc1,0
3142,CS(=O)(=O)OC[C@@H](O)[C@H](O)COS(=O)(=O)C,CS(=O)(=O)OC[C@@H](O)[C@H](O)COS(C)(=O)=O,1
1416,Nc1ccc(cc1)S(=O)(=O)Nc2cnc3c(Cl)cccc3n2,Nc1ccc(S(=O)(=O)Nc2cnc3c(Cl)cccc3n2)cc1,0
3042,c1ccc(cc1)c2ccccc2c3ccccc3,c1ccc(-c2ccccc2-c2ccccc2)cc1,0
4584,ClC[C@H](Cl)CBr,ClC[C@H](Cl)CBr,1
7261,C(C1CO1)c1ccc2OCOc2c1,c1cc2c(cc1CC1CO1)OCO2,1
1075,O=C(CN1C(=O)Sc2ccccc12)OCc3ccccc3,O=C(Cn1c(=O)sc2ccccc21)OCc1ccccc1,0
6110,CC1(C)C(C=C(Cl)Cl)C1C(=O)OC(C#N)c2cccc(Oc3ccccc3)c2,CC1(C)C(C=C(Cl)Cl)C1C(=O)OC(C#N)c1cccc(Oc2ccccc2)c1,0
4796,Cc1ncc([N+](=O)[O-])n1CC(=O)O,Cc1ncc([N+](=O)[O-])n1CC(=O)O,1
2314,Cc1ccc(cc1N)C(=O)O,Cc1ccc(C(=O)O)cc1N,1
5343,ClCCl,ClCCl,1
62,Nc1ccc(Nc2ccccc2)cc1,Nc1ccc(Nc2ccccc2)cc1,0
109,CN(C)CCN(Cc1ccccc1)c2ccccn2,CN(C)CCN(Cc1ccccc1)c1ccccn1,0
1902,C[C@@H]1C[C@H]2OC(=O)C(=C)[C@H]2[C@H](O)[C@]3(C)[C@H]1C=CC3=O,C=C1C(=O)O[C@@H]2C[C@@H](C)[C@@H]3C=CC(=O)[C@]3(C)[C@@H](O)[C@H]12,0
2210,Cc1c2ccccc2c(CO)c3ccccc13,Cc1c2ccccc2c(CO)c2ccccc12,1
3859,CN(C)C(=O)C,CC(=O)N(C)C,0
7055,CCCCC(CC)COCCC#N,CCCCC(CC)COCCC#N,0
4442,CCCC[C@@H](CC)COC(=O)c1ccccc1C(=O)OC[C@H](CC)CCCC,CCCC[C@@H](CC)COC(=O)c1ccccc1C(=O)OC[C@H](CC)CCCC,0
1680,OC(=O)CNC(=O)c1ccc(cc1)[N+](=O)[O-],O=C(O)CNC(=O)c1ccc([N+](=O)[O-])cc1,1
4160,CNC(=O)N(C)c1nc2ccccc2s1,CNC(=O)N(C)c1nc2ccccc2s1,0
5559,CN(C)CCNC(=O)c1cccc2c(N)c3ccccc3nc12,CN(C)CCNC(=O)c1cccc2c(N)c3ccccc3nc12,1
2288,CCN(CC)[N+](=NO)[O-],CCN(CC)[N+]([O-])=NO,1
4787,CN(C)C=O,CN(C)C=O,0
6442,CCCN(N=O)C(=N)NN(O)O,CCCN(N=O)C(=N)NN(O)O,1
3172,NC(=O)c1ncn(n1)[C@@H]2O[C@H](CO)[C@@H](O)[C@H]2O,NC(=O)c1ncn([C@@H]2O[C@H](CO)[C@@H](O)[C@H]2O)n1,0
2349,COP(=O)(OC)N1CCOCC1,COP(=O)(OC)N1CCOCC1,0
6036,CC(C)Nc1ccccc1,CC(C)Nc1ccccc1,0
2304,Nc1snc2ccc(Cl)cc12,Nc1snc2ccc(Cl)cc12,1
7267,CC(=O)NBr,CC(=O)NBr,0
2868,COS(=O)(=O)C,COS(C)(=O)=O,1
5225,OCc1ccc(O)cc1,OCc1ccc(O)cc1,0
6458,CN(N=O)C(=O)NC(C=O)C(O)C(O)C(O)CO,CN(N=O)C(=O)NC(C=O)C(O)C(O)C(O)CO,1
432,CCCC[C@@H](CC)COC(=O)c1ccc(N(C)C)c(c1)[N+](=O)[O-],CCCC[C@@H](CC)COC(=O)c1ccc(N(C)C)c([N+](=O)[O-])c1,1
5534,Nc1c(N=Nc2ccc(cc2)c3ccc(cc3)N=Nc4ccc(O)cc4)c(cc5cc(c(N=Nc6ccccc6)c(O)c15)S(=O)(=O)O)S(=O)(=O)O,Nc1c(N=Nc2ccc(-c3ccc(N=Nc4ccc(O)cc4)cc3)cc2)c(S(=O)(=O)O)cc2cc(S(=O)(=O)O)c(N=Nc3ccccc3)c(O)c12,1
2762,ClC(Cl)(Cl)C[C@H]1CO1,ClC(Cl)(Cl)C[C@H]1CO1,1
4,O=C1NC(=O)C(C=N1)=N#N,[N-]=[N+]=C1C=NC(=O)NC1=O,1
3720,Fc1ccc2ccccc2n1,Fc1ccc2ccccc2n1,0
2154,O=C1N(SC2CCCCC2)C(=O)c3ccccc13,O=C1c2ccccc2C(=O)N1SC1CCCCC1,0
2127,Nc1ccnc2ccccc12,Nc1ccnc2ccccc12,0
4229,Cc1cnc2ccccc2c1,Cc1cnc2ccccc2c1,1
6164,OCC1OC(C(O)C1O)n2cnc3c2ncn4ccnc34,OCC1OC(n2cnc3c2ncn2ccnc32)C(O)C1O,0
6058,CN(CCCC(=O)c1cccnc1)N=O,CN(CCCC(=O)c1cccnc1)N=O,1
2470,OCc1c(cccc1[N+](=O)[O-])[N+](=O)[O-],O=[N+]([O-])c1cccc([N+](=O)[O-])c1CO,0
4348,Cc1ccc2cccc(c2c1)[N+](=O)[O-],Cc1ccc2cccc([N+](=O)[O-])c2c1,1
684,Oc1c(Cl)cc(Cl)cc1S(=O)c2cc(Cl)cc(Cl)c2O,[O-][S+](c1cc(Cl)cc(Cl)c1O)c1cc(Cl)cc(Cl)c1O,1
1868,CCN(CC[N+](C)(C)C)c1ccc(cc1)N=Nc2ccc(cc2Cl)[N+](=O)[O-],CCN(CC[N+](C)(C)C)c1ccc(N=Nc2ccc([N+](=O)[O-])cc2Cl)cc1,1
2367,[O-][N+](=O)c1cnc(s1)N2CCCC2=O,O=C1CCCN1c1ncc([N+](=O)[O-])s1,1
253,CCCCCCCCc1ccc(Nc2ccc(CCCCCCCC)cc2)cc1,CCCCCCCCc1ccc(Nc2ccc(CCCCCCCC)cc2)cc1,0
1764,CCOC(=O)c1[nH]c2ccccc2c1\N=C\c3cc(OC)c(OC)c(OC)c3,CCOC(=O)c1[nH]c2ccccc2c1/N=C/c1cc(OC)c(OC)c(OC)c1,1
2460,COc1cc(N=Nc2ccc(N)cc2)c(C)cc1N=Nc3c(O)c4cc(N)ccc4cc3S(=O)(=O)O,COc1cc(N=Nc2ccc(N)cc2)c(C)cc1N=Nc1c(S(=O)(=O)O)cc2ccc(N)cc2c1O,1
4098,COc1ccc2[C@H](OC(=O)c2c1OC)[C@@H]3N(C)CCc4cc5OCOc5cc34,COc1ccc2c(c1OC)C(=O)O[C@@H]2[C@H]1c2cc3c(cc2CCN1C)OCO3,0
1857,CC(=O)N(O)c1ccc(Cl)c(Cl)c1,CC(=O)N(O)c1ccc(Cl)c(Cl)c1,0
2946,Nc1nc(N)nc(n1)c2oc(cc2)[N+](=O)[O-],Nc1nc(N)nc(-c2ccc([N+](=O)[O-])o2)n1,1
148,CN(C)N=Nc1ccc(cc1)C(=O)O,CN(C)N=Nc1ccc(C(=O)O)cc1,0
882,Clc1ccc(C=O)cc1Cl,O=Cc1ccc(Cl)c(Cl)c1,0
4899,COc1ccc(CNCC(O)COc2ccc3nc(O)ccc3c2)cc1OC,COc1ccc(CNCC(O)COc2ccc3nc(O)ccc3c2)cc1OC,0
197,CC(C)CC(NC(=O)C(Cc1ccccc1)NC(=O)CNC(=O)CN)C(=O)O,CC(C)CC(NC(=O)C(Cc1ccccc1)NC(=O)CNC(=O)CN)C(=O)O,0
6494,Oc1ccc2C3c4cc(O)c(O)cc4CC3(O)COc2c1O,Oc1cc2c(cc1O)C1c3ccc(O)c(O)c3OCC1(O)C2,0
1094,OC(=O)c1ccccc1C2=C3C=C(Br)C(=O)C(=C3Oc4c(Br)c(O)c(Br)cc24)Br,O=C(O)c1ccccc1-c1c2cc(Br)c(=O)c(Br)c-2oc2c(Br)c(O)c(Br)cc12,1
2787,CN(C)CCN(Cc1cccs1)c2ccccn2,CN(C)CCN(Cc1cccs1)c1ccccn1,0
7230,CCCCN(CC(O)CCO)N=O,CCCCN(CC(O)CCO)N=O,1
478,Nc1ccc2ccc3ccccc3c2c1,Nc1ccc2ccc3ccccc3c2c1,1
1409,Nc1cccc(N)n1,Nc1cccc(N)n1,1
592,CC(=O)ON(OCc1ccc(cc1)[N+](=O)[O-])C(=O)c2ccccc2,CC(=O)ON(OCc1ccc([N+](=O)[O-])cc1)C(=O)c1ccccc1,1
3302,[O-][N+](=O)c1ccc2c(c1)[nH]c3ccccc23,O=[N+]([O-])c1ccc2c(c1)[nH]c1ccccc12,1
1801,COP(=O)(OC)C(OC(=O)CCl)C(Cl)(Cl)Cl,COP(=O)(OC)C(OC(=O)CCl)C(Cl)(Cl)Cl,0
7199,OC(=O)C1=CCCN(C1)N=O,O=NN1CCC=C(C(=O)O)C1,1
3089,OCC1OC(CC1O)N2C=CC(=O)NC2=O,O=c1ccn(C2CC(O)C(CO)O2)c(=O)[nH]1,0
7172,OCC1OC(Oc2ccc(O)c3C(=O)c4ccccc4C(=O)c23)C(O)C(O)C1O,O=C1c2ccccc2C(=O)c2c(OC3OC(CO)C(O)C(O)C3O)ccc(O)c21,1
2625,C[C@@H]1OCCc2cc3c(cc12)C(C)(C)[C@@H](C)C3(C)C,C[C@@H]1OCCc2cc3c(cc21)C(C)(C)[C@@H](C)C3(C)C,0
6041,CC(=CCC\C(=C/C=O)\C)C,CC(C)=CCC/C(C)=C\C=O,0
1422,CN(C)CCNC(=O)c1cccc2ncc(nc12)c3ccccc3,CN(C)CCNC(=O)c1cccc2ncc(-c3ccccc3)nc12,1
2375,CC(COC(=O)c1ccccc1)(COC(=O)c2ccccc2)COC(=O)c3ccccc3,CC(COC(=O)c1ccccc1)(COC(=O)c1ccccc1)COC(=O)c1ccccc1,0
4448,ONc1ncnc2c1ncn2Cc3ccccc3,ONc1ncnc2c1ncn2Cc1ccccc1,1
4814,[O-][N+](=O)c1ccc2sncc2c1,O=[N+]([O-])c1ccc2sncc2c1,1
802,C1O[C@@H]1c2ccc(cc2)c3ccccc3,c1ccc(-c2ccc([C@@H]3CO3)cc2)cc1,1
5436,C1COCCOCCOCCOCCOCCOCCO1,C1COCCOCCOCCOCCOCCOCCO1,0
2232,CC(=O)N(O)c1ccc(Cl)cc1,CC(=O)N(O)c1ccc(Cl)cc1,0
5122,OC(=O)c1c(Cl)cccc1Cl,O=C(O)c1c(Cl)cccc1Cl,0
3054,CN(C)Nc1nc(cs1)c2oc(cc2)[N+](=O)[O-],CN(C)Nc1nc(-c2ccc([N+](=O)[O-])o2)cs1,1
1091,Cc1cncc(C)n1,Cc1cncc(C)n1,1
6622,CC(C)(C)OC(=O)C(N)CN=[N+]=[N-],CC(C)(C)OC(=O)C(N)CN=[N+]=[N-],1
762,[O-][N+](=O)c1ccccc1C(F)(F)F,O=[N+]([O-])c1ccccc1C(F)(F)F,0
4749,OS(=O)(=O)OCc1cc2ccccc2c3ccc4ccccc4c13,O=S(=O)(O)OCc1cc2ccccc2c2ccc3ccccc3c12,1
832,Clc1ccc(cc1)N2C(=O)CCC2=O,O=C1CCC(=O)N1c1ccc(Cl)cc1,0
306,OC(=O)C(=O)C(=O)O,O=C(O)C(=O)C(=O)O,0
3770,CC(C)(C)OC(=O)NC(CN=N#N)C(=O)OC(C)(C)C,CC(C)(C)OC(=O)NC(CN=[N+]=[N-])C(=O)OC(C)(C)C,1
2957,CC(=C)[C@@H]1CC=C(C)[C@@H](O)C1,C=C(C)[C@@H]1CC=C(C)[C@@H](O)C1,0
3551,COc1ccc(CN(CC[N+](C)(C)[O-])c2ccccn2)cc1,COc1ccc(CN(CC[N+](C)(C)[O-])c2ccccn2)cc1,0
6524,Cc1nc(N)cc2[nH]c3ccccc3c12,Cc1nc(N)cc2[nH]c3ccccc3c12,1
7073,ClC1=CC3=C(C=C1)N2C=NNC2=CN=C3C4=CC=CC=C4,Clc1ccc2c(c1)C(c1ccccc1)=NC=C1NN=CN12,0
6785,NC(CCC(=O)NC(CSC(Cl)=C(Cl)Cl)C(=O)NCC(O)=O)C(O)=O,NC(CCC(=O)NC(CSC(Cl)=C(Cl)Cl)C(=O)NCC(=O)O)C(=O)O,1
7130,N(CC)(CC)C(=S)S,CCN(CC)C(=S)S,0
1474,Nc1cc(c(N)cc1Cl)[N+](=O)[O-],Nc1cc([N+](=O)[O-])c(N)cc1Cl,1
6581,N1C4C1C2=C(C=CC3=CC=CC=C23)C5=C4C=CC=C5,c1ccc2c(c1)-c1ccc3ccccc3c1C1NC21,1
3810,CCOc1cccc(N)c1,CCOc1cccc(N)c1,1
3073,Cc1cc(c(C)c2c3cc(O)ccc3[nH]c12)[N+](=O)[O-],Cc1cc([N+](=O)[O-])c(C)c2c1[nH]c1ccc(O)cc12,1
2348,CC1c2ccccc2c3cc(C)ccc13,Cc1ccc2c(c1)-c1ccccc1C2C,1
6489,CC12CCC3C(CCc4cc(O)ccc34)C2CCC1O,CC12CCC3c4ccc(O)cc4CCC3C1CCC2O,0
1535,C[C@@H](CN(C[C@H](C)OC(=O)C)N=O)OC(=O)C,CC(=O)O[C@@H](C)CN(C[C@H](C)OC(C)=O)N=O,1
3376,COc1ccc2C[C@@H]3[C@@H]4C=C[C@H](O)[C@H]5Oc1c2[C@]45CCN3C,COc1ccc2c3c1O[C@@H]1[C@@H](O)C=C[C@H]4[C@@H](C2)N(C)CC[C@]314,0
5475,CCSCCOP(=S)(OC)OC,CCSCCOP(=S)(OC)OC,0
6217,CCOC(=O)C(CCc1ccccc1)NC(C)C(=O)N2C3CCCCC3CC2C(=O)O,CCOC(=O)C(CCc1ccccc1)NC(C)C(=O)N1C(C(=O)O)CC2CCCCC21,0
1690,C(OCC1CCC2OC2C1)C3CCC4OC4C3,C1CC2OC2CC1COCC1CCC2OC2C1,1
2225,CCCCC(C)C(OC(=O)CC(CC(=O)O)C(=O)O)C(CC(C)CC(O)CCCCC(O)CC(O)C(C)N)OC(=O)CC(CC(=O)O)C(=O)O,CCCCC(C)C(OC(=O)CC(CC(=O)O)C(=O)O)C(CC(C)CC(O)CCCCC(O)CC(O)C(C)N)OC(=O)CC(CC(=O)O)C(=O)O,0
6201,NC1=N[C@@H](CS1)C(=O)O,NC1=N[C@H](C(=O)O)CS1,0
7242,OC1C(O)C(OC(C1O)C(=O)O)N(O)c1ccc(cc1)c1ccccc1,O=C(O)C1OC(N(O)c2ccc(-c3ccccc3)cc2)C(O)C(O)C1O,1
92,COC(=O)C=C,C=CC(=O)OC,0
4380,OC1=C(O)C(=O)C1=O,O=c1c(O)c(O)c1=O,0
1154,CCO[P@](=O)(NC(C)C)Oc1ccc(SC)c(C)c1,CCO[P@](=O)(NC(C)C)Oc1ccc(SC)c(C)c1,0
3726,COc1ccc(C=O)cc1OC,COc1ccc(C=O)cc1OC,0
5591,COc1ccc(CN(CCN(C)C)c2ncccn2)cc1,COc1ccc(CN(CCN(C)C)c2ncccn2)cc1,0
6578,OCC4OC(OC2=C1C(C3=C(OC1=CC(=C2)O)C(=CC=C3O)O)=O)C(O)C(O)C4O,O=c1c2c(OC3OC(CO)C(O)C(O)C3O)cc(O)cc2oc2c(O)ccc(O)c12,1
6413,COC(=O)Nc1nc2ccccc2[nH]1,COC(=O)Nc1nc2ccccc2[nH]1,1
1882,CCC[CH-][N+](=O)[O-],CCC[CH-][N+](=O)[O-],0
2611,OC(CN=N#N)c1ccccc1,[N-]=[N+]=NCC(O)c1ccccc1,1
6361,CCOC(=O)CNC(=O)C(C)(C)Br,CCOC(=O)CNC(=O)C(C)(C)Br,0
1574,c1ccc2cc3c(ccc4ccncc34)cc2c1,c1ccc2cc3c(ccc4ccncc43)cc2c1,1
1172,Cc1cc(C)nc(NS(=O)(=O)c2ccc(N)cc2)n1,Cc1cc(C)nc(NS(=O)(=O)c2ccc(N)cc2)n1,0
3083,CC(=O)OCc1c2ccccc2c3ccc4cccc5ccc1c3c45,CC(=O)OCc1c2ccccc2c2ccc3cccc4ccc1c2c43,1
6423,OC(CBr)C(O)C(O)C(O)CBr,OC(CBr)C(O)C(O)C(O)CBr,1
1062,CC1=CN(C2CC(O)C(CO)O2)C(=O)NC1=O,Cc1cn(C2CC(O)C(CO)O2)c(=O)[nH]c1=O,0
1175,ONc1ccc2ccccc2c1,ONc1ccc2ccccc2c1,1
2469,[O-][N+](=O)c1ccc(\C=N\c2snc3c(Cl)cc(Cl)cc23)cc1,O=[N+]([O-])c1ccc(/C=N/c2snc3c(Cl)cc(Cl)cc23)cc1,1
4494,Oc1cccc2Cc3cc(ccc3c12)[N+](=O)[O-],O=[N+]([O-])c1ccc2c(c1)Cc1cccc(O)c1-2,1
3155,OC1CCC(O)(CN(CC(=O)O)N=O)C(O)C1O,O=NN(CC(=O)O)CC1(O)CCC(O)C(O)C1O,0
4978,COC(=O)c1ccc(CN(C)N=O)cc1,COC(=O)c1ccc(CN(C)N=O)cc1,0
5046,Oc1ccc(\C=N\c2snc3ccccc23)cc1,Oc1ccc(/C=N/c2snc3ccccc23)cc1,1
3896,COc1cc(ccc1N=Nc2cc(c3ccccc3c2O)S(=O)(=O)O)c4ccc(N=Nc5c(O)c6ccc(N)cc6cc5S(=O)(=O)O)c(OC)c4,COc1cc(-c2ccc(N=Nc3c(S(=O)(=O)O)cc4cc(N)ccc4c3O)c(OC)c2)ccc1N=Nc1cc(S(=O)(=O)O)c2ccccc2c1O,1
1598,[O-][N+](=O)c1oc(C(=O)CBr)c(c2ccccc2)c1c3ccccc3,O=C(CBr)c1oc([N+](=O)[O-])c(-c2ccccc2)c1-c1ccccc1,1
2179,Cc1ccc(C=O)cc1,Cc1ccc(C=O)cc1,0
4823,[O-][N+](=O)c1ccc2ccc3nc4ccccc4c5ccc1c2c35,O=[N+]([O-])c1ccc2ccc3nc4ccccc4c4ccc1c2c34,1
1998,CC(C)[C@H]1CC[C@H](C)C[C@@H]1O,CC(C)[C@H]1CC[C@H](C)C[C@@H]1O,0
4811,CCC(=O)N(O)c1ccc2ccccc2c1,CCC(=O)N(O)c1ccc2ccccc2c1,1
4991,CC=O,CC=O,0
4515,CC(CNC(=O)c1cccnc1)NC(=O)c2cccnc2,CC(CNC(=O)c1cccnc1)NC(=O)c1cccnc1,0
4207,OC(=O)COc1ccccc1,O=C(O)COc1ccccc1,0
6495,CC1OC=C2C(=C(C(=O)O)C(=O)C(=C2C1C)C)O,CC1=C2C(=COC(C)C2C)C(O)=C(C(=O)O)C1=O,0
5870,Cc1cc(ccc1N)c2ccc(N)c(C)c2,Cc1cc(-c2ccc(N)c(C)c2)ccc1N,1
6098,CC1C2C(=Nc3ccc(C)cc23)N(C)c4ccc(C)cc14,Cc1ccc2c(c1)C(C)C1C(=Nc3ccc(C)cc31)N2C,1
1144,Nc1ccc2cc(cc(O)c2c1N=Nc3ccc(cc3S(=O)(=O)O)[N+](=O)[O-])S(=O)(=O)O,Nc1ccc2cc(S(=O)(=O)O)cc(O)c2c1N=Nc1ccc([N+](=O)[O-])cc1S(=O)(=O)O,0
2102,O=Nc1ccc(Nc2ccccc2)cc1,O=Nc1ccc(Nc2ccccc2)cc1,1
4915,OC(=O)C\C(=C\C(=O)O)\C(=O)O,O=C(O)/C=C(/CC(=O)O)C(=O)O,0
4821,O=NN1CCC(=O)CC1,O=NN1CCC(=O)CC1,1
6646,C1=NC=CC(=C1)C2=CC=NC=C2,c1cc(-c2ccncc2)ccn1,1
6261,Cc1ccc2c(Cc3cc(C)ccc23)c1,Cc1ccc2c(c1)Cc1cc(C)ccc1-2,0
5938,Cc1cc(ccc1N)C(=C2C=CC(N)C=C2)c3ccc(N)cc3,Cc1cc(C(=C2C=CC(N)C=C2)c2ccc(N)cc2)ccc1N,1
3002,C1=Cc2c3ccc4cccc5ccc(c6cccc1c26)c3c45,C1=Cc2c3ccc4cccc5ccc(c6cccc1c26)c3c45,1
5592,CC(Br)C(=O)N,CC(Br)C(N)=O,1
1814,NC(CSC(F)(F)C(F)Cl)C(=O)O,NC(CSC(F)(F)C(F)Cl)C(=O)O,0
3480,OC(=O)C=O,O=CC(=O)O,1
699,CC1(C)CC(C(=O)NC(CO)C(O)CO)C(C)(C)[N+]1=O,CC1(C)CC(C(=O)NC(CO)C(O)CO)C(C)(C)[N+]1=O,0
2541,ClC(Cl)(Cl)C#N,N#CC(Cl)(Cl)Cl,1
1127,C(Oc1cccc(OC[C@H]2CO2)c1)[C@H]3CO3,c1cc(OC[C@H]2CO2)cc(OC[C@H]2CO2)c1,1
1788,OCNC(=O)CCl,O=C(CCl)NCO,0
1111,[O-][N+](=O)c1ccc(cc1)C(=O)\C=C\c2ccccc2,O=C(/C=C/c1ccccc1)c1ccc([N+](=O)[O-])cc1,1
6767,C1OC1CC2=CC=C(C=C2)CC3=CC=CC=C3,c1ccc(Cc2ccc(CC3CO3)cc2)cc1,1
2140,OC1=c2c(O)cc3cccc4ccc(c2c34)C56CCCCC15O6,OC1=c2c(O)cc3cccc4ccc(c2c43)C23CCCCC12O3,1
4138,Clc1cnc2ccccc2c1,Clc1cnc2ccccc2c1,0
4192,CNC(=S)N(C)C,CNC(=S)N(C)C,0
1058,BrCCCCBr,BrCCCCBr,1
1682,Oc1ccc2cc(cc(c2c1N=Nc3ccc(cc3)S(=O)(=O)O)S(=O)(=O)O)S(=O)(=O)O,O=S(=O)(O)c1ccc(N=Nc2c(O)ccc3cc(S(=O)(=O)O)cc(S(=O)(=O)O)c23)cc1,0
7027,CNCC1=CC=C(O1)CSCCNC(NS(C)(=O)=O)=NCC(O)C2=CC=C(C=C2)O,CNCc1ccc(CSCCNC(=NCC(O)c2ccc(O)cc2)NS(C)(=O)=O)o1,0
1919,C1CN=C(N\N=C\c2c3ccccc3c(\C=N\NC4=NCCN4)c5ccccc25)N1,C(=N/NC1=NCCN1)\c1c2ccccc2c(/C=N/NC2=NCCN2)c2ccccc12,1
5105,CC(C)CON=O,CC(C)CON=O,1
1036,CC1(CO1)c2ccc(Br)cc2,CC1(c2ccc(Br)cc2)CO1,0
1432,COc1ccc2C=CC3CCCCC3c2c1,COc1ccc2c(c1)C1CCCCC1C=C2,1
4051,CNC(=O)O\N=C/C(C)(C)SC,CNC(=O)O/N=C\C(C)(C)SC,0
2050,Cc1c2ccccc2cc3c4[C@H](O)[C@H](O)C=Cc4ccc13,Cc1c2ccccc2cc2c3c(ccc12)C=C[C@@H](O)[C@H]3O,1
4668,C1Cc2ccc3cc4CCCc5ccc6cc(C1)c2c3c6c45,c1cc2cc3c4c(ccc5cc6c(c1CCC6)c2c54)CCC3,1
3837,COS(=O)(=O)OC,COS(=O)(=O)OC,1
797,NC(=N)N=C(N)NCCc1ccccc1,N=C(N)N=C(N)NCCc1ccccc1,0
5414,C1CCCCC1,C1CCCCC1,0
3812,OC1=C(Oc2cc(O)cc(O)c2C1=O)c3ccc(O)c(O)c3,O=c1c(O)c(-c2ccc(O)c(O)c2)oc2cc(O)cc(O)c12,1
893,CC12CCC3C(CCC4=CC(=O)CCC34)C1CCC2(O)C#C,C#CC1(O)CCC2C3CCC4=CC(=O)CCC4C3CCC21C,0
2171,CC(C)(C)c1c(N)ccc2ccccc12,CC(C)(C)c1c(N)ccc2ccccc12,0
5331,C1C=C[C@@H]2[C@@H]3C[C@@H](C=C3)[C@H]12,C1=C[C@@H]2[C@H]3C=C[C@H](C3)[C@@H]2C1,0
2177,OC(=O)C1Cc2c([nH]c3ccccc23)C(Cc4ccccc4O)N1,O=C(O)C1Cc2c([nH]c3ccccc23)C(Cc2ccccc2O)N1,0
6267,ON(C=O)c1ccc(Cl)c(Cl)c1,O=CN(O)c1ccc(Cl)c(Cl)c1,0
324,[O-][N+](=O)c1ccc(c2ccccc2[N+](=O)[O-])c(c1)[N+](=O)[O-],O=[N+]([O-])c1ccc(-c2ccccc2[N+](=O)[O-])c([N+](=O)[O-])c1,1
5188,COC12OOC1(C)Oc3ccccc23,COC12OOC1(C)Oc1ccccc12,1
2172,CNc1ccc(Nc2c3ccccc3nc4ccccc24)cc1,CNc1ccc(Nc2c3ccccc3nc3ccccc23)cc1,1
2131,Oc1cccc2cc3c4ccccc4c5ccccc5c3cc12,Oc1cccc2cc3c4ccccc4c4ccccc4c3cc12,1
777,CC(=O)Nc1ccc(N)cc1,CC(=O)Nc1ccc(N)cc1,1
6344,C=Cc1ccncc1,C=Cc1ccncc1,0
6669,O[N+]([O-])=C(Cl)Cl,[O-][N+](O)=C(Cl)Cl,1
3901,OC1CCCCC1,OC1CCCCC1,0
99,CCCCN(COC(=O)C)N=O,CCCCN(COC(C)=O)N=O,1
639,Nc1c(cccc1[N+](=O)[O-])[N+](=O)[O-],Nc1c([N+](=O)[O-])cccc1[N+](=O)[O-],1
5306,Oc1c2c3ccccc3c4ccc5ccc6cccc1c6c5c24,Oc1c2c3c(ccc4ccc5cccc1c5c43)-c1ccccc1-2,0
2994,CC(=O)OCc1cccc(c1)[N+](=O)[O-],CC(=O)OCc1cccc([N+](=O)[O-])c1,0
4225,CC(C)(C)OC(=O)\C=C\c1oc(cc1)[N+](=O)[O-],CC(C)(C)OC(=O)/C=C/c1ccc([N+](=O)[O-])o1,1
4450,CC(C)(C)c1ccc(cc1)C(=O)ON(OCc2ccccc2)C(=O)c3ccccc3,CC(C)(C)c1ccc(C(=O)ON(OCc2ccccc2)C(=O)c2ccccc2)cc1,1
1668,ClC(Cl)(Cl)C=O,O=CC(Cl)(Cl)Cl,1
6964,CC2CCC1C(OC(=O)C1=C)C3(C)C(=O)CC=C23,C=C1C(=O)OC2C1CCC(C)C1=CCC(=O)C12C,0
6938,CCCCCCCCC1CO1,CCCCCCCCC1CO1,0
4481,Cc1cc(ccc1N=Nc2ccc(N)cc2)N(CCO)CCO,Cc1cc(N(CCO)CCO)ccc1N=Nc1ccc(N)cc1,0
5609,CCOC(=O)CBr,CCOC(=O)CBr,1
2193,Nc1cccc2nc3ccccc3nc12,Nc1cccc2nc3ccccc3nc12,1
5509,FC(F)(F)c1cc2C(=O)CCc2c3ccc4ccccc4c13,O=C1CCc2c1cc(C(F)(F)F)c1c2ccc2ccccc21,1
991,CCCN(CCCCO)N=O,CCCN(CCCCO)N=O,1
6233,N(c1ccccc1)c2cccc3ccccc23,c1ccc(Nc2cccc3ccccc23)cc1,0
1615,O=C1CCCCCCCCCCCC(=O)OCCO1,O=C1CCCCCCCCCCCC(=O)OCCO1,0
6114,Oc1ccc2ncccc2c1,Oc1ccc2ncccc2c1,0
4860,Br\C=C\Br,Br/C=C/Br,1
4972,CCOc1ccc(N)cc1N,CCOc1ccc(N)cc1N,1
5310,CC(=O)OCC12CCC(=CC1OC3C(O)C(OC(=O)C)C2(C)C34CO4)C,CC(=O)OCC12CCC(C)=CC1OC1C(O)C(OC(C)=O)C2(C)C12CO2,0
1590,O[C@H](CBr)[C@H](O)[C@H](O)[C@@H](O)CBr,O[C@H](CBr)[C@H](O)[C@H](O)[C@@H](O)CBr,1
4727,OC(=O)CCCOc1ccc(Cl)cc1Cl,O=C(O)CCCOc1ccc(Cl)cc1Cl,0
3502,CC(=O)N=C1C=CC(=O)C=C1,CC(=O)N=C1C=CC(=O)C=C1,0
5065,ClC(Cl)C(=O)C(Cl)Cl,O=C(C(Cl)Cl)C(Cl)Cl,1
4820,C(Cc1cccc2ccccc12)C3CO3,c1ccc2c(CCC3CO3)cccc2c1,1
5099,CNC1Cc2cccc3cccc(C1)c23,CNC1Cc2cccc3cccc(c23)C1,1
1361,NC1=NC(=O)N(C=C1)[C@@H]2O[C@H](COP(=O)(O)O[C@@H]3[C@@H](CO)O[C@H]([C@@H]3O)n4cnc5c(N)ncnc45)[C@@H](O)[C@H]2O,Nc1ccn([C@@H]2O[C@H](COP(=O)(O)O[C@@H]3[C@@H](CO)O[C@@H](n4cnc5c(N)ncnc54)[C@@H]3O)[C@@H](O)[C@H]2O)c(=O)n1,0
6292,C1C[C@@H]2O[C@@H]2[C@H]1O[C@H]3CC[C@@H]4O[C@H]34,C1C[C@@H]2O[C@@H]2[C@H]1O[C@H]1CC[C@@H]2O[C@H]12,0
4993,O1C2C1c3cc4cc5ccccc5cc4c6cccc2c36,c1ccc2cc3c(cc4c5c(cccc53)C3OC43)cc2c1,1
6716,OCC1OC(CC1O)N2C=C(CO)C(=O)NC2=O,O=c1[nH]c(=O)n(C2CC(O)C(CO)O2)cc1CO,1
1385,CC(=O)Nc1ccc(Oc2ccccc2)cc1,CC(=O)Nc1ccc(Oc2ccccc2)cc1,1
5246,Oc1ccc2C3C4OC4C(=O)c5c(O)ccc(C6C7OC7C(=O)c1c26)c35,O=C1c2c(O)ccc3c2C(c2ccc(O)c4c2C3C2OC2C4=O)C2OC12,1
6385,CCOC(=O)N,CCOC(N)=O,1
5115,Cc1cc(O)c2C(=O)c3c(O)cc(O)c(O)c3C(=O)c2c1,Cc1cc(O)c2c(c1)C(=O)c1c(O)c(O)cc(O)c1C2=O,1
3295,CNC(=O)ON(C(=O)C)C(=O)NC,CNC(=O)ON(C(C)=O)C(=O)NC,1
6150,[O-][N+](=O)c1cccc2csnc12,O=[N+]([O-])c1cccc2csnc12,1
3942,[O-][N+](=O)c1cc(cs1)C(=O)Nc2ccccc2Cl,O=C(Nc1ccccc1Cl)c1csc([N+](=O)[O-])c1,1
5926,[O-][N+](=O)c1ccc2C(=O)OC(=O)c2c1,O=C1OC(=O)c2cc([N+](=O)[O-])ccc21,1
2345,Nc1cccc2c1Cc3ccccc23,Nc1cccc2c1Cc1ccccc1-2,1
844,NC(CC(=O)c1cccc(O)c1N)C(=O)O,Nc1c(O)cccc1C(=O)CC(N)C(=O)O,0
3118,Nn1c2ccccc2c3cnccc13,Nn1c2ccccc2c2cnccc21,1
4566,CO[C@@H](C)[C@](O)(C(=O)OCC1=CCN2CC[C@H](OC(=O)\C(=C/C)\C)[C@@H]12)C(C)(C)O,C/C=C(/C)C(=O)O[C@H]1CCN2CC=C(COC(=O)[C@@](O)([C@H](C)OC)C(C)(C)O)[C@H]12,1
706,C=CC(=O)c1ccc2OCOc2c1,C=CC(=O)c1ccc2c(c1)OCO2,0
2550,Cc1ccc2C(=O)c3ccccc3C(=O)c2c1N,Cc1ccc2c(c1N)C(=O)c1ccccc1C2=O,1
971,COc1cc(N)ccc1C,COc1cc(N)ccc1C,1
3887,COc1cccc2c(OC)c3ccoc3nc12,COc1c2ccoc2nc2c(OC)cccc12,1
89,SC(NC(=O)NC(S)c1nc2ccccc2s1)c3nc4ccccc4s3,O=C(NC(S)c1nc2ccccc2s1)NC(S)c1nc2ccccc2s1,1
4317,CCCC(=O)Nc1snc2ccc(Cl)cc12,CCCC(=O)Nc1snc2ccc(Cl)cc12,0
5589,CCCC[CH-][N+](=O)[O-],CCCC[CH-][N+](=O)[O-],0
4245,Nc1ccc(cc1[N+](=O)[O-])c2ccc(N)c(c2)[N+](=O)[O-],Nc1ccc(-c2ccc(N)c([N+](=O)[O-])c2)cc1[N+](=O)[O-],1
5771,ClCc1cc2cc3ccccc3c4ccc5cccc1c5c24,ClCc1cc2cc3ccccc3c3ccc4cccc1c4c23,1
1719,O=C(OC\C=C\c1ccccc1)\C=C\c2ccccc2,O=C(/C=C/c1ccccc1)OC/C=C/c1ccccc1,1
4024,CCCC[C@H](CC)C(=O)O,CCCC[C@H](CC)C(=O)O,0
4547,COc1ccc2c(c1)C(=O)c3nccc4cc(OC)c(OC)c2c34,COc1ccc2c(c1)C(=O)c1nccc3cc(OC)c(OC)c-2c13,1
6226,CC(=O)c1ccc(cc1)S(=O)(=O)NC(=O)NC2CCCCC2,CC(=O)c1ccc(S(=O)(=O)NC(=O)NC2CCCCC2)cc1,0
6898,CCC(C)N,CCC(C)N,0
45,CCN(CCCl)CCCNc1c2CCCCc2nc3ccccc13,CCN(CCCl)CCCNc1c2c(nc3ccccc13)CCCC2,1
339,N#CC1=Cc2cccc3cccc1c23,N#CC1=Cc2cccc3cccc1c23,1
6071,Cc1cnccn1,Cc1cnccn1,0
1438,OC(=O)c1ccc(Nc2c3ccccc3nc4cc(ccc24)N=N#N)cc1,[N-]=[N+]=Nc1ccc2c(Nc3ccc(C(=O)O)cc3)c3ccccc3nc2c1,1
5544,CC(C)(S)C(N)C(=O)O,CC(C)(S)C(N)C(=O)O,1
6433,CCCCC(CC)COC(=O)c1ccccc1C(=O)OCC(CC)CCCC,CCCCC(CC)COC(=O)c1ccccc1C(=O)OCC(CC)CCCC,0
1292,OC(=O)\C=C\c1ccccc1[N+](=O)[O-],O=C(O)/C=C/c1ccccc1[N+](=O)[O-],0
7142,CNC(=O)C(C)SCCSP(=O)(OC)OC,CNC(=O)C(C)SCCSP(=O)(OC)OC,1
5117,CC(=O)OCc1c2ccccc2cc3c1ccc4ccccc34,CC(=O)OCc1c2ccccc2cc2c1ccc1ccccc12,1
386,O=S1(=O)CCCO1,O=S1(=O)CCCO1,1
2340,COc1cc(C)cc2c(O)c(cc(O)c12)c3c(C)cc4c(O)ccc(O)c4c3OC,COc1cc(C)cc2c(O)c(-c3c(C)cc4c(O)ccc(O)c4c3OC)cc(O)c12,0
3373,CC(=O)OCc1cocc2c(C=O)ccc12,CC(=O)OCc1cocc2c(C=O)ccc1-2,1
3820,OC(=O)c1ccc2C(=O)OC(=O)c2c1,O=C(O)c1ccc2c(c1)C(=O)OC2=O,0
1351,Oc1c(Br)cc(cc1Br)C2(OS(=O)(=O)c3ccccc23)c4cc(Br)c(O)c(Br)c4,O=S1(=O)OC(c2cc(Br)c(O)c(Br)c2)(c2cc(Br)c(O)c(Br)c2)c2ccccc21,0
5848,Clc1ccc(Cl)cc1,Clc1ccc(Cl)cc1,0
4548,CN1CC(CBr)CC2C1Cc3c[nH]c4cccc2c34,CN1CC(CBr)CC2c3cccc4[nH]cc(c34)CC21,1
6923,CC(CCC(O)=O)C3CCC4C2C(O)CC1CC(O)CCC1(C)C2CCC34C,CC(CCC(=O)O)C1CCC2C3C(O)CC4CC(O)CCC4(C)C3CCC12C,0
4881,COc1cc(ccc1N=Nc2cc(c3ccccc3c2O)S(=O)(=O)O)c4ccc(N=Nc5cc(c6ccccc6c5O)S(=O)(=O)O)c(OC)c4,COc1cc(-c2ccc(N=Nc3cc(S(=O)(=O)O)c4ccccc4c3O)c(OC)c2)ccc1N=Nc1cc(S(=O)(=O)O)c2ccccc2c1O,0
371,Clc1cc(cc(Cl)c1Cl)N2C(=O)CCC2=O,O=C1CCC(=O)N1c1cc(Cl)c(Cl)c(Cl)c1,0
2737,COc1cccc(C=O)c1O,COc1cccc(C=O)c1O,0
6779,CCCCC[N]3C=C2CC1C(C=C(C)CN1C)C4=C2C3=CC=C4,CCCCCn1cc2c3c(cccc31)C1C=C(C)CN(C)C1C2,1
5850,CCN(CC)CCNc1ccc(COS(=O)(=O)C)c2Sc3ccccc3C(=O)c12,CCN(CC)CCNc1ccc(COS(C)(=O)=O)c2sc3ccccc3c(=O)c12,1
6614,O1C5C1C3=C(C2=CC=CC=C2C4=CC=CC=C34)C6=C5C=CC=C6,c1ccc2c(c1)-c1c(c3ccccc3c3ccccc13)C1OC21,1
4027,COC(=O)c1ccc(C=O)cc1,COC(=O)c1ccc(C=O)cc1,0
2587,CN(C)N,CN(C)N,1
5835,CC(=C)C(=O)OC[C@H](Br)CBr,C=C(C)C(=O)OC[C@H](Br)CBr,1
2167,[O-][N+](=O)c1ccc(cc1)C(=O)\N=C\2/SN(C(=O)c3ccc(cc3)[N+](=O)[O-])c4ccc(cc24)[N+](=O)[O-],O=C(/N=c1\sn(C(=O)c2ccc([N+](=O)[O-])cc2)c2ccc([N+](=O)[O-])cc12)c1ccc([N+](=O)[O-])cc1,1
3374,CC(C)(Br)C(Br)CCl,CC(C)(Br)C(Br)CCl,0
294,Fc1cc2ccccc2c3ncccc13,Fc1cc2ccccc2c2ncccc12,1
3349,CC1CCCC(C)N1CCCC(O)(c2ccccc2)c3ccccn3,CC1CCCC(C)N1CCCC(O)(c1ccccc1)c1ccccn1,0
238,CC[N+]([O-])(CC)CCNc1ccc(CO)c2Sc3ccccc3C(=O)c12,CC[N+]([O-])(CC)CCNc1ccc(CO)c2sc3ccccc3c(=O)c12,1
2897,Nc1c2ccccc2nc3ccc(I)cc13,Nc1c2ccccc2nc2ccc(I)cc12,1
6459,Nc1c(Cl)c(Cl)nc(C(=O)O)c1Cl,Nc1c(Cl)c(Cl)nc(C(=O)O)c1Cl,0
7174,O1C(CO)CCC1n1cnc2c(N)ncnc12,Nc1ncnc2c1ncn2C1CCC(CO)O1,1
3529,COc1ccc(N)c2C(=O)c3ccccc3C(=O)c12,COc1ccc(N)c2c1C(=O)c1ccccc1C2=O,1
2858,NNC(=O)c1ccncc1,NNC(=O)c1ccncc1,1
4591,CCN(CC)c1ccc2C(=C3C=CC(=[N+](CC)CC)C=C3Oc2c1)c4ccccc4C(=O)O,CCN(CC)c1ccc2c(-c3ccccc3C(=O)O)c3ccc(=[N+](CC)CC)cc-3oc2c1,0
6422,CCCCC(CC)COC(=O)CCCCC(=O)OCC(CC)CCCC,CCCCC(CC)COC(=O)CCCCC(=O)OCC(CC)CCCC,0
6482,CC(CCC(=O)O)C1CCC2C3CCC4CC(O)CCC4(C)C3CCC12C,CC(CCC(=O)O)C1CCC2C3CCC4CC(O)CCC4(C)C3CCC12C,0
5867,CCCCCCCCCC[C@H]1CO1,CCCCCCCCCC[C@H]1CO1,0
1203,CC(=O)N1CCC[C@H]1C(=O)N(CC(=O)O)N=O,CC(=O)N1CCC[C@H]1C(=O)N(CC(=O)O)N=O,1
3136,CC1=C(Oc2c(cccc2C1=O)C(=O)OCCN3CCCCC3)c4ccccc4,Cc1c(-c2ccccc2)oc2c(C(=O)OCCN3CCCCC3)cccc2c1=O,0
6377,OC(=O)c1ccccc1Cl,O=C(O)c1ccccc1Cl,0
6024,CCSCCSP(=S)(OC)OC,CCSCCSP(=S)(OC)OC,0
5107,CCOC(OCC)\C=C(\C)/CCC=C(C)C,CCOC(/C=C(/C)CCC=C(C)C)OCC,0
4676,[O-][N+](=O)c1ccc2CCc3cccc1c23,O=[N+]([O-])c1ccc2c3c(cccc13)CC2,1
1504,ClC(=O)c1c(Cl)cccc1Cl,O=C(Cl)c1c(Cl)cccc1Cl,1
5694,CC(=O)NS(=O)(=O)c1ccc(N)cc1,CC(=O)NS(=O)(=O)c1ccc(N)cc1,0
5933,Nc1nc(Cl)cc(Cl)n1,Nc1nc(Cl)cc(Cl)n1,0
5330,CC(=O)Nc1ccc2ccc3cccc4ccc1c2c34,CC(=O)Nc1ccc2ccc3cccc4ccc1c2c34,1
4498,Fc1ccccc1,Fc1ccccc1,1
168,CCCC(=O)OCc1ccccc1[N+](=O)[O-],CCCC(=O)OCc1ccccc1[N+](=O)[O-],0
35,Oc1cccc(c1)[N+](=O)[O-],O=[N+]([O-])c1cccc(O)c1,1
1097,CCCc1cc(O)nc(S)n1,CCCc1cc(O)nc(S)n1,0
6392,O=NN1CCCCCC1,O=NN1CCCCCC1,1
911,Oc1cc(Cl)c(O)cc1Cl,Oc1cc(Cl)c(O)cc1Cl,0
2865,OC(=O)Cc1ccccc1[N+](=O)[O-],O=C(O)Cc1ccccc1[N+](=O)[O-],1
4287,Cc1c2ccccc2c(CO)c3ccc4ccccc4c13,Cc1c2ccccc2c(CO)c2ccc3ccccc3c12,1
3300,CC(C)COC(=O)Cc1ccccc1,CC(C)COC(=O)Cc1ccccc1,0
5183,CC(C)[N+](=O)[O-],CC(C)[N+](=O)[O-],1
6125,OCC1OC(CC1O)n2cnc3c2ncn4ccnc34,OCC1OC(n2cnc3c2ncn2ccnc32)CC1O,0
2765,C1CCc2c(C1)ccc3cc4CCc5ccccc5c4cc23,c1ccc2c(c1)CCc1cc3ccc4c(c3cc1-2)CCCC4,1
1767,CC(=O)c1ccc(s1)[N+](=O)[O-],CC(=O)c1ccc([N+](=O)[O-])s1,1
6741,OC4C=CC3=C2C=C(C1=CC=CC=C1C2=CC=C3C4O)[N+]([O-])=O,O=[N+]([O-])c1cc2c3c(ccc2c2ccccc12)C(O)C(O)C=C3,1
2659,c1ccc2c(c1)ccc3c4cccnc4ccc23,c1ccc2c(c1)ccc1c3cccnc3ccc21,1
6372,COP(=S)(OC)Oc1ccc(N=O)c(C)c1,COP(=S)(OC)Oc1ccc(N=O)c(C)c1,1
4971,COc1cc(ccc1N)c2ccc(N)c(OC)c2,COc1cc(-c2ccc(N)c(OC)c2)ccc1N,1
3806,CC(C)NCC(O)COc1cccc2[nH]c3ccccc3c12,CC(C)NCC(O)COc1cccc2[nH]c3ccccc3c12,0
6566,CCCC=CCC=O,CCCC=CCC=O,1
4409,Cc1c(N)cccc1Cl,Cc1c(N)cccc1Cl,0
3636,NC(=O)c1csc(c1)[N+](=O)[O-],NC(=O)c1csc([N+](=O)[O-])c1,1
1654,CC(C)c1ccc(C)c2c(cc(C)c2c1)S(=O)(=O)O,Cc1cc(S(=O)(=O)O)c2c(C)ccc(C(C)C)cc1-2,0
460,CCOC(C)C(=O)C(O)O,CCOC(C)C(=O)C(O)O,1
78,CCCCCCCC(=O)Cl,CCCCCCCC(=O)Cl,1
7133,O=C(O)C(C(C(=O)O)CC(=O)O)CC(=O)O,O=C(O)CC(C(=O)O)C(CC(=O)O)C(=O)O,1
493,Cc1ccc2nc(sc2c1S(=O)(=O)O)c3ccc(N)cc3,Cc1ccc2nc(-c3ccc(N)cc3)sc2c1S(=O)(=O)O,1
2251,CNC(=O)N(C)N=O,CNC(=O)N(C)N=O,1
6492,CC(=O)Oc1ccccc1C(=O)O,CC(=O)Oc1ccccc1C(=O)O,0
4842,[O-][N+](=O)c1cc2C(=O)c3cc(cc(c3c2c(c1)[N+](=O)[O-])[N+](=O)[O-])[N+](=O)[O-],O=C1c2cc([N+](=O)[O-])cc([N+](=O)[O-])c2-c2c1cc([N+](=O)[O-])cc2[N+](=O)[O-],1
5695,CC(C)(C)N(CC(O)c1ccc(O)c(CO)c1)Cc2ccccc2,CC(C)(C)N(Cc1ccccc1)CC(O)c1ccc(O)c(CO)c1,1
3117,CC(C)(Br)C(=O)Nc1ccccc1,CC(C)(Br)C(=O)Nc1ccccc1,0
377,CC(=O)Nc1ccc(cc1)S(=O)(=O)c2ccc(NC(=O)C)cc2,CC(=O)Nc1ccc(S(=O)(=O)c2ccc(NC(C)=O)cc2)cc1,0
542,COC(=O)c1cc2ccc3cccnc3c2[nH]1,COC(=O)c1cc2ccc3cccnc3c2[nH]1,0
5528,COC1=CC(=O)C=C/C/1=N\c2c3ccccc3nc4ccccc24,COC1=CC(=O)C=C/C1=N\c1c2ccccc2nc2ccccc12,0
945,CN1CCOCC1,CN1CCOCC1,0
217,Nc1nc2cc(Cl)c(Cl)cc2s1,Nc1nc2cc(Cl)c(Cl)cc2s1,0
2768,CCCN(CCCC(=O)O)N=O,CCCN(CCCC(=O)O)N=O,1
406,Cc1ccc2cc3c(ccc4ccccc34)c5CC(O)c1c25,Cc1ccc2cc3c(ccc4ccccc43)c3c2c1C(O)C3,0
979,CC[C@@H](C)NC(=O)\C=C\c1oc(cc1)[N+](=O)[O-],CC[C@@H](C)NC(=O)/C=C/c1ccc([N+](=O)[O-])o1,1
2456,CC(C)CC(NC(=O)COc1ccc(Cl)cc1Cl)C(=O)O,CC(C)CC(NC(=O)COc1ccc(Cl)cc1Cl)C(=O)O,0
4623,OC1C=Cc2c(ccc3c4CCCc4ccc23)C1O,OC1C=Cc2c(ccc3c4c(ccc23)CCC4)C1O,1
3167,C1=Cc2c3ccccc3cc4cccc1c24,C1=Cc2c3ccccc3cc3cccc1c23,1
5,NC(=O)CNC(=O)C=N#N,[N-]=[N+]=CC(=O)NCC(N)=O,1
4165,O=C1Nc2cc3ccccc3c4c5OCOc5cc1c24,O=C1Nc2cc3ccccc3c3c4c(cc1c23)OCO4,1
3261,CNCCO,CNCCO,0
1122,[O-][N+](=O)c1ccc2c(OC(=O)c3ccccc23)c1,O=c1oc2cc([N+](=O)[O-])ccc2c2ccccc12,1
687,CCC(CCC=C)C=O,C=CCCC(C=O)CC,0
3275,ClC(=Cc1c(Cl)c(Cl)c(Cl)c(Cl)c1Cl)Cl,ClC(Cl)=Cc1c(Cl)c(Cl)c(Cl)c(Cl)c1Cl,0
388,OC1OC(=O)C(=C1C(Cl)Br)Cl,O=C1OC(O)C(C(Cl)Br)=C1Cl,1
5731,OC(C(F)(F)F)C(F)(F)F,OC(C(F)(F)F)C(F)(F)F,0
3917,Nc1ccc2c(N)c3ccccc3nc2c1,Nc1ccc2c(N)c3ccccc3nc2c1,1
6917,COC3=C1C(N(C(C2=CC=CC(=C12)C=C3)=O)C)=O,COc1ccc2cccc3c2c1C(=O)N(C)C3=O,0
4657,Oc1cccc2c1ccc3nc4ccc5ccccc5c4cc23,Oc1cccc2c1ccc1nc3ccc4ccccc4c3cc12,0
7173,CCCCN(CCC(C)O)N=O,CCCCN(CCC(C)O)N=O,1
3621,CC[C@H]1CN2CCc3cc(OC)c(OC)cc3[C@H]2C[C@H]1C[C@H]4NCCc5cc(OC)c(OC)cc45,CC[C@H]1CN2CCc3cc(OC)c(OC)cc3[C@H]2C[C@H]1C[C@H]1NCCc2cc(OC)c(OC)cc21,0
6285,O[C@@H]1C=Cc2c(ccc3c4ccccc4c(cc23)[N+](=O)[O-])[C@H]1O,O=[N+]([O-])c1cc2c3c(ccc2c2ccccc12)[C@@H](O)[C@H](O)C=C3,1
1625,Cc1ccc2cc(ccc2c1)[N+](=O)[O-],Cc1ccc2cc([N+](=O)[O-])ccc2c1,1
277,CN(Cc1cccc(C)c1)N=O,Cc1cccc(CN(C)N=O)c1,1
4183,[O-][N+](=O)c1ccc2nc3ccc(cc3nc2c1)[N+](=O)[O-],O=[N+]([O-])c1ccc2nc3ccc([N+](=O)[O-])cc3nc2c1,1
1021,CC(O)\C=C\C=O,CC(O)/C=C/C=O,1
5693,CCC1=C(OC)C(=O)c2c(O)c(OC)c(OC)c(O)c2C1=O,CCC1=C(OC)C(=O)c2c(O)c(OC)c(OC)c(O)c2C1=O,0
3578,O=C1Oc2ccccc2C=C1,O=c1ccc2ccccc2o1,1
5930,CC(=O)Nc1ccc2ccccc2n1,CC(=O)Nc1ccc2ccccc2n1,0
3885,Cc1ccc(NO)c(C)c1,Cc1ccc(NO)c(C)c1,1
1730,Nc1nc2C3CCCNC3CCc2s1,Nc1nc2c(s1)CCC1NCCCC21,0
4646,CC(=O)OC1C2CC(C)(C)CC2=C(C=O)C3(CC13C)C=O,CC(=O)OC1C2CC(C)(C)CC2=C(C=O)C2(C=O)CC12C,0
2665,CN(C)c1ccc(cc1)C(c2ccccc2)c3ccc(cc3)N(C)C,CN(C)c1ccc(C(c2ccccc2)c2ccc(N(C)C)cc2)cc1,0
680,Fc1cccc(F)c1C(=O)NC(=O)Nc2cc(Cl)c(Oc3ncc(cc3Cl)C(F)(F)F)c(Cl)c2,O=C(NC(=O)c1c(F)cccc1F)Nc1cc(Cl)c(Oc2ncc(C(F)(F)F)cc2Cl)c(Cl)c1,0
5605,[O-][N+](=O)c1ccc(Oc2ccccc2)cc1,O=[N+]([O-])c1ccc(Oc2ccccc2)cc1,1
167,Cc1cccc(O)c1,Cc1cccc(O)c1,0
3304,Clc1ccc(cc1Cl)N2C(=O)CCC2=O,O=C1CCC(=O)N1c1ccc(Cl)c(Cl)c1,0
3452,CC1(C)COC1=O,CC1(C)COC1=O,1
2302,CC(=O)c1c(cc([N+](=O)[O-])n1[N+](=O)[O-])[N+](=O)[O-],CC(=O)c1c([N+](=O)[O-])cc([N+](=O)[O-])n1[N+](=O)[O-],1
2966,Cn1cnc2c(NO)ncnc12,Cn1cnc2c(NO)ncnc21,1
3836,Oc1cccc(O)c1O,Oc1cccc(O)c1O,1
2822,COP(=S)(OC)SCN1C(=O)c2ccccc2C1=O,COP(=S)(OC)SCN1C(=O)c2ccccc2C1=O,1
4063,CN(C)c1cccc(O)c1,CN(C)c1cccc(O)c1,1
6273,Cc1c2ccc(CO)cc2nc3c1ccc4ccccc34,Cc1c2ccc(CO)cc2nc2c1ccc1ccccc12,1
192,CCc1ccc(cc1)[N+](=O)[O-],CCc1ccc([N+](=O)[O-])cc1,0
7023,COC(=O)C1=C(C)NC(=C(C1C2=C(C(=CC=C2)Cl)Cl)C(=O)OC(C)C)COC(N)=O,COC(=O)C1=C(C)NC(COC(N)=O)=C(C(=O)OC(C)C)C1c1cccc(Cl)c1Cl,0
6677,CC(C)(C1=CC=C(C=C1)OCC2CO2)C3=CC=C(C=C3)OCC4CO4,CC(C)(c1ccc(OCC2CO2)cc1)c1ccc(OCC2CO2)cc1,1
7116,O1C(CCl)OC(CCl)OC1CCl,ClCC1OC(CCl)OC(CCl)O1,1
6250,Nc1ccc(cc1F)c2ccc(N)c(F)c2,Nc1ccc(-c2ccc(N)c(F)c2)cc1F,1
4743,NC(=N)c1ccc(cc1)c2cc3ccc(cc3[nH]2)C(=N)N,N=C(N)c1ccc(-c2cc3ccc(C(=N)N)cc3[nH]2)cc1,0
2066,[O-][N+](=O)c1ccccc1SSC(=C(Cl)Cl)F,O=[N+]([O-])c1ccccc1SSC(F)=C(Cl)Cl,1
6868,COC4=C3C(=C2C(=C1C(CC(CC1=C(C2=C(C3=CC=C4)O)O)(O)C(C)=O)=O)O)O,COc1cccc2c(O)c3c(O)c4c(c(O)c3c(O)c12)C(=O)CC(O)(C(C)=O)C4,1
317,Cc1cnc2c(ccc3c2nc(N)n3C)n1,Cc1cnc2c(ccc3c2nc(N)n3C)n1,1
6692,[O-][N+](=O)C4=C3C1OC1C2=CC=CC5=C2C3=C(C=C4)C=C5,O=[N+]([O-])c1ccc2ccc3cccc4c3c2c1C1OC41,1
6291,Nc1ccc2c(ccc3ccccc23)c1,Nc1ccc2c(ccc3ccccc32)c1,1
2788,ClC1=C(Cl)C(=O)c2ccccc2C1=O,O=C1C(Cl)=C(Cl)C(=O)c2ccccc21,1
2948,CN1\C(=N\N)\Sc2ccccc12,Cn1/c(=N/N)sc2ccccc21,1
973,CCC(=O)OCc1ccccc1[N+](=O)[O-],CCC(=O)OCc1ccccc1[N+](=O)[O-],0
477,CC1c2cc(F)ccc2c3ccc(F)cc13,CC1c2cc(F)ccc2-c2ccc(F)cc21,1
4962,Oc1c(Br)cc(cc1Br)C#N,N#Cc1cc(Br)c(O)c(Br)c1,0
4397,Oc1cc(O)ncn1,Oc1cc(O)ncn1,0
3539,[O-][N+](=O)c1cccc(CO\N=C\c2nc3cc(ccc3n2Cc4ccc(Cl)cc4)[N+](=O)[O-])c1,O=[N+]([O-])c1cccc(CO/N=C/c2nc3cc([N+](=O)[O-])ccc3n2Cc2ccc(Cl)cc2)c1,0
3903,OC(=O)c1cc2OCOc2c3c4ccccc4cc(c13)[N+](=O)[O-],O=C(O)c1cc2c(c3c1c([N+](=O)[O-])cc1ccccc13)OCO2,1
2078,Oc1ccc2c(c1)c3ccc4ccc5cccc6cc2c3c4c56,Oc1ccc2c(c1)-c1ccc3ccc4cccc5cc-2c1c3c45,1
3920,FC(C(F)(F)F)C(F)(F)F,FC(C(F)(F)F)C(F)(F)F,0
930,CC1(CO1)c2ccccc2,CC1(c2ccccc2)CO1,1
646,CN(C)c1ccc(cc1)N=Nc2ccccc2CO,CN(C)c1ccc(N=Nc2ccccc2CO)cc1,1
2754,OC1C(O)c2ccc3cccc4cc5c6ccccc6C1=c5c2c34,OC1C2=c3c(cc4cccc5ccc(c3c54)C1O)-c1ccccc12,0
998,OC(=O)CI,O=C(O)CI,1
4497,CCCCNC(=O)NS(=O)(=O)c1ccc(C)cc1,CCCCNC(=O)NS(=O)(=O)c1ccc(C)cc1,0
2166,CCOC(=O)c1[nH]c2ccccc2c1\N=C\c3ccc(NC(=O)C)cc3,CCOC(=O)c1[nH]c2ccccc2c1/N=C/c1ccc(NC(C)=O)cc1,1
7207,c1(=O)[nH][nH]c(=O)cc1,O=c1ccc(=O)[nH][nH]1,1
3960,[O-][N+](=O)C1=Cc2cccc3cccc(O1)c23,O=[N+]([O-])C1=Cc2cccc3cccc(c23)O1,1
5653,CC(O)C(O)C(O)C(O)C1SCCN1N=O,CC(O)C(O)C(O)C(O)C1SCCN1N=O,0
2488,O[C@@H]1Cc2cc3cccc4ccc5ccc1c2c5c34,O[C@@H]1Cc2cc3cccc4ccc5ccc1c2c5c43,1
7065,CC(CCC1=CC=CC=C1)NCC(O)C2=CC(=C(C=C2)O)C(N)=O,CC(CCc1ccccc1)NCC(O)c1ccc(O)c(C(N)=O)c1,0
4421,CN1CCN=N1,CN1CCN=N1,1
1488,CC(C)COC(=O)\C=C\c1oc(cc1)[N+](=O)[O-],CC(C)COC(=O)/C=C/c1ccc([N+](=O)[O-])o1,1
3067,OCCN1CC1,OCCN1CC1,1
5104,Nc1ccc(Cc2ccc(N)c(Cc3ccc(N)cc3)c2)cc1,Nc1ccc(Cc2ccc(N)c(Cc3ccc(N)cc3)c2)cc1,1
3287,[O-][N+](=O)c1ccc2c(Cc3cccc(c23)[N+](=O)[O-])c1,O=[N+]([O-])c1ccc2c(c1)Cc1cccc([N+](=O)[O-])c1-2,1
5902,FC(F)OC(F)(F)C(F)Cl,FC(F)OC(F)(F)C(F)Cl,0
494,OCN1[C@H](O)[C@@H](O)N(CO)C1=O,O=C1N(CO)[C@H](O)[C@@H](O)N1CO,1
5884,OCNC(=O)C=C,C=CC(=O)NCO,0
6562,OC(=O)C1=CC=C(C=C1)C=NN4N=NC2=C([NH]C3=CC=CC=C23)C4=O,O=C(O)c1ccc(C=Nn2nnc3c([nH]c4ccccc43)c2=O)cc1,1
1640,Cc1cc(C)c2c(ccc3ccccc23)c1,Cc1cc(C)c2c(ccc3ccccc32)c1,1
1556,CC12CCC3C(CCC4CC(O)CCC34C)C1CCC(=O)N2,CC12CCC3C(CCC4CC(O)CCC43C)C1CCC(=O)N2,0
2553,CCN(CC)c1ccc2C(=C3C=CC(=[N+](CC)CC)C=C3Oc2c1)c4ccc(cc4S(=O)(=O)O)S(=O)(=O)O,CCN(CC)c1ccc2c(-c3ccc(S(=O)(=O)O)cc3S(=O)(=O)O)c3ccc(=[N+](CC)CC)cc-3oc2c1,1
6902,CCC(C)=[N+](O)[O-],CCC(C)=[N+]([O-])O,0
469,Cn1c(nc2c3cccnc3ccc12)[N+](=O)[O-],Cn1c([N+](=O)[O-])nc2c3cccnc3ccc21,1
557,OC(=O)C1CSC(N1C(=O)CCSSCCC(=O)N2C(CSC2c3ccccc3O)C(=O)O)c4ccccc4O,O=C(O)C1CSC(c2ccccc2O)N1C(=O)CCSSCCC(=O)N1C(C(=O)O)CSC1c1ccccc1O,0
6713,CCC(O)C=CC=CC=CC=CC=O,CCC(O)C=CC=CC=CC=CC=O,1
3654,O=C=S,O=C=S,1
3443,O=CC1C=COC=C1,O=CC1C=COC=C1,0
6983,CCCCC(CC)COCCCN,CCCCC(CC)COCCCN,0
574,CC(N)Cc1ccccc1,CC(N)Cc1ccccc1,0
2227,[O-][N+](=O)c1ccc2C(=O)NSc2c1,O=c1[nH]sc2cc([N+](=O)[O-])ccc12,1
6711,CCN(CC)CCCC(C)NC2=C1N=CC=CC1=CC(=C2)OC,CCN(CC)CCCC(C)Nc1cc(OC)cc2cccnc12,1
307,C1c2cccc3ccc4c5ccccc5cc1c4c23,c1ccc2c(c1)cc1c3c2ccc2cccc(c23)C1,1
2070,Oc1c(I)cc(cc1[N+](=O)[O-])C#N,N#Cc1cc(I)c(O)c([N+](=O)[O-])c1,0
894,OC(=O)c1cc(cc(c1)[N+](=O)[O-])[N+](=O)[O-],O=C(O)c1cc([N+](=O)[O-])cc([N+](=O)[O-])c1,1
6017,Cl\C=C\c1c(Cl)c(Cl)c(Cl)c(Cl)c1Cl,Cl/C=C/c1c(Cl)c(Cl)c(Cl)c(Cl)c1Cl,0
1533,CC1=C(O)C(=C(C(=O)C1=O)C2=C(O)C(=C(C)C(=O)C2=O)O)O,CC1=C(O)C(O)=C(C2=C(O)C(O)=C(C)C(=O)C2=O)C(=O)C1=O,0
6630,ClCC(=O)NCC1=CC=CC=C1,O=C(CCl)NCc1ccccc1,1
213,Nc1cccc2cccnc12,Nc1cccc2cccnc12,1
6095,CN=NC(C)(C)OO,CN=NC(C)(C)OO,1
2685,CC(=O)ON(OCc1ccc(cc1)C(C)(C)C)C(=O)c2ccccc2,CC(=O)ON(OCc1ccc(C(C)(C)C)cc1)C(=O)c1ccccc1,1
540,Cc1ccc(cc1)N(CCCl)CCCl,Cc1ccc(N(CCCl)CCCl)cc1,0
6312,N(c1ccc(Nc2ccc3ccccc3c2)cc1)c4ccc5ccccc5c4,c1ccc2cc(Nc3ccc(Nc4ccc5ccccc5c4)cc3)ccc2c1,1
6275,COc1ccc(cc1)C(=O)N2N=CC(=C(Cl)C2=O)Cl,COc1ccc(C(=O)n2ncc(Cl)c(Cl)c2=O)cc1,0
5362,CCOC(=O)C(=O)C,CCOC(=O)C(C)=O,0
4370,CC(C)COS(=O)(=O)C,CC(C)COS(C)(=O)=O,1
4961,Cn1c(N)nc2ccc(cc12)C#N,Cn1c(N)nc2ccc(C#N)cc21,1
3485,CN(Cc1ccc(cc1)C(=O)O)N=O,CN(Cc1ccc(C(=O)O)cc1)N=O,0
6544,CC(O)c1ccccc1,CC(O)c1ccccc1,0
1973,OCc1ccc2C(=O)c3ccccc3C(=O)c2c1,O=C1c2ccccc2C(=O)c2cc(CO)ccc21,0
1316,CCC=O,CCC=O,0
1069,CC[C@@H](O)\C=C\C=C\C=C\C=C\C=O,CC[C@@H](O)/C=C/C=C/C=C/C=C/C=O,1
987,Cc1cc(O)c2C(=O)c3c(O)c(O)c(O)cc3C(=O)c2c1,Cc1cc(O)c2c(c1)C(=O)c1cc(O)c(O)c(O)c1C2=O,0
5909,Clc1ccc(cc1Cl)C(Cl)(Cl)Cl,Clc1ccc(C(Cl)(Cl)Cl)cc1Cl,1
7236,Cc1c2ccccc2cc2c3C=CC(O)C(O)c3ccc12,Cc1c2ccccc2cc2c3c(ccc12)C(O)C(O)C=C3,1
4033,CC1Cc2ccc(C(=O)NC(Cc3ccccc3)C(=O)O)c(O)c2C(=O)O1,CC1Cc2ccc(C(=O)NC(Cc3ccccc3)C(=O)O)c(O)c2C(=O)O1,0
829,CNC1CCc2cc(OC)c(OC)c(OC)c2C3=CC=C(OC)C(=O)C=C13,CNC1CCc2cc(OC)c(OC)c(OC)c2-c2ccc(OC)c(=O)cc21,0
2784,CC(=O)Nc1ccc2c(Cc3ccccc23)c1OC(=O)C,CC(=O)Nc1ccc2c(c1OC(C)=O)Cc1ccccc1-2,0
2098,[O-][N+](=O)c1ccc2N(S\C(=N/C(=O)c3ccc(Cl)cc3)\c2c1)C(=O)c4ccc(Cl)cc4,O=C(/N=c1\sn(C(=O)c2ccc(Cl)cc2)c2ccc([N+](=O)[O-])cc12)c1ccc(Cl)cc1,1
6019,CCCCOCN(C(=O)CCl)c1c(CC)cccc1CC,CCCCOCN(C(=O)CCl)c1c(CC)cccc1CC,1
6454,CC1OC(OCC2OC(Oc3c(oc4cc(O)cc(O)c4c3=O)c5ccc(O)c(O)c5)C(O)C(O)C2O)C(O)C(O)C1O,CC1OC(OCC2OC(Oc3c(-c4ccc(O)c(O)c4)oc4cc(O)cc(O)c4c3=O)C(O)C(O)C2O)C(O)C(O)C1O,1
4054,CC(=O)c1oc(c(Cl)c1Cl)[N+](=O)[O-],CC(=O)c1oc([N+](=O)[O-])c(Cl)c1Cl,1
912,CCC(CO)(CO)CO,CCC(CO)(CO)CO,0
3637,c1cnc2c(c1)ccc3cccnc23,c1cnc2c(c1)ccc1cccnc12,0
2181,[O-][N+](=O)c1ccc(cc1)[N+]#N,N#[N+]c1ccc([N+](=O)[O-])cc1,1
3431,N1c2ccccc2Sc3ccccc13,c1ccc2c(c1)Nc1ccccc1S2,0
4684,Fc1cccc(F)n1,Fc1cccc(F)n1,0
547,C[C@H]1C(=O)O[C@H]2CCN3CC=C(COC(=O)[C@](C)(O)[C@]1(C)O)[C@H]23,C[C@H]1C(=O)O[C@H]2CCN3CC=C(COC(=O)[C@](C)(O)[C@]1(C)O)[C@H]23,0
955,[O-][N+](=O)c1cccc2cc(c3ccccc3c12)[N+](=O)[O-],O=[N+]([O-])c1cc2cccc([N+](=O)[O-])c2c2ccccc12,1
2642,CC(C)(C)c1cc(ccc1NO)c2ccccc2,CC(C)(C)c1cc(-c2ccccc2)ccc1NO,1
5688,CCOP(=S)(OCC)SCCl,CCOP(=S)(OCC)SCCl,0
3086,O=C1c2ccc3nc(sc3c2C(=O)c4ccc5nc(sc5c14)c6ccccc6)c7ccccc7,O=C1c2ccc3nc(-c4ccccc4)sc3c2C(=O)c2ccc3nc(-c4ccccc4)sc3c21,0
1675,OC(=S)c1ccccc1,OC(=S)c1ccccc1,0
5888,OCc1ccc(cc1)[N+](=O)[O-],O=[N+]([O-])c1ccc(CO)cc1,0
3385,CSCCC(NC=O)C(=O)NC(Cc1ccccc1)C(=O)O,CSCCC(NC=O)C(=O)NC(Cc1ccccc1)C(=O)O,0
1399,[O-][N+](=O)c1ccc(cc1)[N+](=O)[O-],O=[N+]([O-])c1ccc([N+](=O)[O-])cc1,1
586,OCCOc1cc(O)c2C(=O)C(=C(Oc2c1)c3ccc(OCCO)c(OCCO)c3)O,O=c1c(O)c(-c2ccc(OCCO)c(OCCO)c2)oc2cc(OCCO)cc(O)c12,0
5003,O=NN(c1ccccc1)c2ccccc2,O=NN(c1ccccc1)c1ccccc1,0
1536,Oc1cc2ccc3cccc4ccc(n1)c2c34,Oc1cc2ccc3cccc4ccc(n1)c2c34,1
1905,CN(C)CC[C@@H](c1ccccc1)c2ccccn2,CN(C)CC[C@@H](c1ccccc1)c1ccccn1,0
2775,CCCCCCCCSCN1CN(C)C=C1,CCCCCCCCSCN1C=CN(C)C1,0
3537,Oc1ccc(Cl)c(Cl)c1Cl,Oc1ccc(Cl)c(Cl)c1Cl,0
5487,CCOC1=CC(N(O)c2ccccc12)(c3ccccc3)c4ccccc4,CCOC1=CC(c2ccccc2)(c2ccccc2)N(O)c2ccccc21,0
7019,CCC(C)C(C)CO,CCC(C)C(C)CO,0
2848,CC(C)(C)c1ccc(O)c(O)c1,CC(C)(C)c1ccc(O)c(O)c1,0
4742,NC(CCC(=O)NC(CSCCCl)NC(=O)CC(=O)O)C(=O)O,NC(CCC(=O)NC(CSCCCl)NC(=O)CC(=O)O)C(=O)O,1
184,CN(C[C@H](O)CO)N=O,CN(C[C@H](O)CO)N=O,1
2324,Clc1cnc(Oc2ccc(Oc3ncc(Cl)cc3Cl)cc2)c(Cl)c1,Clc1cnc(Oc2ccc(Oc3ncc(Cl)cc3Cl)cc2)c(Cl)c1,0
2297,ClC[C@H](Br)CBr,ClC[C@H](Br)CBr,1
1619,Oc1ccc(Cl)cc1Cc2cc(Cl)ccc2O,Oc1ccc(Cl)cc1Cc1cc(Cl)ccc1O,1
6846,[O-][N+](=O)C1=CC=C(C=C1)C(=O)OCC2CO2,O=C(OCC1CO1)c1ccc([N+](=O)[O-])cc1,1
7241,Cc1cc(N)ccc1NOS(=O)(=O)O,Cc1cc(N)ccc1NOS(=O)(=O)O,1
3382,CC(=CCC[C@@](C)(O)C=C)C,C=C[C@](C)(O)CCC=C(C)C,0
4200,OC(=O)Cc1ccc(cc1)[N+](=O)[O-],O=C(O)Cc1ccc([N+](=O)[O-])cc1,1
6076,CNC(=O)N(O)C(=O)C,CNC(=O)N(O)C(C)=O,1
6330,Cc1ccc(cc1[N+](=O)[O-])C(=O)O,Cc1ccc(C(=O)O)cc1[N+](=O)[O-],1
6820,COC1=C(C5=C(C(=C1)O)C(=O)C2=C(C3=C(C=C2OC)OC4OC=CC34)O5)OC,COc1cc(O)c2c(=O)c3c(OC)cc4c(c3oc2c1OC)C1C=COC1O4,1
7209,C1CN(CCO1)c1nc(nc2ccccc12)c1cccs1,c1csc(-c2nc(N3CCOCC3)c3ccccc3n2)c1,1
4837,[O-][N+](=O)c1ccc2c3CCCCc3c4cccc5ccc1c2c45,O=[N+]([O-])c1ccc2c3c(c4cccc5ccc1c2c54)CCCC3,1
1077,Clc1c(Cl)c(Cl)c2ccccc2c1Cl,Clc1c(Cl)c(Cl)c2ccccc2c1Cl,0
6520,CC12CCC3C(CCC4=C3CCC(=O)C4)C2CCC1(O)C#C,C#CC1(O)CCC2C3CCC4=C(CCC(=O)C4)C3CCC21C,0
115,Nc1c(O)cccc1[N+](=O)[O-],Nc1c(O)cccc1[N+](=O)[O-],0
3311,COCCOCCO,COCCOCCO,0
3771,CC1SC2=C(C(=O)O)C(=O)c3cc(F)c(cc3N12)N4CCN(CC5=C(C)OC(=O)O5)CC4,Cc1oc(=O)oc1CN1CCN(c2cc3c(cc2F)c(=O)c(C(=O)O)c2n3C(C)S2)CC1,0
641,ClC(Cl)(Cl)SN1C(=O)c2ccccc2C1=O,O=C1c2ccccc2C(=O)N1SC(Cl)(Cl)Cl,1
885,CNc1ccc(cc1)N=Nc2ccc(NC)cc2,CNc1ccc(N=Nc2ccc(NC)cc2)cc1,0
7080,OCC1OC(CC1O)N2C=C(I)C(=O)NC2=O,O=c1[nH]c(=O)n(C2CC(O)C(CO)O2)cc1I,0
6170,C1=Cc2c3c1cccc3cc4ccc5ccccc5c24,C1=Cc2c3c1cccc3cc1ccc3ccccc3c21,1
6443,CCCCN(N=O)C(=N)NN(O)O,CCCCN(N=O)C(=N)NN(O)O,1
1206,COc1cccc(CN2C3C2c4ccccc4c5ccccc35)c1,COc1cccc(CN2C3c4ccccc4-c4ccccc4C32)c1,1
4269,CC(C)OC(=O)CCl,CC(C)OC(=O)CCl,0
5031,C[C@H]1C[C@H]2OC(=O)[C@H](C)[C@H]2C[C@@]3(C)[C@H](O)C[C@H](O)C[C@H]13,C[C@H]1C[C@H]2OC(=O)[C@H](C)[C@H]2C[C@@]2(C)[C@H](O)C[C@H](O)C[C@H]12,1
6271,OC(CN=N#N)Cn1cnc2c(Cl)ncnc12,[N-]=[N+]=NCC(O)Cn1cnc2c(Cl)ncnc21,1
1771,COC=C,C=COC,0
1794,OCCI,OCCI,1
3804,COc1cc2OC3OCCC3c2c4OC(=O)C5=C(CCC5=O)c14,COc1cc2c(c3oc(=O)c4c(c13)CCC4=O)C1CCOC1O2,1
6904,CCCCC(CC)C(O)=O,CCCCC(CC)C(=O)O,0
2621,CCCCCCc1ccc(cc1)c2ccc(cc2)C#N,CCCCCCc1ccc(-c2ccc(C#N)cc2)cc1,0
429,CC(C)[C@@H]1CC=C(C)[C@H]2CC=C(C)C[C@H]12,CC1=CC[C@@H]2C(C)=CC[C@@H](C(C)C)[C@H]2C1,0
2990,COC(=O)C(C)Cl,COC(=O)C(C)Cl,1
4271,Oc1ccccc1,Oc1ccccc1,0
6311,CC(C)C(O)(C(C)O)C(=O)OCC1=CCN2CCC(O)C12,CC(C)C(O)(C(=O)OCC1=CCN2CCC(O)C12)C(C)O,0
2971,Cc1cc(c(C)c2c3cc(ccc3[nH]c12)[N+](=O)[O-])[N+](=O)[O-],Cc1cc([N+](=O)[O-])c(C)c2c1[nH]c1ccc([N+](=O)[O-])cc12,1
2508,C=CCN(CC=C)N=O,C=CCN(CC=C)N=O,1
369,OC1C2OC2c3c(ccc4ccccc34)C1O,OC1c2ccc3ccccc3c2C2OC2C1O,1
1881,CCCOC(C(=O)OC1CCN(C)CC1)(c2ccccc2)c3ccccc3,CCCOC(C(=O)OC1CCN(C)CC1)(c1ccccc1)c1ccccc1,0
6907,CS(=O)(=O)C=C,C=CS(C)(=O)=O,0
5390,Clc1nncc2cccnc12,Clc1nncc2cccnc12,1
1686,Nc1ccc2cccc3c4ccccc4c1c23,Nc1ccc2cccc3c2c1-c1ccccc1-3,1
1945,[O-][N+](=O)c1ccc2c[nH]nc2c1,O=[N+]([O-])c1ccc2c[nH]nc2c1,1
929,CC(=O)Nc1ccc(cc1)c2ccccc2,CC(=O)Nc1ccc(-c2ccccc2)cc1,1
729,[O-][N+](=O)c1ccc2oc3ccccc3c2c1,O=[N+]([O-])c1ccc2oc3ccccc3c2c1,1
79,CC(C)(C)C(Br)C(=O)Nc1ccccc1,CC(C)(C)C(Br)C(=O)Nc1ccccc1,0
555,CN(C)C1CCCCC1,CN(C)C1CCCCC1,0
4488,CC(=C[C@H]1[C@H](C(=O)O[C@@H]2CC(=O)C(=C2C)CC=C)C1(C)C)C,C=CCC1=C(C)[C@H](OC(=O)[C@H]2[C@H](C=C(C)C)C2(C)C)CC1=O,1
1795,CC(=O)OC(C)(C)C1Cc2cc3C=C(C(=O)Oc3cc2O1)C(C)(C)C=C,C=CC(C)(C)c1cc2cc3c(cc2oc1=O)OC(C(C)(C)OC(C)=O)C3,0
5729,Nc1ccc(C=C)cc1,C=Cc1ccc(N)cc1,1
4077,Fc1ccc(CN2C3C2c4ccccc4c5ccccc35)cc1,Fc1ccc(CN2C3c4ccccc4-c4ccccc4C32)cc1,1
2606,COc1ccc([C@H](OC(=O)C)C=C)c2ccccc12,C=C[C@@H](OC(C)=O)c1ccc(OC)c2ccccc12,1
256,CCCC(=O)OC1CCCCC1,CCCC(=O)OC1CCCCC1,0
4850,BrCC(=O)Nc1ccccc1,O=C(CBr)Nc1ccccc1,0
4310,Cc1ccc(NCC2(O)OCC(O)C(O)C2O)cc1,Cc1ccc(NCC2(O)OCC(O)C(O)C2O)cc1,0
5877,CC(=C)C1CCC(=CC1)C=O,C=C(C)C1CC=C(C=O)CC1,0
3816,Oc1ccc(Cl)c(Cl)c1,Oc1ccc(Cl)c(Cl)c1,0
316,CCc1c2ccccc2cc3c1ccc4ccccc34,CCc1c2ccccc2cc2c1ccc1ccccc12,1
511,C1COCCOCCOCCO1,C1COCCOCCOCCO1,0
6889,CC(NC(=O)CC1=C(N=C(N=C1)C)N)=C(CCOC(=O)C2=CC=CC=C2)SC(=O)C3=CC=CC=C3,CC(NC(=O)Cc1cnc(C)nc1N)=C(CCOC(=O)c1ccccc1)SC(=O)c1ccccc1,0
6404,Oc1ccc(Cl)cc1,Oc1ccc(Cl)cc1,0
3216,[O-][n+]1c2ccc3ccccc3c2cc4c5ccccc5ccc14,[O-][n+]1c2ccc3ccccc3c2cc2c3ccccc3ccc21,0
1359,Nc1cccc(O)c1[N+](=O)[O-],Nc1cccc(O)c1[N+](=O)[O-],0
6513,CN(C)N=O,CN(C)N=O,1
403,O1[C@@H]2C=Cc3c(cc4ccc5cccc6ccc3c4c56)[C@H]12,C1=C[C@H]2O[C@H]2c2cc3ccc4cccc5ccc(c21)c3c45,1
726,c1cnc2cnncc2c1,c1cnc2cnncc2c1,0
3053,NC(=S)Nc1cccc2ccccc12,NC(=S)Nc1cccc2ccccc12,1
2547,C[C@@H](O)c1ccc2ccc3cccc4ccc1c2c34,C[C@@H](O)c1ccc2ccc3cccc4ccc1c2c34,1
4062,OC(=O)Cc1ccc(Cl)cc1,O=C(O)Cc1ccc(Cl)cc1,0
6002,CN(C)CCNC(=O)c1ccc2ccc3cccnc3c2n1,CN(C)CCNC(=O)c1ccc2ccc3cccnc3c2n1,1
3912,C[C@@H]1CN(N=O)[C@@H](C)CN1N=O,C[C@H]1CN(N=O)[C@H](C)CN1N=O,1
5040,[O-][n+]1cc2cccnc2cn1,[O-][n+]1cc2cccnc2cn1,0
1333,CCOC1=CC(=O)C(=CC1=O)NC(=O)C,CCOC1=CC(=O)C(NC(C)=O)=CC1=O,1
6356,Fc1ccnc2ccccc12,Fc1ccnc2ccccc12,1
247,CCOS(=O)(=O)OCC,CCOS(=O)(=O)OCC,1
4799,COc1cc2OC3OCCC3c2c4OC(=O)C5=C(CCOC5=O)c14,COc1cc2c(c3oc(=O)c4c(c13)CCOC4=O)C1CCOC1O2,0
124,OC(=O)C=C,C=CC(=O)O,0
6699,CC(O)CBr,CC(O)CBr,1
874,Oc1cc2ccc(cc2cc1S(=O)(=O)O)S(=O)(=O)O,O=S(=O)(O)c1ccc2cc(O)c(S(=O)(=O)O)cc2c1,0
563,CCCCCCCCC,CCCCCCCCC,0
1296,CCCCON(OC(=O)C)C(=O)c1ccc(C)cc1,CCCCON(OC(C)=O)C(=O)c1ccc(C)cc1,1
3038,OC(=O)C1=CN(c2ccc(F)cc2)c3cc(N4CCNCC4)c(F)cc3C1=O,O=C(O)c1cn(-c2ccc(F)cc2)c2cc(N3CCNCC3)c(F)cc2c1=O,0
3997,COc1ccc2c3CCN=C(C)c3[nH]c2c1,COc1ccc2c3c([nH]c2c1)C(C)=NCC3,0
5585,C(CC1CO1)C2CO2,C(CC1CO1)C1CO1,1
863,Nc1ccc2nc3ccccc3c(N)c2c1,Nc1ccc2nc3ccccc3c(N)c2c1,1
5344,Cc1cccc2C3NC3c4cc5ccccc5cc4c12,Cc1cccc2c1-c1cc3ccccc3cc1C1NC21,1
1576,Nc1cccc2cccc(N)c12,Nc1cccc2cccc(N)c12,1
2569,Cn1c2ccccc2c3ccccc13,Cn1c2ccccc2c2ccccc21,1
6089,OC(=O)CCCCC(=O)O,O=C(O)CCCCC(=O)O,0
2570,CC\C=C/C#N,CC/C=C\C#N,0
4969,CNc1ncn(C)c1C(=O)N(C)N=O,CNc1ncn(C)c1C(=O)N(C)N=O,1
3154,Cc1c(cc(c(N)c1[N+](=O)[O-])[N+](=O)[O-])[N+](=O)[O-],Cc1c([N+](=O)[O-])cc([N+](=O)[O-])c(N)c1[N+](=O)[O-],1
6525,NC(Cc1c[nH]c2ccccc12)C(=O)O,NC(Cc1c[nH]c2ccccc12)C(=O)O,0
4535,CSCC(NC(=O)C(C)(C)SC)C(=O)O,CSCC(NC(=O)C(C)(C)SC)C(=O)O,0
2671,N#CC1=C(SCCS1)C#N,N#CC1=C(C#N)SCCS1,0
2313,Cc1ccc2cc3c4ccccc4C5OC5c3c6CCc1c26,Cc1ccc2cc3c(c4c2c1CC4)C1OC1c1ccccc1-3,1
4166,CN(C)CCCNc1c2ccccc2nc3cc(ccc13)[N+](=O)[O-],CN(C)CCCNc1c2ccccc2nc2cc([N+](=O)[O-])ccc12,1
5300,CCCC(=O)OCc1ccc(cc1)[N+](=O)[O-],CCCC(=O)OCc1ccc([N+](=O)[O-])cc1,1
6241,CC(=O)c1ccc(Cl)c(Cl)c1Cl,CC(=O)c1ccc(Cl)c(Cl)c1Cl,1
5639,CCCCN(N=O)[C@@H](CCC)OC(=O)C,CCCCN(N=O)[C@@H](CCC)OC(C)=O,1
1564,Fc1ccc2ncccc2c1,Fc1ccc2ncccc2c1,1
7021,CN(C)C1=CC=C(C=C1)C4CC2(C)C(CCC2(O)C=CCO)C5CC=C3CC(=O)CCC3=C45,CN(C)c1ccc(C2CC3(C)C(CCC3(O)C=CCO)C3CC=C4CC(=O)CCC4=C23)cc1,0
227,Cc1ccc(cc1)S(=O)(=O)NC(=O)Nc2ncc(s2)[N+](=O)[O-],Cc1ccc(S(=O)(=O)NC(=O)Nc2ncc([N+](=O)[O-])s2)cc1,0
4391,Clc1cccc(Cl)c1C#N,N#Cc1c(Cl)cccc1Cl,0
6067,Nc1ccc(cc1Br)c2ccc(N)c(Br)c2,Nc1ccc(-c2ccc(N)c(Br)c2)cc1Br,1
1110,Cc1ccc2c(C)cccc2c1,Cc1ccc2c(C)cccc2c1,0
4692,COC(=O)CNC(=O)C(CSCCCl)NC(=O)CCC(N)C(=O)O,COC(=O)CNC(=O)C(CSCCCl)NC(=O)CCC(N)C(=O)O,1
2138,Cc1cccc(NO)c1C,Cc1cccc(NO)c1C,1
3080,COC(=O)C1=C(C(C)OC1=O)c2ccccc2,COC(=O)C1=C(c2ccccc2)C(C)OC1=O,0
6760,CCCCC(CC)COC(=O)C1=CC(=C(C=C1)N(C)C)[N+]([O-])=O,CCCCC(CC)COC(=O)c1ccc(N(C)C)c([N+](=O)[O-])c1,1
5723,Cc1cccc(NO)c1,Cc1cccc(NO)c1,1
122,COC(=O)C1=CCCN(C)C1,COC(=O)C1=CCCN(C)C1,1
4877,NNc1nc(cs1)c2ccc(cc2)[N+](=O)[O-],NNc1nc(-c2ccc([N+](=O)[O-])cc2)cs1,1
1520,CC(=O)C1c2cccc(O)c2C(=O)c3c(O)cccc13,CC(=O)C1c2cccc(O)c2C(=O)c2c(O)cccc21,1
4870,[O-][N+](=O)c1cc(c2c(cc(cc2c1)[N+](=O)[O-])[N+](=O)[O-])[N+](=O)[O-],O=[N+]([O-])c1cc([N+](=O)[O-])c2c([N+](=O)[O-])cc([N+](=O)[O-])cc2c1,1
5680,Cc1cc(C)cc(O)c1,Cc1cc(C)cc(O)c1,0
2118,CC(CCC(=O)O)C1CCC2C3C(CCC12C)C4(C)CCC(O)CC4CC3=O,CC(CCC(=O)O)C1CCC2C3C(=O)CC4CC(O)CCC4(C)C3CCC12C,0
3359,CCCC(=O)Nc1snc2cc(Cl)ccc12,CCCC(=O)Nc1snc2cc(Cl)ccc12,0
6047,OCc1c2ccccc2cc3c1ccc4ccccc34,OCc1c2ccccc2cc2c1ccc1ccccc12,1
1796,OS(=O)c1ccc(Cl)cc1,O=S(O)c1ccc(Cl)cc1,0
3160,[O-][N+](=O)c1ccc2ccc3cccc4ccc1c2c34,O=[N+]([O-])c1ccc2ccc3cccc4ccc1c2c34,1
1135,Nc1c(Br)cc(Br)c2C(=O)c3ccccc3C(=O)c12,Nc1c(Br)cc(Br)c2c1C(=O)c1ccccc1C2=O,1
5796,CN(C)CCNC(=O)c1cccc2[nH]c(nc12)c3ccccc3,CN(C)CCNC(=O)c1cccc2[nH]c(-c3ccccc3)nc12,1
6543,OCC(O)CCl,OCC(O)CCl,1
3541,CNc1ccc(cc1)[N+](=O)[O-],CNc1ccc([N+](=O)[O-])cc1,1
661,Nc1nc[nH]n1,Nc1nc[nH]n1,0
4990,OCCCN=N,N=NCCCO,1
6878,O=C(C1OC1C2=CC=CC=C2)C3=CC=CC=C3,O=C(c1ccccc1)C1OC1c1ccccc1,1
2292,CC(=O)OC1C2OC(=O)C(OC(=O)C)C2OC1=O,CC(=O)OC1C(=O)OC2C(OC(C)=O)C(=O)OC12,0
2248,CC(C)Sc1cc(Cc2ccc(N)c(SC(C)C)c2)ccc1N,CC(C)Sc1cc(Cc2ccc(N)c(SC(C)C)c2)ccc1N,1
6420,Clc1ccccc1Nc2nc(Cl)nc(Cl)n2,Clc1nc(Cl)nc(Nc2ccccc2Cl)n1,0
2033,O=C1CCc2c3CCCc3c4c(ccc5ccccc45)c12,O=C1CCc2c3c(c4c(ccc5ccccc54)c21)CCC3,0
6099,CC\C=C\C=C\C=C\C=C\C=C\OCC(O)c1ccccc1,CC/C=C/C=C/C=C/C=C/C=C/OCC(O)c1ccccc1,1
5471,Cc1ccncc1,Cc1ccncc1,0
7206,CC1CC2OC(=O)C(=C)C2CC2(C)C(O)OC(O)CC12,C=C1C(=O)OC2CC(C)C3CC(O)OC(O)C3(C)CC12,1
1722,O[C@H]1[C@H](O)c2nc3ccc4ccccc4c3cc2c5ccccc15,O[C@@H]1c2ccccc2-c2cc3c(ccc4ccccc43)nc2[C@H]1O,0
2081,ClC(Cl)(Cl)C(Cl)(Cl)Cl,ClC(Cl)(Cl)C(Cl)(Cl)Cl,0
3386,c1ccc2c(c1)ccc3cc4c(ccc5ccccc45)cc23,c1ccc2c(c1)ccc1cc3c(ccc4ccccc43)cc12,1
2884,c1ccc2c(c1)cc3ccc4cc5ccccc5c6ccc2c3c46,c1ccc2c(c1)cc1ccc3cc4ccccc4c4ccc2c1c34,1
1754,COc1cc(C(O)c2ncc([N+](=O)[O-])n2C)c(O)c(c1)C(C)(C)C,COc1cc(C(O)c2ncc([N+](=O)[O-])n2C)c(O)c(C(C)(C)C)c1,1
6202,[O-][N+](=O)c1ccc(I)c(c1)[N+](=O)[O-],O=[N+]([O-])c1ccc(I)c([N+](=O)[O-])c1,1
5030,Cc1c(N)cc(cc1N)[N+](=O)[O-],Cc1c(N)cc([N+](=O)[O-])cc1N,1
141,C[C@]12CC[C@H]3[C@@H](CCC4=C3CCC(=O)C4)[C@H]1CC[C@@]2(O)C#C,C#C[C@]1(O)CC[C@@H]2[C@@H]3CCC4=C(CCC(=O)C4)[C@H]3CC[C@@]21C,0
5780,COC1OC1(C)C,COC1OC1(C)C,1
3569,NNC(=O)N,NNC(N)=O,0
3908,O[C@H]1C=Cc2ccc3nc4ccc5ccccc5c4cc3c2[C@@H]1O,O[C@H]1C=Cc2ccc3nc4ccc5ccccc5c4cc3c2[C@@H]1O,1
315,NC(=N)NNc1ccc(cc1)N=NC(=S)N,N=C(N)NNc1ccc(N=NC(N)=S)cc1,1
4606,CC(=O)Nc1ccc2c3ccc(O)cc3c4cccc1c24,CC(=O)Nc1ccc2c3c(cccc13)-c1cc(O)ccc1-2,1
1037,Cc1cc(O)c2C(=O)c3c(O)cc(O)c4c5c(O)cc(O)c6C(=O)c7c(O)cc(C)c8c1c2c(c34)c(c78)c56,Cc1cc(O)c2c(=O)c3c(O)cc(O)c4c5c(O)cc(O)c6c(=O)c7c(O)cc(C)c8c1c2c(c34)c(c78)c65,0
1414,CC(=O)NCc1onc(n1)c2oc(cc2)[N+](=O)[O-],CC(=O)NCc1nc(-c2ccc([N+](=O)[O-])o2)no1,1
5621,O=C1C=Cc2c(ccc3cc4ccccc4cc23)C1=O,O=C1C=Cc2c(ccc3cc4ccccc4cc23)C1=O,0
5861,Cc1cccc2cc3ccc4ccccc4c3cc12,Cc1cccc2cc3ccc4ccccc4c3cc12,1
57,ClCC1(C(Cl)Cl)C2CC(Cl)(Cl)C1(CC2(Cl)Cl)C(Cl)Cl,ClCC1(C(Cl)Cl)C2CC(Cl)(Cl)C1(C(Cl)Cl)CC2(Cl)Cl,0
1638,BrCc1c2ccccc2c3ccc4cccc5ccc1c3c45,BrCc1c2ccccc2c2ccc3cccc4ccc1c2c43,1
2894,OC(=O)C=C(C(Cl)Cl)C(Cl)Cl,O=C(O)C=C(C(Cl)Cl)C(Cl)Cl,1
63,CCCCCOC(=O)C(=C)C,C=C(C)C(=O)OCCCCC,0
5768,CO[C@H]1[C@@H](C[C@H]2CN3CCc4c([nH]c5cc(OC)ccc45)[C@H]3C[C@@H]2[C@@H]1C(=O)OC)OC(=O)\C=C\c6cc(OC)c(OC)c(OC)c6,COC(=O)[C@H]1[C@H]2C[C@@H]3c4[nH]c5cc(OC)ccc5c4CCN3C[C@@H]2C[C@@H](OC(=O)/C=C/c2cc(OC)c(OC)c(OC)c2)[C@@H]1OC,0
3445,NC(=O)c1ccc(cc1)[N+](=O)[O-],NC(=O)c1ccc([N+](=O)[O-])cc1,1
7126,CC1CCCN(C1)N=O,CC1CCCN(N=O)C1,1
6601,OCC1OC(C(O)C1O)N(N=O)C2=CC=C(C=C2)[N+]([O-])=O,O=NN(c1ccc([N+](=O)[O-])cc1)C1OC(CO)C(O)C1O,1
518,COc1ccccc1NC(=O)C(N=Nc2ccc(cc2Cl)c3ccc(N=NC(C(=O)C)C(=O)Nc4ccccc4OC)c(Cl)c3)C(=O)C,COc1ccccc1NC(=O)C(N=Nc1ccc(-c2ccc(N=NC(C(C)=O)C(=O)Nc3ccccc3OC)c(Cl)c2)cc1Cl)C(C)=O,0
5112,Cl\C=C(/Cl)\C(Cl)Cl,Cl/C=C(\Cl)C(Cl)Cl,1
6481,CCCCN(CCCCO)N=O,CCCCN(CCCCO)N=O,1
4141,Oc1ccc(cc1)C2Oc3ccc4cc3C2C(=O)N5CCCCNCCCNC4CC(=O)NCCC5,O=C1CC2NCCCNCCCCN(CCCN1)C(=O)C1c3cc2ccc3OC1c1ccc(O)cc1,1
4097,COc1ccc2cc(ccc2c1)C(C)C(=O)O,COc1ccc2cc(C(C)C(=O)O)ccc2c1,0
6607,CN2C1=C(C=CC=C1)C(=O)C3=C2C4=C(C=C3O)OC(C4)C(C)=C,C=C(C)C1Cc2c(cc(O)c3c(=O)c4ccccc4n(C)c23)O1,1
4647,[O-][N+](=O)c1ccc2c(ccc3c4ccccc4ccc23)c1,O=[N+]([O-])c1ccc2c(ccc3c4ccccc4ccc23)c1,1
6400,CCc1cccc(CC)c1N(COC)C(=O)CO,CCc1cccc(CC)c1N(COC)C(=O)CO,0
4593,COC(=O)C(=C)Cl,C=C(Cl)C(=O)OC,1
462,OC1C=Cc2c(Br)c3ccc4ccccc4c3cc2C1O,OC1C=Cc2c(cc3c(ccc4ccccc43)c2Br)C1O,0
692,COc1ccc2nccc([C@@H](O)[C@@H]3C[C@@H]4CCN3C[C@@H]4C=C)c2c1,C=C[C@H]1CN2CC[C@H]1C[C@H]2[C@H](O)c1ccnc2ccc(OC)cc12,0
2074,COC(=O)c1cc(Oc2ccc(Cl)cc2Cl)ccc1[N+](=O)[O-],COC(=O)c1cc(Oc2ccc(Cl)cc2Cl)ccc1[N+](=O)[O-],1
5966,NC(=O)C12OC1C(O)(NC2=O)c3ccccc3,NC(=O)C12OC1C(O)(c1ccccc1)NC2=O,0
4283,COc1c(C=O)c(O)cc2C(=O)c3ccccc3C(=O)c12,COc1c(C=O)c(O)cc2c1C(=O)c1ccccc1C2=O,0
2308,Cc1cccc(c1)C(=O)O,Cc1cccc(C(=O)O)c1,0
2260,Oc1ccc(O)c2C(=O)C=CC(=O)c12,O=C1C=CC(=O)c2c(O)ccc(O)c21,1
4795,CC(=C)c1ccccc1,C=C(C)c1ccccc1,0
1710,Fc1cnc2c(ccc3ncc(F)cc23)c1,Fc1cnc2c(ccc3ncc(F)cc32)c1,0
4181,Cc1cc(ccc1[N+](=O)[O-])[N+](=O)[O-],Cc1cc([N+](=O)[O-])ccc1[N+](=O)[O-],1
129,CSC(C)(C)C(=O)NC(CS)C(=O)O,CSC(C)(C)C(=O)NC(CS)C(=O)O,0
5505,[O-][N+](=O)c1cnc(s1)N2CCN(C(=O)C(Cl)Cl)C2=O,O=C(C(Cl)Cl)N1CCN(c2ncc([N+](=O)[O-])s2)C1=O,1
1258,CCCCN(CC(O)c1ccc(O)cc1)N=O,CCCCN(CC(O)c1ccc(O)cc1)N=O,0
2974,CCCCOCCOCCSC#N,CCCCOCCOCCSC#N,0
1871,CC(C)(C)c1c(N)ccc2c1Cc3ccccc23,CC(C)(C)c1c(N)ccc2c1Cc1ccccc1-2,0
2673,Nc1ccc(cc1O)[N+](=O)[O-],Nc1ccc([N+](=O)[O-])cc1O,1
2178,CON,CON,0
2017,[O-][N+](=O)c1cccc(c1)C(=O)ON(OCc2ccccc2)C(=O)c3ccccc3,O=C(ON(OCc1ccccc1)C(=O)c1ccccc1)c1cccc([N+](=O)[O-])c1,1
2502,CCOP(=S)(OCC)SCN1C(=O)Oc2cc(Cl)ccc12,CCOP(=S)(OCC)SCn1c(=O)oc2cc(Cl)ccc21,0
6591,OC5C(O)C2=C1C6(C4=C(C1=CC=C2)C3=C(C=CC=C3)C=C4)OC56,OC1c2cccc3c2C2(OC2C1O)c1ccc2ccccc2c1-3,1
380,ClCc1cc2cccc3ccc4c5ccccc5cc1c4c23,ClCc1cc2cccc3ccc4c5ccccc5cc1c4c32,1
4664,O1C2C1c3cc4ccccc4c5ccc6cccc2c6c35,c1ccc2c(c1)cc1c3c2ccc2cccc(c23)C2OC12,1
3057,OC(=O)c1ccc(Cl)cc1,O=C(O)c1ccc(Cl)cc1,0
3015,OC1C(O)C(OC1COP(=O)(O)O)n2cnc3c(O)ncnc23,O=P(O)(O)OCC1OC(n2cnc3c(O)ncnc32)C(O)C1O,0
3020,CC(N)C(=O)O,CC(N)C(=O)O,0
6651,OC6C1OC1C5=C4C2=CC=CC3=CC=CC(=C23)C4=CC=C5C6O,OC1c2ccc3c(c2C2OC2C1O)-c1cccc2cccc-3c12,1
1518,C[n+]1c2ccccc2cc3ccc(N)cc13,C[n+]1c2ccccc2cc2ccc(N)cc21,1
2096,CN1CCCN(C)C1=O,CN1CCCN(C)C1=O,0
3516,CCOC(=O)c1ccc(cc1)N(O)C=O,CCOC(=O)c1ccc(N(O)C=O)cc1,0
3301,CCCCCCCCCCCl,CCCCCCCCCCCl,0
3943,CCn1c(N)nc2c3ncc(C)nc3ccc12,CCn1c(N)nc2c3ncc(C)nc3ccc21,1
3454,Nc1ccc(cc1[N+](=O)[O-])[N+](=O)[O-],Nc1ccc([N+](=O)[O-])cc1[N+](=O)[O-],1
4705,CN(CCCCO)N=O,CN(CCCCO)N=O,1
3303,CC(C)(C)c1ccc(OP2OCC3(COP(Oc4ccc(cc4C(C)(C)C)C(C)(C)C)OC3)CO2)c(c1)C(C)(C)C,CC(C)(C)c1ccc(OP2OCC3(CO2)COP(Oc2ccc(C(C)(C)C)cc2C(C)(C)C)OC3)c(C(C)(C)C)c1,0
5015,O=Cc1cccc(c1)c2ccccc2,O=Cc1cccc(-c2ccccc2)c1,0
1083,NC1=NC(=O)N(C=C1I)C2CC(O)C(CO)O2,Nc1nc(=O)n(C2CC(O)C(CO)O2)cc1I,0
348,C[C@@H](O)CN(C)c1ccc(NN)nn1,C[C@@H](O)CN(C)c1ccc(NN)nn1,1
7138,C1OC1c1ccc2ccccc2c1,c1ccc2cc(C3CO3)ccc2c1,1
3514,CC(C(=O)O)c1ccc(Oc2nccs2)cc1,CC(C(=O)O)c1ccc(Oc2nccs2)cc1,0
5763,[O-][N+](=O)c1ccc(CCl)cc1,O=[N+]([O-])c1ccc(CCl)cc1,1
2542,Oc1cccc2C(=O)C=CC(=O)c12,O=C1C=CC(=O)c2c(O)cccc21,1
5136,CC(C)CC1NC(=O)CNC1=O,CC(C)CC1NC(=O)CNC1=O,0
7092,CC1CCC(=O)C1=O,CC1CCC(=O)C1=O,0
7144,O(C1CCC2OC12)C1CCC2OC12,C1CC2OC2C1OC1CCC2OC12,0
2728,Nc1cc(cc(c1O)[N+](=O)[O-])[N+](=O)[O-],Nc1cc([N+](=O)[O-])cc([N+](=O)[O-])c1O,1
2307,[O-][N+](=O)c1ccccc1\C=C\C=C(/C#N)\c2ccc(Br)cc2,N#C/C(=C\C=C\c1ccccc1[N+](=O)[O-])c1ccc(Br)cc1,1
2016,[O-][N+](=O)c1ccc2c(CCc3cc4CCCCc4cc23)c1,O=[N+]([O-])c1ccc2c(c1)CCc1cc3c(cc1-2)CCCC3,1
2892,[O-][N+](=O)c1ccc2ccc3cccc4C(=O)C(=O)c1c2c34,O=c1c(=O)c2c([N+](=O)[O-])ccc3ccc4cccc1c4c32,1
1118,Cc1cnc2c(cc(C)c3c2nc(N)n3C)n1,Cc1cnc2c(cc(C)c3c2nc(N)n3C)n1,1
1493,CCCCCCCCCCCC(=O)O,CCCCCCCCCCCC(=O)O,0
2660,O=C1CC2SCC=CN12,O=C1CC2SCC=CN12,0
4130,Nc1cc(cc(Cl)c1O)[N+](=O)[O-],Nc1cc([N+](=O)[O-])cc(Cl)c1O,1
5617,COc1ccc(c2c(NCCCN(C)C)c3ccccc3nc12)[N+](=O)[O-],COc1ccc([N+](=O)[O-])c2c(NCCCN(C)C)c3ccccc3nc12,1
6325,CC(=O)Nc1cccc2cc(F)cnc12,CC(=O)Nc1cccc2cc(F)cnc12,1
6358,Cc1cccc(C)c1O,Cc1cccc(C)c1O,0
5550,O=C(Nc1ccc2c(Cc3ccccc23)c1)c4ccccc4,O=C(Nc1ccc2c(c1)Cc1ccccc1-2)c1ccccc1,1
3399,Brc1ccc(CN2C3C2c4ccccc4c5ccccc35)cc1,Brc1ccc(CN2C3c4ccccc4-c4ccccc4C32)cc1,1
4776,CC(=O)CC(=O)Nc1ccc(C)cc1,CC(=O)CC(=O)Nc1ccc(C)cc1,0
5057,COCCOC,COCCOC,1
3532,CC#CC(OC(=O)NC1CCCCC1)(c2ccccc2)c3ccccc3,CC#CC(OC(=O)NC1CCCCC1)(c1ccccc1)c1ccccc1,1
108,CS(=O)(=O)Nc1ccc(Nc2c3ccc(cc3nc4ccc(cc24)N=N#N)N=N#N)cc1,CS(=O)(=O)Nc1ccc(Nc2c3ccc(N=[N+]=[N-])cc3nc3ccc(N=[N+]=[N-])cc23)cc1,0
5417,O1C2C1c3nc4ccc5ccccc5c4cc3c6ccccc26,c1ccc2c(c1)-c1cc3c(ccc4ccccc43)nc1C1OC21,1
4261,NCc1cccc(CN)c1,NCc1cccc(CN)c1,0
3209,COc1ccc2[nH]c(N)nc2c1,COc1ccc2[nH]c(N)nc2c1,0
2520,OCc1ccc2ccc3cccc4ccc1c2c34,OCc1ccc2ccc3cccc4ccc1c2c34,1
5291,CCCCOCCCC,CCCCOCCCC,0
4539,CCC(C)OS(=O)(=O)C,CCC(C)OS(C)(=O)=O,1
1259,CNc1ccc(cc1)N=Nc2ccc(cc2)N(C)C(=O)C,CNc1ccc(N=Nc2ccc(N(C)C(C)=O)cc2)cc1,1
6564,CC(C)C1CCC(C)CC1=O,CC1CCC(C(C)C)C(=O)C1,1
2827,COc1cccc2OC3(C)OOC3(C)c12,COc1cccc2c1C1(C)OOC1(C)O2,1
6172,Cc1c(C)c(Br)c(Br)c(Br)c1Br,Cc1c(C)c(Br)c(Br)c(Br)c1Br,0
2497,CS(=O)(=O)OCCCNCCCOS(=O)(=O)C,CS(=O)(=O)OCCCNCCCOS(C)(=O)=O,1
7141,CCOP(=O)(NC(C)C)Oc1ccc(SC)c(C)c1,CCOP(=O)(NC(C)C)Oc1ccc(SC)c(C)c1,0
5961,[O-][N+](=O)c1cc(c2cccc3c4ccccc4c1c23)[N+](=O)[O-],O=[N+]([O-])c1cc([N+](=O)[O-])c2cccc3c2c1-c1ccccc1-3,1
5612,Cc1cccc2ccc3cc4ccccc4cc3c12,Cc1cccc2ccc3cc4ccccc4cc3c12,1
5581,CCc1ccc(cc1)C(C(Cl)Cl)c2ccc(CC)cc2,CCc1ccc(C(c2ccc(CC)cc2)C(Cl)Cl)cc1,1
898,[O-][N+](=O)c1cccc2c(cccc12)C#N,N#Cc1cccc2c([N+](=O)[O-])cccc12,1
3708,O=NN1CN2CN(CN(C2)N=O)C1,O=NN1CN2CN(C1)CN(N=O)C2,1
5955,Cc1ccc(N)cc1C,Cc1ccc(N)cc1C,1
155,COc1nsc2cc(OCC3CO3)ccc12,COc1nsc2cc(OCC3CO3)ccc12,1
2080,CCOC(=O)CC(=O)CCl,CCOC(=O)CC(=O)CCl,0
4248,CCN1C=C(C(=O)O)C(=O)c2cc3OCOc3cc12,CCn1cc(C(=O)O)c(=O)c2cc3c(cc21)OCO3,1
3077,OCNC(=O)c1ccc(Cl)cc1,O=C(NCO)c1ccc(Cl)cc1,0
3712,COC(=O)C(C)(C)Oc1ccc(cc1)c2ccc(Cl)cc2,COC(=O)C(C)(C)Oc1ccc(-c2ccc(Cl)cc2)cc1,0
2860,COc1c(Cl)ccc2Oc3cc4OC5OC=CC5c4c(OC)c3C(=O)c12,COc1c(Cl)ccc2oc3cc4c(c(OC)c3c(=O)c12)C1C=COC1O4,1
6539,c1ccc2c(c1)[nH]c3ccccc32,c1ccc2c(c1)[nH]c1ccccc12,0
3001,CN(N=O)C(=O)C,CC(=O)N(C)N=O,1
1059,C(c1ccccc1)n2ccnc2,c1ccc(Cn2ccnc2)cc1,1
1040,C\C=C(\C)/C#N,C/C=C(/C)C#N,0
2643,O\N=C\c1ccccn1,O/N=C/c1ccccn1,0
3371,N[C@@H](CCC(=O)O)C(=O)O,N[C@@H](CCC(=O)O)C(=O)O,0
4307,OCC#CCO,OCC#CCO,0
4672,CCc1nc2c(ccc3ccc4ccc(O)cc4c23)[nH]1,CCc1nc2c(ccc3ccc4ccc(O)cc4c32)[nH]1,1
1724,Oc1c(cc2c3ccccc3[nH]c2c1[N+](=O)[O-])[N+](=O)[O-],O=[N+]([O-])c1cc2c([nH]c3ccccc32)c([N+](=O)[O-])c1O,1
720,Cc1cccn2c1nc3c(C)c(NO)cnc23,Cc1c(NO)cnc2c1nc1c(C)cccn12,1
736,COc1nncc2ccncc12,COc1nncc2ccncc12,0
6088,Cc1cn2c(c(nc2s1)c3ccc(cc3)[N+](=O)[O-])[N+](=O)[O-],Cc1cn2c([N+](=O)[O-])c(-c3ccc([N+](=O)[O-])cc3)nc2s1,1
7089,CC1=CCC2CC1C2(C)C,CC1=CCC2CC1C2(C)C,0
3591,CC(C)(C)N,CC(C)(C)N,0
5725,C1CC2CCc3ccccc3C24OC4C1,c1ccc2c(c1)CCC1CCCC3OC213,0
4959,ClC(=C1OC(=O)C(=C1Cl)Cl)Cl,O=C1OC(=C(Cl)Cl)C(Cl)=C1Cl,1
6432,COc1cc2OC3OC=CC3c2c4oc(=O)c5C(=O)CCc5c14,COc1cc2c(c3oc(=O)c4c(c13)CCC4=O)C1C=COC1O2,1
1051,Cc1cc(NOS(=O)(=O)O)ccc1N,Cc1cc(NOS(=O)(=O)O)ccc1N,1
3391,Brc1ccc(Oc2cc(Br)c(Br)cc2Br)c(Br)c1,Brc1ccc(Oc2cc(Br)c(Br)cc2Br)c(Br)c1,0
6786,CC1OCC(=O)C(=O)C1O,CC1OCC(=O)C(=O)C1O,1
6001,C[C@]12CC[C@H]3[C@@H](CC=C4C[C@H](CC[C@]34C)OC(=O)\C=C\c5cccc(c5)N(CCCl)CCCl)[C@@H]1CCC(=O)N2,C[C@]12CC[C@H]3[C@@H](CC=C4C[C@@H](OC(=O)/C=C/c5cccc(N(CCCl)CCCl)c5)CC[C@@]43C)[C@@H]1CCC(=O)N2,1
3865,CCOC(=O)C[C@@H](SP(=O)(OC)OC)C(=O)OCC,CCOC(=O)C[C@@H](SP(=O)(OC)OC)C(=O)OCC,0
5340,OC(=O)COc1ccc(Cl)cc1Cl,O=C(O)COc1ccc(Cl)cc1Cl,0
6074,N(c1ccccc1)c2ccc3ccccc3c2,c1ccc(Nc2ccc3ccccc3c2)cc1,0
1685,ClCC(=O)c1ccc(Cl)cc1Cl,O=C(CCl)c1ccc(Cl)cc1Cl,1
4150,OC1C(O)c2c(Br)c3ccccc3cc2c4ccccc14,OC1c2ccccc2-c2cc3ccccc3c(Br)c2C1O,0
2444,[O-][N+](=O)c1[nH]cnc1c2ccccc2,O=[N+]([O-])c1[nH]cnc1-c1ccccc1,1
319,[O-][N+](=O)c1ccnc2ccccc12,O=[N+]([O-])c1ccnc2ccccc12,1
4567,[O-][N+](=O)c1ccc2c3cccc4ccc(c(c5cccc1c25)c34)[N+](=O)[O-],O=[N+]([O-])c1ccc2c3cccc4ccc([N+](=O)[O-])c(c5cccc1c25)c43,1
6265,CCOc1ccc(NC(=O)N)cc1,CCOc1ccc(NC(N)=O)cc1,0
2630,OCCN(CCO)c1ccc(N=Nc2c(Cl)cc(cc2Cl)[N+](=O)[O-])c(Cl)c1,O=[N+]([O-])c1cc(Cl)c(N=Nc2ccc(N(CCO)CCO)cc2Cl)c(Cl)c1,1
5988,COc1ccc(cc1OC)c2nc(c3ccc(C)cc3)c([nH]2)c4ccc(C)cc4,COc1ccc(-c2nc(-c3ccc(C)cc3)c(-c3ccc(C)cc3)[nH]2)cc1OC,1
2743,[O-][N+](=O)c1ccc(C=O)cc1,O=Cc1ccc([N+](=O)[O-])cc1,1
6637,O1C5C1C2=C(C=C4C(=C2)C3=CC=CC=C3C=C4)C6=C5C=CC=C6,c1ccc2c(c1)-c1cc3ccc4ccccc4c3cc1C1OC21,1
25,C=CC(=O)NCNC(=O)C=C,C=CC(=O)NCNC(=O)C=C,1
2804,[O-][N+](=O)c1cc(c2ccccc2c1)[N+](=O)[O-],O=[N+]([O-])c1cc([N+](=O)[O-])c2ccccc2c1,1
5996,Nc1c(O)ccc2ccccc12,Nc1c(O)ccc2ccccc12,0
2000,CC[C@@]12O[C@]1(C(=O)OC)C(=O)O[C@H]2C,CC[C@@]12O[C@]1(C(=O)OC)C(=O)O[C@H]2C,1
3508,COC(=O)Nc1nc2cc(ccc2[nH]1)C(=O)c3ccc(F)cc3,COC(=O)Nc1nc2cc(C(=O)c3ccc(F)cc3)ccc2[nH]1,0
7250,Cc1c2ccccc2c(C2CO2)c2ccccc12,Cc1c2ccccc2c(C2CO2)c2ccccc12,1
5750,C[C@H]1CN(CCN1N=O)N=O,C[C@H]1CN(N=O)CCN1N=O,1
6914,CC3(O)CCC4C2CCC1CC(=O)C(CC1(C)C2CCC34C)C=O,CC12CC(C=O)C(=O)CC1CCC1C2CCC2(C)C1CCC2(C)O,0
4520,CC(C)(N=NC(C)(C)C(=N)N)C(=N)N,CC(C)(N=NC(C)(C)C(=N)N)C(=N)N,1
3680,CN(CCC#N)c1ccc(cc1)N=Nc2ccc3ncsc3c2,CN(CCC#N)c1ccc(N=Nc2ccc3ncsc3c2)cc1,1
1161,COc1cc(OC)c2C(=O)c3c(O)ccc(OC)c3Oc2c1,COc1cc(OC)c2c(=O)c3c(O)ccc(OC)c3oc2c1,1
6313,Clc1ccccc1C=C(C#N)C#N,N#CC(C#N)=Cc1ccccc1Cl,1
919,CC(=O)Nc1ccccc1C,CC(=O)Nc1ccccc1C,1
6283,FC(=C(F)Cl)F,FC(F)=C(F)Cl,0
5033,[O-][N+](=O)c1cc(c2ccc3cccc4ccc1c2c34)[N+](=O)[O-],O=[N+]([O-])c1cc([N+](=O)[O-])c2ccc3cccc4ccc1c2c43,1
176,Cc1ccccc1S(=O)(=O)N,Cc1ccccc1S(N)(=O)=O,0
4546,COC1=CC=C2C(=CC1=O)[C@@H](CCc3cc(OC)c(OC)c(OC)c23)NC(=O)C,COc1cc2c(c(OC)c1OC)-c1ccc(OC)c(=O)cc1[C@H](NC(C)=O)CC2,0
2264,[O-][N+](=O)c1ccc2c(c1)sc3ccccc23,O=[N+]([O-])c1ccc2c(c1)sc1ccccc12,1
4275,CCS(=O)(=O)CCn1c(C)ncc1[N+](=O)[O-],CCS(=O)(=O)CCn1c([N+](=O)[O-])cnc1C,1
1,[O-][N+](=O)c1c2CCCCc2c3ccc4cccc5ccc1c3c45,O=[N+]([O-])c1c2c(c3ccc4cccc5ccc1c3c45)CCCC2,1
1450,OCc1cccc(c1)[N+](=O)[O-],O=[N+]([O-])c1cccc(CO)c1,0
3388,C1Cc2c(ccc3cccnc23)C4OC14,c1cnc2c3c(ccc2c1)C1OC1CC3,0
2397,Cn1c(ncc1[N+](=O)[O-])c2nnc(N)s2,Cn1c([N+](=O)[O-])cnc1-c1nnc(N)s1,1
142,N#Cc1ccccc1C#N,N#Cc1ccccc1C#N,0
4447,Cc1cc2ccc3cc4ccccc4c5ccc(c1)c2c35,Cc1cc2ccc3cc4ccccc4c4ccc(c1)c2c34,1
3743,Cc1ccc2nc3ccc(C)cc3c(N)c2c1,Cc1ccc2nc3ccc(C)cc3c(N)c2c1,1
3268,CC1(N(O)c2ccccc2/C/1=N\c3ccccc3)c4ccccc4,CC1(c2ccccc2)/C(=N/c2ccccc2)c2ccccc2N1O,0
2435,CC(=O)OCc1ccc(cc1)[N+](=O)[O-],CC(=O)OCc1ccc([N+](=O)[O-])cc1,1
2365,CC(C)(C)OO,CC(C)(C)OO,1
3895,Cc1c2ccncc2c(C)c3c4cc(N)ccc4[nH]c13,Cc1c2ccncc2c(C)c2c1[nH]c1ccc(N)cc12,1
4956,Brc1cc(Br)c(OCCOc2c(Br)cc(Br)cc2Br)c(Br)c1,Brc1cc(Br)c(OCCOc2c(Br)cc(Br)cc2Br)c(Br)c1,0
5532,Nc1ccc(c(O)c1)[N+](=O)[O-],Nc1ccc([N+](=O)[O-])c(O)c1,1
2392,CC(=O)O[C@H]1C[C@H](CC=C1C)C(=C)C,C=C(C)[C@H]1CC=C(C)[C@@H](OC(C)=O)C1,0
5374,Cc1cccc2c1ccc3ccccc23,Cc1cccc2c1ccc1ccccc12,1
3622,CCNc1cc(O)ccc1C,CCNc1cc(O)ccc1C,1
4132,Cc1cccc2cc3c(ccc4ccccc34)cc12,Cc1cccc2cc3c(ccc4ccccc43)cc12,1
3615,Oc1ccc2cc(cc(c2c1)S(=O)(=O)O)S(=O)(=O)O,O=S(=O)(O)c1cc(S(=O)(=O)O)c2cc(O)ccc2c1,0
4299,CN1N(C(=O)C(=C1C)N)c2ccccc2,Cc1c(N)c(=O)n(-c2ccccc2)n1C,0
2471,N#CC(=C(C#N)C#N)C#N,N#CC(C#N)=C(C#N)C#N,0
2270,CCCCCCCC\C=C\CCCCCCCC(=O)O,CCCCCCCC/C=C/CCCCCCCC(=O)O,0
5118,Cc1cc(cc(C)c1N)c2cc(C)c(N)c(C)c2,Cc1cc(-c2cc(C)c(N)c(C)c2)cc(C)c1N,0
4921,CC(=O)C(Cl)Cl,CC(=O)C(Cl)Cl,1
6485,CC1(C)OC2(C)CCC1CC2,CC12CCC(CC1)C(C)(C)O2,0
2654,COc1nncc2ncccc12,COc1nncc2ncccc12,0
1457,Cc1c2ccc3ccccc3c2cc4ccc(O)c(O)c14,Cc1c2ccc3ccccc3c2cc2ccc(O)c(O)c12,1
4693,C[n+]1c2cc(N)ccc2cc3ccc(N)cc13,C[n+]1c2cc(N)ccc2cc2ccc(N)cc21,1
3764,[O-][N+](=O)C1=Cc2cc3cc4ccccc4cc3c5cccc1c25,O=[N+]([O-])C1=Cc2cc3cc4ccccc4cc3c3cccc1c23,1
4414,[O-][N+](=O)c1cc(c2c3ccccc3c4cccc5ccc1c2c45)[N+](=O)[O-],O=[N+]([O-])c1cc([N+](=O)[O-])c2c3ccccc3c3cccc4ccc1c2c43,1
4859,CCOCC=O,CCOCC=O,0
4608,Nc1nc(cs1)c2ccc(s2)[N+](=O)[O-],Nc1nc(-c2ccc([N+](=O)[O-])s2)cs1,1
2568,N#N=NCc1ccccc1,[N-]=[N+]=NCc1ccccc1,1
513,[O-][N+](=O)c1ccc2ccc3ccc(c4ccc1c2c34)[N+](=O)[O-],O=[N+]([O-])c1ccc2ccc3ccc([N+](=O)[O-])c4ccc1c2c34,1
5681,CS(=O)(=O)N1N=CC(=C(Cl)C1=O)Cl,CS(=O)(=O)n1ncc(Cl)c(Cl)c1=O,1
530,Oc1ccc(Cl)cc1Cc2ccccc2,Oc1ccc(Cl)cc1Cc1ccccc1,0
3440,C\C(=C(\Cl)/C(=O)O)\C=O,C/C(C=O)=C(/Cl)C(=O)O,1
5206,CCCCc1ccc(cc1)\N=C/c2ccc(OC)cc2,CCCCc1ccc(/N=C\c2ccc(OC)cc2)cc1,1
3103,OCCN(CCO)CCO,OCCN(CCO)CCO,0
3877,Oc1ccc(C=O)cc1,O=Cc1ccc(O)cc1,0
6272,O=C1c2ccccc2c3ccc4C(=O)c5ccccc5c6ccc1c3c46,O=C1c2ccccc2-c2ccc3c4c(ccc1c24)-c1ccccc1C3=O,0
4677,Nc1ccc2cc3ccc(N)cc3nc2c1,Nc1ccc2cc3ccc(N)cc3nc2c1,1
7254,Oc1c2C(=O)c3c(O)cc(O)cc3C(=O)c2cc2OC3OC=CC3c12,O=C1c2cc(O)cc(O)c2C(=O)c2c1cc1c(c2O)C2C=COC2O1,1
7163,CN(C)C(=O)N(C)N=O,CN(C)C(=O)N(C)N=O,1
889,Brc1c(Br)c(Br)c2C(=O)OC(=O)c2c1Br,O=C1OC(=O)c2c(Br)c(Br)c(Br)c(Br)c21,0
5450,O1[C@@H]2[C@H]1c3ccccc3c4c2ccc5ccccc45,c1ccc2c(c1)-c1c(ccc3ccccc13)[C@@H]1O[C@H]21,1
4773,C1CCC=CC1,C1=CCCCC1,0
41,N[C@@H]1CC[C@@H](C[C@@H]2CC[C@@H](N)CC2)CC1,N[C@H]1CC[C@H](C[C@H]2CC[C@H](N)CC2)CC1,0
4354,CC12CCC3C(CCc4cc(O)ccc34)C1CCC2(O)C#C,C#CC1(O)CCC2C3CCc4cc(O)ccc4C3CCC21C,0
4246,Nc1n[nH]c(N)n1,Nc1n[nH]c(N)n1,0
1883,Oc1ccc(cc1)C2(CCCCC2)c3ccc(O)cc3,Oc1ccc(C2(c3ccc(O)cc3)CCCCC2)cc1,0
1426,Cc1cc(ccc1[N+](=O)[O-])C(=O)O,Cc1cc(C(=O)O)ccc1[N+](=O)[O-],1
1235,OC(=O)CCCC(=O)O,O=C(O)CCCC(=O)O,0
1683,CCCCCC(=O)OC1(CCC2C3CCC4=CC(=O)CCC4C3CCC12C)C(=O)C,CCCCCC(=O)OC1(C(C)=O)CCC2C3CCC4=CC(=O)CCC4C3CCC21C,0
6752,CS(=O)(=O)NC1=CC=C(C=C1)NC3=C2C=C(C=CC2=NC4=CC=CC=C34)N=[N+]=[N-],CS(=O)(=O)Nc1ccc(Nc2c3ccccc3nc3ccc(N=[N+]=[N-])cc23)cc1,1
3952,C\C=C/C=C\C(=O)O,C/C=C\C=C/C(=O)O,0
957,OC(=O)c1ccccc1Nc2cc(Cl)ccc2C(=O)O,O=C(O)c1ccccc1Nc1cc(Cl)ccc1C(=O)O,0
783,CC[C@@H](C)N,CC[C@@H](C)N,0
1325,COc1cc(OC)c(C=O)cc1OC,COc1cc(OC)c(OC)cc1C=O,0
1895,CC(CCC(=O)O)C1CCC2C3CCC4CC(O)CCC4(C)C3CC(=O)C12C,CC(CCC(=O)O)C1CCC2C3CCC4CC(O)CCC4(C)C3CC(=O)C12C,0
6200,O=C1Oc2cccc3ccc4cccc1c4c23,O=c1oc2cccc3ccc4cccc1c4c32,0
4221,Cc1ccc(cc1C(=O)O)[N+](=O)[O-],Cc1ccc([N+](=O)[O-])cc1C(=O)O,1
1865,OC1C(O)c2ccc3c4CCCc4ccc3c2C5OC15,OC1c2ccc3c4c(ccc3c2C2OC2C1O)CCC4,1
6518,Cc1ccc(N)cc1N,Cc1ccc(N)cc1N,1
5257,Clc1ccc(NS(=O)(=O)c2cccc3cccnc23)c(Cl)c1,O=S(=O)(Nc1ccc(Cl)cc1Cl)c1cccc2cccnc12,0
3368,CN(C)c1ccc2nc3cc(C)c(N)cc3[s+]c2c1,Cc1cc2nc3ccc(N(C)C)cc3[s+]c2cc1N,1
7239,O(C)c1c(OC)ccc2C=C3N(CCc4cc5OCOc5cc34)Cc12,COc1ccc2c(c1OC)CN1CCc3cc4c(cc3C1=C2)OCO4,0
2114,Cc1cc(Cl)ccc1OCC(=O)O,Cc1cc(Cl)ccc1OCC(=O)O,0
5298,CC1=CC(=O)Oc2c3OC4(C)OOC4(C)c3ccc12,Cc1cc(=O)oc2c3c(ccc12)C1(C)OOC1(C)O3,1
967,[O-][N+](=O)c1ccc(\C=C\c2ccc(cc2)[N+](=O)[O-])cc1,O=[N+]([O-])c1ccc(/C=C/c2ccc([N+](=O)[O-])cc2)cc1,1
4700,Cc1cc(C)c(CN2C3C2c4ccccc4c5ccccc35)c(C)c1,Cc1cc(C)c(CN2C3c4ccccc4-c4ccccc4C32)c(C)c1,1
5516,C(Oc1cccc2cnsc12)C3CO3,c1cc(OCC2CO2)c2sncc2c1,1
2511,CN(C)CCN(C)C,CN(C)CCN(C)C,0
3353,Cc1cccc2cccc(c12)[N+](=O)[O-],Cc1cccc2cccc([N+](=O)[O-])c12,1
737,N[C@@H](Cc1ccc(O)c(c1)[N+](=O)[O-])C(=O)O,N[C@@H](Cc1ccc(O)c([N+](=O)[O-])c1)C(=O)O,0
1986,CCN1CCN(CC1)c2cc3N(C=C(C(=O)O)C(=O)c3cc2F)C4CC4,CCN1CCN(c2cc3c(cc2F)c(=O)c(C(=O)O)cn3C2CC2)CC1,1
3538,Cc1cc(O)c2C(=O)c3c(O)cccc3C(=O)c2c1,Cc1cc(O)c2c(c1)C(=O)c1cccc(O)c1C2=O,1
6825,CC(=O)NC1=CC=C(C=C1)C2OC2C(=O)C3=CC=CC=C3,CC(=O)Nc1ccc(C2OC2C(=O)c2ccccc2)cc1,1
2031,CC(C)S(=O)(=O)Cl,CC(C)S(=O)(=O)Cl,1
5661,OC(=O)c1cccnc1Nc2cccc(c2)C(F)(F)F,O=C(O)c1cccnc1Nc1cccc(C(F)(F)F)c1,0
6084,CCOc1cc(C=O)ccc1O,CCOc1cc(C=O)ccc1O,0
1006,CN[C@@H](C)Cc1ccccc1,CN[C@@H](C)Cc1ccccc1,0
7028,CCC2=C1OC(=CC1=CC=C2)C(O)CNC(C)(C)C,CCc1cccc2cc(C(O)CNC(C)(C)C)oc12,0
581,Clc1ccc(cc1)C(c2ccc(Cl)cc2)C(Cl)(Cl)Cl,Clc1ccc(C(c2ccc(Cl)cc2)C(Cl)(Cl)Cl)cc1,0
4026,CCCCCCCCCCCCCOC(=O)C[N+](CC)(CC)CC,CCCCCCCCCCCCCOC(=O)C[N+](CC)(CC)CC,0
1025,CC\C=C\C=C\C=C\C=C\C=O,CC/C=C/C=C/C=C/C=C/C=O,0
914,CO\N=C(/C(=O)NC1C2SCC(=C(N2C1=O)C(=O)O)CSC(=O)c3occc3)\c4csc(N)n4,CO/N=C(\C(=O)NC1C(=O)N2C(C(=O)O)=C(CSC(=O)c3ccco3)CSC12)c1csc(N)n1,0
1145,CN=NO,CN=NO,1
3267,O=S1(=O)CCCCO1,O=S1(=O)CCCCO1,1
299,Fc1ccc(cc1)\C(=C\C=C\c2ccccc2)\C#N,N#C/C(=C\C=C\c1ccccc1)c1ccc(F)cc1,1
6818,CCC(C)OC(=O)C=CC1=CC=C(O1)[N+]([O-])=O,CCC(C)OC(=O)C=Cc1ccc([N+](=O)[O-])o1,1
1498,ClC(Cl)(Cl)[C@@H]1CO1,ClC(Cl)(Cl)[C@@H]1CO1,1
6615,O=CCC=O,O=CCC=O,1
3339,Oc1ccc(N=Nc2ccc(cc2)[N+](=O)[O-])c(O)c1,O=[N+]([O-])c1ccc(N=Nc2ccc(O)cc2O)cc1,0
1129,O1[C@H]2C=Cc3cccnc3[C@@H]12,C1=C[C@@H]2O[C@@H]2c2ncccc21,1
456,NCCc1c[nH]cn1,NCCc1c[nH]cn1,0
1228,COP(=S)(OC)Oc1ccc(SC)c(C)c1,COP(=S)(OC)Oc1ccc(SC)c(C)c1,0
4673,ClC(=O)c1ccccc1C(=O)Cl,O=C(Cl)c1ccccc1C(=O)Cl,1
2770,CCCCO,CCCCO,0
407,Cc1ccc2nsc(NC(=O)C(Cl)Cl)c2c1,Cc1ccc2nsc(NC(=O)C(Cl)Cl)c2c1,1
7153,OCC1OC(C(O)C(O)C1O)c1ccc2C(=O)c3ccccc3C(=O)c2c1O,O=C1c2ccccc2C(=O)c2c1ccc(C1OC(CO)C(O)C(O)C1O)c2O,1
4511,Cc1ccc(cc1)c2nc3SCCn3c2[N+](=O)[O-],Cc1ccc(-c2nc3n(c2[N+](=O)[O-])CCS3)cc1,1
5397,BrCc1ccc(CBr)cc1,BrCc1ccc(CBr)cc1,0
1528,FC(F)(F)COC=C,C=COCC(F)(F)F,1
5135,ONC(=O)c1ccc(O)c(O)c1,O=C(NO)c1ccc(O)c(O)c1,1
4196,O=C(C1OC1c2ccccc2)c3ccc(cc3)c4ccccc4,O=C(c1ccc(-c2ccccc2)cc1)C1OC1c1ccccc1,0
6078,CCC(C)(C)OC,CCC(C)(C)OC,0
4294,CCCC(=O)Cl,CCCC(=O)Cl,1
1665,NC(=O)C1(O[C@H]1C(=O)c2ccccc2)C(=O)N,NC(=O)C1(C(N)=O)O[C@H]1C(=O)c1ccccc1,1
6430,OC(=O)C1C(C(=O)O)C2(Cl)C(=C(Cl)C1(Cl)C2(Cl)Cl)Cl,O=C(O)C1C(C(=O)O)C2(Cl)C(Cl)=C(Cl)C1(Cl)C2(Cl)Cl,0
6918,CC(CS)C1CCC(C)C(S)C1,CC1CCC(C(C)CS)CC1S,0
5584,O=C(Nc1cccc2C(=O)c3c(ccc4c5cc(NC(=O)c6ccccc6)c7C(=O)c8ccccc8C(=O)c7c5[nH]c34)C(=O)c12)c9ccccc9,O=C(Nc1cccc2c(=O)c3c(ccc4c5cc(NC(=O)c6ccccc6)c6c(=O)c7ccccc7c(=O)c6c5[nH]c43)c(=O)c12)c1ccccc1,0
2103,[O-][N+](=O)c1ccccc1\C=C\C=O,O=C/C=C/c1ccccc1[N+](=O)[O-],1
2374,Cc1cc(N)c(C)c2c3ccccc3[nH]c12,Cc1cc(N)c(C)c2c1[nH]c1ccccc12,1
6043,O1C2C1c3cc4ccccc4cc3c5ccccc25,c1ccc2c(c1)-c1cc3ccccc3cc1C1OC21,1
1709,NC(=S(=O)=O)N,NC(N)=S(=O)=O,1
6618,O[N+]([O-])=C=CC1=CC=CC=C1,[O-][N+](O)=C=Cc1ccccc1,1
7183,O=C1OC2CCN3CC=C(COC(=O)C(O)(CO)C(C)C/C/1=C/C)C23,C/C=C1/CC(C)C(O)(CO)C(=O)OCC2=CCN3CCC(OC1=O)C23,1
117,OC(=O)C[C@H]([C@H](CC(=O)O)C(=O)O)C(=O)O,O=C(O)C[C@H](C(=O)O)[C@@H](CC(=O)O)C(=O)O,1
4501,C=CC(=O)OCCOCCOC(=O)C=C,C=CC(=O)OCCOCCOC(=O)C=C,0
4603,COc1ccc2c(OC)c3CCOc3nc2c1OC,COc1ccc2c(OC)c3c(nc2c1OC)OCC3,1
3563,Cc1cnc2c(C)cc3c(nc(N)n3C)c2n1,Cc1cnc2c(C)cc3c(nc(N)n3C)c2n1,1
803,CC1=C(C)C(=O)C(=C(C)C1=O)C,CC1=C(C)C(=O)C(C)=C(C)C1=O,0
5497,CC(C)c1ccc2Oc3nc(N)c(cc3C(=O)c2c1)C(=O)O,CC(C)c1ccc2oc3nc(N)c(C(=O)O)cc3c(=O)c2c1,0
6112,COc1ccc(cc1)C(O)C=C,C=CC(O)c1ccc(OC)cc1,0
2861,c1cnc2c(c1)ccc3c4cccnc4ccc23,c1cnc2c(c1)ccc1c3cccnc3ccc12,1
2268,Cc1cc(C(O)c2ncc([N+](=O)[O-])n2C)c(O)c(c1)C(C)(C)C,Cc1cc(C(O)c2ncc([N+](=O)[O-])n2C)c(O)c(C(C)(C)C)c1,0
6011,Cc1ccc(cc1)c2nc([nH]c2c3ccc(C)cc3)c4ccc(C)cc4C,Cc1ccc(-c2nc(-c3ccc(C)cc3C)[nH]c2-c2ccc(C)cc2)cc1,1
1089,NC(=N)c1ccc(cc1)c2cc3ccc(cc3s2)C(=N)N,N=C(N)c1ccc(-c2cc3ccc(C(=N)N)cc3s2)cc1,0
3151,COP(=O)(OC)Oc1c(Cl)cc(C)cc1Cl,COP(=O)(OC)Oc1c(Cl)cc(C)cc1Cl,0
4018,CN(C)c1ccc(cc1)N=Nc2ccccc2C,Cc1ccccc1N=Nc1ccc(N(C)C)cc1,0
3847,CCCCC\C=C/C=C\C=O,CCCCC/C=C\C=C/C=O,0
3031,Oc1cc(O)c2cc(O)c([o+]c2c1)c3cc(O)c(O)c(O)c3,Oc1cc(O)c2cc(O)c(-c3cc(O)c(O)c(O)c3)[o+]c2c1,0
5783,COC(=O)\C=C\c1oc(cc1)[N+](=O)[O-],COC(=O)/C=C/c1ccc([N+](=O)[O-])o1,1
4827,CCN(Cc1cccc(c1)S(=O)(=O)O)c2ccc(cc2)C(=C3C=CC(=[N+](CC)Cc4cccc(c4)S(=O)(=O)O)C=C3)c5ccccc5S(=O)(=O)O,CCN(Cc1cccc(S(=O)(=O)O)c1)c1ccc(C(=C2C=CC(=[N+](CC)Cc3cccc(S(=O)(=O)O)c3)C=C2)c2ccccc2S(=O)(=O)O)cc1,1
2952,Clc1ccccc1\C=C\C=O,O=C/C=C/c1ccccc1Cl,1
5555,C1CCC2C(C1)CCc3ccccc23,c1ccc2c(c1)CCC1CCCCC21,1
4717,OC(CC(=O)OCCBr)(CC(=O)OCCBr)C(=O)OCCBr,O=C(CC(O)(CC(=O)OCCBr)C(=O)OCCBr)OCCBr,1
2449,ClC(=C(Cl)C=O)Cl,O=CC(Cl)=C(Cl)Cl,1
1706,Clc1ccccc1C=C,C=Cc1ccccc1Cl,0
3973,CCC1(O)CC(OC2CC(C(O)C(C)O2)N(C)C)c3c(O)c4C(=O)c5c(O)cccc5C(=O)c4cc3C1C(=O)OC,CCC1(O)CC(OC2CC(N(C)C)C(O)C(C)O2)c2c(cc3c(c2O)C(=O)c2c(O)cccc2C3=O)C1C(=O)OC,1
2929,CCOC(=O)C[C@H](S[P@@](=O)(OC)SC)C(=O)OCC,CCOC(=O)C[C@H](S[P@@](=O)(OC)SC)C(=O)OCC,0
3936,Nc1ccc(N)c2C(=O)c3c(N)ccc(N)c3C(=O)c12,Nc1ccc(N)c2c1C(=O)c1c(N)ccc(N)c1C2=O,1
4075,BrCC#N,N#CCBr,0
4046,CNS(=O)(=O)c1ccc(NC(=O)C)cc1,CNS(=O)(=O)c1ccc(NC(C)=O)cc1,0
5205,Oc1cccc2ccc[n+]([O-])c12,[O-][n+]1cccc2cccc(O)c21,0
6085,CNc1ccc(cc1)C(=C2C=CC(=NC)C=C2)c3ccc(cc3)N(C)C,CN=C1C=CC(=C(c2ccc(NC)cc2)c2ccc(N(C)C)cc2)C=C1,0
1521,Clc1cc2Oc3cc(Cl)c(Cl)cc3Oc2cc1Cl,Clc1cc2c(cc1Cl)Oc1cc(Cl)c(Cl)cc1O2,0
3616,IC(I)I,IC(I)I,1
3168,CCCCC(=O)N1N=CC(=C(Cl)C1=O)Cl,CCCCC(=O)n1ncc(Cl)c(Cl)c1=O,0
5195,CN(C)CNc1oc(\C=C\c2oc(cc2)[N+](=O)[O-])nn1,CN(C)CNc1nnc(/C=C/c2ccc([N+](=O)[O-])o2)o1,1
5794,COP(=S)(OC)Oc1nc(Cl)c(Cl)cc1Cl,COP(=S)(OC)Oc1nc(Cl)c(Cl)cc1Cl,0
1760,CCCC\C=C\C=O,CCCC/C=C/C=O,1
3260,NC(=O)NCC(=O)O,NC(=O)NCC(=O)O,0
4344,OCCN(CCO)c1nc(nc2ccccc12)c3ccc(s3)[N+](=O)[O-],O=[N+]([O-])c1ccc(-c2nc(N(CCO)CCO)c3ccccc3n2)s1,1
5129,CN(OC(=O)C)c1ccc(cc1)N=Nc2ccccc2,CC(=O)ON(C)c1ccc(N=Nc2ccccc2)cc1,1
3466,COO,COO,1
6287,CC(C)C(=O)N(O)c1ccc(Cl)cc1,CC(C)C(=O)N(O)c1ccc(Cl)cc1,1
4234,CCc1ccccc1O,CCc1ccccc1O,0
6931,CCCCC(CC)COC(=O)C(C#N)=C(C1=CC=CC=C1)C2=CC=CC=C2,CCCCC(CC)COC(=O)C(C#N)=C(c1ccccc1)c1ccccc1,0
4256,O=C1CCCCCO1,O=C1CCCCCO1,0
2185,CCN(CC)c1cc(NC(=O)C)c(cc1OC)N=Nc2ccc(cc2)[N+](=O)[O-],CCN(CC)c1cc(NC(C)=O)c(N=Nc2ccc([N+](=O)[O-])cc2)cc1OC,1
1828,Cc1cc(N=Nc2ccc(cc2)S(=O)(=O)O)c(N)cc1N,Cc1cc(N=Nc2ccc(S(=O)(=O)O)cc2)c(N)cc1N,1
5454,CC(C)(C)C1CCC2(CC1)CO2,CC(C)(C)C1CCC2(CC1)CO2,0
5842,CSc1ccc(cc1[N+](=O)[O-])[N+](=O)[O-],CSc1ccc([N+](=O)[O-])cc1[N+](=O)[O-],1
4010,Nc1[nH]c(nc2ncnc12)c3ccc(cc3)[N+](=O)[O-],Nc1[nH]c(-c2ccc([N+](=O)[O-])cc2)nc2ncnc1-2,1
320,Cn1c(N)nc2nc3ncccc3cc12,Cn1c(N)nc2nc3ncccc3cc21,0
6703,OC1=CC=C(C=C1)C3OC2=C(C(=CC(=C2)O)O)C(=O)C3=O,O=C1C(=O)C(c2ccc(O)cc2)Oc2cc(O)cc(O)c21,1
349,Oc1ccc(cc1)c2ccccc2,Oc1ccc(-c2ccccc2)cc1,1
2319,c1ccc2c(c1)ccc3cc4c(ccc5ccncc45)cc23,c1ccc2c(c1)ccc1cc3c(ccc4ccncc43)cc12,1
2011,[O-][N+](=O)c1ccccc1COC(=O)c2ccccc2,O=C(OCc1ccccc1[N+](=O)[O-])c1ccccc1,0
2786,ClCC#N,N#CCCl,0
6836,OC5C=CC4=C3C1=CC=CC2=CC=CC(=C12)C3=CC=C4C5O,OC1C=Cc2c(ccc3c2-c2cccc4cccc-3c24)C1O,1
1281,O[C@@H]1C[C@@](O)(C[C@H](O)[C@H]1O)C(=O)O,O=C(O)[C@]1(O)C[C@H](O)[C@@H](O)[C@H](O)C1,0
3783,Cc1cc(ccc1N)S(=O)(=O)O,Cc1cc(S(=O)(=O)O)ccc1N,0
1023,Oc1cccc2ccc3c4ccccc4ccc3c12,Oc1cccc2ccc3c4ccccc4ccc3c12,1
1071,Cn1cnc2C(=N)[N+](=O)[CH-]Nc12,Cn1cnc2c(=N)[n+](=O)[cH-][nH]c21,1
3503,FCC(F)(F)F,FCC(F)(F)F,0
4300,OC(O)C(Cl)(Cl)Cl,OC(O)C(Cl)(Cl)Cl,1
827,ClC(Cl)Cl,ClC(Cl)Cl,0
5083,COC(=C1[C@H](C(=C(C)N=C1C)C(=O)OCC(=O)C)c2ccccc2[N+](=O)[O-])O,COC(O)=C1C(C)=NC(C)=C(C(=O)OCC(C)=O)[C@@H]1c1ccccc1[N+](=O)[O-],0
1034,ClC(Br)Br,ClC(Br)Br,0
426,COc1ccc(cc1)C(=C(c2ccc(OC)cc2)c3ccc(OC)cc3)Cl,COc1ccc(C(Cl)=C(c2ccc(OC)cc2)c2ccc(OC)cc2)cc1,0
5126,[O-][N+](=O)\C=C\c1occc1,O=[N+]([O-])/C=C/c1ccco1,0
457,CN(C)NC(=O)CCC(=O)O,CN(C)NC(=O)CCC(=O)O,0
32,CC(=O)NC(CSC(=C(Cl)Cl)Cl)C(=O)O,CC(=O)NC(CSC(Cl)=C(Cl)Cl)C(=O)O,1
2386,CN(C)CCCNc1c2ccccc2nc3c(ccc(c13)[N+](=O)[O-])N(CCOC(=O)C)CCOC(=O)C,CC(=O)OCCN(CCOC(C)=O)c1ccc([N+](=O)[O-])c2c(NCCCN(C)C)c3ccccc3nc12,1
6274,Cc1ccc(C)c2c3cc(ccc3[nH]c12)[N+](=O)[O-],Cc1ccc(C)c2c1[nH]c1ccc([N+](=O)[O-])cc12,1
3927,[O-][N+](=O)c1cc(cs1)C(=O)Nc2ccc(Br)cc2,O=C(Nc1ccc(Br)cc1)c1csc([N+](=O)[O-])c1,1
2207,CC(\C=C\C(O)C1CC1)C2CCC3\C(=C\C=C\4/CC(O)CC(O)C4=C)\CCCC23C,C=C1/C(=C/C=C2\CCCC3(C)C2CCC3C(C)/C=C/C(O)C2CC2)CC(O)CC1O,0
946,Cc1ccc(cc1C)N=Nc2c(O)ccc3ccccc23,Cc1ccc(N=Nc2c(O)ccc3ccccc23)cc1C,0
2398,CN[C@H]1C[C@@H](O[C@H]2C[C@](O)(Cc3c(O)c4C(=O)c5cccc(OC)c5C(=O)c4c(O)c23)C(=O)C)O[C@@H](C)[C@@H]1O,CN[C@H]1C[C@@H](O[C@H]2C[C@@](O)(C(C)=O)Cc3c(O)c4c(c(O)c32)C(=O)c2c(OC)cccc2C4=O)O[C@@H](C)[C@@H]1O,1
1284,Cc1cc(N=Nc2cccnc2)c(N)cc1N,Cc1cc(N=Nc2cccnc2)c(N)cc1N,1
5187,COc1c(O)c2N(CCc2c3cc([nH]c13)C(=O)N4CCc5c4c(O)c(OC)c6[nH]c(cc56)C(=O)N7CC8CC89C7=CC(=O)c%10[nH]cc(C)c9%10)C(=O)N,COc1c(O)c2c(c3cc(C(=O)N4CCc5c4c(O)c(OC)c4[nH]c(C(=O)N6CC7CC78C6=CC(=O)c6[nH]cc(C)c68)cc54)[nH]c13)CCN2C(N)=O,0
6320,c1c[nH]cn1,c1c[nH]cn1,0
3500,O1C2C3OC3c4ncccc4C12,c1cnc2c(c1)C1OC1C1OC21,0
760,CC(=CCC\C(=C\CC\C(=C\C(=O)OCC(=O)C1(O)CCC2C3CCC4=CC(=O)C=CC4(C)C3C(O)CC12C)\C)\C)C,CC(C)=CCC/C(C)=C/CC/C(C)=C/C(=O)OCC(=O)C1(O)CCC2C3CCC4=CC(=O)C=CC4(C)C3C(O)CC21C,0
6946,CC(C)(N)C1CCC(C)(N)CC1,CC1(N)CCC(C(C)(C)N)CC1,0
4260,NC(=S)Nc1ccccc1,NC(=S)Nc1ccccc1,0
524,NCCS,NCCS,0
6427,C=CCOCC1CO1,C=CCOCC1CO1,1
4730,CN(C)CCN(Cc1ccc(Cl)s1)c2ccccn2,CN(C)CCN(Cc1ccc(Cl)s1)c1ccccn1,0
5809,CCOC(=O)c1cccc2cccnc12,CCOC(=O)c1cccc2cccnc12,0
4224,C[CH-][N+](=O)[O-],C[CH-][N+](=O)[O-],0
3906,Clc1ccc(c(Cl)c1)C(Cl)(Cl)Cl,Clc1ccc(C(Cl)(Cl)Cl)c(Cl)c1,1
6474,ClC1C(Cl)C(Cl)C(Cl)C(Cl)C1Cl,ClC1C(Cl)C(Cl)C(Cl)C(Cl)C1Cl,0
2376,CC12OOC1(C)c3ccc4cccnc4c3O2,CC12OOC1(C)c1ccc3cccnc3c1O2,0
7109,COC1=CC=C2C(=CC1=O)C(CCC3=C2C(=C(C(=C3)OC)OC)OC)NC(C)=O,COc1cc2c(c(OC)c1OC)-c1ccc(OC)c(=O)cc1C(NC(C)=O)CC2,0
3853,c1ccc2c(c1)ccc3c2ccc4cccnc34,c1ccc2c(c1)ccc1c2ccc2cccnc21,1
5821,CC(=O)OCN(CCCl)N=O,CC(=O)OCN(CCCl)N=O,1
345,Nc1cc(c(c2ccccc2)c(c1)[N+](=O)[O-])[N+](=O)[O-],Nc1cc([N+](=O)[O-])c(-c2ccccc2)c([N+](=O)[O-])c1,1
5547,ClCCNC(=O)N(CCCl)N=O,O=NN(CCCl)C(=O)NCCCl,1
4101,CC(C)CCCC(C)C1CCC2C3CC=C4CCCCC4(C)C3CCC12C,CC(C)CCCC(C)C1CCC2C3CC=C4CCCCC4(C)C3CCC12C,0
1974,CCN(CC)c1ccc(cc1)N=Nc2cccnc2,CCN(CC)c1ccc(N=Nc2cccnc2)cc1,0
461,CC(O)COC(=O)C=C,C=CC(=O)OCC(C)O,0
1772,OC1COC(OCC2OC(Oc3ccc4C(=O)c5ccccc5C(=O)c4c3O)C(O)C(O)C2O)C(O)C1O,O=C1c2ccccc2C(=O)c2c1ccc(OC1OC(COC3OCC(O)C(O)C3O)C(O)C(O)C1O)c2O,0
2580,Cc1ccc(c(c1)C(=O)O)[N+](=O)[O-],Cc1ccc([N+](=O)[O-])c(C(=O)O)c1,1
3624,c1ccc2[nH]ccc2c1,c1ccc2[nH]ccc2c1,0
780,CCN(C(=O)N(CC)c1ccccc1)c2ccccc2,CCN(C(=O)N(CC)c1ccccc1)c1ccccc1,0
5327,Cc1ccc(cc1)S(=O)(=O)NC(=O)NN2CCCCCC2,Cc1ccc(S(=O)(=O)NC(=O)NN2CCCCCC2)cc1,0
6799,CC1OC(CC(N)C1O)OC2=CC(O)(CC5=C2C(=C4C(=C3C=CC=CC3=C(C4=C5O)O)O)O)C(C)=O,CC(=O)C1(O)C=C(OC2CC(N)C(O)C(C)O2)c2c(c(O)c3c(O)c4ccccc4c(O)c3c2O)C1,1
3308,Cc1cc(O)c2C(=O)c3c(O)cc(O)cc3C(=O)c2c1,Cc1cc(O)c2c(c1)C(=O)c1cc(O)cc(O)c1C2=O,1
2331,[O-][N+](=O)c1ccc2NCCc2c1,O=[N+]([O-])c1ccc2c(c1)CCN2,1
5778,c1ccc2scnc2c1,c1ccc2scnc2c1,0
6288,OCCN(CCO)c1nc(nc2ccccc12)c3cccs3,OCCN(CCO)c1nc(-c2cccs2)nc2ccccc12,0
4587,CCCCCCCCCCCCN(C)N=O,CCCCCCCCCCCCN(C)N=O,1
4755,OCc1cccc2c3cccc4cccc(c12)c34,OCc1cccc2c1-c1cccc3cccc-2c13,0
3822,O[C@@H]1C=Cc2c([C@H]1O)c3ccc4ccccc4c3cc2[N+](=O)[O-],O=[N+]([O-])c1cc2c(ccc3ccccc32)c2c1C=C[C@@H](O)[C@@H]2O,1
6280,[O-][N+](=O)C1=Cc2c3ccc4ccccc4c3cc5cccc1c25,O=[N+]([O-])C1=Cc2c3ccc4ccccc4c3cc3cccc1c23,1
1182,Oc1ccc2ccccc2c1,Oc1ccc2ccccc2c1,0
2164,COc1c(C)c(N)c(C)cc1N,COc1c(N)cc(C)c(N)c1C,0
5676,CC1C(C)(C)C2=C(C(=O)CCC2)C1(C)C,CC1C(C)(C)C2=C(C(=O)CCC2)C1(C)C,0
2005,CC1C=Cc2ccc3ccc4ccccc4c3c12,CC1C=Cc2ccc3ccc4ccccc4c3c21,0
2718,[O-][N+](=O)c1ccc2c3ccccc3C(=O)c2c1,O=C1c2ccccc2-c2ccc([N+](=O)[O-])cc21,1
1819,Nc1ccc(Cl)c(Cl)c1Cl,Nc1ccc(Cl)c(Cl)c1Cl,0
4306,OCCc1c[nH]c2cc(ccc12)[N+](=O)[O-],O=[N+]([O-])c1ccc2c(CCO)c[nH]c2c1,1
6186,COc1ccc(cc1N=Nc2c(O)c(cc3ccccc23)C(=O)Nc4cccc(c4)[N+](=O)[O-])[N+](=O)[O-],COc1ccc([N+](=O)[O-])cc1N=Nc1c(O)c(C(=O)Nc2cccc([N+](=O)[O-])c2)cc2ccccc12,1
5233,C=CC#N,C=CC#N,1
6092,COC(=O)CCC(=O)OC,COC(=O)CCC(=O)OC,0
2007,OC1C(O)c2cccc3c4cc5ccccc5cc4C6(OC16)c23,OC1c2cccc3c2C2(OC2C1O)c1cc2ccccc2cc1-3,1
136,COc1ccc(O)c(c1)C(C)(C)C,COc1ccc(O)c(C(C)(C)C)c1,0
4383,Cc1ccc(cc1)S(=O)(=O)N2C3C2c4ccccc4c5ccccc35,Cc1ccc(S(=O)(=O)N2C3c4ccccc4-c4ccccc4C32)cc1,1
5504,Cc1cc2cc3ccccc3cc2c4ccccc14,Cc1cc2cc3ccccc3cc2c2ccccc12,1
6005,NCCCCC(N)C(=O)O,NCCCCC(N)C(=O)O,1
4874,BrCCCBr,BrCCCBr,0
4891,Cn1cc2cccc(c2n1)[N+](=O)[O-],Cn1cc2cccc([N+](=O)[O-])c2n1,1
1860,C[C@@H](O)[C@@H](N)[C@H](O)[C@H](O)C=O,C[C@@H](O)[C@@H](N)[C@H](O)[C@H](O)C=O,0
6761,CC1COC3=C2N1C=CC(C2=C(C(=C3N4CCN(C)CC4)F)C(O)=O)=O,CC1COc2c(N3CCN(C)CC3)c(F)c(C(=O)O)c3c(=O)ccn1c23,1
2370,Cc1cc(O)c2C(=C3C(=O)C4C(O)C5C6C(O)C(C(=O)C7=C(O)c8c(O)cc(C)c(O)c8C(=O)C467)C35C(=O)c2c1O)O,Cc1cc(O)c2c(c1O)C(=O)C13C(=C2O)C(=O)C2C(O)C1C1C(O)C3C(=O)C3=C(O)c4c(O)cc(C)c(O)c4C(=O)C321,0
4976,c1ccc(nc1)c2cccnc2,c1ccc(-c2cccnc2)nc1,1
2961,CCOC(=O)C(C#N)c1snc2ccc(cc12)[N+](=O)[O-],CCOC(=O)C(C#N)c1snc2ccc([N+](=O)[O-])cc12,1
6141,CC[N+](=NC)[O-],CC[N+]([O-])=NC,0
2479,NC1c2ccccc2c3ccccc13,NC1c2ccccc2-c2ccccc21,0
6473,CCC1CN2CCc3cc(OC)c(OC)cc3C2CC1CC4NCCc5cc(OC)c(OC)cc45,CCC1CN2CCc3cc(OC)c(OC)cc3C2CC1CC1NCCc2cc(OC)c(OC)cc21,0
6876,CN1CC(=CC2C1CC3=C[NH]C4=CC=CC2=C34)C,CC1=CC2c3cccc4[nH]cc(c34)CC2N(C)C1,1
4912,CCCOc1cc2C(=O)CCc2c3ccc4ccccc4c13,CCCOc1cc2c(c3ccc4ccccc4c13)CCC2=O,0
3181,CC(C)C(=O)Nc1snc2cc(Cl)ccc12,CC(C)C(=O)Nc1snc2cc(Cl)ccc12,0
6129,Cc1ncc([N+](=O)[O-])n1C,Cc1ncc([N+](=O)[O-])n1C,1
3864,C1COCCOCCOCCOCCOCCO1,C1COCCOCCOCCOCCOCCO1,0
4459,CCCCCCC(=O)O,CCCCCCC(=O)O,0
4709,CC(C)C1(NC(=O)C2CC3C(Cc4c[nH]c5cccc3c45)N(C)C2)OC6(O)C7CCCN7C(=O)C(Cc8ccccc8)N6C1=O,CC(C)C1(NC(=O)C2CC3c4cccc5[nH]cc(c45)CC3N(C)C2)OC2(O)C3CCCN3C(=O)C(Cc3ccccc3)N2C1=O,0
1042,CN(Cc1cccc(Br)c1)N=O,CN(Cc1cccc(Br)c1)N=O,1
5701,Cc1cc2C(=O)[C@@H](O)Cc2c3ccc4ccccc4c13,Cc1cc2c(c3ccc4ccccc4c13)C[C@H](O)C2=O,1
4783,[O-][N+](=O)c1cccc(CO\N=C\c2nc3cc(ccc3n2Cc4ccc(F)cc4)[N+](=O)[O-])c1,O=[N+]([O-])c1cccc(CO/N=C/c2nc3cc([N+](=O)[O-])ccc3n2Cc2ccc(F)cc2)c1,0
3095,Nc1ccc(cc1C(=O)O)S(=O)(=O)O,Nc1ccc(S(=O)(=O)O)cc1C(=O)O,0
2453,CC(=O)Nc1ccc2c(Cc3cc(NC(=O)C)ccc23)c1,CC(=O)Nc1ccc2c(c1)Cc1cc(NC(C)=O)ccc1-2,1
2029,OC(=O)C(F)(F)C(F)(Cl)C(F)(F)C(F)(Cl)C(F)(F)Cl,O=C(O)C(F)(F)C(F)(Cl)C(F)(F)C(F)(Cl)C(F)(F)Cl,0
3869,ClC1=C(Cl)C(Cl)(Cl)C(=C1Cl)Cl,ClC1=C(Cl)C(Cl)(Cl)C(Cl)=C1Cl,0
6225,CCN(CCCCO)N=O,CCN(CCCCO)N=O,1
3951,CN(CCO)CCO,CN(CCO)CCO,0
467,CCC#C[C@@H](C)[C@@]1(CC=C)C(=O)NC(=O)N(C)C1=O,C=CC[C@]1([C@H](C)C#CCC)C(=O)NC(=O)N(C)C1=O,0
3477,Cn1c(N)nc2c1ccc3nc(c4ccccc4)c(nc23)c5ccccc5,Cn1c(N)nc2c3nc(-c4ccccc4)c(-c4ccccc4)nc3ccc21,0
1288,OC(=O)CSc1ccc2c3ccccc3C(=O)c4cccc1c24,O=C(O)CSc1ccc2c3c(cccc13)C(=O)c1ccccc1-2,1
5469,O=C1c2ccccc2c3c4OCOc4cc5ccnc1c35,O=C1c2ccccc2-c2c3c(cc4ccnc1c24)OCO3,1
4658,CCCC[C@@H](CC)COP(OC[C@H](CC)CCCC)OC[C@H](CC)CCCC,CCCC[C@@H](CC)COP(OC[C@H](CC)CCCC)OC[C@H](CC)CCCC,0
1596,Cn1cnc(c2ccccc2)c1[N+](=O)[O-],Cn1cnc(-c2ccccc2)c1[N+](=O)[O-],1
5747,Cc1cc2ccccc2c3ccc4C(O)C(O)C5OC5c4c13,Cc1cc2ccccc2c2ccc3c(c12)C1OC1C(O)C3O,1
4479,C1CCOC1,C1CCOC1,0
2333,Oc1c([nH]c2ccccc12)C3=Nc4ccccc4C3=O,O=C1C(c2[nH]c3ccccc3c2O)=Nc2ccccc21,1
5238,Nc1nc2ccccc2[nH]1,Nc1nc2ccccc2[nH]1,0
4732,[O-][N+](=O)c1ccc(COC(=O)c2ccccc2)cc1,O=C(OCc1ccc([N+](=O)[O-])cc1)c1ccccc1,1
2863,C[C@@H](S)C(=O)NCC(=O)O,C[C@@H](S)C(=O)NCC(=O)O,0
5037,Cc1cc(c(N)c(N=Nc2ccc(cc2C)c3ccc(N=Nc4ccc(O)c(c4)C(=O)O)c(C)c3)c1N)S(=O)(=O)O,Cc1cc(-c2ccc(N=Nc3c(N)c(C)cc(S(=O)(=O)O)c3N)c(C)c2)ccc1N=Nc1ccc(O)c(C(=O)O)c1,1
4496,OCCOCCO,OCCOCCO,0
1982,CC(=C)C(=O)O,C=C(C)C(=O)O,0
5784,CCCCCCCCCCCCCCCCCCCCCCCCCCCC(=O)OCCC(C)O,CCCCCCCCCCCCCCCCCCCCCCCCCCCC(=O)OCCC(C)O,0
7070,CC(C)CC(=O)OC4CC1(OC(C)=O)C(OC2C(O)C(OC(C)=O)C1(C)C23CO3)C=C4C,CC(=O)OC1C(O)C2OC3C=C(C)C(OC(=O)CC(C)C)CC3(OC(C)=O)C1(C)C21CO1,0
799,OC1C=Cc2c(C1O)c3cc4ccccc4cc3c5ccccc25,OC1C=Cc2c(c3cc4ccccc4cc3c3ccccc23)C1O,1
3337,CC(=O)Nc1nnc(s1)c2oc(cc2)[N+](=O)[O-],CC(=O)Nc1nnc(-c2ccc([N+](=O)[O-])o2)s1,1
5375,Cc1ccc(N=Nc2c(O)c(cc3cc(ccc23)S(=O)(=O)O)S(=O)(=O)O)c(C)c1,Cc1ccc(N=Nc2c(O)c(S(=O)(=O)O)cc3cc(S(=O)(=O)O)ccc23)c(C)c1,1
1300,ClC(Cl)C1=C(Cl)C(=O)OC1,O=C1OCC(C(Cl)Cl)=C1Cl,1
1451,Cc1ccc(O)cc1C,Cc1ccc(O)cc1C,0
942,CC(Br)(CO)CBr,CC(Br)(CO)CBr,0
3762,Cc1ccc(C)c(C)c1C,Cc1ccc(C)c(C)c1C,0
133,CCCCCCCCCCCC(=O)OOC(=O)CCCCCCCCCCC,CCCCCCCCCCCC(=O)OOC(=O)CCCCCCCCCCC,0
5597,Cc1c(N)cc(N)cc1[N+](=O)[O-],Cc1c(N)cc(N)cc1[N+](=O)[O-],1
4779,C=CCOC(=O)C=C,C=CCOC(=O)C=C,0
100,C1CCC2=C(C1)c3cc4ccccc4c5cc6ccccc6c2c35,c1ccc2c3c4c(cc5ccccc5c4cc2c1)C1=C3CCCC1,1
6393,Nc1ccc2ccc3ccc(c4ccc1c2c34)[N+](=O)[O-],Nc1ccc2ccc3ccc([N+](=O)[O-])c4ccc1c2c34,1
6411,COC1COC(COCC2COC(OC)C(OS(=O)(=O)O)C2OS(=O)(=O)O)C(OS(=O)(=O)O)C1OS(=O)(=O)O,COC1COC(COCC2COC(OC)C(OS(=O)(=O)O)C2OS(=O)(=O)O)C(OS(=O)(=O)O)C1OS(=O)(=O)O,0
1406,ClC[C@]1(C(Cl)Cl)[C@@H]2CC(Cl)(Cl)[C@@]1(CCl)[C@H](Cl)[C@@H]2Cl,ClC[C@]1(C(Cl)Cl)[C@@H]2CC(Cl)(Cl)[C@@]1(CCl)[C@H](Cl)[C@@H]2Cl,1
4171,CN(N=O)C(=O)Oc1cccc2ccccc12,CN(N=O)C(=O)Oc1cccc2ccccc12,1
3592,O=C1OC(=O)C=C1,O=C1C=CC(=O)O1,0
2254,CC(C)(COC[C@H]1CO1)COC[C@H]2CO2,CC(C)(COC[C@H]1CO1)COC[C@H]1CO1,1
55,CN(C)CCNC(=O)c1cccc2C(=O)c3ccccc3C(=O)c12,CN(C)CCNC(=O)c1cccc2c1C(=O)c1ccccc1C2=O,1
5476,CC(C)COS(=O)(=O)c1ccccc1,CC(C)COS(=O)(=O)c1ccccc1,1
2259,Cn1c(nc2ncc(cc12)c3ccccc3)[N+](=O)[O-],Cn1c([N+](=O)[O-])nc2ncc(-c3ccccc3)cc21,1
6213,CNc1ccc(cc1)N=Nc2ccccc2,CNc1ccc(N=Nc2ccccc2)cc1,1
5959,CCCCN=NC(C)(C)OO,CCCCN=NC(C)(C)OO,1
2722,CNP(=S)(N1CC1)N2CC2,CNP(=S)(N1CC1)N1CC1,1
5692,Oc1ccc2[nH]ccc2c1,Oc1ccc2[nH]ccc2c1,0
5897,Cc1cccc(c1)c2oc3ccccc3n2,Cc1cccc(-c2nc3ccccc3o2)c1,0
7053,CC(C)(OC1=CC=C(C=C1)C2CC2(Cl)Cl)C(O)=O,CC(C)(Oc1ccc(C2CC2(Cl)Cl)cc1)C(=O)O,0
6842,CCN1C=C(C(O)=O)C(=O)C2=C1C=C(C(=C2)F)N3CCNCC3,CCn1cc(C(=O)O)c(=O)c2cc(F)c(N3CCNCC3)cc21,1
1267,C[n+]1cccc(c1)C(=O)O,C[n+]1cccc(C(=O)O)c1,0
6937,OC2=C(C1=CC=C(C=C1C=C2)S(O)(=O)=O)N=NC3=CC=C(C=C3)S(O)(=O)=O,O=S(=O)(O)c1ccc(N=Nc2c(O)ccc3cc(S(=O)(=O)O)ccc23)cc1,0
3525,Cc1c(C)c(c(c(c1C)[N+](=O)[O-])C(C)(C)C)[N+](=O)[O-],Cc1c(C)c([N+](=O)[O-])c(C(C)(C)C)c([N+](=O)[O-])c1C,0
3782,CC1CN(CC(C)N1C(=O)c2ccccc2)N=O,CC1CN(N=O)CC(C)N1C(=O)c1ccccc1,0
4712,NNc1nncc2ccccc12,NNc1nncc2ccccc12,1
4489,Clc1ccccc1Cl,Clc1ccccc1Cl,0
5607,Cc1cc(C)nc(SC(=O)OC(C)(C)C)n1,Cc1cc(C)nc(SC(=O)OC(C)(C)C)n1,0
5154,OC(=O)Cc1ccccc1Nc2c(Cl)cccc2Cl,O=C(O)Cc1ccccc1Nc1c(Cl)cccc1Cl,0
5903,Cl\C=C(/Cl)\c1c(Cl)c(Cl)c(Cl)c(Cl)c1Cl,Cl/C=C(\Cl)c1c(Cl)c(Cl)c(Cl)c(Cl)c1Cl,0
3157,COC(=O)c1oc(c(c2ccccc2)c1c3ccccc3)[N+](=O)[O-],COC(=O)c1oc([N+](=O)[O-])c(-c2ccccc2)c1-c1ccccc1,1
3695,CCOC(=O)Nc1cccc2c3c[nH]ccc3nc12,CCOC(=O)Nc1cccc2c3c[nH]ccc-3nc12,0
3294,CC(C)c1ccc2c(ccc3c(C)cccc23)c1,Cc1cccc2c1ccc1cc(C(C)C)ccc12,0
2615,NC(CCC(=O)N(CC(=O)O)C(=O)C(N)CSN=O)C(=O)O,NC(CCC(=O)N(CC(=O)O)C(=O)C(N)CSN=O)C(=O)O,1
5232,c1ccc2c(c1)ncc3cnc4ccccc4c23,c1ccc2c(c1)ncc1cnc3ccccc3c12,0
3924,c1ccc2c(c1)c3ccc4ccc5cccc6cc2c3c4c56,c1ccc2c(c1)-c1ccc3ccc4cccc5cc-2c1c3c45,1
459,CCOC(=O)N(CCC=O)N=O,CCOC(=O)N(CCC=O)N=O,1
7102,CCCC(=O)NC1=CC(=C(C=C1)OCC(O)CNC(C)C)C(C)=O,CCCC(=O)Nc1ccc(OCC(O)CNC(C)C)c(C(C)=O)c1,0
3244,CN(C)CCCNc1c2ccccc2nc3c(cccc13)[N+](=O)[O-],CN(C)CCCNc1c2ccccc2nc2c([N+](=O)[O-])cccc12,1
5386,CC1(C)CC(C(=O)O)C(C)(C)N1O,CC1(C)CC(C(=O)O)C(C)(C)N1O,0
4844,CCOC(=O)[C@@H]1O[C@]1(C)c2ccccc2,CCOC(=O)[C@@H]1O[C@]1(C)c1ccccc1,0
1105,CCCCCCC(C\C=C\CCCCCCCC(=O)OC)OC(=O)C,CCCCCCC(C/C=C/CCCCCCCC(=O)OC)OC(C)=O,0
391,CC(=O)N(O)c1ccc2ccccc2c1,CC(=O)N(O)c1ccc2ccccc2c1,1
653,OCCCl,OCCCl,1
3072,C(Oc1ccccc1)[C@H]2CO2,c1ccc(OC[C@H]2CO2)cc1,1
5346,CC(C)CC(=O)C,CC(=O)CC(C)C,0
2046,[O-][N+](=O)c1ccc2N(S\C(=N/C(=O)c3ccccc3)\c2c1)C(=O)c4ccccc4,O=C(/N=c1\sn(C(=O)c2ccccc2)c2ccc([N+](=O)[O-])cc12)c1ccccc1,1
852,C\C(=C\C=O)\C=C/C=C(/C)\C=C/C1=C(C)CCCC1(C)C,CC1=C(/C=C\C(C)=C/C=C\C(C)=C/C=O)C(C)(C)CCC1,1
2120,COC(=O)C1CSC2N1C(=O)C(=C2Cl)Cl,COC(=O)C1CSC2C(Cl)=C(Cl)C(=O)N12,1
2163,[O-][N+](=O)c1ccc2ccc3ccc(N=O)c4ccc1c2c34,O=Nc1ccc2ccc3ccc([N+](=O)[O-])c4ccc1c2c34,1
5352,Nc1c(O)cccc1C(=O)O,Nc1c(O)cccc1C(=O)O,0
1012,CC1CC2C(Cc3cn(CC=C)c4cccc2c34)N(C1)C#N,C=CCn1cc2c3c(cccc31)C1CC(C)CN(C#N)C1C2,1
83,[O-][N+](=O)c1cc2Oc3cc(Cl)c(Cl)cc3Oc2cc1Cl,O=[N+]([O-])c1cc2c(cc1Cl)Oc1cc(Cl)c(Cl)cc1O2,1
1769,CC1c2ccccc2c3ccccc13,CC1c2ccccc2-c2ccccc21,1
3232,[O-][N+](=O)c1cc(c(c2ccccc2)c(c1)[N+](=O)[O-])[N+](=O)[O-],O=[N+]([O-])c1cc([N+](=O)[O-])c(-c2ccccc2)c([N+](=O)[O-])c1,1
5807,COc1cc(O)c2C(=O)Oc3cc(O)cc(C)c3c2c1,COc1cc(O)c2c(=O)oc3cc(O)cc(C)c3c2c1,0
6627,CC1OC1C,CC1OC1C,1
3652,O=Nc1ccc(Oc2ccccc2)cc1,O=Nc1ccc(Oc2ccccc2)cc1,1
1785,CC1CN(\N=C\c2oc(cc2)[N+](=O)[O-])C(=O)N1,CC1CN(/N=C/c2ccc([N+](=O)[O-])o2)C(=O)N1,1
6116,ON(C=O)c1ccc(cc1)c2ccccc2,O=CN(O)c1ccc(-c2ccccc2)cc1,1
5433,CCN(Cc1cccc(c1)S(=O)(=O)O)c2ccc(cc2)C(=C3C=CC(=[N+](CC)Cc4cccc(c4)S(=O)(=O)O)C=C3)c5ccc(O)cc5S(=O)(=O)O,CCN(Cc1cccc(S(=O)(=O)O)c1)c1ccc(C(=C2C=CC(=[N+](CC)Cc3cccc(S(=O)(=O)O)c3)C=C2)c2ccc(O)cc2S(=O)(=O)O)cc1,0
1738,[O-][N+](=O)c1ccc2c(c1)cc(c3ccc(cc23)[N+](=O)[O-])[N+](=O)[O-],O=[N+]([O-])c1ccc2c(c1)cc([N+](=O)[O-])c1ccc([N+](=O)[O-])cc12,1
6862,NC(CC1=CC(=C(C=C1)O)O)C(O)=O,NC(Cc1ccc(O)c(O)c1)C(=O)O,1
3623,Cc1ccc2cc3ccc4cccc5ccc(c2c1)c3c45,Cc1ccc2cc3ccc4cccc5ccc(c2c1)c3c45,1
5066,OC1C(O)c2cc3ccc(cc3cc2CC1=O)[N+](=O)[O-],O=C1Cc2cc3cc([N+](=O)[O-])ccc3cc2C(O)C1O,0
2019,Cc1ccc(N)c(c1)S(=O)(=O)O,Cc1ccc(N)c(S(=O)(=O)O)c1,0
4015,NCCCC[C@H](N[C@@H](CCc1ccccc1)C(=O)O)C(=O)N2CCC[C@H]2C(=O)O,NCCCC[C@H](N[C@@H](CCc1ccccc1)C(=O)O)C(=O)N1CCC[C@H]1C(=O)O,0
1874,CN1CCc2c1ccc3ccc4ccc(O)cc4c23,CN1CCc2c1ccc1ccc3ccc(O)cc3c21,1
6530,ClC1C=CC2C1C3(Cl)C(=C(Cl)C2(Cl)C3(Cl)Cl)Cl,ClC1=C(Cl)C2(Cl)C3C(Cl)C=CC3C1(Cl)C2(Cl)Cl,0
3273,CC(C)NCC(O)c1ccc(O)c(O)c1,CC(C)NCC(O)c1ccc(O)c(O)c1,0
5242,Nc1cccc(c1N)[N+](=O)[O-],Nc1cccc([N+](=O)[O-])c1N,1
3702,Nc1cc(Cl)ccc1[N+](=O)[O-],Nc1cc(Cl)ccc1[N+](=O)[O-],1
3138,Cc1ccc(NO)cc1C,Cc1ccc(NO)cc1C,1
359,OC(=O)COc1ccc(C(=O)c2cccs2)c(Cl)c1Cl,O=C(O)COc1ccc(C(=O)c2cccs2)c(Cl)c1Cl,0
5216,[O-][N+](=O)c1cc(cs1)C(=O)Nc2ccccc2Br,O=C(Nc1ccccc1Br)c1csc([N+](=O)[O-])c1,1
2953,CC(C)CCCC(C)C1CCC2C3CC(O)C4(O)CC(O)CCC4(C)C3CCC12C,CC(C)CCCC(C)C1CCC2C3CC(O)C4(O)CC(O)CCC4(C)C3CCC12C,1
3284,c1ccc2c(c1)cc3ccc4cccc5ncc2c3c45,c1ccc2c(c1)cc1ccc3cccc4ncc2c1c34,1
3135,CSCCl,CSCCl,1
4526,C1c2ccccc2c3ccccc13,c1ccc2c(c1)Cc1ccccc1-2,0
1250,CC(C)(C)c1cc(ccc1N=O)c2ccccc2,CC(C)(C)c1cc(-c2ccccc2)ccc1N=O,1
6448,CNC(C)C(O)c1ccccc1,CNC(C)C(O)c1ccccc1,0
907,CC(C)CCC[C@@H](C)[C@@H]1CC[C@H]2[C@@H]3C[C@@H]4N(N5C(=O)c6ccccc6C5=O)[C@@]47C[C@H](CC[C@]7(C)[C@H]3CC[C@]12C)OC(=O)C,CC(=O)O[C@H]1CC[C@]2(C)[C@H]3CC[C@@]4(C)[C@@H](CC[C@H]4[C@H](C)CCCC(C)C)[C@@H]3C[C@@H]3N(N4C(=O)c5ccccc5C4=O)[C@@]32C1,1
666,CCc1c2ccccc2c(C)c3c1ccc4ccccc34,CCc1c2ccccc2c(C)c2c1ccc1ccccc12,0
5840,NNc1ccc(cc1)C(=O)O,NNc1ccc(C(=O)O)cc1,0
1402,CCCCN(CCCC)CCCC,CCCCN(CCCC)CCCC,0
422,Nc1cccc2c(O)nnc(O)c12,Nc1cccc2c(O)nnc(O)c12,0
560,CN1C(CC(O)C1=O)c2cccnc2,CN1C(=O)C(O)CC1c1cccnc1,0
31,C1CCC(CC1)N2C3C2c4ccccc4c5ccccc35,c1ccc2c(c1)-c1ccccc1C1C2N1C1CCCCC1,1
5459,Cc1c2ccccc2c(C)c3ccccc13,Cc1c2ccccc2c(C)c2ccccc12,1
2416,CC[C@@H](C)COC(=O)\C=C\c1ccc(cc1)\N=C\c2ccc(OC)cc2,CC[C@@H](C)COC(=O)/C=C/c1ccc(/N=C/c2ccc(OC)cc2)cc1,1
274,Cc1c(cc(cc1[N+](=O)[O-])[N+](=O)[O-])N=[N+]([O-])c2cc(cc(c2C)[N+](=O)[O-])[N+](=O)[O-],Cc1c(N=[N+]([O-])c2cc([N+](=O)[O-])cc([N+](=O)[O-])c2C)cc([N+](=O)[O-])cc1[N+](=O)[O-],1
5931,CC1=C(O)C(=O)CC1,CC1=C(O)C(=O)CC1,0
1303,CCN(CC)c1ccc(cc1)C(=C2C=CC(=[N+](CC)CC)C=C2)c3ccccc3,CCN(CC)c1ccc(C(=C2C=CC(=[N+](CC)CC)C=C2)c2ccccc2)cc1,1
4065,[O-][N+](=O)c1ccc(cc1)S(=O)(=O)Cl,O=[N+]([O-])c1ccc(S(=O)(=O)Cl)cc1,1
880,[O-][N+](=O)c1oc2cc3ccc4cccc5ccc(c2c1)c3c45,O=[N+]([O-])c1cc2c(cc3ccc4cccc5ccc2c3c45)o1,1
5928,COc1cc(CNC(=O)CCCCCCC(C)C)ccc1O,COc1cc(CNC(=O)CCCCCCC(C)C)ccc1O,1
6197,Cc1cc(C)c2nc3c(ccc4ccccc34)c(C)c2c1,Cc1cc(C)c2nc3c(ccc4ccccc43)c(C)c2c1,1
5980,NCCN(CCCl)c1c2ccccc2nc3c1ccc4ccccc34,NCCN(CCCl)c1c2ccccc2nc2c1ccc1ccccc12,1
6013,CCCCN(C)N=O,CCCCN(C)N=O,1
2498,COc1nsc2ccc(cc12)[N+](=O)[O-],COc1nsc2ccc([N+](=O)[O-])cc12,1
2967,O=C1OC(=O)c2ccccc12,O=C1OC(=O)c2ccccc21,0
5323,[O-][N+](=O)c1oc(C(=O)CBr)c(Cl)c1Cl,O=C(CBr)c1oc([N+](=O)[O-])c(Cl)c1Cl,1
1356,CCCCCCCC(=O)O,CCCCCCCC(=O)O,0
6563,N1C5C1C3=C(C2=CC=CC=C2C4=CC=CC=C34)C6=C5C=CC=C6,c1ccc2c(c1)-c1c(c3ccccc3c3ccccc13)C1NC21,1
5358,ClCC(CCl)OP(=O)(OC(CCl)CCl)OC(CCl)CCl,O=P(OC(CCl)CCl)(OC(CCl)CCl)OC(CCl)CCl,1
3145,Nc1cc(c(N)cc1F)[N+](=O)[O-],Nc1cc([N+](=O)[O-])c(N)cc1F,1
6576,OC2=C1C=CC=CC1=CC3=CC=CC=C23,Oc1c2ccccc2cc2ccccc12,1
1996,C[C@H](CO)[N+](=O)[O-],C[C@H](CO)[N+](=O)[O-],0
4398,Cc1ccccc1N=Nc2ccc(N)c(C)c2N,Cc1ccccc1N=Nc1ccc(N)c(C)c1N,1
5171,CC1(C)S[C@@H]2[C@@H](NC(=O)Cc3ccccc3)C(=O)N2[C@H]1C(=O)O,CC1(C)S[C@@H]2[C@@H](NC(=O)Cc3ccccc3)C(=O)N2[C@H]1C(=O)O,0
6349,Nc1nc(NO)c2[nH]cnc2n1,Nc1nc(NO)c2[nH]cnc2n1,1
5319,O=C1c2ccccc2c3ccc4ccccc4c13,O=C1c2ccccc2-c2ccc3ccccc3c21,0
3418,Nc1ccc(Oc2ccc(N)cc2)cc1,Nc1ccc(Oc2ccc(N)cc2)cc1,1
1191,O=C1C(=O)c2cccc3ccc4cccc1c4c23,O=c1c(=O)c2cccc3ccc4cccc1c4c32,0
2051,Cc1cccc(NC(=O)c2csc(c2)[N+](=O)[O-])c1,Cc1cccc(NC(=O)c2csc([N+](=O)[O-])c2)c1,1
887,Cc1cc(Cl)ccc1OCCCC(=O)O,Cc1cc(Cl)ccc1OCCCC(=O)O,0
1855,CC(=O)Nc1ccc2ccc3c(O)ccc4ccc1c2c34,CC(=O)Nc1ccc2ccc3c(O)ccc4ccc1c2c43,1
3562,Oc1ccccc1[N+](=O)[O-],O=[N+]([O-])c1ccccc1O,0
1988,BrC[C@@H](Br)COP(=O)(OC[C@H](Br)CBr)OC[C@H](Br)CBr,O=P(OC[C@H](Br)CBr)(OC[C@H](Br)CBr)OC[C@H](Br)CBr,1
1227,CN(N=O)N(C(=O)\C(=N/O)\C(=O)C)c1ccccc1,CC(=O)/C(=N/O)C(=O)N(c1ccccc1)N(C)N=O,1
1247,[O-][N+](=O)c1cc(Cl)c(Cl)c(Cl)c1Cl,O=[N+]([O-])c1cc(Cl)c(Cl)c(Cl)c1Cl,0
4445,ONc1ccccc1c2ccccc2,ONc1ccccc1-c1ccccc1,1
1931,OCCn1c(CO)ncc1[N+](=O)[O-],O=[N+]([O-])c1cnc(CO)n1CCO,1
2111,O=C1c2cccc3cccc(c4ccc5ccccc5c14)c23,O=C1c2c(ccc3ccccc23)-c2cccc3cccc1c23,0
4029,ClC1=CC(=O)C(Cl)(Cl)C1=O,O=C1C=C(Cl)C(=O)C1(Cl)Cl,1
3099,ClCC(Cl)C(=C)Cl,C=C(Cl)C(Cl)CCl,1
830,Clc1c(Cl)c(Cl)c(Cl)c(Cl)c1Cl,Clc1c(Cl)c(Cl)c(Cl)c(Cl)c1Cl,0
5530,CC(C)(OOC(C)(C)c1ccccc1)c2ccccc2,CC(C)(OOC(C)(C)c1ccccc1)c1ccccc1,0
4314,C(CCOC[C@H]1CO1)COC[C@H]2CO2,C(CCOC[C@H]1CO1)COC[C@H]1CO1,1
6103,O=Cc1ccc(cc1)C(=O)ON(OCc2ccccc2)C(=O)c3ccccc3,O=Cc1ccc(C(=O)ON(OCc2ccccc2)C(=O)c2ccccc2)cc1,1
4884,Clc1cc2ccccc2c3ccccc13,Clc1cc2ccccc2c2ccccc12,1
1765,[O-][N+](=O)c1ccc(s1)[C@@H]2NC(=O)c3ccccc3N2,O=C1N[C@@H](c2ccc([N+](=O)[O-])s2)Nc2ccccc21,1
2880,CC(=O)OC[C@H]1O[C@@H](Oc2cccc3C(=O)c4cccc(O)c4C(=O)c23)[C@H](OC(=O)C)[C@@H](OC(=O)C)[C@@H]1OC(=O)C,CC(=O)OC[C@H]1O[C@@H](Oc2cccc3c2C(=O)c2c(O)cccc2C3=O)[C@H](OC(C)=O)[C@@H](OC(C)=O)[C@@H]1OC(C)=O,1
4092,OC(=O)c1ccc(\C=C\c2oc(cc2)[N+](=O)[O-])cc1,O=C(O)c1ccc(/C=C/c2ccc([N+](=O)[O-])o2)cc1,1
2598,CCCCC(S)(CCC)CCCC,CCCCC(S)(CCC)CCCC,0
6557,CC(=O)NC(CSC(Cl)=C(Cl)C(Cl)=C(Cl)Cl)C(O)=O,CC(=O)NC(CSC(Cl)=C(Cl)C(Cl)=C(Cl)Cl)C(=O)O,1
6969,CCCC(O)C(CC)CO,CCCC(O)C(CC)CO,0
6546,CC(I)C1OCC(CO)O1,CC(I)C1OCC(CO)O1,1
4482,BrCC(=O)c1ccc(Br)cc1,O=C(CBr)c1ccc(Br)cc1,0
6915,CC=[N+](O)[O-],CC=[N+]([O-])O,0
3435,[O-][N+](=O)c1ccc(Br)cc1,O=[N+]([O-])c1ccc(Br)cc1,1
1160,Cc1cc2c(C)c3ccccc3c(C)c2cc1C,Cc1cc2c(C)c3ccccc3c(C)c2cc1C,1
3817,C(OCc1ccccc1)c2ccccc2,c1ccc(COCc2ccccc2)cc1,0
7032,O=C2CN(CCCN1CC(=O)NC(=O)C1)CC(=O)N2,O=C1CN(CCCN2CC(=O)NC(=O)C2)CC(=O)N1,0
5652,COc1ccc(cc1OC)c2nc(c3ccccc3)c([nH]2)c4ccccc4,COc1ccc(-c2nc(-c3ccccc3)c(-c3ccccc3)[nH]2)cc1OC,1
5174,OCCSN=O,O=NSCCO,1
4322,Nc1ccccc1SCSc2ccccc2N,Nc1ccccc1SCSc1ccccc1N,1
3110,Cc1cc2ccccc2c3ccc4C(=O)CCc4c13,Cc1cc2ccccc2c2ccc3c(c12)CCC3=O,1
2425,COP(=S)(OC)SCN1N=Nc2ccccc2C1=O,COP(=S)(OC)SCn1nnc2ccccc2c1=O,1
6339,O[C@@H]1[C@@H](O)c2cccc3c4c(ccc5ccccc45)[C@]6(O[C@H]16)c23,O[C@H]1c2cccc3c2[C@@]2(O[C@@H]2[C@@H]1O)c1ccc2ccccc2c1-3,1
1466,COC(=O)Nc1nc2cc(ccc2[nH]1)\C(=N\O)\c3ccc(F)cc3,COC(=O)Nc1nc2cc(/C(=N/O)c3ccc(F)cc3)ccc2[nH]1,1
2704,[O-][N+](=O)c1cccc2c1c(cc3cccc(c23)[N+](=O)[O-])[N+](=O)[O-],O=[N+]([O-])c1cccc2c1c([N+](=O)[O-])cc1cccc([N+](=O)[O-])c12,1
890,[O-][N+](=O)c1ccc2[nH]cnc2c1,O=[N+]([O-])c1ccc2[nH]cnc2c1,1
5209,OC(=O)c1ccc(cc1)[N+](=O)[O-],O=C(O)c1ccc([N+](=O)[O-])cc1,1
20,Nc1ccc2c(oc3ccccc23)c1,Nc1ccc2c(c1)oc1ccccc12,1
6307,CCCCCCCCCCCCCCCCCC(=O)O,CCCCCCCCCCCCCCCCCC(=O)O,0
4892,c1ccc2c(c1)c3cccc4ccc5cccc2c5c34,c1ccc2c(c1)c1cccc3ccc4cccc2c4c31,1
1453,CSc1ccc(Cl)cc1,CSc1ccc(Cl)cc1,0
2513,O[C@H]1C=Cc2c(ccc3c4C=Cc5cccc(cc23)c45)[C@@H]1O,O[C@H]1C=Cc2c(ccc3c4c5c(cccc5cc23)C=C4)[C@@H]1O,1
794,CC(=O)N(O)c1ccc2ccc3cccc4ccc1c2c34,CC(=O)N(O)c1ccc2ccc3cccc4ccc1c2c34,1
4999,Brc1ccc2C3CCCCC3C=Cc2c1,Brc1ccc2c(c1)C=CC1CCCCC21,0
717,Nc1ccc(cc1)c2ccc(N)cc2,Nc1ccc(-c2ccc(N)cc2)cc1,1
5580,NC1CCCCC1,NC1CCCCC1,0
6674,COC1=C(C=C(C=C1)CC2=C(N=C(N=C2)N)N)OC,COc1ccc(Cc2cnc(N)nc2N)cc1OC,1
1180,CCOC(=O)N(CCO)N=O,CCOC(=O)N(CCO)N=O,1
6534,CCOP(=S)(OCC)SC1OCCOC1SP(=S)(OCC)OCC,CCOP(=S)(OCC)SC1OCCOC1SP(=S)(OCC)OCC,1
1115,[O-][N+](=O)c1cccc(\C=N\c2snc3ccccc23)c1,O=[N+]([O-])c1cccc(/C=N/c2snc3ccccc23)c1,1
6171,CC(=O)Nc1cccc2Cc3ccccc3c12,CC(=O)Nc1cccc2c1-c1ccccc1C2,1
1739,NC(=O)c1cccc(c1)[N+](=O)[O-],NC(=O)c1cccc([N+](=O)[O-])c1,1
4592,COCC1CN(C(=O)O1)c2ccc3nc(sc3c2)C(O)CCC#N,COCC1CN(c2ccc3nc(C(O)CCC#N)sc3c2)C(=O)O1,0
1367,CCCN(C(=O)CCCl)c1snc2ccccc12,CCCN(C(=O)CCCl)c1snc2ccccc12,1
6026,CC(C)NCC(O)COc1cccc2[nH]ccc12,CC(C)NCC(O)COc1cccc2[nH]ccc12,0
4652,[O-][N+](=O)c1ccc2c(CCc3cc(ccc23)[N+](=O)[O-])c1,O=[N+]([O-])c1ccc2c(c1)CCc1cc([N+](=O)[O-])ccc1-2,1
1867,COC(=O)C1Cc2c([nH]c3ccc(cc23)[N+](=O)[O-])C(C)N1N=O,COC(=O)C1Cc2c([nH]c3ccc([N+](=O)[O-])cc23)C(C)N1N=O,1
5552,CN(C)CCNC(=O)c1cccc2Oc3ccccc3Nc12,CN(C)CCNC(=O)c1cccc2c1Nc1ccccc1O2,1
173,FC(F)(F)c1ccccc1Cl,FC(F)(F)c1ccccc1Cl,0
3834,COc1ccc(cc1)C(c2ccc(OC)cc2)C(Cl)(Cl)Cl,COc1ccc(C(c2ccc(OC)cc2)C(Cl)(Cl)Cl)cc1,0
4590,ClC[C@H]1CO1,ClC[C@H]1CO1,1
1918,Cc1ccc2nc3c4C=CC(O)C(O)c4ccc3c(C)c2c1,Cc1ccc2nc3c4c(ccc3c(C)c2c1)C(O)C(O)C=C4,1
6542,ClCC(Br)CBr,ClCC(Br)CBr,1
5816,Nc1ccc2ccccc2n1,Nc1ccc2ccccc2n1,1
5130,COc1ccc(\C=C\C)c(OC)c1,C/C=C/c1ccc(OC)cc1OC,0
6478,Cc1cc(C)c(N=Nc2c(O)c(cc3cc(ccc23)S(=O)(=O)O)S(=O)(=O)O)cc1C,Cc1cc(C)c(N=Nc2c(O)c(S(=O)(=O)O)cc3cc(S(=O)(=O)O)ccc23)cc1C,0
3648,Fc1ccccn1,Fc1ccccn1,1
4985,CN1CCN(C)CC1,CN1CCN(C)CC1,0
476,O=C(C1CCCCC1)N2C[C@H]3N(CCc4ccccc34)C(=O)C2,O=C(C1CCCCC1)N1CC(=O)N2CCc3ccccc3[C@H]2C1,0
7084,CC=CC(=O)OC2CC3OC1=CC(C)C(=O)CC1(C)C2(C)C34CO4,CC=CC(=O)OC1CC2OC3=CC(C)C(=O)CC3(C)C1(C)C21CO1,0
3270,S(Sc1nc2ccccc2s1)c3nc4ccccc4s3,c1ccc2sc(SSc3nc4ccccc4s3)nc2c1,1
4613,CCCCN(CCCC)N=O,CCCCN(CCCC)N=O,1
544,Clc1cc(Cl)c(Cl)c(Cl)c1Cl,Clc1cc(Cl)c(Cl)c(Cl)c1Cl,0
4357,[O-][N+](=O)c1cccc2c1cc(c3cccc(c23)[N+](=O)[O-])[N+](=O)[O-],O=[N+]([O-])c1cccc2c1cc([N+](=O)[O-])c1cccc([N+](=O)[O-])c12,1
568,CCCO\C=C\C=C\C=C\C=C\C=C\CC,CC/C=C/C=C/C=C/C=C/C=C/OCCC,1
4538,CC(C)Oc1ccc2C(=O)C(=COc2c1)c3ccccc3,CC(C)Oc1ccc2c(=O)c(-c3ccccc3)coc2c1,0
6702,O=C(OCC1CO1)C2=CC(=CC=C2)C(=O)OCC3CO3,O=C(OCC1CO1)c1cccc(C(=O)OCC2CO2)c1,1
296,CC1(CO1)c2ccc(cc2)C#N,CC1(c2ccc(C#N)cc2)CO1,1
2194,COc1ccc2nccc(C(OC(=O)C(C)O)C3CC4CCN3CC4C=C)c2c1,C=CC1CN2CCC1CC2C(OC(=O)C(C)O)c1ccnc2ccc(OC)cc12,0
6231,CC(C)N=C=NC(C)C,CC(C)N=C=NC(C)C,0
3247,Oc1ccc2ccccc2n1,Oc1ccc2ccccc2n1,0
5957,OC(=O)c1cc(O)c2ccccc2n1,O=C(O)c1cc(O)c2ccccc2n1,0
4784,Cc1ccc2nc3c(cc2c1)c4cccc5cccc3c45,Cc1ccc2nc3c(cc2c1)-c1cccc2cccc-3c12,0
3207,NC(CSC(F)(F)C(Cl)Cl)C(=O)O,NC(CSC(F)(F)C(Cl)Cl)C(=O)O,0
1963,COc1ccc(cc1)C2OC2C,COc1ccc(C2OC2C)cc1,1
6080,Cc1ccc(CO)cc1,Cc1ccc(CO)cc1,0
7248,O=NN1CCC(c2ccccc2)CC1,O=NN1CCC(c2ccccc2)CC1,1
6580,BrCC1CO1,BrCC1CO1,1
6168,NCCNC(=O)c1ccc(Cl)cn1,NCCNC(=O)c1ccc(Cl)cn1,0
410,CCC(C)(C)c1cc(c(O)c(c1)C(C)(C)CC)n2nc3ccccc3n2,CCC(C)(C)c1cc(-n2nc3ccccc3n2)c(O)c(C(C)(C)CC)c1,0
446,C1CCCCCC2OC2CCCC1,C1CCCCCC2OC2CCCC1,0
7226,c1(C2CO2)c2ccccc2cc2c1ccc1ccccc21,c1ccc2c(C3CO3)c3ccc4ccccc4c3cc2c1,1
5742,C(CSc1ccccc1)Sc2ccccc2,c1ccc(SCCSc2ccccc2)cc1,0
3955,[O-][N+](=O)c1ccc(N\N=C(\N=Nc2ccc(I)cc2)/c3ccccc3)cc1,O=[N+]([O-])c1ccc(N/N=C(/N=Nc2ccc(I)cc2)c2ccccc2)cc1,0
1762,CC1=CC(O)C2CC1C2(C)C,CC1=CC(O)C2CC1C2(C)C,0
674,CN(C)CCCN1c2ccccc2Sc3ccc(Cl)cc13,CN(C)CCCN1c2ccccc2Sc2ccc(Cl)cc21,0
4372,CC(=O)N[C@@H](CS\C(=C(/Cl)\C(=C(Cl)Cl)Cl)\Cl)C(=O)O,CC(=O)N[C@@H](CS/C(Cl)=C(\Cl)C(Cl)=C(Cl)Cl)C(=O)O,1
921,FC1=CN(C2CCCO2)C(=O)NC1=O,O=c1[nH]c(=O)n(C2CCCO2)cc1F,0
6012,Oc1cc(c2ccc3cccc4ccc1c2c34)[N+](=O)[O-],O=[N+]([O-])c1cc(O)c2ccc3cccc4ccc1c2c34,1
6621,N1C2C1C4=C3C2=CC=CC3=CC=C4,c1cc2c3c(cccc3c1)C1NC21,1
7159,Cc1ccc2cc3c(C(O)C(O)c4ccccc34)c3CCc1c23,Cc1ccc2cc3c(c4c2c1CC4)C(O)C(O)c1ccccc1-3,1
4720,Cc1cccc(O)c1C,Cc1cccc(O)c1C,0
3678,Cc1ccc2C(=O)c3ccccc3C(=O)c2c1,Cc1ccc2c(c1)C(=O)c1ccccc1C2=O,0
2047,OCc1ccccc1[N+](=O)[O-],O=[N+]([O-])c1ccccc1CO,0
334,COC(=O)\C(=C\c1oc(Br)cc1)\C#N,COC(=O)/C(C#N)=C/c1ccc(Br)o1,0
3814,Nc1cc2c(cc1[N+](=O)[O-])[nH]c3ccccc23,Nc1cc2c(cc1[N+](=O)[O-])[nH]c1ccccc12,1
491,Clc1ccc(CN2C3C2c4ccccc4c5ccccc35)cc1,Clc1ccc(CN2C3c4ccccc4-c4ccccc4C32)cc1,1
6537,CC1CC(OC(=O)C)OC(C)O1,CC(=O)OC1CC(C)OC(C)O1,1
5297,CC(=C)C,C=C(C)C,0
1170,O1[C@@H]2C=CC=C[C@H]12,C1=C[C@@H]2O[C@@H]2C=C1,1
2783,Brc1cc(Br)c(c(Br)c1)c2c(Br)cc(Br)cc2Br,Brc1cc(Br)c(-c2c(Br)cc(Br)cc2Br)c(Br)c1,0
1756,Oc1ccc(cc1)C2CC(=O)c3c(O)cc(O)cc3O2,O=C1CC(c2ccc(O)cc2)Oc2cc(O)cc(O)c21,0
6022,COC(=O)C1=CCCN(C1)N=O,COC(=O)C1=CCCN(N=O)C1,1
6149,Cc1ccc2c(C)c3ccc4ccccc4c3nc2c1,Cc1ccc2c(C)c3ccc4ccccc4c3nc2c1,1
6935,COC2=CC1=C(C=CN=C1C=C2)C(O)C3CC4CCN3CC4C=C,C=CC1CN2CCC1CC2C(O)c1ccnc2ccc(OC)cc12,0
3564,Nc1ccc(\C=C\c2ccccc2)cc1,Nc1ccc(/C=C/c2ccccc2)cc1,1
1969,[O-][N+](=O)C1=Cc2cccc3cccc1c23,O=[N+]([O-])C1=Cc2cccc3cccc1c23,1
4336,CCCC(c1cc(c(O)cc1C)C(C)(C)C)c2cc(c(O)cc2C)C(C)(C)C,CCCC(c1cc(C(C)(C)C)c(O)cc1C)c1cc(C(C)(C)C)c(O)cc1C,0
6778,CC(C)=CC3C(C(=O)OCN2C(=O)C1=C(CCCC1)C2=O)C3(C)C,CC(C)=CC1C(C(=O)OCN2C(=O)C3=C(CCCC3)C2=O)C1(C)C,1
1184,CN(C)CCNC(=O)c1ccc2c(N)c3ccccc3nc2c1,CN(C)CCNC(=O)c1ccc2c(N)c3ccccc3nc2c1,0
589,ClC(Cl)C(=O)Cl,O=C(Cl)C(Cl)Cl,1
6499,CN1CCCC1c2cccnc2,CN1CCCC1c1cccnc1,0
2975,c1ccc2c(c1)ccc3[nH]c4ccc5ccccc5c4c23,c1ccc2c(c1)ccc1[nH]c3ccc4ccccc4c3c12,1
6133,CCCCCCCCCC\C=C\[C@H]1CC(=O)OC1=O,CCCCCCCCCC/C=C/[C@H]1CC(=O)OC1=O,0
2128,Cc1ccccc1c2ccc(N)c(C)c2,Cc1cc(-c2ccccc2C)ccc1N,1
5595,OC1C=Cc2c(cc3ccc4ccc(c5ccc2c3c45)[N+](=O)[O-])C1O,O=[N+]([O-])c1ccc2ccc3cc4c(c5ccc1c2c35)C=CC(O)C4O,1
3649,Oc1ccc2c(O)c3ccccc3cc2c1O,Oc1ccc2c(O)c3ccccc3cc2c1O,1
276,OCCc1cn(N=O)c2ccccc12,O=Nn1cc(CCO)c2ccccc21,1
2496,Nc1ccc(cc1)c2ccc(cc2)c3ccc(cc3)c4ccc(N)cc4,Nc1ccc(-c2ccc(-c3ccc(-c4ccc(N)cc4)cc3)cc2)cc1,0
4056,OC(=O)\C(=C(/CCl)\C(=O)O)\Cl,O=C(O)/C(Cl)=C(\CCl)C(=O)O,0
965,OC[C@H]1O[C@H]2[C@@H](OC3=NC(=N)C=CN23)[C@@H]1O,N=c1ccn2c(n1)O[C@@H]1[C@@H]2O[C@H](CO)[C@H]1O,0
3550,COC[C@H]1CO1,COC[C@H]1CO1,1
4772,Cc1ccc(N)cc1N=[N+]([O-])c2cc(N)ccc2C,Cc1ccc(N)cc1N=[N+]([O-])c1cc(N)ccc1C,1
2657,COC(=O)\C=C\C(=C/C=C/C(=C/C=C/C=C(\C)/C=C/C=C(\C)/C=C/C(=O)OC)/C)\C,COC(=O)/C=C/C(C)=C\C=C\C(C)=C\C=C\C=C(C)\C=C\C=C(C)\C=C\C(=O)OC,1
5622,OC(=O)C(=O)O,O=C(O)C(=O)O,0
4106,COc1ccc2c(c1)c3cc(OC)ccc3c4c5ccc(OC)cc5c6cc(OC)ccc6c24,COc1ccc2c(c1)c1cc(OC)ccc1c1c3ccc(OC)cc3c3cc(OC)ccc3c21,1
6180,CC(=C)C(=O)OCCO,C=C(C)C(=O)OCCO,0
1751,CC[C@@H](Cl)[N+](=O)[O-],CC[C@@H](Cl)[N+](=O)[O-],1
2169,CC12C=CC3=C4CCC(=O)C=C4CCC3C1CCC2O,CC12C=CC3=C4CCC(=O)C=C4CCC3C1CCC2O,0
5371,Cc1cccc(NS(=O)(=O)c2cccc3cccnc23)c1,Cc1cccc(NS(=O)(=O)c2cccc3cccnc23)c1,0
5430,OC1C=Cc2cc3c(ccc4ccccc34)c(Br)c2C1O,OC1C=Cc2cc3c(ccc4ccccc43)c(Br)c2C1O,0
4840,CC1(CO1)c2ccc(Cl)cc2,CC1(c2ccc(Cl)cc2)CO1,1
3170,CCCCC(=O)\N=C\1/SN(C(=O)CCCC)c2ccc(cc12)[N+](=O)[O-],CCCCC(=O)/N=c1\sn(C(=O)CCCC)c2ccc([N+](=O)[O-])cc12,1
7125,O=P(Oc1ccc(O)cc1C)(Oc1cc(O)ccc1C)Oc1c(O)cccc1C,Cc1cc(O)ccc1OP(=O)(Oc1cc(O)ccc1C)Oc1c(C)cccc1O,0
5789,C1O[C@@H]1c2ccc3ccccc3c2,c1ccc2cc([C@@H]3CO3)ccc2c1,1
1812,CC(=O)N(O)c1ccc(cc1)[N+](=O)[O-],CC(=O)N(O)c1ccc([N+](=O)[O-])cc1,1
2985,N[C@@H]1C[C@H]1c2ccccc2,N[C@@H]1C[C@H]1c1ccccc1,0
970,CC(C)(C)OC(=O)[C@H](N)CN=[N+]=[N-],CC(C)(C)OC(=O)[C@H](N)CN=[N+]=[N-],1
2962,Fc1ccc(\C=C\C(=O)c2ccccc2)cc1,O=C(/C=C/c1ccc(F)cc1)c1ccccc1,0
4543,[O-][N+](=O)c1cccc(C=O)c1,O=Cc1cccc([N+](=O)[O-])c1,1
6496,OC(C=C)c1ccc2OCOc2c1,C=CC(O)c1ccc2c(c1)OCO2,0
4707,OC(=O)c1cc2OCOc2c3c4cccc(O)c4cc(c13)[N+](=O)[O-],O=C(O)c1cc2c(c3c1c([N+](=O)[O-])cc1c(O)cccc13)OCO2,1
2905,CCOC(=O)C1OC1C(=O)NC(CC(C)C)C(=O)NCCC(C)C,CCOC(=O)C1OC1C(=O)NC(CC(C)C)C(=O)NCCC(C)C,0
3815,Cc1ccc2C(=O)c3ccccc3C(=O)c2c1[N+](=O)[O-],Cc1ccc2c(c1[N+](=O)[O-])C(=O)c1ccccc1C2=O,1
1220,C\C=C/C=C\C=O,C/C=C\C=C/C=O,1
5230,CN(C)C(=O)Oc1ccc[n+](C)c1,CN(C)C(=O)Oc1ccc[n+](C)c1,0
2352,CC(=O)c1ccc2[nH]c3c(C)cc(c(C)c3c2c1)[N+](=O)[O-],CC(=O)c1ccc2[nH]c3c(C)cc([N+](=O)[O-])c(C)c3c2c1,1
2306,O=C1NC=NC(=O)N1,O=c1nc[nH]c(=O)[nH]1,0
4326,[O-][N+](=O)c1ccc(\C=C\c2ccccc2)cc1,O=[N+]([O-])c1ccc(/C=C/c2ccccc2)cc1,1
2493,Cc1ccc(cc1)S(=O)(=O)OCC2CO2,Cc1ccc(S(=O)(=O)OCC2CO2)cc1,1
5248,CS(=O)(=O)OCCc1ccc(OCc2ccccc2)cc1,CS(=O)(=O)OCCc1ccc(OCc2ccccc2)cc1,1
906,CCCCCCCCCCCCCCCC[C@H]1CO1,CCCCCCCCCCCCCCCC[C@H]1CO1,0
5223,COP(=O)(OC)O\C(=C/C(=O)O[C@@H](C)c1ccccc1)\C,COP(=O)(OC)O/C(C)=C\C(=O)O[C@@H](C)c1ccccc1,0
3992,CCCOC(=O)c1cc(O)c(O)c(O)c1,CCCOC(=O)c1cc(O)c(O)c(O)c1,0
3651,COC(=O)C(=C)C#N,C=C(C#N)C(=O)OC,1
6957,OC3N=C(C1=CC=CC=C1)C2=C(C=CC(=C2)Cl)NC3=O,O=C1Nc2ccc(Cl)cc2C(c2ccccc2)=NC1O,0
48,Nc1ccc(c(N)c1)[N+](=O)[O-],Nc1ccc([N+](=O)[O-])c(N)c1,1
1941,COc1ccc2c(c1)[nH]c3c(C)nccc23,COc1ccc2c(c1)[nH]c1c(C)nccc12,1
609,CCC(=O)Oc1ccc(cc1)\C(=C(/CC)\c2ccc(OC(=O)CC)cc2)\CC,CCC(=O)Oc1ccc(/C(CC)=C(\CC)c2ccc(OC(=O)CC)cc2)cc1,0
1555,Nc1cccc2Cc3ccccc3c12,Nc1cccc2c1-c1ccccc1C2,1
5934,[O-][N+](=O)c1cccc2c(Cl)nsc12,O=[N+]([O-])c1cccc2c(Cl)nsc12,1
789,O1C2C=Cc3ncccc3C12,C1=CC2OC2c2cccnc21,0
3714,[O-][N+](=O)c1ccc2c3ccc(cc3C(=O)c2c1)[N+](=O)[O-],O=C1c2cc([N+](=O)[O-])ccc2-c2ccc([N+](=O)[O-])cc21,1
4662,NC(Cn1ccnc1)C(=O)O,NC(Cn1ccnc1)C(=O)O,1
721,C[C@H]1Cc2c(Cl)cc(C(=O)N[C@H](Cc3ccccc3)C(=O)O)c(O)c2C(=O)O1,C[C@H]1Cc2c(Cl)cc(C(=O)N[C@H](Cc3ccccc3)C(=O)O)c(O)c2C(=O)O1,0
2789,[O-][N+](=O)c1cc2ccccc2c3ccccc13,O=[N+]([O-])c1cc2ccccc2c2ccccc12,1
2761,[O-][N+](=O)c1ccc(\C=C\c2cccc(c2)C#N)cc1,N#Cc1cccc(/C=C/c2ccc([N+](=O)[O-])cc2)c1,1
2148,COc1cccc2c1cc(c3c(cc4OCOc4c23)C(=O)O)[N+](=O)[O-],COc1cccc2c1cc([N+](=O)[O-])c1c(C(=O)O)cc3c(c12)OCO3,1
6943,O[N+]([O-])=C=CC1=CC=CO1,[O-][N+](O)=C=Cc1ccco1,0
3447,C\C(=C\CO)\C=C/C=C(/C)\C=C/C1=C(C)CCCC1(C)C,CC1=C(/C=C\C(C)=C/C=C\C(C)=C/CO)C(C)(C)CCC1,1
4879,NC(CO)C(=O)O,NC(CO)C(=O)O,0
1789,C[C@@H](Nc1[nH]cnc2nc(cc12)c3ccc(CCl)cc3)c4ccccc4,C[C@@H](Nc1[nH]cnc2nc(-c3ccc(CCl)cc3)cc1-2)c1ccccc1,1
6662,OCC=CCl,OCC=CCl,1
2107,Clc1cccc(Cl)n1,Clc1cccc(Cl)n1,0
2624,CCCCCCCCCCCCCC(=O)O,CCCCCCCCCCCCCC(=O)O,0
859,OCc1c2ccccc2cc3ccccc13,OCc1c2ccccc2cc2ccccc12,1
4934,Br\C(=C/c1ccccc1)\C=O,O=C/C(Br)=C/c1ccccc1,1
4244,Cc1c(cccc1[N+](=O)[O-])N=O,Cc1c(N=O)cccc1[N+](=O)[O-],0
571,CC\C=C\C=C\C=C\C=C\C=C\OCC(O)CO,CC/C=C/C=C/C=C/C=C/C=C/OCC(O)CO,1
3137,Nc1ccc(NOS(=O)(=O)O)cc1Cl,Nc1ccc(NOS(=O)(=O)O)cc1Cl,1
1779,CC(C)(Cl)OC(C)(C)Cl,CC(C)(Cl)OC(C)(C)Cl,1
5849,OCc1cc2ccc3cccnc3c2[nH]1,OCc1cc2ccc3cccnc3c2[nH]1,0
7210,COc1cc2OC3OC=CC3c2c2oc(=O)c3C(=O)C(Cl)C(Cl)c3c12,COc1cc2c(c3oc(=O)c4c(c13)C(Cl)C(Cl)C4=O)C1C=COC1O2,1
7010,CCCCCCCCCCCCOCC1CO1,CCCCCCCCCCCCOCC1CO1,0
545,Oc1ccc(cc1)C(=O)N\N=C\c2oc(cc2)[N+](=O)[O-],O=C(N/N=C/c1ccc([N+](=O)[O-])o1)c1ccc(O)cc1,1
4235,CCc1cccc(CC)c1NC(=O)CO,CCc1cccc(CC)c1NC(=O)CO,1
5178,Nc1c(cc(c2ccccc12)S(=O)(=O)O)N=Nc3ccc(cc3)c4ccc(cc4)N=Nc5cc(c6ccccc6c5N)S(=O)(=O)O,Nc1c(N=Nc2ccc(-c3ccc(N=Nc4cc(S(=O)(=O)O)c5ccccc5c4N)cc3)cc2)cc(S(=O)(=O)O)c2ccccc12,1
3476,Cc1ccc2nc3ccccc3c(N)c2c1,Cc1ccc2nc3ccccc3c(N)c2c1,1
6851,OC1=CC=C(C=C1)C=NN4N=NC2=C([NH]C3=CC=CC=C23)C4=O,O=c1c2[nH]c3ccccc3c2nnn1N=Cc1ccc(O)cc1,1
5863,OC(=O)C(Cl)(Cl)Cl,O=C(O)C(Cl)(Cl)Cl,0
5558,Cc1cc(ccc1N=Nc2cccnc2)N(CCO)CCO,Cc1cc(N(CCO)CCO)ccc1N=Nc1cccnc1,0
576,[O-][N+](=Nc1ccccc1)c2ccccc2,[O-][N+](=Nc1ccccc1)c1ccccc1,1
1176,ClC1=C(COC1=O)C(Br)Br,O=C1OCC(C(Br)Br)=C1Cl,1
5312,CCOP(=S)(OCC)Oc1ccc2C(=C(Cl)C(=O)Oc2c1)C,CCOP(=S)(OCC)Oc1ccc2c(C)c(Cl)c(=O)oc2c1,0
5679,CC1(O)C=Cc2cc3c(ccc4ccccc34)c5CCC1(O)c25,CC1(O)C=Cc2cc3c(ccc4ccccc43)c3c2C1(O)CC3,1
5211,O=C1CCCCC1=O,O=C1CCCCC1=O,1
3132,C1=Cc2cc3cccc4ccc5ccc1c2c5c34,C1=Cc2cc3cccc4ccc5ccc1c2c5c43,1
3220,CC(C)(C)S(=O)(=O)CC(Cc1ccccc1)C(=O)NC(Cc2c[nH]cn2)C(=O)NC(CC3CCCCC3)C(O)C(O)C4CC4,CC(C)(C)S(=O)(=O)CC(Cc1ccccc1)C(=O)NC(Cc1c[nH]cn1)C(=O)NC(CC1CCCCC1)C(O)C(O)C1CC1,0
1404,c1ccc2nc3c(cc2c1)c4cccc5cccc3c45,c1ccc2nc3c(cc2c1)-c1cccc2cccc-3c12,0
3861,OC1C(O)c2ccc(c3c4ccccc4c5cccc1c5c23)[N+](=O)[O-],O=[N+]([O-])c1ccc2c3c4c(cccc4c4ccccc4c13)C(O)C2O,1
6471,ClC1=C(Cl)C2(Cl)C3C4CC(C=C4)C3C1(Cl)C2(Cl)Cl,ClC1=C(Cl)C2(Cl)C3C4C=CC(C4)C3C1(Cl)C2(Cl)Cl,0
5764,CCC#N,CCC#N,0
2222,OC1C2(Cl)C3(Cl)C4(Cl)C(Cl)(Cl)C5(Cl)C(Cl)(C1(Cl)C35Cl)C24Cl,OC1C2(Cl)C3(Cl)C4(Cl)C(Cl)(Cl)C5(Cl)C3(Cl)C1(Cl)C5(Cl)C24Cl,0
895,Nc1ccc(NC(=O)c2ccc(cc2)C(=O)O)cc1,Nc1ccc(NC(=O)c2ccc(C(=O)O)cc2)cc1,0
1383,CNc1cc(Oc2ccc(N)cc2)ncn1,CNc1cc(Oc2ccc(N)cc2)ncn1,1
5120,COc1ccc2cc(c3C=CC(=O)Oc3c2c1)[N+](=O)[O-],COc1ccc2cc([N+](=O)[O-])c3ccc(=O)oc3c2c1,1
658,c1ccc2c(c1)cc3ccc4cccc5c6ccccc6c2c3c45,c1ccc2c(c1)cc1ccc3cccc4c5ccccc5c2c1c34,1
3094,CC(=O)CC(C)(C)O,CC(=O)CC(C)(C)O,0
3156,Clc1nncc2cnccc12,Clc1nncc2cnccc12,0
6958,CC(CO)=[N+](O)[O-],CC(CO)=[N+]([O-])O,0
5198,CC1CCN(CC1)N=O,CC1CCN(N=O)CC1,1
4222,OC1C=Cc2cc3cc(ccc3cc2C1O)[N+](=O)[O-],O=[N+]([O-])c1ccc2cc3c(cc2c1)C=CC(O)C3O,1
4817,NC(=O)NCC=C,C=CCNC(N)=O,1
1780,CCOc1ccc(cc1)N=[N+]([O-])c2ccc(OCC)cc2,CCOc1ccc(N=[N+]([O-])c2ccc(OCC)cc2)cc1,0
6391,CCN1C=C(C(=O)O)C(=O)c2cnc(nc12)N3CCNCC3,CCn1cc(C(=O)O)c(=O)c2cnc(N3CCNCC3)nc21,1
5084,CS(=O)(=O)Nc1ccc(Nc2c3ccc(cc3nc4cc(ccc24)N=N#N)N=N#N)cc1,CS(=O)(=O)Nc1ccc(Nc2c3ccc(N=[N+]=[N-])cc3nc3cc(N=[N+]=[N-])ccc23)cc1,1
5899,O=C1N(C[C@H]2CO2)C(=O)N(C[C@H]3CO3)C(=O)N1C[C@H]4CO4,O=c1n(C[C@H]2CO2)c(=O)n(C[C@H]2CO2)c(=O)n1C[C@H]1CO1,1
255,O=C([C@@H]1CO1)c2ccc3OCOc3c2,O=C(c1ccc2c(c1)OCO2)[C@@H]1CO1,1
77,CC(C)(c1ccc(OP(O)O)cc1)c2ccc(OP(O)O)cc2,CC(C)(c1ccc(OP(O)O)cc1)c1ccc(OP(O)O)cc1,0
2925,C[C@H](Cl)CN(C)C,C[C@H](Cl)CN(C)C,1
2639,CC(C)[C@@H]1CC[C@@H](C)CC1,CC(C)[C@H]1CC[C@H](C)CC1,0
7068,OC2=C1C=CC=CC1=C(N=N2)O,Oc1nnc(O)c2ccccc12,0
3835,CCCCN(C[C@@H](O)C1=CC(=[N+]=[N-])C(=O)C=C1)N=O,CCCCN(C[C@@H](O)C1=CC(=[N+]=[N-])C(=O)C=C1)N=O,1
3650,CC(=O)Nc1ccc(Oc2ccc(NC(=O)C)cc2)cc1,CC(=O)Nc1ccc(Oc2ccc(NC(C)=O)cc2)cc1,0
2076,CNC(=O)\C=C(/C)\OP(=O)(OC)OC,CNC(=O)/C=C(\C)OP(=O)(OC)OC,1
5982,S=C(Nc1ccccc1)Nc2ccccc2,S=C(Nc1ccccc1)Nc1ccccc1,0
3290,Nc1c2ccccc2nc3ccc(Br)cc13,Nc1c2ccccc2nc2ccc(Br)cc12,1
5042,[O-][n+]1cccc2C3OC3C=Cc12,[O-][n+]1cccc2c1C=CC1OC21,0
5712,N[C@@H](CS\C(=C\Cl)\Cl)C(=O)O,N[C@@H](CS/C(Cl)=C/Cl)C(=O)O,1
1512,CC(=C)C=O,C=C(C)C=O,1
2799,Cc1c2ccccc2cc3c4C=C[C@@H](O)[C@H](O)c4ccc13,Cc1c2ccccc2cc2c3c(ccc12)[C@@H](O)[C@H](O)C=C3,1
7111,CNC(C=[N+](O)[O-])=NCCSCC1=CC=C(O1)CN(C)C,CNC(C=[N+]([O-])O)=NCCSCc1ccc(CN(C)C)o1,0
1323,CC(O)COC(=O)C(=C)C,C=C(C)C(=O)OCC(C)O,0
1375,CCCCCCC=O,CCCCCCC=O,0
1119,O=C1c2c(ccc3ccccc23)c4ccc5ccccc5c14,O=C1c2c(ccc3ccccc23)-c2ccc3ccccc3c21,0
5663,BrCc1ccc2c3ccccc3c4cccc1c24,BrCc1ccc2c3c(cccc13)-c1ccccc1-2,1
5700,CC(=O)Nc1ccc(C)c(c1)N=Nc2cc(NC(=O)C)ccc2C,CC(=O)Nc1ccc(C)c(N=Nc2cc(NC(C)=O)ccc2C)c1,0
75,COC(C)CCO,COC(C)CCO,0
2083,C=CC1CC2CC1C=C2,C=CC1CC2C=CC1C2,0
6687,CCC(C)COC(=O)C=CC1=CC=C(C=C1)N=CC2=CC=C(C=C2)OC,CCC(C)COC(=O)C=Cc1ccc(N=Cc2ccc(OC)cc2)cc1,1
989,Nc1nc(nc2c1ncn2C3OC(CO)C(O)C3O)c4cccc(c4)[N+](=O)[O-],Nc1nc(-c2cccc([N+](=O)[O-])c2)nc2c1ncn2C1OC(CO)C(O)C1O,1
3556,CO\N=C(/C(=O)NC1C2SCC(=C(N2C1=O)C(=O)OCOC(=O)C(C)(C)C)\C=C\c3scnc3C)\c4csc(N)n4,CO/N=C(\C(=O)NC1C(=O)N2C(C(=O)OCOC(=O)C(C)(C)C)=C(/C=C/c3scnc3C)CSC12)c1csc(N)n1,0
2840,OC[C@@H]1SCCN1N=O,O=NN1CCS[C@H]1CO,1
2965,CN(C)C(=O)N(C)C=O,CN(C)C(=O)N(C)C=O,1
5610,Cc1ccc(O)cc1,Cc1ccc(O)cc1,0
5891,CCCOC(=O)\C=C\c1oc(cc1)[N+](=O)[O-],CCCOC(=O)/C=C/c1ccc([N+](=O)[O-])o1,1
4204,OC1COC(C(O)C1O)N(N=O)c2ccc(cc2)C(=O)O,O=NN(c1ccc(C(=O)O)cc1)C1OCC(O)C(O)C1O,1
3849,CCCCCCCC\C=C/CCCCCCCC(=O)OC,CCCCCCCC/C=C\CCCCCCCC(=O)OC,0
3653,[O-][N+](=O)c1ccccc1,O=[N+]([O-])c1ccccc1,0
335,CC(C)(CO)C(O)C(=O)NCCC(=O)O,CC(C)(CO)C(O)C(=O)NCCC(=O)O,0
1010,Nc1c2C(=O)c3ccccc3C(=O)c2c(Nc4cccc(c4)S(=O)(=O)CCOS(=O)(=O)O)cc1S(=O)(=O)O,Nc1c(S(=O)(=O)O)cc(Nc2cccc(S(=O)(=O)CCOS(=O)(=O)O)c2)c2c1C(=O)c1ccccc1C2=O,1
5754,[O-][N+](=O)c1cc(cc(c1)[N+](=O)[O-])C(=O)Cl,O=C(Cl)c1cc([N+](=O)[O-])cc([N+](=O)[O-])c1,1
6438,C(Oc1ccccc1)C2CO2,c1ccc(OCC2CO2)cc1,1
2130,N#N=Nc1ccc(Nc2c3ccccc3nc4ccccc24)cc1,[N-]=[N+]=Nc1ccc(Nc2c3ccccc3nc3ccccc23)cc1,1
3305,CC(=O)Cl,CC(=O)Cl,0
3977,COc1ccc(cc1)\C(=C/C(=O)O)\Br,COc1ccc(/C(Br)=C\C(=O)O)cc1,1
3251,Cc1ccc(N)c(N)c1,Cc1ccc(N)c(N)c1,1
5682,C1CCC(CC1)NSc2nc3ccccc3s2,c1ccc2sc(SNC3CCCCC3)nc2c1,0
3544,OC1C2OC2c3c(ccc4c5ccccc5c6ccccc6c34)C1O,OC1c2ccc3c4ccccc4c4ccccc4c3c2C2OC2C1O,1
2472,CCN1C=C(C(=O)O)C(=O)c2cc(F)c(N3CCNC(C)C3)c(F)c12,CCn1cc(C(=O)O)c(=O)c2cc(F)c(N3CCNC(C)C3)c(F)c21,1
4039,CCCN(CCC)CCC,CCCN(CCC)CCC,0
2335,O=C1CCCC=C1,O=C1C=CCCC1,0
678,[O-][N+](=O)c1ccc2ccc3ccccc3c2c1,O=[N+]([O-])c1ccc2ccc3ccccc3c2c1,1
4997,[O-][N+](=O)c1oc(\C=N\c2snc3ccccc23)cc1,O=[N+]([O-])c1ccc(/C=N/c2snc3ccccc23)o1,1
6789,COC2=CC1=CC=CN=C1C(=C2)NC(C)CCCN,COc1cc(NC(C)CCCN)c2ncccc2c1,1
3217,CCOC(=O)OCC,CCOC(=O)OCC,0
5805,CC(C)(C)OC(=O)OC(=O)OC(C)(C)C,CC(C)(C)OC(=O)OC(=O)OC(C)(C)C,0
3238,CCCCCCCCCCCC(=O)N(CCO)CCO,CCCCCCCCCCCC(=O)N(CCO)CCO,0
3278,COC1OC(=O)C(=C1C(Cl)Cl)Cl,COC1OC(=O)C(Cl)=C1C(Cl)Cl,1
4250,CCCCCCCCCC,CCCCCCCCCC,0
6840,OC(CN=[N+]=[N-])CN=[N+]=[N-],[N-]=[N+]=NCC(O)CN=[N+]=[N-],1
805,[O-][N+](=O)c1ccc2NC(=O)CN=C(c3ccccc3)c2c1,O=C1CN=C(c2ccccc2)c2cc([N+](=O)[O-])ccc2N1,0
2057,CC(=C)C=C,C=CC(=C)C,0
438,CCCCCCCCCCCCCCCCCC(=O)N,CCCCCCCCCCCCCCCCCC(N)=O,0
7170,OC1C(O)C(CO)OC1n1cnc(n1)C(=O)N,NC(=O)c1ncn(C2OC(CO)C(O)C2O)n1,0
5222,NC(CSC(F)(F)C(F)(F)C(F)F)C(=O)O,NC(CSC(F)(F)C(F)(F)C(F)F)C(=O)O,0
3108,OC[C@H]1CC[C@H](O1)n2cnc3c(O)ncnc23,OC[C@H]1CC[C@@H](n2cnc3c(O)ncnc32)O1,1
4487,CCc1cc(Cc2cc(C)c(N)c(CC)c2)cc(C)c1N,CCc1cc(Cc2cc(C)c(N)c(CC)c2)cc(C)c1N,0
5915,OCc1cc(O)c2C(=O)c3c(O)cc(O)cc3C(=O)c2c1,O=C1c2cc(O)cc(O)c2C(=O)c2c(O)cc(CO)cc21,1
1773,OC(=O)C(Cl)Cl,O=C(O)C(Cl)Cl,1
2589,c1ccc2cnccc2c1,c1ccc2cnccc2c1,0
2813,Nc1ccc(Cc2ccc(NO)c(Cl)c2)cc1Cl,Nc1ccc(Cc2ccc(NO)c(Cl)c2)cc1Cl,1
4948,CCN(CC)CC#CCOC(=O)C(O)(C1CCCCC1)c2ccccc2,CCN(CC)CC#CCOC(=O)C(O)(c1ccccc1)C1CCCCC1,0
2400,Cc1c(C)c2c(Cl)c3ccccc3nc2c4ccccc14,Cc1c(C)c2c(Cl)c3ccccc3nc2c2ccccc12,1
4333,CC(C)(C)N(CCO)CCO,CC(C)(C)N(CCO)CCO,0
4637,OC1(CCN(CCCC(=O)c2ccc(F)cc2)CC1)c3ccc(Cl)cc3,O=C(CCCN1CCC(O)(c2ccc(Cl)cc2)CC1)c1ccc(F)cc1,0
3679,CC(=O)Nc1ccc(Sc2ccccc2)cc1,CC(=O)Nc1ccc(Sc2ccccc2)cc1,1
6681,CC(O)C1=C2C=CC3=CC=CC4=CC=C(C=C1)C2=C34,CC(O)c1ccc2ccc3cccc4ccc1c2c34,1
5508,CCc1ccc2c3ccccc3c4cccc1c24,CCc1ccc2c3c(cccc13)-c1ccccc1-2,0
731,COc1cccc2c1CC(c3ccc4OCOc4c23)[N+](=O)[O-],COc1cccc2c1CC([N+](=O)[O-])c1ccc3c(c1-2)OCO3,1
2401,Nc1ccc(N)c2C(=O)c3ccccc3C(=O)c12,Nc1ccc(N)c2c1C(=O)c1ccccc1C2=O,1
5833,c1ccc2ncccc2c1,c1ccc2ncccc2c1,1
4045,CC(C)CCC[C@@H](C)[C@@H]1CC[C@@H]2[C@@H]3CC4([C@@H]5C[C@@H](Br)CC[C@]5(C)[C@@H]3CC[C@]12C)S(=O)(=O)CCS4(=O)=O,CC(C)CCC[C@@H](C)[C@@H]1CC[C@@H]2[C@@H]3CC4([C@@H]5C[C@@H](Br)CC[C@]5(C)[C@@H]3CC[C@]12C)S(=O)(=O)CCS4(=O)=O,1
1335,CNC(=O)Nc1ccccc1,CNC(=O)Nc1ccccc1,0
2833,Cn1c(N=N#N)nc2ncc(cc12)c3ccccc3,Cn1c(N=[N+]=[N-])nc2ncc(-c3ccccc3)cc21,1
5759,CCOC(=O)C,CCOC(C)=O,0
2534,NC(=N)NC#N,N#CNC(=N)N,1
2025,CCO[P@](=O)(Oc1ccc(cc1)[N+](=O)[O-])c2ccccc2,CCO[P@](=O)(Oc1ccc([N+](=O)[O-])cc1)c1ccccc1,1
289,CCCCON(OC(=O)C)C(=O)c1ccc(cc1)C(C)(C)C,CCCCON(OC(C)=O)C(=O)c1ccc(C(C)(C)C)cc1,1
6379,CCCC\C=C\C=C\C=C\C=C\C=C\OC,CCCC/C=C/C=C/C=C/C=C/C=C/OC,1
3252,O1[C@@H]2[C@H]1c3cc4c(ccc5ccccc45)cc3c6ccccc26,c1ccc2c(c1)-c1cc3ccc4ccccc4c3cc1[C@H]1O[C@@H]21,1
4905,Clc1nc2ccccc2nc1Cl,Clc1nc2ccccc2nc1Cl,0
1231,C=C[C@H]1CCC=CC1,C=C[C@@H]1CC=CCC1,0
365,Clc1ccc(cc1)C(Cl)(Cl)Cl,Clc1ccc(C(Cl)(Cl)Cl)cc1,1
3253,C=CC(=O)OCCCCOC(=O)C=C,C=CC(=O)OCCCCOC(=O)C=C,0
2736,[O-][N+](=O)c1ccc(cc1)c2nc3SCCn3c2[N+](=O)[O-],O=[N+]([O-])c1ccc(-c2nc3n(c2[N+](=O)[O-])CCS3)cc1,1
5326,FC(F)(F)C(F)(F)C(Cl)Cl,FC(F)(F)C(F)(F)C(Cl)Cl,0
293,COCCO,COCCO,0
4119,Cc1cc(C)c2nsnc2c1[N+](=O)[O-],Cc1cc(C)c2nsnc2c1[N+](=O)[O-],1
643,C1C=Cc2c1ccc3c2ccc4ccccc34,C1=Cc2c(ccc3c2ccc2ccccc23)C1,1
2174,O[C@@H]1C=Cc2c(cc3ccccc3c2[N+](=O)[O-])[C@H]1O,O=[N+]([O-])c1c2c(cc3ccccc13)[C@@H](O)[C@H](O)C=C2,1
2072,CC(C)OC(=O)COc1ccc(Cl)cc1Cl,CC(C)OC(=O)COc1ccc(Cl)cc1Cl,0
5699,Oc1c2ccccc2nc3ccccc13,Oc1c2ccccc2nc2ccccc12,0
5023,Clc1ccc(NS(=O)(=O)c2cccc3cccnc23)cc1Cl,O=S(=O)(Nc1ccc(Cl)c(Cl)c1)c1cccc2cccnc12,0
383,CC(=O)OC1Cc2ccc3ccc4cccc5cc1c2c3c45,CC(=O)OC1Cc2ccc3ccc4cccc5cc1c2c3c45,1
3491,[O-][N+](=O)c1cccc2ccccc12,O=[N+]([O-])c1cccc2ccccc12,1
4074,CNC(=O)N(O)C(=O)NC,CNC(=O)N(O)C(=O)NC,0
1500,OC1CCCc2c1c(c3ccc4cccc5ccc2c3c45)[N+](=O)[O-],O=[N+]([O-])c1c2c(c3ccc4cccc5ccc1c3c45)CCCC2O,0
5691,Cc1c2ccc3C(O)C(O)C=Cc3c2nc4ccc(CO)cc14,Cc1c2cc(CO)ccc2nc2c3c(ccc12)C(O)C(O)C=C3,1
6322,OCc1c2ccccc2c(CO)c3c1ccc4ccccc34,OCc1c2ccccc2c(CO)c2c1ccc1ccccc12,1
6224,C[C@@H](Oc1ccc(Cl)cc1C)C(=O)O,Cc1cc(Cl)ccc1O[C@H](C)C(=O)O,0
6515,CC(COc1ccccc1)N(CCCl)Cc2ccccc2,CC(COc1ccccc1)N(CCCl)Cc1ccccc1,1
4339,[O-][N+](=O)c1ccc2ccc3c4ccccc4[n+]([O-])c5ccc1c2c35,O=[N+]([O-])c1ccc2ccc3c4ccccc4[n+]([O-])c4ccc1c2c34,1
2689,CC(=O)OO[N+](=O)[O-],CC(=O)OO[N+](=O)[O-],1
5219,ClP(=O)(N1CCOC1=O)N2CCOC2=O,O=C1OCCN1P(=O)(Cl)N1CCOC1=O,1
5985,CC(C)CCCC(C)C1CCC2C3CC=C4CC(CCC4(C)C3CCC12C)OC(=O)C,CC(=O)OC1CCC2(C)C(=CCC3C2CCC2(C)C(C(C)CCCC(C)C)CCC32)C1,0
1886,Fc1ccc(CCl)cc1,Fc1ccc(CCl)cc1,0
1253,ClCc1c2ccccc2c(Cl)c3ccccc13,ClCc1c2ccccc2c(Cl)c2ccccc12,1
1617,OC=O,O=CO,0
1849,CC(=O)C(=O)c1ccccc1,CC(=O)C(=O)c1ccccc1,0
2231,COc1ccc(cc1)C2=COc3cc(O)cc(O)c3C2=O,COc1ccc(-c2coc3cc(O)cc(O)c3c2=O)cc1,0
3428,CN1CC(=C[C@@H]2[C@H]1Cc3c[nH]c4cccc2c34)C,CC1=C[C@H]2c3cccc4[nH]cc(c34)C[C@H]2N(C)C1,1
6008,FC(Cl)C(F)(F)C(F)(F)Cl,FC(Cl)C(F)(F)C(F)(F)Cl,0
3705,CN(C)N=Nc1ccc(cc1)[N+](=O)[O-],CN(C)N=Nc1ccc([N+](=O)[O-])cc1,1
3674,CCCCCC(=O)O,CCCCCC(=O)O,0
4226,COc1ccc(C=O)cc1,COc1ccc(C=O)cc1,0
4777,COC(=O)C12Oc3ccc(c(O)c3C(=C1C(=O)CC(C)C2O)O)c4ccc5OC6(C(O)C(C)CC(=O)C6=C(O)c5c4O)C(=O)OC,COC(=O)C12Oc3ccc(-c4ccc5c(c4O)C(O)=C4C(=O)CC(C)C(O)C4(C(=O)OC)O5)c(O)c3C(O)=C1C(=O)CC(C)C2O,0
7270,C(=O)(O)c1ccccc1C1c2ccc(cc2Oc2cc(ccc12)N(CC)CC)N(CC)CC,CCN(CC)c1ccc2c(c1)Oc1cc(N(CC)CC)ccc1C2c1ccccc1C(=O)O,1
3351,Clc1ccc2NC(=O)CN=C(c3ccccc3)c2c1,O=C1CN=C(c2ccccc2)c2cc(Cl)ccc2N1,0
535,OC(=O)c1ccc(\C=N\n2nnc3c4ccccc4nc3c2O)cc1,O=C(O)c1ccc(/C=N/n2nnc3c4ccccc4nc-3c2O)cc1,1
1133,COP(=O)(OC)O\C(=C/Br)\c1ccc(Cl)cc1Cl,COP(=O)(OC)O/C(=C\Br)c1ccc(Cl)cc1Cl,0
2896,CC1(C)C2CCC3(CO3)C1C2,CC1(C)C2CCC3(CO3)C1C2,0
4617,[O-][N+](=O)c1ccc(Br)c(c1)[N+](=O)[O-],O=[N+]([O-])c1ccc(Br)c([N+](=O)[O-])c1,1
1531,Oc1ccc(cc1)C(=O)\C=C\c2ccccc2,O=C(/C=C/c1ccccc1)c1ccc(O)cc1,0
4437,c1cc2ccc3ccc4ccc5cccc6c(c1)c2c3c4c56,c1cc2ccc3ccc4ccc5cccc6c(c1)c2c3c4c56,1
2988,FC(F)(F)c1cccc(CN2C3C2c4ccccc4c5ccccc35)c1,FC(F)(F)c1cccc(CN2C3c4ccccc4-c4ccccc4C32)c1,1
5208,CC(O)CC(=O)Nc1ccc(O)cc1,CC(O)CC(=O)Nc1ccc(O)cc1,0
1185,CC(=O)c1cc(NC(=O)NC(C)(C)C)ccc1OCC(O)CNC(C)(C)C,CC(=O)c1cc(NC(=O)NC(C)(C)C)ccc1OCC(O)CNC(C)(C)C,0
1053,CC(C)COS(=O)(=O)c1ccc(C)cc1,Cc1ccc(S(=O)(=O)OCC(C)C)cc1,0
2196,Clc1cccc2ncccc12,Clc1cccc2ncccc12,1
3474,CC1CCCC2(C)CCCCC12O,CC1CCCC2(C)CCCCC12O,0
6508,CC(=C)C1CCC(=CC1)C,C=C(C)C1CC=C(C)CC1,0
2873,C[C@@H]1CCC(=C(C)C)C(=O)C1,CC(C)=C1CC[C@@H](C)CC1=O,0
6765,CCC12OC1(C(=O)NC2(C)O)C(=O)OC,CCC12OC1(C(=O)OC)C(=O)NC2(C)O,1
3355,ONc1ccc(cc1)N=Nc2ccccc2,ONc1ccc(N=Nc2ccccc2)cc1,1
1972,COC(=O)c1ccc(c2c(NCCCN(C)C)c3ccccc3nc12)[N+](=O)[O-],COC(=O)c1ccc([N+](=O)[O-])c2c(NCCCN(C)C)c3ccccc3nc12,1
5596,NC(=O)CI,NC(=O)CI,0
807,COc1cc(ccc1O)C(=O)C,COc1cc(C(C)=O)ccc1O,0
5271,Nc1cc(C(=O)O)c(O)c(c1)S(=O)(=O)O,Nc1cc(C(=O)O)c(O)c(S(=O)(=O)O)c1,0
3066,Cc1c2[C@H]3N[C@H]3c4ccccc4c2cc5ccccc15,Cc1c2c(cc3ccccc13)-c1ccccc1[C@@H]1N[C@H]21,1
4277,[O-][N+](=O)c1ccc(cc1)c2ccc(cc2[N+](=O)[O-])[N+](=O)[O-],O=[N+]([O-])c1ccc(-c2ccc([N+](=O)[O-])cc2[N+](=O)[O-])cc1,1
298,C1OCc2ccccc12,c1ccc2c(c1)COC2,1
1971,[O-][N+](=O)c1oc(\C=C/c2csc(NC=O)n2)cc1,O=CNc1nc(/C=C\c2ccc([N+](=O)[O-])o2)cs1,1
3754,CCNS(=O)(=O)c1ccc(C)cc1,CCNS(=O)(=O)c1ccc(C)cc1,0
839,OC1COC(NCCc2c[nH]c3ccccc23)C(O)C1O,OC1COC(NCCc2c[nH]c3ccccc23)C(O)C1O,1
7147,OS(=O)(=O)c1ccc(cc1)CCCCCCCCCCCC,CCCCCCCCCCCCc1ccc(S(=O)(=O)O)cc1,0
2347,CN(N=O)C(=O)NC1C(O)OC(CO)C(O)C1O,CN(N=O)C(=O)NC1C(O)OC(CO)C(O)C1O,1
6445,CCSCCC(N)C(=O)O,CCSCCC(N)C(=O)O,0
916,CCOC(=O)c1ccccc1N,CCOC(=O)c1ccccc1N,0
6984,COC(=O)C1=C(C)NC(=C(C1C2=C(C=CC=C2)[N+]([O-])=O)C(=O)OCC(C)=O)C,COC(=O)C1=C(C)NC(C)=C(C(=O)OCC(C)=O)C1c1ccccc1[N+](=O)[O-],0
630,Cc1nc2ccc(N)cc2nc1C,Cc1nc2ccc(N)cc2nc1C,1
3862,OC1C(Oc2cccc3c4ccc5cccc6ccc(cc23)c4c56)OC(C(O)C1O)C(=O)O,O=C(O)C1OC(Oc2cccc3c2cc2ccc4cccc5ccc3c2c45)C(O)C(O)C1O,0
5089,CN\C(=C\[N+](=O)[O-])\NCCSCc1oc(CN(C)C)cc1,CN/C(=C/[N+](=O)[O-])NCCSCc1ccc(CN(C)C)o1,0
1455,OC(=O)c1cc(O)c(O)c(O)c1,O=C(O)c1cc(O)c(O)c(O)c1,0
3200,c1ccc2nc3ccccc3cc2c1,c1ccc2nc3ccccc3cc2c1,1
2419,Cc1ccc2ncccc2c1,Cc1ccc2ncccc2c1,1
1552,CCOP(=S)(OCC)S[C@@H]1OCCO[C@H]1SP(=S)(OCC)OCC,CCOP(=S)(OCC)S[C@@H]1OCCO[C@H]1SP(=S)(OCC)OCC,1
2480,Cc1c[nH]cn1,Cc1c[nH]cn1,0
3319,OC(CN=N#N)CN=N#N,[N-]=[N+]=NCC(O)CN=[N+]=[N-],1
5853,Oc1ccc2c(c1)c3cc4ccccc4c5cc6ccccc6c2c35,Oc1ccc2c(c1)-c1cc3ccccc3c3cc4ccccc4c-2c13,1
4688,Oc1ccc(cc1)c2ccc(O)cc2,Oc1ccc(-c2ccc(O)cc2)cc1,0
556,CC(Br)C(=O)Nc1ccccc1,CC(Br)C(=O)Nc1ccccc1,1
3892,Oc1cc2C(=O)Oc3c(O)c(O)cc4C(=O)Oc(c1O)c2c34,O=c1oc2c(O)c(O)cc3c(=O)oc4c(O)c(O)cc1c4c23,0
1309,CN(N=O)C(=O)c1c(ncn1C)N(C)C(=O)OC(C)(C)C,CN(N=O)C(=O)c1c(N(C)C(=O)OC(C)(C)C)ncn1C,1
4696,O=Nc1ccc(Sc2ccccc2)cc1,O=Nc1ccc(Sc2ccccc2)cc1,1
1838,NC(=N)NN=C(\C=C/c1oc(cc1)[N+](=O)[O-])\C=C/c2oc(cc2)[N+](=O)[O-],N=C(N)NN=C(/C=C\c1ccc([N+](=O)[O-])o1)/C=C\c1ccc([N+](=O)[O-])o1,1
2343,OC1CCC(O)(CN(N=O)C(Cc2ccccc2)C(=O)O)C(O)C1O,O=NN(CC1(O)CCC(O)C(O)C1O)C(Cc1ccccc1)C(=O)O,0
4531,Cc1ccc(C)c(N)c1,Cc1ccc(C)c(N)c1,1
5013,CC(=O)Nc1ccc(Cc2ccc(NC(=O)C)c(Cl)c2)cc1Cl,CC(=O)Nc1ccc(Cc2ccc(NC(C)=O)c(Cl)c2)cc1Cl,1
6329,Cl\C=C/C[N+]12CN3CN(CN(C3)C1)C2,Cl/C=C\C[N+]12CN3CN(CN(C3)C1)C2,1
2265,C1O[C@H]1[C@H]2CO2,C1O[C@H]1[C@H]1CO1,1
3400,C1OCOCO1,C1OCOCO1,0
1539,ClCc1cnc(Cl)nc1Cl,ClCc1cnc(Cl)nc1Cl,1
281,COc1cc(c(O)c(c1)C(C)(C)C)c2cc(OC)cc(c2O)C(C)(C)C,COc1cc(-c2cc(OC)cc(C(C)(C)C)c2O)c(O)c(C(C)(C)C)c1,0
6167,CC(=C)OC(=O)C,C=C(C)OC(C)=O,0
3825,COc1ccc(C)cc1N,COc1ccc(C)cc1N,1
5163,CC(=O)C1(C)OC12C(=O)C=Cc3ccccc23,CC(=O)C1(C)OC12C(=O)C=Cc1ccccc12,0
1098,[O-][N+](=O)c1cc2cccc3c4CCCCc4c5cccc1c5c23,O=[N+]([O-])c1cc2cccc3c4c(c5cccc1c5c23)CCCC4,1
2634,Oc1cccc2ncccc12,Oc1cccc2ncccc12,1
3670,COCCc1ccc(OCC(O)CNC(C)C)cc1,COCCc1ccc(OCC(O)CNC(C)C)cc1,0
4925,CN(C)CCNC(=O)c1cccc2cc3ccccc3cc12,CN(C)CCNC(=O)c1cccc2cc3ccccc3cc12,1
5097,O=NN1CCSCC1,O=NN1CCSCC1,1
6127,NC(=O)OC1CO1,NC(=O)OC1CO1,1
1320,CNc1ccccc1C(=O)OC,CNc1ccccc1C(=O)OC,0
559,[O-][N+](=O)c1ccc2c(Cc3ccccc23)c1,O=[N+]([O-])c1ccc2c(c1)Cc1ccccc1-2,1
3148,Cc1ccc2c(ccc3c4ccccc4ccc23)c1,Cc1ccc2c(ccc3c4ccccc4ccc23)c1,1
5279,C1COCCN1,C1COCCN1,0
1803,CCCCN(CCC(=O)O)N=O,CCCCN(CCC(=O)O)N=O,1
3967,CCN(CC)c1ccccc1,CCN(CC)c1ccccc1,0
667,C1C2=C3C=CC=CC3=CC4=C5OC5=C(C24)c6ccccc16,C1=c2ccccc2=C2Cc3ccccc3C3=C4OC4=C1C32,1
3668,FC(F)(F)C(=O)C(F)(F)F,O=C(C(F)(F)F)C(F)(F)F,0
2357,COc1ccc2nc(N)sc2c1,COc1ccc2nc(N)sc2c1,1
2888,NC(=O)N,NC(N)=O,0
430,CN(N=O)c1ccccc1,CN(N=O)c1ccccc1,1
2069,Clc1cccc(Cl)c1Cl,Clc1cccc(Cl)c1Cl,0
4136,Nc1ccc(cc1Cl)[N+](=O)[O-],Nc1ccc([N+](=O)[O-])cc1Cl,1
3479,[O-][N+](=O)c1c2CCc3cccc4ccc(c5ccccc15)c2c34,O=[N+]([O-])c1c2c3c(ccc4cccc(c43)CC2)c2ccccc12,1
6,CCCCN(CC(O)C1=CC(=N#N)C(=O)C=C1)N=O,CCCCN(CC(O)C1=CC(=[N+]=[N-])C(=O)C=C1)N=O,1
2373,CCCOP(=S)(OCCC)OP(=S)(OCCC)OCCC,CCCOP(=S)(OCCC)OP(=S)(OCCC)OCCC,0
2024,C\C=N\N(C)C=O,C/C=N/N(C)C=O,0
766,CN1C=CN(CCOCC#C)C1\C=N\O,C#CCOCCN1C=CN(C)C1/C=N/O,0
2295,Oc1ccc(CC=C)cc1,C=CCc1ccc(O)cc1,0
4293,CCCCCCCCCC(=O)OCCN1CCN(CCCN2c3ccccc3Sc4ccc(cc24)C(F)(F)F)CC1,CCCCCCCCCC(=O)OCCN1CCN(CCCN2c3ccccc3Sc3ccc(C(F)(F)F)cc32)CC1,0
7197,N(=O)N1CC(C)N(N=O)CC1C,CC1CN(N=O)C(C)CN1N=O,1
3122,CC(C)NCC(O)COc1ccccc1OCC=C,C=CCOc1ccccc1OCC(O)CNC(C)C,0
2862,CC(=O)Nc1ccc(c2cc(c(N=Nc3ccc(N=Nc4ccc(cc4)S(=O)(=O)O)c5ccc(cc35)S(=O)(=O)O)c(O)c12)S(=O)(=O)O)S(=O)(=O)O,CC(=O)Nc1ccc(S(=O)(=O)O)c2cc(S(=O)(=O)O)c(N=Nc3ccc(N=Nc4ccc(S(=O)(=O)O)cc4)c4ccc(S(=O)(=O)O)cc34)c(O)c12,0
5381,COc1c(O)cc2CCN(C)C3Cc4ccccc4c1c23,COc1c(O)cc2c3c1-c1ccccc1CC3N(C)CC2,1
2920,CN(C)c1ccc(cc1)N=Nc2ccc(cc2)S(=O)(=O)O,CN(C)c1ccc(N=Nc2ccc(S(=O)(=O)O)cc2)cc1,0
1192,CN(CC(=O)C)N=O,CC(=O)CN(C)N=O,1
5898,CCn1c(N)nc2c3nc(C)cnc3ccc12,CCn1c(N)nc2c3nc(C)cnc3ccc21,1
444,CC(C)CCCC(C)C1CCC2C3CC4N(N5C(=O)c6ccccc6C5=O)C47CC(Cl)CCC7(C)C3CCC12C,CC(C)CCCC(C)C1CCC2C3CC4N(N5C(=O)c6ccccc6C5=O)C45CC(Cl)CCC5(C)C3CCC12C,0
3397,COC(COC(=O)N)C1=C(N2CC2)C(=O)C(=C(N3CC3)C1=O)C,COC(COC(N)=O)C1=C(N2CC2)C(=O)C(C)=C(N2CC2)C1=O,1
2640,O=C1C(=O)c2ccccc2c3ccccc13,O=C1C(=O)c2ccccc2-c2ccccc21,0
587,O=Nc1ccc(cc1)c2ccccc2,O=Nc1ccc(-c2ccccc2)cc1,1
837,C[C@@H]1CN(C[C@H](C)N1N=O)N=O,C[C@H]1CN(N=O)C[C@@H](C)N1N=O,1
5201,Cc1ccc(O)c(C)c1,Cc1ccc(O)c(C)c1,1
2483,NS(=O)(=O)c1cc2c(NC=NS2(=O)=O)cc1Cl,NS(=O)(=O)c1cc2c(cc1Cl)NC=NS2(=O)=O,0
1492,CC(=C)C(=O)OCCOC(=O)C(=C)C,C=C(C)C(=O)OCCOC(=O)C(=C)C,0
1979,CCCCCCCC(=O)\N=C\1/SN(C(=O)CCCCCCC)c2ccc(cc12)[N+](=O)[O-],CCCCCCCC(=O)/N=c1\sn(C(=O)CCCCCCC)c2ccc([N+](=O)[O-])cc12,1
6407,C[C@@H]1CCCC[C@H]1NC(=O)Nc2ccccc2,C[C@@H]1CCCC[C@H]1NC(=O)Nc1ccccc1,0
42,COC(=O)C12CC1(C=O)C(=CC3CC(C)(C)CC23)C=O,COC(=O)C12CC1(C=O)C(C=O)=CC1CC(C)(C)CC12,1
1102,Oc1c(Cl)cc(Cl)cc1NC(=O)c2c(O)c(Cl)cc(Cl)c2Cl,O=C(Nc1cc(Cl)cc(Cl)c1O)c1c(O)c(Cl)cc(Cl)c1Cl,0
472,COc1ccc(cc1)C(=C(CCC(=O)O)C#N)c2ccc(OC)cc2,COc1ccc(C(=C(C#N)CCC(=O)O)c2ccc(OC)cc2)cc1,0
4182,Clc1ccc(cc1)S(=O)(=O)c2cc(Cl)c(Cl)cc2Cl,O=S(=O)(c1ccc(Cl)cc1)c1cc(Cl)c(Cl)cc1Cl,0
5803,CCN(CC)c1ccc2C=C(C(=O)Oc2c1)c3nc4ccccc4n3C,CCN(CC)c1ccc2cc(-c3nc4ccccc4n3C)c(=O)oc2c1,0
6235,C(Oc1cccc2ccccc12)C3CO3,c1ccc2c(OCC3CO3)cccc2c1,1
1980,Nc1ccc(Oc2ccc(cc2)[N+](=O)[O-])cc1,Nc1ccc(Oc2ccc([N+](=O)[O-])cc2)cc1,1
291,COc1cc(CC2CO2)ccc1O,COc1cc(CC2CO2)ccc1O,1
7214,CC1CCc2c1c(C)c(C)c1c2ccc2ccccc12,Cc1c2c(c3ccc4ccccc4c3c1C)CCC2C,1
5359,COc1cc(c2ncccc2c1)[N+](=O)[O-],COc1cc([N+](=O)[O-])c2ncccc2c1,1
537,Nc1cccc(c1)c2ccccc2,Nc1cccc(-c2ccccc2)c1,1
6111,OC1CC=Cc2c1cc3ccc4cccc5ccc2c3c45,OC1CC=Cc2c1cc1ccc3cccc4ccc2c1c34,1
2724,OC(=O)CCCc1ccc(cc1)N(CCCl)CCCl,O=C(O)CCCc1ccc(N(CCCl)CCCl)cc1,1
2853,CC(=O)N(Cl)c1ccc2c(Cc3ccccc23)c1,CC(=O)N(Cl)c1ccc2c(c1)Cc1ccccc1-2,1
1839,ClC1=C(Cl)[C@@]2(Cl)[C@H]3COS(=O)OC[C@@H]3[C@]1(Cl)C2(Cl)Cl,O=S1OC[C@H]2[C@H](CO1)[C@@]1(Cl)C(Cl)=C(Cl)[C@]2(Cl)C1(Cl)Cl,0
5087,C1CCc2c(C1)cc3c4ccccc4cc5c6ccccc6c2c35,c1ccc2c(c1)-c1cc3ccccc3c3cc4c(c-2c13)CCCC4,1
357,CN(C)CCNC(=O)c1cccc2nc(oc12)c3ccccc3,CN(C)CCNC(=O)c1cccc2nc(-c3ccccc3)oc12,0
4170,CS(=O)(=O)C,CS(C)(=O)=O,0
1326,COc1nsc2c(OCC3CO3)cccc12,COc1nsc2c(OCC3CO3)cccc12,1
7262,C1(CO)CCC(O1)n1ccc(=N)[nH]c1=O,N=c1ccn(C2CCC(CO)O2)c(=O)[nH]1,1
5656,Oc1c(Cl)c(Cl)cc(Cl)c1Cl,Oc1c(Cl)c(Cl)cc(Cl)c1Cl,0
360,CC(=O)OC[C@H](O)CO,CC(=O)OC[C@H](O)CO,1
6802,COC(=O)C12OC1(C)C(OC2=O)C(C)C,COC(=O)C12OC1(C)C(C(C)C)OC2=O,1
3299,NNc1nncc2ccncc12,NNc1nncc2ccncc12,1
6685,ClC(Cl)(Cl)C1CO1,ClC(Cl)(Cl)C1CO1,1
4917,OC1C=CC2OC2C1O,OC1C=CC2OC2C1O,1
5292,CCNC(=N)N(N=O)[N+](=O)[O-],CCNC(=N)N(N=O)[N+](=O)[O-],1
6582,CC(C)NCC2CCC1=C(C=C(C(=C1)CO)[N+]([O-])=O)N2,CC(C)NCC1CCc2cc(CO)c([N+](=O)[O-])cc2N1,1
626,Cc1c(\C=N\OCc2cccc(c2)[N+](=O)[O-])c3cc(ccc3n1Cc4ccccc4)[N+](=O)[O-],Cc1c(/C=N/OCc2cccc([N+](=O)[O-])c2)c2cc([N+](=O)[O-])ccc2n1Cc1ccccc1,1
2608,Oc1ccc(cc1[N+](=O)[O-])c2cccc(c2O)[N+](=O)[O-],O=[N+]([O-])c1cc(-c2cccc([N+](=O)[O-])c2O)ccc1O,0
5646,CCN(CC)c1ccc(N)cc1,CCN(CC)c1ccc(N)cc1,1
4427,O=C(C(=O)c1ccccc1)c2ccccc2,O=C(C(=O)c1ccccc1)c1ccccc1,0
6575,OC4C=CC3=C2C=CC1=CC=CC=C1C2=CC=C3C4O,OC1C=Cc2c(ccc3c2ccc2ccccc23)C1O,1
6173,COc1ccc(N(CCCl)CCCl)c2oc(cc12)[N+](=O)[O-],COc1ccc(N(CCCl)CCCl)c2oc([N+](=O)[O-])cc12,1
6181,CC(C)NCC(O)COc1cccc2CC(O)COc12,CC(C)NCC(O)COc1cccc2c1OCC(O)C2,0
3819,OC1C2OC2c3c(ccc4ccc5c6ccccc6ccc5c34)C1O,OC1c2ccc3ccc4c5ccccc5ccc4c3c2C2OC2C1O,1
6097,CCOC(=O)C1=C(C)N=C(C)C(=C(O)OCC2COC3(CCCC3)O2)C1c4cccc(Cl)c4,CCOC(=O)C1=C(C)N=C(C)C(=C(O)OCC2COC3(CCCC3)O2)C1c1cccc(Cl)c1,0
1610,[O-][N+](=O)c1ccc2c(c1)C(=O)c3cc(cc(c23)[N+](=O)[O-])[N+](=O)[O-],O=C1c2cc([N+](=O)[O-])ccc2-c2c1cc([N+](=O)[O-])cc2[N+](=O)[O-],1
934,COc1nsc2c(N)cccc12,COc1nsc2c(N)cccc12,1
3781,Cc1cnc2c(n1)c(C)c(C)c3c2nc(N)n3C,Cc1cnc2c(n1)c(C)c(C)c1c2nc(N)n1C,1
4387,CCOC(=O)C(O)(c1ccc(Cl)cc1)c2ccc(Cl)cc2,CCOC(=O)C(O)(c1ccc(Cl)cc1)c1ccc(Cl)cc1,0
5518,Cc1ccc(cc1)N(N=O)C2OCC(O)C(O)C2O,Cc1ccc(N(N=O)C2OCC(O)C(O)C2O)cc1,1
4388,CCOC(=O)C(C#N)c1snc2c(cccc12)[N+](=O)[O-],CCOC(=O)C(C#N)c1snc2c([N+](=O)[O-])cccc12,1
6624,CCCNN=O,CCCNN=O,1
4902,CCCCCN(N=O)C(=N)N[N+](=O)[O-],CCCCCN(N=O)C(=N)N[N+](=O)[O-],1
4920,CC12CCC3C(CCC4CC(CCC34C)OC(=O)\C=C\c5cccc(c5)N(CCCl)CCCl)C1CCC(=O)N2,CC12CCC3C(CCC4CC(OC(=O)/C=C/c5cccc(N(CCCl)CCCl)c5)CCC43C)C1CCC(=O)N2,1
2459,Nc1ccc(cc1)c2cc(Cl)c(N)c(Cl)c2,Nc1ccc(-c2cc(Cl)c(N)c(Cl)c2)cc1,1
1189,CC(C)(Oc1ccc(cc1)[C@H]2CCCc3ccccc23)C(=O)O,CC(C)(Oc1ccc([C@H]2CCCc3ccccc32)cc1)C(=O)O,0
3558,c1ccc2c(c1)c3cccc4cc5ccccc5c2c34,c1ccc2c(c1)-c1cccc3cc4ccccc4c-2c13,1
5308,CCN(CC)CCNc1ccc2ncn3c4ccc(O)cc4C(=O)c1c23,CCN(CC)CCNc1ccc2ncn3c4ccc(O)cc4c(=O)c1c23,1
6693,NC(CCC(=O)NC(CSN=O)C(=O)NCC(O)=O)C(O)=O,NC(CCC(=O)NC(CSN=O)C(=O)NCC(=O)O)C(=O)O,1
1143,Cc1ccc2[nH]c3c(C)ccc(C)c3c2c1,Cc1ccc2[nH]c3c(C)ccc(C)c3c2c1,1
4311,CCN(C)N=O,CCN(C)N=O,1
2507,OC(c1ccc(Cl)cc1)(c2ccc(Cl)cc2)C(Cl)(Cl)Cl,OC(c1ccc(Cl)cc1)(c1ccc(Cl)cc1)C(Cl)(Cl)Cl,0
4616,CN(C)c1ccc(Cc2ccc(cc2)N(C)C)cc1,CN(C)c1ccc(Cc2ccc(N(C)C)cc2)cc1,1
4631,OC(=O)CBr,O=C(O)CBr,1
1912,Oc1ccc(Cl)c2C(=O)c3c(O)ccc(Cl)c3C(=O)c12,O=C1c2c(O)ccc(Cl)c2C(=O)c2c(O)ccc(Cl)c21,1
1580,Oc1c(Br)cc2c(Oc3c(Br)c(O)c(Br)cc3C24OS(=O)(=O)c5ccccc45)c1Br,O=S1(=O)OC2(c3ccccc31)c1cc(Br)c(O)c(Br)c1Oc1c2cc(Br)c(O)c1Br,1
2510,COc1cc(Cl)c(OC)cc1Cl,COc1cc(Cl)c(OC)cc1Cl,1
4197,Cn1c2ccccc2c3cc(ccc13)[N+](=O)[O-],Cn1c2ccccc2c2cc([N+](=O)[O-])ccc21,1
1328,OC1C=Cc2ccc3cc4c(ccc5ccccc45)cc3c2C1O,OC1C=Cc2ccc3cc4c(ccc5ccccc54)cc3c2C1O,1
3724,OC1=C(Oc2cc(O)cc(O)c2C1=O)c3ccccc3,O=c1c(O)c(-c2ccccc2)oc2cc(O)cc(O)c12,0
2731,[O-][N+](=O)c1ccccc1SS\C(=C(/Cl)\C(F)(F)F)\Cl,O=[N+]([O-])c1ccccc1SS/C(Cl)=C(\Cl)C(F)(F)F,1
4967,CCCC[C@@H](CC)COCCCN,CCCC[C@@H](CC)COCCCN,0
5272,CC(C)(c1ccc(O)cc1)c2ccc(O)cc2,CC(C)(c1ccc(O)cc1)c1ccc(O)cc1,0
712,N[C@H](CCC(=O)N[C@H](CSc1ccc(cc1[N+](=O)[O-])[N+](=O)[O-])C(=O)NCC(=O)O)C(=O)O,N[C@H](CCC(=O)N[C@H](CSc1ccc([N+](=O)[O-])cc1[N+](=O)[O-])C(=O)NCC(=O)O)C(=O)O,1
2999,C[N+]1=CC=C(CC1)c2ccccc2,C[N+]1=CC=C(c2ccccc2)CC1,1
7112,CC2(C)C1CCC(C1)C2=C,C=C1C2CCC(C2)C1(C)C,0
418,CC(=O)c1ccc2ccccc2c1,CC(=O)c1ccc2ccccc2c1,0
4964,CC1CN(CCN1)c2cc3N(C=C(C(=O)O)C(=O)c3c(C)c2F)C4CC4,Cc1c(F)c(N2CCNC(C)C2)cc2c1c(=O)c(C(=O)O)cn2C1CC1,0
4682,[O-][N+](=O)c1ccc2ccc3c4ccccc4nc5ccc1c2c35,O=[N+]([O-])c1ccc2ccc3c4ccccc4nc4ccc1c2c43,1
649,CC(=O)Nc1ccc(cc1)S(=O)(=O)Cl,CC(=O)Nc1ccc(S(=O)(=O)Cl)cc1,0
615,Nc1nc2ccccc2s1,Nc1nc2ccccc2s1,0
5110,CC[N+](=C1C=CC2=Nc3c(OC2=C1)cc(N)c4ccccc34)CC,CC[N+](CC)=c1ccc2nc3c(cc(N)c4ccccc43)oc-2c1,1
1178,CC(=O)N(O)c1ccc(C)cc1,CC(=O)N(O)c1ccc(C)cc1,0
1448,CCCCCCCCCCCCCCCC(=O)OCC1(O)CC23CCC4c5ccoc5C=CC4(C)C2CCC1C3,CCCCCCCCCCCCCCCC(=O)OCC1(O)CC23CCC4c5ccoc5C=CC4(C)C2CCC1C3,0
1246,Brc1c2ccccc2cc3c1ccc4ccccc34,Brc1c2ccccc2cc2c1ccc1ccccc12,1
492,Nc1cc(ccc1c2ccc(cc2)[N+](=O)[O-])[N+](=O)[O-],Nc1cc([N+](=O)[O-])ccc1-c1ccc([N+](=O)[O-])cc1,1
355,CN(C)CCCN1C=CN(C)C1\C=N\O,CN(C)CCCN1C=CN(C)C1/C=N/O,0
1282,OC(=O)C(=C)Br,C=C(Br)C(=O)O,0
4003,Nc1nc(O)nc2c1ncn2C3CC(O)C(CO)O3,Nc1nc(O)nc2c1ncn2C1CC(O)C(CO)O1,0
953,Cc1ccc(cc1)C(=O)c2cc(O)c(O)c(c2)[N+](=O)[O-],Cc1ccc(C(=O)c2cc(O)c(O)c([N+](=O)[O-])c2)cc1,0
5825,CCCC1(O)CCC2C3CCC4CC(=O)CC(C)C4(C)C3CCC12C,CCCC1(O)CCC2C3CCC4CC(=O)CC(C)C4(C)C3CCC21C,0
2300,OCCO,OCCO,0
5252,Cc1ccc2nc3c4ccccc4C(O)C(O)c3c(C)c2c1,Cc1ccc2nc3c(c(C)c2c1)C(O)C(O)c1ccccc1-3,0
6040,Cn1c(N)nc2c3ccncc3ccc12,Cn1c(N)nc2c3ccncc3ccc21,1
5602,CC1(C)C[C@H]2C=C(CO)[C@]3(C[C@@]3(C)[C@@H]2C1)C=O,CC1(C)C[C@H]2C=C(CO)[C@@]3(C=O)C[C@@]3(C)[C@@H]2C1,1
4040,ClC(=C1CC(=O)NC1=O)Cl,O=C1CC(=C(Cl)Cl)C(=O)N1,1
6517,CC(=O)C(N=Nc1ccc(cc1Cl)c2ccc(N=NC(C(=O)C)C(=O)Nc3ccccc3)c(Cl)c2)C(=O)Nc4ccccc4,CC(=O)C(N=Nc1ccc(-c2ccc(N=NC(C(C)=O)C(=O)Nc3ccccc3)c(Cl)c2)cc1Cl)C(=O)Nc1ccccc1,0
2945,SCCc1cnccn1,SCCc1cnccn1,0
5113,CCOC(=O)C(C)(C)Oc1ccc(Cl)cc1,CCOC(=O)C(C)(C)Oc1ccc(Cl)cc1,0
3693,CNP1(NC)NP(NC)(NC)NP(NC)(NC)N1,CN[PH]1(NC)N[PH](NC)(NC)N[PH](NC)(NC)N1,0
5203,NCCCCCCCCCCC(=O)O,NCCCCCCCCCCC(=O)O,0
3361,NC(CCC(=O)Nc1ccc(cc1)[N+](=O)[O-])C(=O)O,NC(CCC(=O)Nc1ccc([N+](=O)[O-])cc1)C(=O)O,0
4236,C(Oc1nsc2ccccc12)C3CO3,c1ccc2c(OCC3CO3)nsc2c1,1
6370,CC(=O)OC1(CCC2C3C=C(Cl)C4=CC(=O)C5CC5C4(C)C3CCC12C)C(=O)C,CC(=O)OC1(C(C)=O)CCC2C3C=C(Cl)C4=CC(=O)C5CC5C4(C)C3CCC21C,0
2353,Cl\C=C(\Cl)/SCc1ccccc1,Cl/C=C(/Cl)SCc1ccccc1,1
4764,OC1C=Cc2c(ccc3cc4c5C=CC(O)C(O)c5ccc4cc23)C1O,OC1C=Cc2c(ccc3cc4c5c(ccc4cc23)C(O)C(O)C=C5)C1O,0
806,ClCc1c2ccccc2cc3c1ccc4ccccc34,ClCc1c2ccccc2cc2c1ccc1ccccc12,1
6880,CCC(C)ON=O,CCC(C)ON=O,1
6822,COC1=C(C=CC(=C1)NS(C)(=O)=O)NC3=C2C=CC=C(C2=NC4=CC(=CC=C34)N=[N+]=[N-])C,COc1cc(NS(C)(=O)=O)ccc1Nc1c2ccc(N=[N+]=[N-])cc2nc2c(C)cccc12,1
6302,Oc1cccc2c1ccc3c4C=Cc5cccc(cc23)c45,Oc1cccc2c1ccc1c3c4c(cccc4cc12)C=C3,1
711,CCCNCCC,CCCNCCC,0
36,[O-][N+](=O)c1ccc2c(c1)c3cccc4cccc2c34,O=[N+]([O-])c1ccc2c(c1)-c1cccc3cccc-2c13,1
3211,[O-][N+](=O)c1ccc(cc1)c2ccccc2,O=[N+]([O-])c1ccc(-c2ccccc2)cc1,1
621,BrCCOC(=O)C(=O)OCCBr,O=C(OCCBr)C(=O)OCCBr,1
7087,CC(=O)OC3(CCC4C2CC(=C1CC(=O)CCC1(C)C2CCC34C)C)C(C)=O,CC(=O)OC1(C(C)=O)CCC2C3CC(C)=C4CC(=O)CCC4(C)C3CCC21C,0
4718,ClCCN[P@]1(=O)OCCCN1CCCl,O=[P@@]1(NCCCl)OCCCN1CCCl,1
4516,CC[C@H](CO)NCCN[C@H](CC)CO,CC[C@H](CO)NCCN[C@H](CC)CO,0
3320,COCCN(CCOC)c1cc(NC(=O)C)c(cc1OC)n2nc3c(Br)cc(N)c(Cl)c3n2,COCCN(CCOC)c1cc(NC(C)=O)c(-n2nc3c(Br)cc(N)c(Cl)c3n2)cc1OC,1
6414,ClCc1cccc2c3cccc4cccc(c12)c34,ClCc1cccc2c1-c1cccc3cccc-2c13,1
1582,Nc1ncnc2c1ncn2C(c3ccccc3)c4ccccc4,Nc1ncnc2c1ncn2C(c1ccccc1)c1ccccc1,1
6679,COCC(O)C[N]1C=C(N=C1Cl)[N+]([O-])=O,COCC(O)Cn1cc([N+](=O)[O-])nc1Cl,1
4995,[O-][N+](=O)c1cc2CCc3cc(cc4CCc(c1)c2c34)[N+](=O)[O-],O=[N+]([O-])c1cc2c3c(c1)CCc1cc([N+](=O)[O-])cc(c1-3)CC2,1
764,CCN(CC)CCn1nc2c3ccc(Cl)cc3Sc4c(CO)ccc1c24,CCN(CC)CCn1nc2c3c(c(CO)ccc31)Sc1cc(Cl)ccc1-2,1
5632,CC12CCC(=O)C=C1C3CC3C4C2CCC5(C)C4C6CC6C57CCC(=O)O7,CC12CCC(=O)C=C1C1CC1C1C2CCC2(C)C1C1CC1C21CCC(=O)O1,0
3464,CC(=O)OC12CCC3[C@](CCC4[C@@]3(C)CCC[C@@]4(C)C(=O)O)(CC1=C)C2,C=C1C[C@@]23CCC4[C@@](C)(CCC[C@@]4(C)C(=O)O)C2CCC1(OC(C)=O)C3,0
5636,Oc1c2ccccc2nc3ccc4OCCOc4c13,Oc1c2ccccc2nc2ccc3c(c12)OCCO3,1
4035,[O-][N+](=O)c1csc(c1)c2csc(NC=O)n2,O=CNc1nc(-c2cc([N+](=O)[O-])cs2)cs1,1
4527,COc1cc(OC)c2cc(c3c(cc4OCOc4c3c2c1)C(=O)O)[N+](=O)[O-],COc1cc(OC)c2cc([N+](=O)[O-])c3c(C(=O)O)cc4c(c3c2c1)OCO4,0
6804,N1C4C1C3=C(C2=CC=CC=C2C=C3)C5=C4C=CC=C5,c1ccc2c(c1)-c1c(ccc3ccccc13)C1NC21,1
2803,CCC[C@@H](C)C[C@H](OC(=O)C[C@@H](CC(=O)O)C(=O)O)[C@H](C[C@H](C)C[C@H](O)CCCC[C@H](O)C[C@H](O)[C@H](C)N)OC(=O)C[C@@H](CC(=O)O)C(=O)O,CCC[C@@H](C)C[C@H](OC(=O)C[C@@H](CC(=O)O)C(=O)O)[C@H](C[C@H](C)C[C@H](O)CCCC[C@H](O)C[C@H](O)[C@H](C)N)OC(=O)C[C@@H](CC(=O)O)C(=O)O,0
1465,CN(C)c1ccc(cc1)c2ccc(cc2)N(C)C,CN(C)c1ccc(-c2ccc(N(C)C)cc2)cc1,0
3905,CC(C)COC(=O)C(=C)C,C=C(C)C(=O)OCC(C)C,0
442,CC(=O)Nc1ccc(OC(=O)c2ccccc2OC(=O)C)cc1,CC(=O)Nc1ccc(OC(=O)c2ccccc2OC(C)=O)cc1,0
3032,Cc1cc2c3ccccc3[nH]c2nc1NO,Cc1cc2c(nc1NO)[nH]c1ccccc12,1
2234,Oc1ccc(O)cc1,Oc1ccc(O)cc1,0
2527,OS(=O)(=O)c1ccc(cc1)[N+](=O)[O-],O=[N+]([O-])c1ccc(S(=O)(=O)O)cc1,0
1276,Oc1ccc2cc3c4ccccc4c5ccccc5c3cc2c1,Oc1ccc2cc3c4ccccc4c4ccccc4c3cc2c1,1
2651,Nc1cccc2c1ccc3ccccc23,Nc1cccc2c1ccc1ccccc12,1
5793,Cn1c(N)nc2c3ccc(O)nc3ccc12,Cn1c(N)nc2c3ccc(O)nc3ccc21,1
4810,[O-][N+](=O)c1ccc(OC=C)cc1,C=COc1ccc([N+](=O)[O-])cc1,1
4611,[O-][N+](=O)c1ccc(\C=C\c2ccc(Cl)cc2)cc1,O=[N+]([O-])c1ccc(/C=C/c2ccc(Cl)cc2)cc1,1
2499,C=CC=C,C=CC=C,1
7067,CCCCCC(CC)OC(=O)C1=CC(=CC=C1)C(=O)OC(CC)CCCCC,CCCCCC(CC)OC(=O)c1cccc(C(=O)OC(CC)CCCCC)c1,0
6091,COc1cc(cc(OC)c1OC)C2C3C(COC3=O)C(O)c4cc5OCOc5cc24,COc1cc(C2c3cc4c(cc3C(O)C3COC(=O)C23)OCO4)cc(OC)c1OC,0
4318,FC(F)(F)c1cccc(Cl)c1,FC(F)(F)c1cccc(Cl)c1,0
5439,O=C1OCC=C1,O=C1C=CCO1,0
962,CC(Br)C(=O)N(C)Cc1ccccc1,CC(Br)C(=O)N(C)Cc1ccccc1,0
68,Clc1ccc(cc1Cl)c2ccc(Cl)c(Cl)c2Cl,Clc1ccc(-c2ccc(Cl)c(Cl)c2Cl)cc1Cl,0
6606,C1=CN=C(C=C1)C2=NC=CC=C2,c1ccc(-c2ccccn2)nc1,1
6855,CCN(CC)CCCC(C)NC2=C1C=C(C=CC1=NC3=CC(=CC=C23)Cl)OC,CCN(CC)CCCC(C)Nc1c2ccc(Cl)cc2nc2ccc(OC)cc12,1
6082,CCCCC(CC)COC(=O)c1ccc(cc1)C(=O)O,CCCCC(CC)COC(=O)c1ccc(C(=O)O)cc1,0
4264,OCCN(CC(=O)O)N=O,O=NN(CCO)CC(=O)O,1
21,Cc1ccc2ccc3ccc(C)cc3c2c1,Cc1ccc2ccc3ccc(C)cc3c2c1,1
728,OC(=O)c1ccc(cc1)C(=O)O,O=C(O)c1ccc(C(=O)O)cc1,0
4220,Oc1ccc(cc1)C2=CC(=O)c3c(O)cc(O)cc3O2,O=c1cc(-c2ccc(O)cc2)oc2cc(O)cc(O)c12,0
4595,COc1cc(O)c2c(O)c3C(=O)OC(=Cc3c(OC)c2c1)C,COc1cc(O)c2c(O)c3c(=O)oc(C)cc3c(OC)c2c1,1
6586,OC(=O)C1=CC=C(C=C1)NC3=C2C=CC(=CC2=NC4=CC=CC=C34)N=[N+]=[N-],[N-]=[N+]=Nc1ccc2c(Nc3ccc(C(=O)O)cc3)c3ccccc3nc2c1,1
2048,Cc1cccc2C3OC3c4cc5ccccc5cc4c12,Cc1cccc2c1-c1cc3ccccc3cc1C1OC21,1
2760,COc1cc(cc(OC)c1O)C(=O)C,COc1cc(C(C)=O)cc(OC)c1O,0
5047,CC(=O)c1ccc(cc1)N=O,CC(=O)c1ccc(N=O)cc1,1
6488,CC12CC(O)C3C(CCC4=CC(=O)C=CC34C)C2CCC1(O)C(=O)CO,CC12C=CC(=O)C=C1CCC1C2C(O)CC2(C)C1CCC2(O)C(=O)CO,0
6901,O=CC2=C1C=CC=CC1=CC3=CC=CC=C23,O=Cc1c2ccccc2cc2ccccc12,0
6531,O=CC1CO1,O=CC1CO1,1
4729,CC(=O)CCC1C2CC3C(CC12C)OC(=O)C3=C,C=C1C(=O)OC2CC3(C)C(CCC(C)=O)C3CC12,0
2551,Oc1c(cc(c2ccc(cc12)S(=O)(=O)O)[N+](=O)[O-])[N+](=O)[O-],O=[N+]([O-])c1cc([N+](=O)[O-])c2ccc(S(=O)(=O)O)cc2c1O,1
2437,O=C(Nc1ccccc1)C2CO2,O=C(Nc1ccccc1)C1CO1,1
5722,O1[C@@H]2[C@H]1c3cccc4ccc5cc6ccccc6c2c5c34,c1ccc2c3c4c(ccc5cccc(c54)[C@H]4O[C@@H]34)cc2c1,1
1664,C1CSCCS1,C1CSCCS1,1
2147,[O-][N+](=O)c1oc(C=C(C#N)C#N)cc1,N#CC(C#N)=Cc1ccc([N+](=O)[O-])o1,1
6605,OCC(Cl)CCl,OCC(Cl)CCl,1
5284,Oc1cc2C[C@@]3(O)COc4c(O)c(O)ccc4[C@@H]3c2cc1O,Oc1cc2c(cc1O)[C@H]1c3ccc(O)c(O)c3OC[C@]1(O)C2,0
6100,CCCCOC(=O)CC(CC(=O)OCCCC)(OC(=O)C)C(=O)OCCCC,CCCCOC(=O)CC(CC(=O)OCCCC)(OC(C)=O)C(=O)OCCCC,0
6408,Clc1cccc2c1oc3ccccc23,Clc1cccc2c1oc1ccccc12,0
4704,COc1c(OCC2OC2(C)C)ccc3c(OC)c4ccoc4nc13,COc1c2ccoc2nc2c(OC)c(OCC3OC3(C)C)ccc12,0
5919,CCNc1cc2OC(=O)C=C(C)c2cc1C,CCNc1cc2oc(=O)cc(C)c2cc1C,0
2157,COc1ccc(Nc2ccc(OC)cc2)cc1,COc1ccc(Nc2ccc(OC)cc2)cc1,0
4940,CC(C)(C)c1ccc(cc1)c2ccc(cc2)N=O,CC(C)(C)c1ccc(-c2ccc(N=O)cc2)cc1,1
2410,CC12OC1C3CCCCC3c4ccccc24,CC12OC1C1CCCCC1c1ccccc12,0
4249,Oc1c2nc3ccccc3c2nnn1\N=C\c4ccc(cc4)c5ccccc5,Oc1c2nc3ccccc3c-2nnn1/N=C/c1ccc(-c2ccccc2)cc1,0
2287,CN(C)c1ccc(cc1)N=Nc2ccc(OC3OC(CO)C(O)C(O)C3O)cc2,CN(C)c1ccc(N=Nc2ccc(OC3OC(CO)C(O)C(O)C3O)cc2)cc1,0
607,CC1(C)CCC2(CCC3(C)C(=CCC4C5(C)CC(O)C(O)C(C)(C5CCC34C)C(=O)O)C2C1)C(=O)O,CC1(C)CCC2(C(=O)O)CCC3(C)C(=CCC4C5(C)CC(O)C(O)C(C)(C(=O)O)C5CCC43C)C2C1,0
1513,O1c2c1c3cc4ccccc4cc3c5ccccc25,c1ccc2cc3c(cc2c1)c1c(c2ccccc23)O1,1
500,CCNS(=O)(=O)c1ccccc1C,CCNS(=O)(=O)c1ccccc1C,1
7086,CC34CCC1C(CC=C2CC(=O)CCC12)C3CCC4(O)C#C,C#CC1(O)CCC2C3CC=C4CC(=O)CCC4C3CCC21C,0
4108,CCCCCCCCCCCCCCCCCCCCCCCCCCCCO,CCCCCCCCCCCCCCCCCCCCCCCCCCCCO,0
2041,ClCN1C(=O)c2ccccc2C1=O,O=C1c2ccccc2C(=O)N1CCl,1
857,COc1c(Cl)ccc(Cl)c1C(=O)O,COc1c(Cl)ccc(Cl)c1C(=O)O,0
959,Nc1ccc(cc1)S(=O)(=O)Nc2nccs2,Nc1ccc(S(=O)(=O)Nc2nccs2)cc1,0
1400,Cc1cc(O)c2C(=O)c3c(O)cc(O)cc3C(=O)c2c1O,Cc1cc(O)c2c(c1O)C(=O)c1cc(O)cc(O)c1C2=O,1
1155,Cc1cc2c(O)cccc2c3cc4C(O)C(O)C=Cc4cc13,Cc1cc2c(O)cccc2c2cc3c(cc12)C=CC(O)C3O,1
5394,OCc1ccc2c(CO)c3ccc4ccccc4c3nc2c1,OCc1ccc2c(CO)c3ccc4ccccc4c3nc2c1,0
5937,CN1C(=O)C23CC4=CC=CC(O)C4N2C(=O)C1(CO)SS3,CN1C(=O)C23CC4=CC=CC(O)C4N2C(=O)C1(CO)SS3,0
2230,O=C1Oc2c(C=C1)ccc3occc23,O=c1ccc2ccc3occc3c2o1,0
3919,CCc1ccc2C(=O)c3ccccc3C(=O)c2c1[N+](=O)[O-],CCc1ccc2c(c1[N+](=O)[O-])C(=O)c1ccccc1C2=O,1
2819,Cc1ccccc1Cl,Cc1ccccc1Cl,0
201,CCCNC(=O)\C=C\c1oc(cc1)[N+](=O)[O-],CCCNC(=O)/C=C/c1ccc([N+](=O)[O-])o1,1
6975,CC5=C2C1=CC=CC=C1C=CC2=C4C3OC3C(C(C4=C5)O)O,Cc1cc2c(c3ccc4ccccc4c13)C1OC1C(O)C2O,0
3701,CCCCN(CCC(=O)OC)N=O,CCCCN(CCC(=O)OC)N=O,1
2197,C[C@@H](O)CN(CC(=O)C)N=O,CC(=O)CN(C[C@@H](C)O)N=O,1
6879,NC(=O)CC1CO1,NC(=O)CC1CO1,1
395,CCCCCC(=O)N,CCCCCC(N)=O,0
5348,COc1ccc(cc1)c2nc(c3ccc(OC)cc3)c([nH]2)c4ccc(OC)cc4,COc1ccc(-c2nc(-c3ccc(OC)cc3)c(-c3ccc(OC)cc3)[nH]2)cc1,1
6301,COc1ccc(CNC(=O)C(C)Br)cc1OC,COc1ccc(CNC(=O)C(C)Br)cc1OC,1
1379,Cc1cccc2nc(O)c(O)nc12,Cc1cccc2nc(O)c(O)nc12,1
1372,Nc1cc(cc(c1O)S(=O)(=O)O)[N+](=O)[O-],Nc1cc([N+](=O)[O-])cc(S(=O)(=O)O)c1O,0
2636,CN(C)CCNC(=O)c1cccc2cc(oc12)c3ccccc3,CN(C)CCNC(=O)c1cccc2cc(-c3ccccc3)oc12,1
4394,Cn1c(N)nc2cc3ccccc3cc12,Cn1c(N)nc2cc3ccccc3cc21,1
5341,CCN1C=C(C(=O)O)C(=O)c2ccc(C)nc12,CCn1cc(C(=O)O)c(=O)c2ccc(C)nc21,0
1844,Cc1cc(C)cc(N)c1,Cc1cc(C)cc(N)c1,1
5438,C1CS1,C1CS1,1
1312,Cc1ccc2cc3c(ccc4ccccc34)c5[C@@H](O)Cc1c25,Cc1ccc2cc3c(ccc4ccccc43)c3c2c1C[C@@H]3O,1
265,CC(C)CCCC(C)CCCC(C)CCCC1(C)CCc2c(C)c(OC(=O)C)c(C)c(C)c2O1,CC(=O)Oc1c(C)c(C)c2c(c1C)CCC(C)(CCCC(C)CCCC(C)CCCC(C)C)O2,0
994,[O-][N+](=O)c1ccccc1CCl,O=[N+]([O-])c1ccccc1CCl,1
5685,Nc1nc(\C=C/c2oc(cc2)[N+](=O)[O-])cs1,Nc1nc(/C=C\c2ccc([N+](=O)[O-])o2)cs1,1
6839,COC(=O)NN=CC2=[N+](C1=CC=CC=C1[N+](=C2)[O-])[O-],COC(=O)NN=Cc1c[n+]([O-])c2ccccc2[n+]1[O-],1
1263,CN(C)c1ccc(cc1)N=Nc2cccc(C)c2,Cc1cccc(N=Nc2ccc(N(C)C)cc2)c1,1
2708,ClCCNCCCl,ClCCNCCCl,1
1226,Oc1cc(Cl)cc(Cl)c1Cl,Oc1cc(Cl)cc(Cl)c1Cl,0
1732,OC[C@H]1O[C@@H](Oc2cc(O)cc3Oc4c(O)ccc(O)c4C(=O)c23)[C@H](O)[C@@H](O)[C@@H]1O,O=c1c2c(O[C@@H]3O[C@H](CO)[C@@H](O)[C@H](O)[C@H]3O)cc(O)cc2oc2c(O)ccc(O)c12,1
704,CC(=O)Oc1ccc2OC3(C)OOC3(C)c2c1,CC(=O)Oc1ccc2c(c1)C1(C)OOC1(C)O2,1
892,OC(=O)c1ccc(O)cc1,O=C(O)c1ccc(O)cc1,0
659,CC(C)CNCC(C)C,CC(C)CNCC(C)C,0
5671,COc1ccc(cc1)[C@H](OC(=O)C)C=C,C=C[C@@H](OC(C)=O)c1ccc(OC)cc1,1
5969,c1ccc(cc1)c2ccc(cc2)c3ccccc3,c1ccc(-c2ccc(-c3ccccc3)cc2)cc1,0
119,CN(C)CCCNc1c2ccccc2nc3c(ccc(c13)[N+](=O)[O-])N(CCO)CCO,CN(C)CCCNc1c2ccccc2nc2c(N(CCO)CCO)ccc([N+](=O)[O-])c12,1
2676,OCC(O)C(O)CO,OCC(O)C(O)CO,0
5761,OC(=O)Cc1c[nH]c2ccccc12,O=C(O)Cc1c[nH]c2ccccc12,0
2790,Oc1ccc(O)c2c(O)c3ccccc3c(O)c12,Oc1ccc(O)c2c(O)c3ccccc3c(O)c12,1
3696,CC1c2ccccc2c3ccc(F)cc13,CC1c2ccccc2-c2ccc(F)cc21,1
5407,CCN(CC)CCCN,CCN(CC)CCCN,0
7161,NC(CCCN(N=O)C(=O)N)C(=O)O,NC(=O)N(CCCC(N)C(=O)O)N=O,1
3250,Nc1[nH]cnc2ncnc12,Nc1[nH]cnc2ncnc1-2,1
1125,Oc1c(Cl)ccc(Cl)c1Cl,Oc1c(Cl)ccc(Cl)c1Cl,0
2315,COc1ccc2C(=O)c3nccc4cc(OC)c(OC)c(c2c1)c34,COc1ccc2c(c1)-c1c(OC)c(OC)cc3ccnc(c13)C2=O,0
6678,COC5=C2[C]1=C(C=C(C1=C(OC2=C4C3C=COC3OC4=C5)O)O)O,COc1cc2c(c3oc(O)c4c(O)cc(O)c-4c13)C1C=COC1O2,1
59,COCCl,COCCl,0
585,COc1ccc2c(cc3N(C)CCc4cc5OCOc5c2c34)c1OC,COc1ccc2c(cc3c4c(cc5c(c42)OCO5)CCN3C)c1OC,1
3105,NC(=O)CBr,NC(=O)CBr,0
1104,O[C@H]1C=Cc2c(ccc3c4CCC(=O)c4cc(c23)C(F)(F)F)[C@@H]1O,O=C1CCc2c1cc(C(F)(F)F)c1c3c(ccc21)[C@H](O)[C@@H](O)C=C3,1
5109,CC(C)n1c(\C=C\[C@H](O)C[C@@H](O)CC(=O)O)c(c2ccc(F)cc2)c3ccccc13,CC(C)n1c(/C=C/[C@H](O)C[C@@H](O)CC(=O)O)c(-c2ccc(F)cc2)c2ccccc21,0
5078,[O-][N+](=O)c1ccc2ccc3cccc4C(=O)Oc1c2c34,O=c1oc2c([N+](=O)[O-])ccc3ccc4cccc1c4c32,1
5367,Brc1ccc(cc1)C(=O)C2OC2c3ccccc3,O=C(c1ccc(Br)cc1)C1OC1c1ccccc1,0
2137,S=C1NCCN1,S=C1NCCN1,1
4324,Nc1ccc2Cc3ccccc3c2c1,Nc1ccc2c(c1)-c1ccccc1C2,1
1222,OC1C2OC2c3cc4c5ccccc5c6ccccc6c4cc3C1O,OC1c2cc3c4ccccc4c4ccccc4c3cc2C2OC2C1O,1
3139,Cc1cc(C)c2ccc3ccccc3c2c1,Cc1cc(C)c2ccc3ccccc3c2c1,1
30,CCNc1nc(N)nc(Cl)n1,CCNc1nc(N)nc(Cl)n1,0
6375,CN(C)N=Nc1ccc(Cl)cc1,CN(C)N=Nc1ccc(Cl)cc1,1
4094,C\C(=C\c1ccccc1)\C=O,C/C(C=O)=C/c1ccccc1,0
5342,CCCCCCCCOc1ccc(cc1)C(=O)O,CCCCCCCCOc1ccc(C(=O)O)cc1,0
920,COc1cc(NS(=O)(=O)C)ccc1Nc2c3ccc(cc3nc4c(C)cccc24)N=N#N,COc1cc(NS(C)(=O)=O)ccc1Nc1c2ccc(N=[N+]=[N-])cc2nc2c(C)cccc12,1
1643,CCC1(CC(=O)O)OCCc2c1[nH]c3c(C)cccc23,CCC1(CC(=O)O)OCCc2c1[nH]c1c(C)cccc21,0
3879,OC(Nc1snc2ccccc12)C(Cl)(Cl)Cl,OC(Nc1snc2ccccc12)C(Cl)(Cl)Cl,0
2054,Cc1cc(N)ccc1c2ccc(N)cc2C,Cc1cc(N)ccc1-c1ccc(N)cc1C,1
40,Oc1ccc2ccccc2c1N=Nc3ccccc3,Oc1ccc2ccccc2c1N=Nc1ccccc1,1
5911,Oc1ccc(cc1)N=O,O=Nc1ccc(O)cc1,1
5255,NC(CSc1c(Cl)c(Cl)c(Cl)c(Cl)c1Cl)C(=O)O,NC(CSc1c(Cl)c(Cl)c(Cl)c(Cl)c1Cl)C(=O)O,0
3055,CCCCCCCCC=C,C=CCCCCCCCC,0
2919,Cc1ccc(c(C)c1)[N+](=O)[O-],Cc1ccc([N+](=O)[O-])c(C)c1,1
6623,CCCCCCOCC1CO1,CCCCCCOCC1CO1,1
3076,O=C1NC(=O)c2ccccc12,O=C1NC(=O)c2ccccc21,0
5614,Cc1c2ccccc2c([C@@H]3CO3)c4ccccc14,Cc1c2ccccc2c([C@@H]2CO2)c2ccccc12,1
3669,CN(C)C(=O)Nc1cccc(c1)C(F)(F)F,CN(C)C(=O)Nc1cccc(C(F)(F)F)c1,0
7187,C(=O)C1=C2C=C(C)OC=C2C(O)C(C)(O)C1=O,CC1=CC2=C(C=O)C(=O)C(C)(O)C(O)C2=CO1,1
3494,CN1C(=O)N(C)c2[nH]cnc2C1=O,Cn1c(=O)c2nc[nH]c2n(C)c1=O,0
3144,OCC1OC(CC1O)N2C=C(Br)C(=O)NC2=O,O=c1[nH]c(=O)n(C2CC(O)C(CO)O2)cc1Br,0
17,OC1C=Cc2c(ccc3c(Br)c4ccccc4cc23)C1O,OC1C=Cc2c(ccc3c(Br)c4ccccc4cc23)C1O,1
5618,Nc1ccc2[nH]c3ccccc3c2c1[N+](=O)[O-],Nc1ccc2[nH]c3ccccc3c2c1[N+](=O)[O-],1
1332,COC(=O)c1cc2OCOc2c3c1ccc4c(OC)cccc34,COC(=O)c1cc2c(c3c1ccc1c(OC)cccc13)OCO2,1
2781,Fc1c(F)c(F)c(Cl)c(F)c1F,Fc1c(F)c(F)c(Cl)c(F)c1F,0
5169,COc1cc2C(=O)c3cc(C)cc(O)c3C(=O)c2c(O)c1O,COc1cc2c(c(O)c1O)C(=O)c1c(O)cc(C)cc1C2=O,1
6236,Cc1ccc(cc1S(=O)(=O)O)N=Nc2c(O)ccc3ccccc23,Cc1ccc(N=Nc2c(O)ccc3ccccc23)cc1S(=O)(=O)O,0
3964,OC(CC(=O)OCCBr)C(=O)OCCBr,O=C(CC(O)C(=O)OCCBr)OCCBr,1
5295,CN1C(=O)N(C)c2ncn(C)c2C1=O,Cn1c(=O)c2c(ncn2C)n(C)c1=O,0
4332,CC(=O)OC(OC(=O)C)c1oc(cc1)[N+](=O)[O-],CC(=O)OC(OC(C)=O)c1ccc([N+](=O)[O-])o1,1
6463,CC(=O)OC1C(O)C2OC3C=C(C)C(=O)C(O)C3(CO)C1(C)C42CO4,CC(=O)OC1C(O)C2OC3C=C(C)C(=O)C(O)C3(CO)C1(C)C21CO1,0
2432,Fc1cccc2ccc3ncccc3c12,Fc1cccc2ccc3ncccc3c12,1
6362,Oc1ccc(O)nn1,Oc1ccc(O)nn1,0
3504,O=C1c2ccccc2c3ccc4c5ccc6c7ccccc7C(=O)c8ccc(c9ccc1c3c49)c5c68,O=C1c2ccccc2-c2ccc3c4ccc5c6c(ccc(c7ccc1c2c73)c64)C(=O)c1ccccc1-5,1
1940,CCCCOC(=O)c1cccc2cccnc12,CCCCOC(=O)c1cccc2cccnc12,0
5829,CCC1=CN(C2CC(O)C(CO)O2)C(=O)NC1=O,CCc1cn(C2CC(O)C(CO)O2)c(=O)[nH]c1=O,0
3582,Cc1c(C)c(N)c(cc1N)[N+](=O)[O-],Cc1c(N)cc([N+](=O)[O-])c(N)c1C,1
508,Nc1c2ncn(c2nc[n+]1[O-])C(c3ccccc3)(c4ccccc4)c5ccccc5,Nc1c2ncn(C(c3ccccc3)(c3ccccc3)c3ccccc3)c2nc[n+]1[O-],1
5735,C\C=C\C1OC(=O)C=CC1O,C/C=C/C1OC(=O)C=CC1O,0
5470,BrCC#C,C#CCBr,1
3408,CN1CCN(CC1)C2=Nc3cc(Cl)ccc3Nc4ccccc24,CN1CCN(C2=Nc3cc(Cl)ccc3Nc3ccccc32)CC1,0
2035,COc1cc(CC2NCCc3cc(O)c(O)cc23)cc(OC)c1OC,COc1cc(CC2NCCc3cc(O)c(O)cc32)cc(OC)c1OC,0
1594,NC(=O)NO,NC(=O)NO,1
4575,OC(=O)CNCP(=O)(O)O,O=C(O)CNCP(=O)(O)O,0
6183,Clc1cccc(c1)c2oc3ccccc3n2,Clc1cccc(-c2nc3ccccc3o2)c1,0
2298,CCN(CC)C(=O)Cc1ccccc1,CCN(CC)C(=O)Cc1ccccc1,0
6332,On1nnc2ccccc12,On1nnc2ccccc21,0
3324,OC1C=Cc2c(ccc3ccccc23)C1O,OC1C=Cc2c(ccc3ccccc23)C1O,1
2973,[O-][N+](=O)c1ccc2cc3ccccc3cc2c1,O=[N+]([O-])c1ccc2cc3ccccc3cc2c1,1
3178,CCCc1cc2ccccc2c3ccc4C(O)C(O)C5OC5c4c13,CCCc1cc2ccccc2c2ccc3c(c12)C1OC1C(O)C3O,0
2716,COC(=O)c1oc(N(OC(=O)C)C(=O)C)c(c2ccccc2)c1c3ccccc3,COC(=O)c1oc(N(OC(C)=O)C(C)=O)c(-c2ccccc2)c1-c1ccccc1,0
5958,OC(CN=N#N)C(O)C(O)C(O)C(=O)O,[N-]=[N+]=NCC(O)C(O)C(O)C(O)C(=O)O,1
1586,COC(=O)c1c(O)c2ccccc2c3OC(C)(C)C=Cc13,COC(=O)c1c2c(c3ccccc3c1O)OC(C)(C)C=C2,1
6777,C1=CC3=C(C=C1)C2=CC=CC=C2N=C3,c1ccc2c(c1)cnc1ccccc12,1
139,OCc1cc2ccc3cccc4ccc(c1)c2c34,OCc1cc2ccc3cccc4ccc(c1)c2c34,1
5927,NC(=O)C[C@H]1CO1,NC(=O)C[C@H]1CO1,1
436,Nc1ccc(cc1)c2ccc(cc2)c3ccc(N)cc3,Nc1ccc(-c2ccc(-c3ccc(N)cc3)cc2)cc1,1
6640,NC(CCC(=O)NNC1=CC=C(C=C1)CO)C(O)=O,NC(CCC(=O)NNc1ccc(CO)cc1)C(=O)O,1
6676,OCCCCCl,OCCCCCl,1
969,OS(=O)(=O)Oc1ccc2ccc3cc4ccccc4c5ccc1c2c35,O=S(=O)(O)Oc1ccc2ccc3cc4ccccc4c4ccc1c2c34,1
3784,OC(=O)c1c(O)cc2C(=O)c3ccccc3C(=O)c2c1O,O=C1c2ccccc2C(=O)c2c1cc(O)c(C(=O)O)c2O,0
6658,O5C6C=CC4=C3C=C1C=CC=C2C=CC(=C12)C3=CC=C4C56,C1=CC2OC2c2ccc3c4c5c(cccc5cc3c21)C=C4,1
6221,CCOC(=O)C(=NNc1ccc(cc1Cl)c2ccc(NN=C(C(=O)OCC)C(=O)OCC)c(Cl)c2)C(=O)OCC,CCOC(=O)C(=NNc1ccc(-c2ccc(NN=C(C(=O)OCC)C(=O)OCC)c(Cl)c2)cc1Cl)C(=O)OCC,0
2871,FC(Cl)C(F)(F)F,FC(Cl)C(F)(F)F,0
2652,CN1CCN(CC1)c2cc3N(C4CC4)C5=CC(=O)NC(=O)N5c3cc2F,CN1CCN(c2cc3c(cc2F)n2c(=O)[nH]c(=O)cc2n3C2CC2)CC1,1
3506,C1COCCOc2ccccc2OCCOCCO1,c1ccc2c(c1)OCCOCCOCCOCCO2,0
6319,Cc1c(C)c(N)c(C)c(C)c1N,Cc1c(C)c(N)c(C)c(C)c1N,0
3547,CCl,CCl,1
4954,Oc1c(Cl)cc(Cl)c2cccnc12,Oc1c(Cl)cc(Cl)c2cccnc12,0
5143,Oc1ccc(cc1)S(=O)(=O)c2ccc(O)cc2,O=S(=O)(c1ccc(O)cc1)c1ccc(O)cc1,0
2690,Cc1ccccc1N=Nc2c(O)ccc3ccccc23,Cc1ccccc1N=Nc1c(O)ccc2ccccc12,1
7091,CC2=CCCC(=C)C1CC(C)(C)C1CC2,C=C1CCC=C(C)CCC2C1CC2(C)C,0
91,Nc1cccc2cc3CCCCc3nc12,Nc1cccc2cc3c(nc12)CCCC3,1
4532,Nc1ccc2c(c3ccccc3C(=O)O)c4ccc(N)cc4[o+]c2c1,Nc1ccc2c(-c3ccccc3C(=O)O)c3ccc(N)cc3[o+]c2c1,0
6029,O=C1C=Cc2cccc3cccc1c23,O=C1C=Cc2cccc3cccc1c23,1
3026,OC1C=Cc2cc3c(ccc4ccccc34)c(c2C1O)[N+](=O)[O-],O=[N+]([O-])c1c2c(cc3c1ccc1ccccc13)C=CC(O)C2O,1
2519,Cc1c(cccc1N=C=O)N=C=O,Cc1c(N=C=O)cccc1N=C=O,1
420,[O-][N+](=O)c1cccc2c3ccc(c4cccc(c12)c34)[N+](=O)[O-],O=[N+]([O-])c1cccc2c1-c1cccc3c([N+](=O)[O-])ccc-2c13,1
2299,NC(=O)c1ccccc1C(=O)N,NC(=O)c1ccccc1C(N)=O,0
6794,OCC=[N+](O)[O-],[O-][N+](O)=CCO,1
3759,CNCCCN1c2ccccc2CCc3ccccc13,CNCCCN1c2ccccc2CCc2ccccc21,0
3954,Sc1nc2ccccc2[nH]1,Sc1nc2ccccc2[nH]1,0
1924,O\N=C\c1cccc[n+]1CCOCC#C,C#CCOCC[n+]1ccccc1/C=N/O,0
3991,Oc1cc(O)c2C(=O)c3ccccc3C(=O)c2c1O,O=C1c2ccccc2C(=O)c2c(O)c(O)cc(O)c21,1
3683,OC(=O)C(F)(F)C(F)(Cl)C(F)(F)C(F)(Cl)C(F)(F)C(F)(Cl)C(F)(F)Cl,O=C(O)C(F)(F)C(F)(Cl)C(F)(F)C(F)(Cl)C(F)(F)C(F)(Cl)C(F)(F)Cl,0
1621,CN(C)c1ccc(cc1)C2CC3(C)C(CCC3(O)CCCO)C4CCC5=CC(=O)CCC5=C24,CN(C)c1ccc(C2CC3(C)C(CCC3(O)CCCO)C3CCC4=CC(=O)CCC4=C23)cc1,0
6321,Cc1ccccc1NS(=O)(=O)c2cccc3cccnc23,Cc1ccccc1NS(=O)(=O)c1cccc2cccnc12,0
260,CS(=N)(=O)CCC(N)C(=O)O,CS(=N)(=O)CCC(N)C(=O)O,0
4044,COc1cc(ccc1NC(=O)C)[N+](=O)[O-],COc1cc([N+](=O)[O-])ccc1NC(C)=O,1
2249,BrC(Br)Br,BrC(Br)Br,1
3434,c1ccc2c(c1)ccc3nc4ccc5ccccc5c4cc23,c1ccc2c(c1)ccc1nc3ccc4ccccc4c3cc12,1
16,OC(=O)c1cc(cc2cccnc12)[N+](=O)[O-],O=C(O)c1cc([N+](=O)[O-])cc2cccnc12,1
2638,CC(=C)c1ccc(C)c2ccc(CO)c2c1,C=C(C)c1ccc(C)c2ccc(CO)c-2c1,1
3176,CN(C)c1ccc2nc(C)c(C)nc2c1C,Cc1nc2ccc(N(C)C)c(C)c2nc1C,1
7005,CC2C(C)(C)C1=C(C=C(C(=C1)C)C(C)=O)C2(C)C,CC(=O)c1cc2c(cc1C)C(C)(C)C(C)C2(C)C,0
6870,ClCCN(CCCl)P1(=O)OCC(=O)CO1,O=C1COP(=O)(N(CCCl)CCCl)OC1,1
2221,CCCON(OC(=O)C)C(=O)c1ccccc1,CCCON(OC(C)=O)C(=O)c1ccccc1,1
1408,CCC\C=C(\CC)/C=O,CCC/C=C(\C=O)CC,0
7274,CC(c1ccccc1)CCc1ccccc1,CC(CCc1ccccc1)c1ccccc1,0
2294,ClC1=C(Cl)C(=O)NC1=O,O=C1NC(=O)C(Cl)=C1Cl,1
7061,C2CCC1CCCCC1C2,C1CCC2CCCCC2C1,0
6189,[O-][N+](=O)c1cc(c(Cl)c(c1)[N+](=O)[O-])[N+](=O)[O-],O=[N+]([O-])c1cc([N+](=O)[O-])c(Cl)c([N+](=O)[O-])c1,1
4080,[O-][N+](=O)c1ccc(Nc2ccccc2)cc1,O=[N+]([O-])c1ccc(Nc2ccccc2)cc1,0
2176,Fc1cccnc1,Fc1cccnc1,0
4825,CCNc1cc2OC3=CC(=NCC)C(=CC3=C(c4ccccc4C(=O)OCC)c2cc1C)C,CCN=c1cc2oc3cc(NCC)c(C)cc3c(-c3ccccc3C(=O)OCC)c-2cc1C,0
239,COc1cc2C(=O)CCc2c3c(C)cc4ccccc4c13,COc1cc2c(c3c(C)cc4ccccc4c13)CCC2=O,1
6968,NC1=CC(=C(C=C1)Cl)Cl,Nc1ccc(Cl)c(Cl)c1,0
6109,COC(=O)C[C@H]1[C@@]2(C)[C@H](OC3C[C@H](C(=C23)C)c4cocc4)[C@@H]5OC(=O)[C@]6(C)C=CC(=O)[C@@]1(C)C56,COC(=O)C[C@@H]1[C@@]2(C)C(=O)C=C[C@@]3(C)C(=O)O[C@H](C32)[C@H]2OC3C[C@@H](c4ccoc4)C(C)=C3[C@]21C,0
5282,S=C=Nc1cccc2ccccc12,S=C=Nc1cccc2ccccc12,1
5022,c1ccc2c(c1)ccc3c2ccc4ccc5ccccc5c34,c1ccc2c(c1)ccc1c2ccc2ccc3ccccc3c21,1
23,CCN(N=O)\C(=N\O)\C=O,CCN(N=O)/C(C=O)=N/O,1
7033,COC4=CC2C3CC1=C(C(=C(C=C1)OC)O)C2(CCN3C)CC4=O,COC1=CC2C3Cc4ccc(OC)c(O)c4C2(CCN3C)CC1=O,0
2842,Cc1cc2c3ccccc3ccc2c4ccccc14,Cc1cc2c3ccccc3ccc2c2ccccc12,1
6773,CC1(CO1)C2=CC=C(C=C2)[N+]([O-])=O,CC1(c2ccc([N+](=O)[O-])cc2)CO1,1
4926,CC1=C(Cl)C(=O)OC1O,CC1=C(Cl)C(=O)OC1O,1
6672,C=CC(=O)OCC1CO1,C=CC(=O)OCC1CO1,1
6050,CCCC[C@@H](CC)COP(=O)(OC[C@H](CC)CCCC)OC[C@H](CC)CCCC,CCCC[C@@H](CC)COP(=O)(OC[C@H](CC)CCCC)OC[C@H](CC)CCCC,0
203,CN(C)c1ccc(cc1)N=O,CN(C)c1ccc(N=O)cc1,1
6037,Cc1nc2C(=O)C(=CC(=O)c2c3[nH]c4ccccc4c13)N5CC5,Cc1nc2c(c3[nH]c4ccccc4c13)C(=O)C=C(N1CC1)C2=O,1
2056,CCC1(O)CC(OC2CC(C(O)C(C)O2)N(C)C)c3c(O)c4C(=O)c5c(O)ccc(O)c5C(=O)c4cc3C1C(=O)OC,CCC1(O)CC(OC2CC(N(C)C)C(O)C(C)O2)c2c(cc3c(c2O)C(=O)c2c(O)ccc(O)c2C3=O)C1C(=O)OC,1
5619,CCCCN(CCO)N=O,CCCCN(CCO)N=O,1
64,OC(=O)c1ccccc1,O=C(O)c1ccccc1,0
411,C1CCC2OCCOCCOCCOCCOC3CCCCC3OCCOCCOCCOCCOC2C1,C1CCC2OCCOCCOCCOCCOC3CCCCC3OCCOCCOCCOCCOC2C1,0
6446,ClC(Cl)(Cl)SN1C(=O)C2CC=CCC2C1=O,O=C1C2CC=CCC2C(=O)N1SC(Cl)(Cl)Cl,1
4744,Oc1ccc(Cl)cc1Sc2cc(Cl)ccc2O,Oc1ccc(Cl)cc1Sc1cc(Cl)ccc1O,0
842,COC(=O)c1oc(N(O)C(=O)C)c(c2ccccc2)c1c3ccccc3,COC(=O)c1oc(N(O)C(C)=O)c(-c2ccccc2)c1-c1ccccc1,0
2241,CCCCN(CCO)CCCC,CCCCN(CCO)CCCC,0
6835,[O-][N+](=O)C1=CC3=C(C=C1)C2=CC=C(C=C2C=C3)[N+]([O-])=O,O=[N+]([O-])c1ccc2c(ccc3cc([N+](=O)[O-])ccc32)c1,1
6682,CC1=CC=C(C=C1)N(CCO)CCO,Cc1ccc(N(CCO)CCO)cc1,1
7039,NC1=NC(=O)N(C=C1)C2OC(COP(O)(O)=O)C(O)C2O,Nc1ccn(C2OC(COP(=O)(O)O)C(O)C2O)c(=O)n1,0
2947,CNCC(=O)O,CNCC(=O)O,0
1112,CC(OP(=O)(C)F)C(C)(C)C,CC(OP(C)(=O)F)C(C)(C)C,0
6360,NCCCS(=O)(=O)Nc1ccc(Nc2c3ccc(cc3nc4cc(ccc24)N=N#N)N=N#N)cc1,[N-]=[N+]=Nc1ccc2c(Nc3ccc(NS(=O)(=O)CCCN)cc3)c3ccc(N=[N+]=[N-])cc3nc2c1,1
6893,CCCCCCCCCCC1CO1,CCCCCCCCCCC1CO1,0
1079,CCOC(=O)c1c2c(nn[n+]1[O-])c3ccccc3n2C,CCOC(=O)c1c2c(nn[n+]1[O-])c1ccccc1n2C,1
2915,CCOC(=O)[C@H](SP(=S)(OC)OC)c1ccccc1,CCOC(=O)[C@H](SP(=S)(OC)OC)c1ccccc1,0
1656,O1[C@@H]2C=Cc3c(ccc4c5C=Cc6cccc(cc34)c56)[C@H]12,C1=C[C@H]2O[C@H]2c2ccc3c4c5c(cccc5cc3c21)C=C4,1
3153,O[C@@H]1C=Cc2c(ccc3c2ccc4ccc(O)cc34)[C@H]1O,Oc1ccc2ccc3c4c(ccc3c2c1)[C@@H](O)[C@H](O)C=C4,1
6632,CC1CCCCN1CCCNCC(=O)NC2=C(C(=N[N]2C)C)C(=O)C3=C(C=CC=C3)F,Cc1nn(C)c(NC(=O)CNCCCN2CCCCC2C)c1C(=O)c1ccccc1F,1
3179,OCCc1ccccc1[N+](=O)[O-],O=[N+]([O-])c1ccccc1CCO,1
3257,CC(=O)ON(C(=O)C)c1ccccc1C,CC(=O)ON(C(C)=O)c1ccccc1C,0
707,C[C@@]12CCc3occc3C1CC[C@@]45CC(CCC24)C(O)(CO)C5,C[C@@]12CCc3occc3C1CC[C@@]13CC(CCC12)C(O)(CO)C3,0
2879,Cc1ccc(NC(=O)N)cc1,Cc1ccc(NC(N)=O)cc1,0
313,ON=C1CCCCC1,ON=C1CCCCC1,1
4105,CC(=O)Nc1ccc(cc1)S(=O)(=O)c2ccc(N)cc2,CC(=O)Nc1ccc(S(=O)(=O)c2ccc(N)cc2)cc1,0
2495,Cc1ccc(cc1[N+](=O)[O-])N=[N+]([O-])c2ccc(C)c(c2)[N+](=O)[O-],Cc1ccc(N=[N+]([O-])c2ccc(C)c([N+](=O)[O-])c2)cc1[N+](=O)[O-],0
2440,[O-][N+](=O)c1ccc2c3cccc4cccc(c5cccc1c25)c34,O=[N+]([O-])c1ccc2c3cccc4cccc(c5cccc1c52)c43,1
2531,CC(=O)\C=C/c1ccccc1,CC(=O)/C=C\c1ccccc1,1
4434,CCCCCCCCCCCCCN1CC(C)OC(C)C1,CCCCCCCCCCCCCN1CC(C)OC(C)C1,0
6453,OC1OCC=C2OC(=O)C=C12,O=C1C=C2C(=CCOC2O)O1,0
7030,CCC1=C(C(=CC(=C1)N)C)CC2=C(C=C(C=C2C)N)CC,CCc1cc(N)cc(C)c1Cc1c(C)cc(N)cc1CC,0
5393,CC(C)NC[C@@H](O)COc1cccc2ccccc12,CC(C)NC[C@@H](O)COc1cccc2ccccc12,0
1425,O=C1C=CC(=N#N)C=C1,[N-]=[N+]=C1C=CC(=O)C=C1,1
6930,O=C3C(=O)C1=C(C=CC2=CC=CC=C12)C4=C3C=CC=C4,O=C1C(=O)c2c(ccc3ccccc23)-c2ccccc21,0
5563,CCCCC(CC)COC(=O)c1ccc(cc1)N(C)N=O,CCCCC(CC)COC(=O)c1ccc(N(C)N=O)cc1,0
4751,COc1ccc(CON(OC(=O)C)C(=O)c2ccccc2)cc1,COc1ccc(CON(OC(C)=O)C(=O)c2ccccc2)cc1,1
6966,CC1OCCC2=C1C=C3C(=C2)C(C(C3(C)C)C)(C)C,CC1OCCc2cc3c(cc21)C(C)(C)C(C)C3(C)C,0
3573,NC(=O)N\N=C\c1oc(cc1)[N+](=O)[O-],NC(=O)N/N=C/c1ccc([N+](=O)[O-])o1,1
7069,CC(=O)C1=C(O)[N]5C(=C1O)C2C(CC4=C3C2=C[NH]C3=CC=C4)C5(C)C,CC(=O)c1c(O)c2n(c1O)C(C)(C)C1Cc3cccc4[nH]cc(c34)C21,0
2528,CC(N)(Cc1ccc(O)c(O)c1)C(=O)O,CC(N)(Cc1ccc(O)c(O)c1)C(=O)O,0
1467,COc1c(O)c2OC3OC=CC3c2c4OC(=O)C5=C(CCC5=O)c14,COc1c(O)c2c(c3oc(=O)c4c(c13)CCC4=O)C1C=COC1O2,1
6556,C[N]1C(=NC=C1[N+]([O-])=O)C2NC(CO)(CO)CO2,Cn1c([N+](=O)[O-])cnc1C1NC(CO)(CO)CO1,1
240,CCOc1ccccc1C(=O)N,CCOc1ccccc1C(N)=O,0
6268,Cc1ccc(Nc2ccc(N)c3C(=O)c4ccccc4C(=O)c23)c(c1)S(=O)(=O)O,Cc1ccc(Nc2ccc(N)c3c2C(=O)c2ccccc2C3=O)c(S(=O)(=O)O)c1,1
3342,NC(Cc1ccc(O)cc1)C(=O)O,NC(Cc1ccc(O)cc1)C(=O)O,0
175,FC(F)C(F)(F)F,FC(F)C(F)(F)F,0
4500,Cc1cnc2ccc3c(nc(NS(=O)(=O)O)n3C)c2n1,Cc1cnc2ccc3c(nc(NS(=O)(=O)O)n3C)c2n1,0
5207,CN1C(=O)NC(=O)c2c1ncn2C,Cn1cnc2c1c(=O)[nH]c(=O)n2C,0
2186,CN(C)c1ccc(cc1)N=Nc2cccc(CCl)c2,CN(C)c1ccc(N=Nc2cccc(CCl)c2)cc1,1
3394,Nc1ccc(CC(=O)O)cc1,Nc1ccc(CC(=O)O)cc1,1
3363,CCCCCC,CCCCCC,0
3534,ONC(=O)c1ccc2ccccc2c1,O=C(NO)c1ccc2ccccc2c1,1
2876,ClCC=O,O=CCCl,1
3023,BrCCBr,BrCCBr,1
3845,CC(C)CCON=O,CC(C)CCON=O,1
3854,CN(C(=O)CCl)c1snc2ccccc12,CN(C(=O)CCl)c1snc2ccccc12,0
7202,CCCCN(N=O)C(CCC)OC(=O)C,CCCCN(N=O)C(CCC)OC(C)=O,1
3553,Cc1cc(cc(C)n1)c2cc3N(C4CC4)C5=CC(=O)NC(=O)N5c3cc2F,Cc1cc(-c2cc3c(cc2F)n2c(=O)[nH]c(=O)cc2n3C2CC2)cc(C)n1,1
2983,[O-][N+](=O)c1ccc2C=Cc3cccc1c23,O=[N+]([O-])c1ccc2c3c(cccc13)C=C2,1
6505,CC(O)CO,CC(O)CO,0
5128,[O-][N+](=O)c1ccc(cc1)C(=O)OC[C@H]2CO2,O=C(OC[C@H]1CO1)c1ccc([N+](=O)[O-])cc1,1
3638,C1=Cc2c3cc4ccccc4cc3cc5cccc1c25,C1=Cc2c3cc4ccccc4cc3cc3cccc1c23,1
3203,Nc1ncnc2c1ncn2C(c3ccccc3)(c4ccccc4)c5ccccc5,Nc1ncnc2c1ncn2C(c1ccccc1)(c1ccccc1)c1ccccc1,1
6814,OC2C1=C(C=CC=C1)C3=C2C=C(C=C3)[N+]([O-])=O,O=[N+]([O-])c1ccc2c(c1)C(O)c1ccccc1-2,1
816,Cc1ccc2ccc3c4ccccc4cc5ccc1c2c35,Cc1ccc2ccc3c4ccccc4cc4ccc1c2c43,1
6759,CC(CN(CC(C)OC(C)=O)N=O)OC(C)=O,CC(=O)OC(C)CN(CC(C)OC(C)=O)N=O,1
902,Cc1cc2nc3c(ccc4ccccc34)c(C)c2cc1C,Cc1cc2nc3c(ccc4ccccc43)c(C)c2cc1C,1
7263,OC1CC(O)(CC(O)C1O)C(=O)O,O=C(O)C1(O)CC(O)C(O)C(O)C1,0
3664,Cc1ccc(NN=NCc2ccccc2)cc1,Cc1ccc(NN=NCc2ccccc2)cc1,1
582,CS(=O)(=O)Nc1ccc(Nc2c3ccccc3nc4ccccc24)cc1,CS(=O)(=O)Nc1ccc(Nc2c3ccccc3nc3ccccc23)cc1,1
2540,COc1ccc2nc3c(cc2c1)c4cccc5cccc3c45,COc1ccc2nc3c(cc2c1)-c1cccc2cccc-3c12,1
1701,Cc1ccc2c(ccc3[nH]c4ccc5ccccc5c4c23)c1,Cc1ccc2c(ccc3[nH]c4ccc5ccccc5c4c32)c1,1
1713,Oc1c(Cl)c(Cl)c(O)c2C(=O)C=CC(=O)c12,O=C1C=CC(=O)c2c(O)c(Cl)c(Cl)c(O)c21,1
5492,O=C1Oc2cccc3ccc4c5ccccc5cc1c4c23,O=c1oc2cccc3ccc4c5ccccc5cc1c4c32,1
5456,COc1cc(cc(OC)c1OC)C2OCC3C2COC3c4cc(OC)c(OC)c(OC)c4,COc1cc(C2OCC3C(c4cc(OC)c(OC)c(OC)c4)OCC23)cc(OC)c1OC,0
1622,OCC1OC(CC1O)N2C=C(CCCCl)C(=O)NC2=O,O=c1[nH]c(=O)n(C2CC(O)C(CO)O2)cc1CCCCl,0
1702,CN(C)C(=S)N(C)C,CN(C)C(=S)N(C)C,0
6440,COC1=CC(=O)CC(C)C21Oc3c(C2=O)c(OC)cc(OC)c3Cl,COC1=CC(=O)CC(C)C12Oc1c(Cl)c(OC)cc(OC)c1C2=O,0
1084,COC(=O)\C(=C(/OP(=O)(OC)OC)\c1cc(Cl)ccc1Cl)\Cl,COC(=O)/C(Cl)=C(\OP(=O)(OC)OC)c1cc(Cl)ccc1Cl,0
978,OCC12OOC1(CO)c3ccccc3O2,OCC12OOC1(CO)c1ccccc1O2,0
114,ONC(=O)c1ccccc1O,O=C(NO)c1ccccc1O,1
2462,Nc1c(Cl)cc(cc1[N+](=O)[O-])[N+](=O)[O-],Nc1c(Cl)cc([N+](=O)[O-])cc1[N+](=O)[O-],1
417,CC(=C)C(=O)OCCCCCCOC(=O)C(=C)C,C=C(C)C(=O)OCCCCCCOC(=O)C(=C)C,0
4049,CN(N=O)c1ccncc1,CN(N=O)c1ccncc1,0
3224,OC(=O)C(=O)Nc1cccc(c1)c2nn[nH]n2,O=C(O)C(=O)Nc1cccc(-c2nn[nH]n2)c1,0
4845,CC(=O)C1=C(C(=O)C(=C1)C(C)(C)C)C(C)(C)C,CC(=O)C1=C(C(C)(C)C)C(=O)C(C(C)(C)C)=C1,0
4594,CNC(=O)ON(C(=O)NC)C(=O)NC,CNC(=O)ON(C(=O)NC)C(=O)NC,0
2067,Nc1nccs1,Nc1nccs1,1
7162,C(OCCN(C)C)(c1ccccc1)c1ccccc1C,Cc1ccccc1C(OCCN(C)C)c1ccccc1,0
1174,Nc1ccc2ccccc2c1,Nc1ccc2ccccc2c1,1
1202,CC[C@H](CC[C@@H](C)[C@H]1CC[C@H]2[C@@H]3CC=C4C[C@@H](O)CC[C@]4(C)[C@H]3CC[C@]12C)C(C)C,CC[C@H](CC[C@@H](C)[C@H]1CC[C@H]2[C@@H]3CC=C4C[C@@H](O)CC[C@]4(C)[C@H]3CC[C@@]21C)C(C)C,0
4043,Nc1cccc(c1)C(F)(F)F,Nc1cccc(C(F)(F)F)c1,0
1950,OC1C2OC2c3c(ccc4cc5c(ccc6ccccc56)nc34)C1O,OC1c2ccc3cc4c(ccc5ccccc54)nc3c2C2OC2C1O,1
5114,OCC(O)C(O)C(O)C(NC(=O)N(CCCl)N=O)C=O,O=CC(NC(=O)N(CCCl)N=O)C(O)C(O)C(O)CO,1
3009,[O-][N+](=O)c1ccc(Cl)c(Cl)c1,O=[N+]([O-])c1ccc(Cl)c(Cl)c1,1
7175,C(C(C)NC)c1ccccc1,CNC(C)Cc1ccccc1,0
4014,CCOc1ccc(cc1)[N+](=O)[O-],CCOc1ccc([N+](=O)[O-])cc1,1
1587,CC(C)(C)OC(=O)C=C,C=CC(=O)OC(C)(C)C,0
5686,CN(C)CCNC(=O)c1cccc2cc3ccccc3nc12,CN(C)CCNC(=O)c1cccc2cc3ccccc3nc12,1
2418,OC1C=Cc2ncccc2C1O,OC1C=Cc2ncccc2C1O,0
5287,CC(C)NCC(O)COc1ccc(NC(=O)C)cc1,CC(=O)Nc1ccc(OCC(O)CNC(C)C)cc1,0
6654,NC2=C1C=CC=NC1=CC=C2,Nc1cccc2ncccc12,1
7247,OC1C2OC2c2cc3ccc4cccc5ccc(c2C1O)c3c45,OC1c2c(cc3ccc4cccc5ccc2c3c45)C2OC2C1O,1
1216,CCC(=O)N(O)c1ccc(cc1)c2ccccc2,CCC(=O)N(O)c1ccc(-c2ccccc2)cc1,1
5404,Clc1ccc(CSc2ccc(Cl)cc2)cc1,Clc1ccc(CSc2ccc(Cl)cc2)cc1,0
2209,CC(C)[C@@]12C[C@@H]1[C@H](C)C(=O)C2,CC(C)[C@]12CC(=O)[C@@H](C)[C@H]1C2,0
2245,Oc1cccc2OC(=O)C(=Cc12)[C@@H]3CCc4ccccc4C3,O=c1oc2cccc(O)c2cc1[C@@H]1CCc2ccccc2C1,0
3236,CC(C)(O)C1Cc2cc3C=CC(=O)Oc3cc2O1,CC(C)(O)C1Cc2cc3ccc(=O)oc3cc2O1,1
6049,C[C@@H]1CNC(=O)N1c2ncc(s2)[N+](=O)[O-],C[C@@H]1CNC(=O)N1c1ncc([N+](=O)[O-])s1,1
4711,CCCCCOC(=O)\C=C\c1oc(cc1)[N+](=O)[O-],CCCCCOC(=O)/C=C/c1ccc([N+](=O)[O-])o1,1
5043,Cl\C=C/Cl,Cl/C=C\Cl,0
6062,CC1CCC2CC1C2(C)C,CC1CCC2CC1C2(C)C,0
6077,CC12CCC3C(CCc4cc(O)ccc34)C1CC(O)C2O,CC12CCC3c4ccc(O)cc4CCC3C1CC(O)C2O,0
3325,Clc1c2ccccc2cc3c1ccc4ccccc34,Clc1c2ccccc2cc2c1ccc1ccccc12,1
2022,ClC(Cl)(Cl)SN1C(=O)[C@@H]2CC=CC[C@H]2C1=O,O=C1[C@@H]2CC=CC[C@H]2C(=O)N1SC(Cl)(Cl)Cl,1
393,[O-][N+](=O)c1ccc2ccc3c4ccccc4c(c5ccc1c2c35)[N+](=O)[O-],O=[N+]([O-])c1ccc2ccc3c4ccccc4c([N+](=O)[O-])c4ccc1c2c43,1
7178,CC1CCOS(=O)(=O)O1,CC1CCOS(=O)(=O)O1,1
5447,CC(=O)N(O)c1ccc(Br)cc1,CC(=O)N(O)c1ccc(Br)cc1,0
1302,CCOP(=O)(OCC)Oc1nc(Cl)c(Cl)cc1Cl,CCOP(=O)(OCC)Oc1nc(Cl)c(Cl)cc1Cl,0
864,[O-]Cl(=O)(=O)=O,[O-][Cl+3]([O-])([O-])O,0
925,OC1C=Cc2cc3c(ccc4ccccc34)c(Cl)c2C1O,OC1C=Cc2cc3c(ccc4ccccc43)c(Cl)c2C1O,0
6081,CCCCON(OC(=O)C)C(=O)c1ccc(Cl)cc1,CCCCON(OC(C)=O)C(=O)c1ccc(Cl)cc1,1
3631,Cc1cccc2c1cc(C)c3c4ccccc4ccc23,Cc1cccc2c1cc(C)c1c3ccccc3ccc21,1
1631,Cc1ccc(C)c2c3ccccc3[nH]c12,Cc1ccc(C)c2c1[nH]c1ccccc12,1
7026,COC3=C(C=C2C16CCN7CC5=CCOC4C(C1N(C2=C3)C(C4)=O)C5CC67)OC,COc1cc2c(cc1OC)C13CCN4CC5=CCOC6CC(=O)N2C1C6C5CC43,0
28,CC1C2C3C(C)C4C(=O)C56C(=O)c7c(O)cc(C)cc7C(=O)C35C1C(=O)C68C(=O)c9c(O)cc(C)cc9C(=O)C248,Cc1cc(O)c2c(c1)C(=O)C13C4C(=O)C56C(=O)c7c(O)cc(C)cc7C(=O)C57C(C(=O)C16C2=O)C(C)C3C7C4C,0
3957,ON1c2ccccc2\C(=N/c3ccccc3)\C1(c4ccccc4)c5ccccc5,ON1c2ccccc2/C(=N\c2ccccc2)C1(c1ccccc1)c1ccccc1,0
4327,CC(=CCl)C,CC(C)=CCl,1
4786,CC(C)Nc1cccc2C(=O)c3ccccc3C(=O)c12,CC(C)Nc1cccc2c1C(=O)c1ccccc1C2=O,1
5160,C=CCNCC=C,C=CCNCC=C,0
5334,c1ccc(cc1)N=Nc2ccccc2,c1ccc(N=Nc2ccccc2)cc1,1
4129,CN(Cc1cnc2nc(N)nc(N)c2n1)c3c(Cl)cc(cc3Cl)C(=O)N[C@@H](CCC(=O)O)C(=O)O,CN(Cc1cnc2nc(N)nc(N)c2n1)c1c(Cl)cc(C(=O)N[C@@H](CCC(=O)O)C(=O)O)cc1Cl,0
216,CC(C)C=O,CC(C)C=O,0
2106,COc1cccc2sc(N)nc12,COc1cccc2sc(N)nc12,1
382,CC1c2cc(C)ccc2c3ccc(C)cc13,Cc1ccc2c(c1)C(C)c1cc(C)ccc1-2,0
2110,Cc1c(C)c(N)ccc1N,Cc1c(N)ccc(N)c1C,0
4958,Nc1ccc2ccc3ccccc3c2n1,Nc1ccc2ccc3ccccc3c2n1,1
2740,CC12OOC1(C)c3ccccc3O2,CC12OOC1(C)c1ccccc1O2,1
2012,OC(=O)\C=C\Cl,O=C(O)/C=C/Cl,1
458,Oc1ccc2c(O)cccc2c1,Oc1ccc2c(O)cccc2c1,1
7268,CC1CCC(CC1)C(C)(C)OO,CC1CCC(C(C)(C)OO)CC1,1
1140,CCc1ccccc1Nc2ccc(Nc3ccccc3CC)c4C(=O)c5c(O)ccc(O)c5C(=O)c24,CCc1ccccc1Nc1ccc(Nc2ccccc2CC)c2c1C(=O)c1c(O)ccc(O)c1C2=O,1
2697,Cc1c2C3OC3c4ccccc4c2nc5ccc(CO)cc15,Cc1c2c(nc3ccc(CO)cc13)-c1ccccc1C1OC21,0
5301,CC(Br)C(=O)NC(C)(C)C,CC(Br)C(=O)NC(C)(C)C,0
5276,Cc1cc(C)cc(NO)c1,Cc1cc(C)cc(NO)c1,1
2175,Cc1ccc2ccc3c4ccc5c(C)cccc5c4ccc3c2c1,Cc1ccc2ccc3c(ccc4c5cccc(C)c5ccc43)c2c1,0
1571,O1C2C1c3cscc3c4cscc24,c1scc2c1-c1cscc1C1OC21,1
4449,Nc1nc2c(ccc3ncccc23)s1,Nc1nc2c(ccc3ncccc32)s1,1
5713,C=CCOC(=O)c1ccccc1C(=O)OCC=C,C=CCOC(=O)c1ccccc1C(=O)OCC=C,0
6736,ClC(Cl)(Cl)CC1CO1,ClC(Cl)(Cl)CC1CO1,1
1344,[O-][N+](=O)c1ccc2ccc3cc4C=CCCc4c5ccc1c2c35,O=[N+]([O-])c1ccc2ccc3cc4c(c5ccc1c2c35)CCC=C4,1
1256,C1CCC2OCCOCCOCCOC3CCCCC3OCCOCCOCCOC2C1,C1CCC2OCCOCCOCCOC3CCCCC3OCCOCCOCCOC2C1,0
2996,NCC=C,C=CCN,0
6493,OCC(O)C1OC(=O)C(=C1O)O,O=C1OC(C(O)CO)C(O)=C1O,0
5429,CCC(=C)C(=O)c1ccc(OCC(=O)O)c(Cl)c1Cl,C=C(CC)C(=O)c1ccc(OCC(=O)O)c(Cl)c1Cl,0
7008,OC1=CC2=C(C(=C1)O)C(=O)C=C(O2)C3=CC(=C(C=C3)O)O,O=c1cc(-c2ccc(O)c(O)c2)oc2cc(O)cc(O)c12,0
267,c1ccc2cnncc2c1,c1ccc2cnncc2c1,0
733,CCN(CC)c1ccc(cc1)[N+]#N,CCN(CC)c1ccc([N+]#N)cc1,1
1862,OCC1OC(CC1O)N2C=C(C=O)C(=O)NC2=O,O=Cc1cn(C2CC(O)C(CO)O2)c(=O)[nH]c1=O,0
4763,CCCCCCCCCCCC(=O)C,CCCCCCCCCCCC(C)=O,0
3871,BrCc1cccc2c3cccc4cccc(c12)c34,BrCc1cccc2c1-c1cccc3cccc-2c13,1
5978,OC(=O)C(Br)Br,O=C(O)C(Br)Br,1
338,c1ccc2nccnc2c1,c1ccc2nccnc2c1,1
366,CC(=O)c1ccc([nH]1)[N+](=O)[O-],CC(=O)c1ccc([N+](=O)[O-])[nH]1,1
6057,Nc1[nH]ccc2nc3ccccc3c12,Nc1[nH]ccc2nc3ccccc3c1-2,1
4579,ClCCC(Br)CBr,ClCCC(Br)CBr,0
4016,Nc1cc(Cl)c(cc1Cl)c2cc(Cl)c(N)cc2Cl,Nc1cc(Cl)c(-c2cc(Cl)c(N)cc2Cl)cc1Cl,1
2561,CC(C)ON(OC(=O)C)C(=O)c1ccccc1,CC(=O)ON(OC(C)C)C(=O)c1ccccc1,1
3990,Cc1cc(C)cc(c1)[N+](=O)[O-],Cc1cc(C)cc([N+](=O)[O-])c1,1
6985,NCC1CCC(CC1)C(=O)C2=CC=C(C=C2)CCC(O)=O,NCC1CCC(C(=O)c2ccc(CCC(=O)O)cc2)CC1,0
1237,Clc1cc2c3ccccc3ccc2c4ccccc14,Clc1cc2c3ccccc3ccc2c2ccccc12,1
4131,Cc1cc2C(=O)c3cc(O)cc(O)c3C(=O)c2c(O)c1O,Cc1cc2c(c(O)c1O)C(=O)c1c(O)cc(O)cc1C2=O,1
1716,[O-][N+](=O)c1cc(cs1)C(=O)Nc2cccc(Br)c2,O=C(Nc1cccc(Br)c1)c1csc([N+](=O)[O-])c1,1
190,CC1C2C(=Nc3ccccc23)N(C)c4ccc(C)cc14,Cc1ccc2c(c1)C(C)C1C(=Nc3ccccc31)N2C,1
1626,[O-][N+](=O)c1cc[n+]([O-])cc1,O=[N+]([O-])c1cc[n+]([O-])cc1,1
1081,O=C1c2ccccc2c3c1ccc4ccccc34,O=C1c2ccccc2-c2c1ccc1ccccc21,1
2776,O1C2C1c3cccc4C5OC5c6cccc2c6c34,c1cc2c3c(c1)C1OC1c1cccc(c1-3)C1OC21,1
6240,CC(C)CC(=O)O[C@@H]1OC=C(COC(=O)C)C2=C[C@H](OC(=O)CC(C)C)[C@]3(CO3)[C@@H]12,CC(=O)OCC1=CO[C@@H](OC(=O)CC(C)C)[C@H]2C1=C[C@H](OC(=O)CC(C)C)[C@]21CO1,1
480,COc1ccc(cc1[N+](=O)[O-])C2=C(C(=O)c3ccccc3O2)[N+](=O)[O-],COc1ccc(-c2oc3ccccc3c(=O)c2[N+](=O)[O-])cc1[N+](=O)[O-],1
5644,Clc1nncc2ccccc12,Clc1nncc2ccccc12,0
1136,CCCCCCCC[C@H]1CO1,CCCCCCCC[C@H]1CO1,0
4385,CC1=CC(=O)c2[nH]c(C)c3c4ccccc4nc3c2C1=O,CC1=CC(=O)c2[nH]c(C)c3c4ccccc4nc-3c2C1=O,1
1547,Cc1nc2C(=O)C=CC(=O)c2c3[nH]c4ccccc4c13,Cc1nc2c(c3[nH]c4ccccc4c13)C(=O)C=CC2=O,1
4813,C[n+]1c(c2ccc(N)cc2)c3cc(N)ccc3c4ccc(N)cc14,C[n+]1c(-c2ccc(N)cc2)c2cc(N)ccc2c2ccc(N)cc21,1
1201,COP(=S)(OC)OC,COP(=S)(OC)OC,0
2201,OCCN(CCO)c1ccc(cc1)N=Nc2ccc(cc2[N+](=O)[O-])[N+](=O)[O-],O=[N+]([O-])c1ccc(N=Nc2ccc(N(CCO)CCO)cc2)c([N+](=O)[O-])c1,1
5260,Cc1ccc2cc3ccc4ccccc4c3nc2c1,Cc1ccc2cc3ccc4ccccc4c3nc2c1,1
6892,OC1=CC2=C(C(=C1)O)C(C(C(O2)C3=CC=CC=C3)=O)=O,O=C1C(=O)C(c2ccccc2)Oc2cc(O)cc(O)c21,0
6551,CC(=O)NC1=CC=C(C=C1)C(=O)C2OC2C3=CC=CC=C3,CC(=O)Nc1ccc(C(=O)C2OC2c2ccccc2)cc1,1
7072,CC4CC3OC1C(O)C(O)C(C)(C12CO2)C3(CO)C(=O)C4=O,CC1CC2OC3C(O)C(O)C(C)(C34CO4)C2(CO)C(=O)C1=O,0
6232,Nc1ccc(\C=C\c2ccc(Cl)cc2)cc1,Nc1ccc(/C=C/c2ccc(Cl)cc2)cc1,1
4147,OC(=O)CCCCCCCCC(=O)O,O=C(O)CCCCCCCCC(=O)O,0
2010,OC1COC(Nc2ccc(cc2)[N+](=O)[O-])C(O)C1O,O=[N+]([O-])c1ccc(NC2OCC(O)C(O)C2O)cc1,0
6684,COC2=C1C(C5=C(OC1=CC4=C2C3C=COC3O4)C(=CC=C5O)CCC(C)(C)O)=O,COc1c2c(cc3oc4c(CCC(C)(C)O)ccc(O)c4c(=O)c13)OC1OC=CC21,1
6709,C=CC1CO1,C=CC1CO1,1
5979,Cc1ccc(cc1S(=O)(=O)O)N=Nc2c(O)c(cc3ccccc23)C(=O)O,Cc1ccc(N=Nc2c(O)c(C(=O)O)cc3ccccc23)cc1S(=O)(=O)O,0
138,CC1CC(C)(C)c2cc(C(=O)C)c(C)cc2C1(C)C,CC(=O)c1cc2c(cc1C)C(C)(C)C(C)CC2(C)C,0
4429,CC(=O)ON(OCc1ccc(Cl)cc1)C(=O)c2ccccc2,CC(=O)ON(OCc1ccc(Cl)cc1)C(=O)c1ccccc1,1
5486,Nc1c([nH]c2ccccc12)C(=O)N\N=C\c3ccccc3,Nc1c(C(=O)N/N=C/c2ccccc2)[nH]c2ccccc12,0
6770,CC1CS(=O)(=O)CCN1N=CC2=CC=C(O2)[N+]([O-])=O,CC1CS(=O)(=O)CCN1N=Cc1ccc([N+](=O)[O-])o1,1
5158,Oc1c(Cl)cc(Cl)cc1Cl,Oc1c(Cl)cc(Cl)cc1Cl,0
6395,CC(=O)C=O,CC(=O)C=O,1
4802,C\C=C\1/CC(C)C(C)(O)C(=O)OCC2=CCN3CCC(OC1=O)C23,C/C=C1\CC(C)C(C)(O)C(=O)OCC2=CCN3CCC(OC1=O)C23,0
5200,ClC(=O)c1ccc(Cl)cc1Cl,O=C(Cl)c1ccc(Cl)cc1Cl,1
1434,OC(=O)c1nn(Cc2ccc(Cl)cc2Cl)c3ccccc13,O=C(O)c1nn(Cc2ccc(Cl)cc2Cl)c2ccccc12,0
1567,CN=[N+](C)[O-],CN=[N+](C)[O-],1
4780,Fc1ccccc1C(=O)Cl,O=C(Cl)c1ccccc1F,1
5600,Cc1cccc(c1)N=O,Cc1cccc(N=O)c1,0
6555,CC1=C(C=CC(=C1)N)N,Cc1cc(N)ccc1N,1
3995,Cc1ccc(cc1N=C=O)N=C=O,Cc1ccc(N=C=O)cc1N=C=O,1
867,COc1ccc(CN2C3C2c4ccccc4c5ccccc35)cc1,COc1ccc(CN2C3c4ccccc4-c4ccccc4C32)cc1,1
7121,C(C)N1c2cc(N)ccc2c2ccc(N)cc2C1c1ccccc1,CCN1c2cc(N)ccc2-c2ccc(N)cc2C1c1ccccc1,1
2162,CCN(CC)CCO,CCN(CC)CCO,0
3713,Nc1ccc2nc3ccc(N)cc3[s+]c2c1,Nc1ccc2nc3ccc(N)cc3[s+]c2c1,1
1044,CCC[C@@H](O)[C@@H](CC)CO,CCC[C@@H](O)[C@@H](CC)CO,0
5657,COP(=O)(NC(=O)C)SC,COP(=O)(NC(C)=O)SC,0
5839,CC(=O)Nc1cc(O)c2ccc3cccc4ccc1c2c34,CC(=O)Nc1cc(O)c2ccc3cccc4ccc1c2c34,1
4724,CCN1CCN=N1,CCN1CCN=N1,1
6873,[O-][N+](=O)C1=CC=C(S1)NC(=O)NCCCl,O=C(NCCCl)Nc1ccc([N+](=O)[O-])s1,1
2326,[O-][N+](=O)c1ccc2ccc3c(ccc4ccc1c2c34)[N+](=O)[O-],O=[N+]([O-])c1ccc2ccc3c([N+](=O)[O-])ccc4ccc1c2c43,1
24,NNc1nnc(NN)c2ccccc12,NNc1nnc(NN)c2ccccc12,1
3263,CC[N+]([O-])(CC)CCn1nc2c3ccc(Cl)cc3Sc4c(CO)ccc1c24,CC[N+]([O-])(CC)CCn1nc2c3c(c(CO)ccc31)Sc1cc(Cl)ccc1-2,1
2477,CC(=O)C(Cl)(Cl)Cl,CC(=O)C(Cl)(Cl)Cl,1
4352,CN1c2ccccc2C(=O)c3c(O)cc4OC(Cc4c13)C5(C)CO5,Cn1c2ccccc2c(=O)c2c(O)cc3c(c21)CC(C1(C)CO1)O3,1
5413,CN(C)c1nc(nc(n1)N(C)C)N(C)C,CN(C)c1nc(N(C)C)nc(N(C)C)n1,0
5923,CN(C)C(=O)c1nc2CN=C(c3ccccc3Cl)c4cc(Cl)ccc4n2n1,CN(C)C(=O)c1nc2n(n1)-c1ccc(Cl)cc1C(c1ccccc1Cl)=NC2,0
4790,COC(=O)c1oc(NOC(=O)C)c(c2ccccc2)c1c3ccccc3,COC(=O)c1oc(NOC(C)=O)c(-c2ccccc2)c1-c1ccccc1,0
5772,CCC\C=N/O,CCC/C=N\O,1
6031,CCOC(=O)C(=C)C,C=C(C)C(=O)OCC,0
6732,CCC(C)NC(=O)C=CC1=CC=C(O1)[N+]([O-])=O,CCC(C)NC(=O)C=Cc1ccc([N+](=O)[O-])o1,1
7047,OCC(O)C(O)C(OC1OC(CO)C(O)C(O)C1O)C(O)CO,OCC(O)C(O)C(OC1OC(CO)C(O)C(O)C1O)C(O)CO,0
1726,Clc1cccc(Cl)c1C=O,O=Cc1c(Cl)cccc1Cl,0
4286,CC\C(=C(\CC)/c1ccc(OP(=O)(O)O)cc1)\c2ccc(OP(=O)(O)O)cc2,CC/C(=C(/CC)c1ccc(OP(=O)(O)O)cc1)c1ccc(OP(=O)(O)O)cc1,0
4514,ClCc1ccc(Cl)cc1,ClCc1ccc(Cl)cc1,0
3163,OC(=O)c1cccc(c1)C(=O)O,O=C(O)c1cccc(C(=O)O)c1,0
3587,CC(C)(Oc1ccc(cc1)C(=O)c2ccc(Cl)cc2)C(=O)O,CC(C)(Oc1ccc(C(=O)c2ccc(Cl)cc2)cc1)C(=O)O,0
3717,CC1=Cc2nc3c(ccc4ccccc34)c(C)c2C(O)C1O,CC1=Cc2nc3c(ccc4ccccc43)c(C)c2C(O)C1O,1
270,Oc1ccc(cc1[N+](=O)[O-])c2ccc(O)c(c2)[N+](=O)[O-],O=[N+]([O-])c1cc(-c2ccc(O)c([N+](=O)[O-])c2)ccc1O,0
2337,[O-][N+](=O)c1oc(\C=N\N2CCNC2=O)cc1,O=C1NCCN1/N=C/c1ccc([N+](=O)[O-])o1,1
4231,Cc1ccc2ccccc2c1[N+](=O)[O-],Cc1ccc2ccccc2c1[N+](=O)[O-],1
6206,[O-][N+](=O)c1cc(c2[nH]c3cnc(cc3c2c1)[N+](=O)[O-])[N+](=O)[O-],O=[N+]([O-])c1cc([N+](=O)[O-])c2[nH]c3cnc([N+](=O)[O-])cc3c2c1,1
6523,CC1(C)SC2C(NC(=O)C(N)c3ccccc3)C(=O)N2C1C(=O)O,CC1(C)SC2C(NC(=O)C(N)c3ccccc3)C(=O)N2C1C(=O)O,0
225,CN1CCN(CC1)c2ccc3[nH]c(nc3c2)c4ccc5[nH]c(nc5c4)c6ccc(O)cc6,CN1CCN(c2ccc3[nH]c(-c4ccc5[nH]c(-c6ccc(O)cc6)nc5c4)nc3c2)CC1,0
2773,[O-][N+](=O)c1ccc2N(S\C(=N/C(=O)c3ccc(Cl)c(Cl)c3)\c2c1)C(=O)c4ccc(Cl)c(Cl)c4,O=C(/N=c1\sn(C(=O)c2ccc(Cl)c(Cl)c2)c2ccc([N+](=O)[O-])cc12)c1ccc(Cl)c(Cl)c1,1
5108,CCCc1ccc2OCOc2c1,CCCc1ccc2c(c1)OCO2,0
5495,CCCCCCCCCCCC=C,C=CCCCCCCCCCCC,0
1670,Oc1ccc2c(cccc2c1)S(=O)(=O)O,O=S(=O)(O)c1cccc2cc(O)ccc12,0
1329,Cc1ccsc1,Cc1ccsc1,0
4216,Oc1ccc(\C=N\n2nnc3c4ccccc4nc3c2O)cc1,Oc1ccc(/C=N/n2nnc3c4ccccc4nc-3c2O)cc1,1
468,CC(=O)ON(OCc1ccc(C)cc1)C(=O)c2ccccc2,CC(=O)ON(OCc1ccc(C)cc1)C(=O)c1ccccc1,1
374,CCOCCOCCOCC,CCOCCOCCOCC,0
38,C(Cc1ccc(cc1)c2ccccc2)[C@H]3CO3,c1ccc(-c2ccc(CC[C@H]3CO3)cc2)cc1,1
5494,O=Cc1ccccc1,O=Cc1ccccc1,0
7218,CC(=O)OC(C1CO1)c1ccc2OCOc2c1,CC(=O)OC(c1ccc2c(c1)OCO2)C1CO1,1
5762,ClC1=CC(=O)C=CC1=O,O=C1C=CC(=O)C(Cl)=C1,0
4655,OCCCBr,OCCCBr,1
4474,NC1(CCCC1)C(=O)O,NC1(C(=O)O)CCCC1,0
128,CN(C1CCN(CC1)c2nc3ccccc3n2Cc4ccc(F)cc4)c5nccc(O)n5,CN(c1nccc(O)n1)C1CCN(c2nc3ccccc3n2Cc2ccc(F)cc2)CC1,0
150,CCCCCCCCCCCCCCCCCCNC(=O)CCCCCCCCCCC\C=C\CCCCCCCC,CCCCCCCC/C=C/CCCCCCCCCCCC(=O)NCCCCCCCCCCCCCCCCCC,0
2253,Cc1[nH]cnc1CSCCN=C(NCC#C)NC#N,C#CCNC(=NCCSCc1nc[nH]c1C)NC#N,0
670,Cc1c2ccccc2cc3ccc4ccccc4c13,Cc1c2ccccc2cc2ccc3ccccc3c12,1
6340,CCCCOCCOCCOCc1cc2OCOc2cc1CCC,CCCCOCCOCCOCc1cc2c(cc1CCC)OCO2,0
3586,Cc1cc(ccc1N)[N+](=O)[O-],Cc1cc([N+](=O)[O-])ccc1N,1
2592,Nc1cccc(c1)S(=O)(=O)O,Nc1cccc(S(=O)(=O)O)c1,0
2656,[O-][N+](=O)c1c2C=CCCc2c3ccc4cccc5ccc1c3c45,O=[N+]([O-])c1c2c(c3ccc4cccc5ccc1c3c45)CCC=C2,1
6998,OC(C(COC(=O)CCC(O)=O)NC(=O)C(Cl)Cl)C1=CC=C(C=C1)[N+]([O-])=O,O=C(O)CCC(=O)OCC(NC(=O)C(Cl)Cl)C(O)c1ccc([N+](=O)[O-])cc1,0
7115,C(CCCC(=O)O)C1CCSS1,O=C(O)CCCCC1CCSS1,0
3093,COC(=O)C1=C(C)C(OC1=O)C(C)C,COC(=O)C1=C(C)C(C(C)C)OC1=O,1
3044,Clc1ccc(CC#N)cc1,N#CCc1ccc(Cl)cc1,0
1376,COc1cc(cc(OC)c1O)[C@H]2[C@H]3[C@H](COC3=O)[C@H](O[C@@H]4O[C@@H]5CO[C@H](O[C@H]5[C@H](O)[C@@H]4O)c6cccs6)c7cc8OCOc8cc27,COc1cc([C@@H]2c3cc4c(cc3[C@@H](O[C@@H]3O[C@@H]5CO[C@@H](c6cccs6)O[C@H]5[C@H](O)[C@@H]3O)[C@H]3COC(=O)[C@@H]23)OCO4)cc(OC)c1O,1
3945,Nc1ccc(\C=C\c2ccc(cc2)[N+](=O)[O-])cc1,Nc1ccc(/C=C/c2ccc([N+](=O)[O-])cc2)cc1,1
2377,CC(C)CCOC(=O)C,CC(=O)OCCC(C)C,0
5387,OCCN(CCO)c1ccc(cc1)N=Nc2ccc(nc2)N(CCO)CCO,OCCN(CCO)c1ccc(N=Nc2ccc(N(CCO)CCO)nc2)cc1,0
2514,N#Cc1cccc(c1)C#N,N#Cc1cccc(C#N)c1,0
1060,CCC12OC1O2,CCC12OC1O2,1
983,CC(C)(C)NCC(O)COc1ccccc1C2=CCCC2,CC(C)(C)NCC(O)COc1ccccc1C1=CCCC1,0
3947,CC(C)(C)C1=CC(=O)C=CC1=O,CC(C)(C)C1=CC(=O)C=CC1=O,1
4032,CN(C)CCN(Cc1ccc(O)cc1)c2ccccn2,CN(C)CCN(Cc1ccc(O)cc1)c1ccccn1,0
1391,COc1ccccc1O,COc1ccccc1O,0
251,[O-][N+](=O)c1ccc2c3ccccc3cc(c2c1)[N+](=O)[O-],O=[N+]([O-])c1ccc2c(c1)c([N+](=O)[O-])cc1ccccc12,1
1026,COc1ccccc1N,COc1ccccc1N,1
2578,CN1c2ccc3OCCOCCOCCOCCOCCOCCOc4ccc1c(c4)C(=S)c2c3,Cn1c2ccc3cc2c(=S)c2cc(ccc21)OCCOCCOCCOCCOCCOCCO3,0
5627,Cn1c(COC(=O)N)ncc1[N+](=O)[O-],Cn1c([N+](=O)[O-])cnc1COC(N)=O,1
4846,Oc1c(cc2ccc3cccc4ccc1c2c34)[N+](=O)[O-],O=[N+]([O-])c1cc2ccc3cccc4ccc(c1O)c2c34,1
4691,OCCN(CCO)c1ccc(cc1)N=Nc2cccnc2,OCCN(CCO)c1ccc(N=Nc2cccnc2)cc1,0
6399,CCCCCCCCCCCCc1ccccc1,CCCCCCCCCCCCc1ccccc1,0
2214,OCC(O)C(N=N#N)c1ccccc1,[N-]=[N+]=NC(c1ccccc1)C(O)CO,1
2001,CCCCCCOC[C@H]1CO1,CCCCCCOC[C@H]1CO1,1
2912,O=C\C=C/c1occc1,O=C/C=C\c1ccco1,0
44,COC1(CCCC1)OC2CCC3C4CCC5CC6SC6CC5(C)C4CCC23C,COC1(OC2CCC3C4CCC5CC6SC6CC5(C)C4CCC23C)CCCC1,0
3092,OC(=O)c1c[n+]([O-])c2ccccc2[n+]1[O-],O=C(O)c1c[n+]([O-])c2ccccc2[n+]1[O-],1
2826,[O-][N+](=O)c1ccc2N(S\C(=N/C(=O)CCCCl)\c2c1)C(=O)CCCCl,O=C(CCCCl)/N=c1\sn(C(=O)CCCCl)c2ccc([N+](=O)[O-])cc12,1
1108,CCO[C@@H]1C[C@@H]2[C@@H](C)C[C@H]3OC(=O)C(=C)[C@H]3C[C@@]2(C)[C@H](OCC)O1,C=C1C(=O)O[C@@H]2C[C@H](C)[C@H]3C[C@@H](OCC)O[C@@H](OCC)[C@]3(C)C[C@H]12,1
4851,Nc1nc2ncnc2c[nH]1,Nc1nc2ncnc-2c[nH]1,0
389,Cc1ccc(CN2C3C2c4ccccc4c5ccccc35)cc1,Cc1ccc(CN2C3c4ccccc4-c4ccccc4C32)cc1,1
1961,NC(=O)c1ccc(N)cc1,NC(=O)c1ccc(N)cc1,0
5943,CCN1C=C(C(=O)O)C(=O)c2cc(F)c(c(F)c12)c3ccncc3,CCn1cc(C(=O)O)c(=O)c2cc(F)c(-c3ccncc3)c(F)c21,0
5044,CC(=O)Nc1cccc(O)c1,CC(=O)Nc1cccc(O)c1,0
1315,OCCc1ccccc1,OCCc1ccccc1,0
3420,Oc1c2C(=N)CCC(=N)c2c(O)c3ccccc13,N=C1CCC(=N)c2c1c(O)c1ccccc1c2O,1
6048,Cc1ccc(cc1N=[N+]([O-])c2cc(ccc2C)[N+](=O)[O-])[N+](=O)[O-],Cc1ccc([N+](=O)[O-])cc1N=[N+]([O-])c1cc([N+](=O)[O-])ccc1C,0
1885,Nc1ccc(\C=C\C(=O)O)cc1,Nc1ccc(/C=C/C(=O)O)cc1,0
6619,[O-][N+](=O)C1=CC=C(C=C1)C=NN4N=NC2=C([NH]C3=CC=CC=C23)C4=O,O=c1c2[nH]c3ccccc3c2nnn1N=Cc1ccc([N+](=O)[O-])cc1,1
3214,NC(CCS\C(=C\Cl)\Cl)C(=O)O,NC(CCS/C(Cl)=C/Cl)C(=O)O,1
6884,CCCCC(CC)COC(=O)C=CC1=CC=C(C=C1)OC,CCCCC(CC)COC(=O)C=Cc1ccc(OC)cc1,0
2725,Nc1ccc2nc3c(N)cccc3nc2c1,Nc1ccc2nc3c(N)cccc3nc2c1,1
5400,Oc1nc2ccccc2n1C3CCN(CCCC(c4ccc(F)cc4)c5ccc(F)cc5)CC3,Oc1nc2ccccc2n1C1CCN(CCCC(c2ccc(F)cc2)c2ccc(F)cc2)CC1,0
5167,O1c2ccccc2Sc3ccccc13,c1ccc2c(c1)Oc1ccccc1S2,0
3699,CC1C2C(=Nc3ccccc23)N(C)c4c(C)cccc14,Cc1cccc2c1N(C)C1=Nc3ccccc3C1C2C,1
1275,COc1ccc(CO)cc1,COc1ccc(CO)cc1,0
1114,Oc1ccc2c3ccccc3C(=O)c4cccc1c24,O=C1c2ccccc2-c2ccc(O)c3cccc1c23,1
3606,[O-][N+](=O)c1ccc2ccc3cc4CCCCc4c5ccc1c2c35,O=[N+]([O-])c1ccc2ccc3cc4c(c5ccc1c2c35)CCCC4,1
703,Cc1cccc(c1[N+](=O)[O-])[N+](=O)[O-],Cc1cccc([N+](=O)[O-])c1[N+](=O)[O-],1
156,OC(=O)c1c(Cl)c(Cl)c(Cl)c2Oc3c(Br)c(O)c(Br)cc3C(=O)c12,O=C(O)c1c(Cl)c(Cl)c(Cl)c2oc3c(Br)c(O)c(Br)cc3c(=O)c12,0
5140,Oc1c(Br)c(Br)c(Br)c(Br)c1Br,Oc1c(Br)c(Br)c(Br)c(Br)c1Br,0
3331,CSCNc1ccccc1,CSCNc1ccccc1,1
1524,OC(=O)c1ccc(Cl)c(c1)[N+](=O)[O-],O=C(O)c1ccc(Cl)c([N+](=O)[O-])c1,1
3101,Cc1cc(C(=O)O)c2ncccc2c1,Cc1cc(C(=O)O)c2ncccc2c1,0
6394,FC(F)(F)c1ccc(Cl)cc1,FC(F)(F)c1ccc(Cl)cc1,0
2027,COC(=O)C12OC1(C)C(C)OC2=O,COC(=O)C12OC1(C)C(C)OC2=O,1
1456,C=CCN1C2C1c3ccccc3c4ccccc24,C=CCN1C2c3ccccc3-c3ccccc3C21,1
1642,CC(O)C(C)O,CC(O)C(C)O,0
2939,ON(C=O)c1ccc(Oc2ccc(Cl)cc2)cc1,O=CN(O)c1ccc(Oc2ccc(Cl)cc2)cc1,1
4461,OC1=C(O)C23CCCCC2(O3)c4cc5ccc6ccccc6c5nc14,OC1=C(O)C23CCCCC2(O3)c2cc3ccc4ccccc4c3nc21,0
4123,CCOc1ccccc1OCC2CNCCO2,CCOc1ccccc1OCC1CNCCO1,0
4852,CC(=C)C(=O)OCC(O)COc1ccc(cc1)C(C)(C)c2ccc(OCC(O)COC(=O)C(=C)C)cc2,C=C(C)C(=O)OCC(O)COc1ccc(C(C)(C)c2ccc(OCC(O)COC(=O)C(=C)C)cc2)cc1,0
7139,N1=C(N)SCC1C(=O)O,NC1=NC(C(=O)O)CS1,0
1389,CCCCCCCCCCCCCCCC(=O)O,CCCCCCCCCCCCCCCC(=O)O,0
4060,Cn1cncc1[N+](=O)[O-],Cn1cncc1[N+](=O)[O-],1
5239,N[C@H](Cc1c[nH]c2ccccc12)C(=O)O,N[C@H](Cc1c[nH]c2ccccc12)C(=O)O,0
1066,CCc1cccc(CC)c1N=O,CCc1cccc(CC)c1N=O,1
7122,Cc1c(C(=O)O)c(O)cc2C(=O)c3c(O)c(O)c(C4OC(CO)C(O)C(O)C4O)c(O)c3C(=O)c12,Cc1c(C(=O)O)c(O)cc2c1C(=O)c1c(O)c(C3OC(CO)C(O)C(O)C3O)c(O)c(O)c1C2=O,1
7135,CCCCCc1cc(O)c2C3C=C(C)CCC3C(C)(C)Oc2c1,CCCCCc1cc(O)c2c(c1)OC(C)(C)C1CCC(C)=CC21,0
3572,OCC(O)C(O)C(O)C(O)CN=N#N,[N-]=[N+]=NCC(O)C(O)C(O)C(O)CO,1
2487,CC(=O)Nc1ccc2cccnc2c1,CC(=O)Nc1ccc2cccnc2c1,1
61,Nc1ccc(Oc2cccc(Oc3ccc(N)cc3)c2)cc1,Nc1ccc(Oc2cccc(Oc3ccc(N)cc3)c2)cc1,1
3008,Cc1ccc2cc3c(ccc4ccccc34)cc2c1,Cc1ccc2cc3c(ccc4ccccc43)cc2c1,1
2045,CC(=O)Nc1cccc2cccnc12,CC(=O)Nc1cccc2cccnc12,1
3911,Oc1ccc(Cl)cc1Cl,Oc1ccc(Cl)cc1Cl,0
5299,Clc1ccc(C=O)cc1,O=Cc1ccc(Cl)cc1,0
2073,CCCCCCOC(=O)c1ccccc1,CCCCCCOC(=O)c1ccccc1,0
3897,CSc1ncnc2c1ncn2CC(O)CN=N#N,CSc1ncnc2c1ncn2CC(O)CN=[N+]=[N-],1
6552,[O-][N+]([O-])=C1CCCC1,[O-][N+]([O-])=C1CCCC1,1
6431,ClC1=C(Cl)C2(Cl)C3COS(=O)OCC3C1(Cl)C2(Cl)Cl,O=S1OCC2C(CO1)C1(Cl)C(Cl)=C(Cl)C2(Cl)C1(Cl)Cl,0
1561,CCCCOc1ccc(\C=N\c2ccc(CC)cc2)cc1,CCCCOc1ccc(/C=N/c2ccc(CC)cc2)cc1,1
6747,CCOP(=O)(OCC)C(C)NC(=O)N(CCCl)N=O,CCOP(=O)(OCC)C(C)NC(=O)N(CCCl)N=O,1
1728,ClCC1(C(Cl)Cl)C2C(Cl)C(Cl)C1(C(Cl)Cl)C(Cl)C2Cl,ClCC1(C(Cl)Cl)C2C(Cl)C(Cl)C1(C(Cl)Cl)C(Cl)C2Cl,0
6617,O=C2C1=C(C=CC=C1)C4=C2C=C3C=CC=CC3=C4,O=C1c2ccccc2-c2cc3ccccc3cc21,1
6079,CC\C=C\C=O,CC/C=C/C=O,1
5025,Nc1ccccc1[N+](=O)[O-],Nc1ccccc1[N+](=O)[O-],0
449,CCN(CCCl)c1ccc(OCCCCCNc2c3ccccc3nc4ccccc24)cc1,CCN(CCCl)c1ccc(OCCCCCNc2c3ccccc3nc3ccccc23)cc1,1
1856,Cc1ccc(Nc2ccc(O)c3C(=O)c4ccccc4C(=O)c23)cc1,Cc1ccc(Nc2ccc(O)c3c2C(=O)c2ccccc2C3=O)cc1,0
3436,ClCCCl,ClCCCl,1
3914,Oc1ccccc1C(=O)OCc2ccccc2,O=C(OCc1ccccc1)c1ccccc1O,0
2116,ClCC(Cl)CCl,ClCC(Cl)CCl,1
3150,CCN(CCC#N)c1cc(NC(=O)C)c(cc1OC)n2nc3c(Br)cc(N)c(Cl)c3n2,CCN(CCC#N)c1cc(NC(C)=O)c(-n2nc3c(Br)cc(N)c(Cl)c3n2)cc1OC,1
631,Cl[C@H]1C=C[C@@H]2[C@@H]1[C@@]3(Cl)C(=C(Cl)[C@]2(Cl)C3(Cl)Cl)Cl,ClC1=C(Cl)[C@]2(Cl)[C@@H]3[C@@H](Cl)C=C[C@H]3[C@@]1(Cl)C2(Cl)Cl,0
3603,CC(C)C1=C(C)N(C)N(C1=O)c2ccccc2,Cc1c(C(C)C)c(=O)n(-c2ccccc2)n1C,0
7050,O[N+]([O-])=C2C1=C(C=CC=C1)C(=O)C3=C2C=CC=C3,O=C1c2ccccc2C(=[N+]([O-])O)c2ccccc21,0
3902,[O-][N+](=O)c1cc(ccc1F)N=N#N,[N-]=[N+]=Nc1ccc(F)c([N+](=O)[O-])c1,1
3465,CN(C)c1ccc(cc1)N=Nc2ccc3ccccc3c2,CN(C)c1ccc(N=Nc2ccc3ccccc3c2)cc1,1
2800,CCSc1cc(Cc2ccc(N)c(SCC)c2)ccc1N,CCSc1cc(Cc2ccc(N)c(SCC)c2)ccc1N,1
6584,COC(=O)C1=CC=C(C=C1)C=NN4N=NC2=C([NH]C3=CC=CC=C23)C4=O,COC(=O)c1ccc(C=Nn2nnc3c([nH]c4ccccc43)c2=O)cc1,1
1880,CCc1ccnc2ccccc12,CCc1ccnc2ccccc12,0
1613,c1ccsc1,c1ccsc1,0
3625,COc1ccc(OC)cc1,COc1ccc(OC)cc1,0
85,Oc1ccc2c3ccc(O)c4C(=O)C=C[C@@](O)([C@@H]5[C@H]6O[C@H]6C(=O)c1c25)c34,O=C1C=C[C@]2(O)c3c(ccc(O)c31)-c1ccc(O)c3c1[C@H]2[C@H]1O[C@H]1C3=O,1
7276,O=C(OC1C(=CCC(C(=C)C)C1)C)C,C=C(C)C1CC=C(C)C(OC(C)=O)C1,0
6625,CCC(=O)C2=C1C=CC=C(C1=C(C3=C(C=CC=C23)O)O)O,CCC(=O)c1c2cccc(O)c2c(O)c2c(O)cccc12,1
2180,OC1OC(=O)C(=C1C(Br)Br)Cl,O=C1OC(O)C(C(Br)Br)=C1Cl,1
3011,OC1C(O)c2cc3ccc4cccc5ccc(c2C(O)C1S(=O)(=O)O)c3c45,O=S(=O)(O)C1C(O)c2c(cc3ccc4cccc5ccc2c3c45)C(O)C1O,0
1978,Fc1cc2cccnc2c3cccnc13,Fc1cc2cccnc2c2cccnc12,1
1851,Nc1ncnc2c1ncn2C3CC(O)C(CO)O3,Nc1ncnc2c1ncn2C1CC(O)C(CO)O1,0
4467,[O-][N+](=O)c1ccc2ccc3cc4CCC=Cc4c5ccc1c2c35,O=[N+]([O-])c1ccc2ccc3cc4c(c5ccc1c2c35)C=CCC4,1
4243,CN(C)\C=N\c1ccc(Cl)cc1C,Cc1cc(Cl)ccc1/N=C/N(C)C,0
2412,OC[C@H]1O[C@H]([C@H](O)[C@@H]1O)N(N=O)c2ccc(cc2)[N+](=O)[O-],O=NN(c1ccc([N+](=O)[O-])cc1)[C@@H]1O[C@H](CO)[C@@H](O)[C@H]1O,1
258,CCC1(O)CC(OC2CC(C(OC3CC(O)C(O)C(C)O3)C(C)O2)N(C)C)c4c(O)c5C(=O)c6c(O)ccc(O)c6C(=O)c5cc4C1C(=O)OC,CCC1(O)CC(OC2CC(N(C)C)C(OC3CC(O)C(O)C(C)O3)C(C)O2)c2c(cc3c(c2O)C(=O)c2c(O)ccc(O)c2C3=O)C1C(=O)OC,1
2143,CC(=CCOc1c2OC(=O)C=Cc2cc3ccoc13)C,CC(C)=CCOc1c2occc2cc2ccc(=O)oc12,1
6357,CCN(CC)CCNc1ccc(C)c2Sc3ccccc3C(=O)c12,CCN(CC)CCNc1ccc(C)c2sc3ccccc3c(=O)c12,1
6718,CC(C)(COCC1CO1)COCC2CO2,CC(C)(COCC1CO1)COCC1CO1,1
2867,CCN(CC)CCC[C@@H](C)Nc1c2ccc(Cl)cc2nc3ccc(OC)cc13,CCN(CC)CCC[C@@H](C)Nc1c2ccc(Cl)cc2nc2ccc(OC)cc12,1
4697,c1ccc2cc3cc4ccccc4cc3cc2c1,c1ccc2cc3cc4ccccc4cc3cc2c1,1
4305,Cn1ccnc1S,Cn1ccnc1S,0
6639,OC(=O)CC=[N+](O)[O-],O=C(O)CC=[N+]([O-])O,1
5396,CCCCCNC(=O)\C=C\c1oc(cc1)[N+](=O)[O-],CCCCCNC(=O)/C=C/c1ccc([N+](=O)[O-])o1,1
2811,N#CCCCCC#N,N#CCCCCC#N,0
1798,Oc1ccccc1c2oc3ccccc3n2,Oc1ccccc1-c1nc2ccccc2o1,0
3876,CCCNC(=O)NS(=O)(=O)c1ccc(Cl)cc1,CCCNC(=O)NS(=O)(=O)c1ccc(Cl)cc1,0
6510,CNN,CNN,1
5758,OCc1c(O)cc2C(=O)c3ccccc3C(=O)c2c1O,O=C1c2ccccc2C(=O)c2c1cc(O)c(CO)c2O,1
5401,Clc1nncc2ccncc12,Clc1nncc2ccncc12,0
7110,CN1C2CC(CC1C3OC23)OC(=O)C(CO)C4=CC=CC=C4,CN1C2CC(OC(=O)C(CO)c3ccccc3)CC1C1OC12,0
350,CC(=O)\C=C/C1=C(C)CCCC1(C)C,CC(=O)/C=C\C1=C(C)CCCC1(C)C,0
5548,C1Cc2scnc2c3cccnc13,c1cnc2c(c1)-c1ncsc1CC2,0
1194,[N-]=[N+]=NCCc1ccccc1,[N-]=[N+]=NCCc1ccccc1,1
6042,COc1cc2c(CCN[C@]23CSC4[C@H]5[C@@H]6N(C)[C@@H](Cc7cc(C)c(OC)c(O)c67)[C@H](O)N5[C@@H](COC3=O)c8c9OCOc9c(C)c(OC(=O)C)c48)cc1O,COc1cc2c(cc1O)CCN[C@]21CSC2c3c(OC(C)=O)c(C)c4c(c3[C@H](COC1=O)N1[C@@H](O)[C@@H]3Cc5cc(C)c(OC)c(O)c5[C@H]([C@H]21)N3C)OCO4,1
6929,CCCCCC=[N+](O)[O-],CCCCCC=[N+]([O-])O,0
6134,O=C1NCNC(=O)N1,O=C1NCNC(=O)N1,1
5391,CC(C)CCCCCOC(=O)c1ccccc1C(=O)OCCCCCC(C)C,CC(C)CCCCCOC(=O)c1ccccc1C(=O)OCCCCCC(C)C,0
2065,COC(=O)c1oc(cc1)[N+](=O)[O-],COC(=O)c1ccc([N+](=O)[O-])o1,1
3974,COc1ccccc1NC(=O)[C@H](N=Nc2ccc(cc2OC)[N+](=O)[O-])C(=O)C,COc1cc([N+](=O)[O-])ccc1N=N[C@H](C(C)=O)C(=O)Nc1ccccc1OC,0
4194,Cc1ccc2c(C)c3ccc4C(O)C(O)C=Cc4c3nc2c1,Cc1ccc2c(C)c3ccc4c(c3nc2c1)C=CC(O)C4O,1
2538,Cc1ccccc1O,Cc1ccccc1O,0
2071,OCCOc1ccccc1,OCCOc1ccccc1,0
3996,ClC(=C)C#N,C=C(Cl)C#N,0
1345,CC1(C)Cc2ncccc2c3nc(N)sc13,CC1(C)Cc2ncccc2-c2nc(N)sc21,1
1336,Cc1cc(C)c(N)c(C)c1N,Cc1cc(C)c(N)c(C)c1N,1
4227,c1cc2ccc3ccnc4ccc(c1)c2c34,c1cc2ccc3ccnc4ccc(c1)c2c34,1
846,Oc1ccccc1c2ccccc2,Oc1ccccc1-c1ccccc1,0
2450,NC(=O)N\N=C\C(=O)O,NC(=O)N/N=C/C(=O)O,0
361,COCC(=O)O,COCC(=O)O,0
6745,O=C(OCC1CO1)C2CCCCC2C(=O)OCC3CO3,O=C(OCC1CO1)C1CCCCC1C(=O)OCC1CO1,1
3540,CCCCN(N=O)\C(=N\O)\C=O,CCCCN(N=O)/C(C=O)=N/O,1
3931,OCCN=N#N,[N-]=[N+]=NCCO,1
3121,CC(Br)C(Br)CCl,CC(Br)C(Br)CCl,1
6184,Nc1cccc(O)c1,Nc1cccc(O)c1,1
1339,Nc1ccc2c3cccc4cccc(c2c1)c34,Nc1ccc2c(c1)-c1cccc3cccc-2c13,1
743,ClC(COCC(Cl)C(Cl)(Cl)Cl)C(Cl)(Cl)Cl,ClC(COCC(Cl)C(Cl)(Cl)Cl)C(Cl)(Cl)Cl,1
5869,Cc1ccc2ccccc2c1C,Cc1ccc2ccccc2c1C,0
7155,Cc1ccc2cc3c(ccc4ccccc34)c3C(O)Cc1c23,Cc1ccc2cc3c(ccc4ccccc43)c3c2c1CC3O,1
6909,O=C1NC(=O)C2CC=CCC12,O=C1NC(=O)C2CC=CCC12,0
259,CCCCCCCCC=O,CCCCCCCCC=O,0
5568,CN1C(=O)CN=C(c2ccccc2)c3cc(Cl)ccc13,CN1C(=O)CN=C(c2ccccc2)c2cc(Cl)ccc21,0
6949,CC(=O)OC1=CC2=C(C=C1)C(=CC(=O)O2)CBr,CC(=O)Oc1ccc2c(CBr)cc(=O)oc2c1,0
4316,CCN=[N+]([O-])CC,CCN=[N+]([O-])CC,0
177,Cc1cnc(S)nc1O,Cc1cnc(S)nc1O,0
5946,[O-][N+](=O)c1ccc(cc1)c2nc3sccn3c2[N+](=O)[O-],O=[N+]([O-])c1ccc(-c2nc3sccn3c2[N+](=O)[O-])cc1,1
5866,Nc1ccc2cc(c(N=Nc3ccc(cc3)c4ccc(cc4)N=Nc5c(O)c6c(N)cc(cc6cc5S(=O)(=O)O)S(=O)(=O)O)c(O)c2c1)S(=O)(=O)O,Nc1ccc2cc(S(=O)(=O)O)c(N=Nc3ccc(-c4ccc(N=Nc5c(S(=O)(=O)O)cc6cc(S(=O)(=O)O)cc(N)c6c5O)cc4)cc3)c(O)c2c1,1
939,CCCCOC(=O)CCC,CCCCOC(=O)CCC,0
6188,N\N=C\1/N=NC=C2C=CC=C[C@H]12,N/N=C1\N=NC=C2C=CC=C[C@@H]21,1
2068,CN(Cc1ccc(F)cc1)N=O,CN(Cc1ccc(F)cc1)N=O,1
5697,CC(Br)C(=O)NCc1ccccc1,CC(Br)C(=O)NCc1ccccc1,1
877,[O-][N+](=O)c1ccc2ccc3cc4ccccc4c5ccc1c2c35,O=[N+]([O-])c1ccc2ccc3cc4ccccc4c4ccc1c2c34,1
7186,CC1(C)C(C=C(Br)Br)C1C(=O)OC(C#N)c1cccc(Oc2ccccc2)c1,CC1(C)C(C=C(Br)Br)C1C(=O)OC(C#N)c1cccc(Oc2ccccc2)c1,0
1214,Nc1ccc2c(Cc3cc(N)ccc23)c1,Nc1ccc2c(c1)Cc1cc(N)ccc1-2,1
4180,Cc1ccc(\C=C\c2ccc(N)cc2)cc1,Cc1ccc(/C=C/c2ccc(N)cc2)cc1,1
6436,CCOC(=O)CC(SP(=S)(OC)OC)C(=O)OCC,CCOC(=O)CC(SP(=S)(OC)OC)C(=O)OCC,0
4649,C[C@@H]1c2ccccc2c3ccc(C)cc13,Cc1ccc2c(c1)[C@H](C)c1ccccc1-2,1
6697,OC2C=CC1=CC5=C4C(=C1C2O)C3=CC=CC=C3C4=CC6=CC=CC=C56,OC1C=Cc2cc3c4c(cc5ccccc53)-c3ccccc3-c4c2C1O,1
6805,OC3C=CC2=C1C(=CC4=C(C1=CC=C2C3O)CCC4=O)C(F)(F)F,O=C1CCc2c1cc(C(F)(F)F)c1c3c(ccc21)C(O)C(O)C=C3,1
5106,Cc1ccc(cc1N(CCCl)CCCl)C(O)(P(=O)(O)O)P(=O)(O)O,Cc1ccc(C(O)(P(=O)(O)O)P(=O)(O)O)cc1N(CCCl)CCCl,1
1293,Nc1ccc(c2ccccc12)S(=O)(=O)O,Nc1ccc(S(=O)(=O)O)c2ccccc12,0
4843,CCCC[C@@H](CC)CNC[C@H](CC)CCCC,CCCC[C@@H](CC)CNC[C@H](CC)CCCC,0
3422,OC(=O)c1cccnc1,O=C(O)c1cccnc1,0
3064,COc1ccc(cc1)c2noc(CC(=O)O)c2c3ccc(OC)cc3,COc1ccc(-c2noc(CC(=O)O)c2-c2ccc(OC)cc2)cc1,0
2199,O=C1c2cccc3ccc4ccc5cccc1c5c4c23,O=C1c2cccc3ccc4ccc5cccc1c5c4c23,0
529,Cc1cccc(Br)c1,Cc1cccc(Br)c1,0
1749,[O-][N+](=O)c1oc(\C=N\N2C(=O)C=C(C=C2c3ccccc3)c4ccccc4)cc1,O=c1cc(-c2ccccc2)cc(-c2ccccc2)n1/N=C/c1ccc([N+](=O)[O-])o1,1
2501,CC(=O)CC(C)(C)NC(=O)C=C,C=CC(=O)NC(C)(C)CC(C)=O,0
2635,Oc1cc2cccc3ccc4c5ccccc5cc1c4c23,Oc1cc2cccc3ccc4c5ccccc5cc1c4c32,1
1898,O=C1C=Cc2ccc3c(ccc4ccccc34)c2C1=O,O=C1C=Cc2ccc3c(ccc4ccccc43)c2C1=O,1
1429,OC1C(O)c2ccc3ccc4ccccc4c3c2C5OC15,OC1c2ccc3ccc4ccccc4c3c2C2OC2C1O,1
851,COc1ccc(NC(=O)c2csc(c2)[N+](=O)[O-])cc1,COc1ccc(NC(=O)c2csc([N+](=O)[O-])c2)cc1,1
7113,C(c1ccc(N=C=O)cc1)c1ccc(N=C=O)cc1,O=C=Nc1ccc(Cc2ccc(N=C=O)cc2)cc1,0
405,COP(=O)(OC)OC,COP(=O)(OC)OC,1
4334,OC1OC(=O)C(=C1CBr)Br,O=C1OC(O)C(CBr)=C1Br,1
1841,COc1cccc2C(=O)c3c(O)c4C[C@](O)(C[C@H](O[C@H]5C[C@@H]([C@H](O)[C@H](C)O5)N6CCOC[C@H]6C#N)c4c(O)c3C(=O)c12)C(=O)CO,COc1cccc2c1C(=O)c1c(O)c3c(c(O)c1C2=O)C[C@@](O)(C(=O)CO)C[C@@H]3O[C@H]1C[C@H](N2CCOC[C@H]2C#N)[C@H](O)[C@H](C)O1,0
2145,Oc1ccc2c(c1)c3cccc4c(ccc2c34)[N+](=O)[O-],O=[N+]([O-])c1ccc2c3c(cccc13)-c1cc(O)ccc1-2,1
1365,OC1C2OC2c3ccc4ncccc4c3C1O,OC1c2c(ccc3ncccc23)C2OC2C1O,0
5269,CC(=CCC1CCCC1=O)C,CC(C)=CCC1CCCC1=O,0
4798,CCCCOC(=O)C(=C)C,C=C(C)C(=O)OCCCC,0
5830,O=C(\C=C\c1ccccc1)c2ccc(cc2)c3ccccc3,O=C(/C=C/c1ccccc1)c1ccc(-c2ccccc2)cc1,0
7193,CC1CCc2c1ccc1c2ccc2ccccc12,CC1CCc2c1ccc1c2ccc2ccccc21,1
229,Cc1c(ccc2ccccc12)[N+](=O)[O-],Cc1c([N+](=O)[O-])ccc2ccccc12,1
5769,CC(C)NC(=O)NS(=O)(=O)c1cnccc1Nc2cccc(C)c2,Cc1cccc(Nc2ccncc2S(=O)(=O)NC(=O)NC(C)C)c1,0
3961,BrCCC(Br)Br,BrCCC(Br)Br,1
4569,Cc1cc(Cc2cc(C)cc(c2O)C(C)(C)C)c(O)c(c1)C(C)(C)C,Cc1cc(Cc2cc(C)cc(C(C)(C)C)c2O)c(O)c(C(C)(C)C)c1,0
5916,Nc1ccc(Oc2c(Cl)cc(Cl)cc2Cl)cc1,Nc1ccc(Oc2c(Cl)cc(Cl)cc2Cl)cc1,1
7238,OC1C2OC2c2cc3c(ccc4ccccc34)cc2C1O,OC1c2cc3ccc4ccccc4c3cc2C2OC2C1O,1
4581,COC(=O)\C(=C\c1oc(Br)cc1)\[N+](=O)[O-],COC(=O)/C(=C/c1ccc(Br)o1)[N+](=O)[O-],0
2321,[O-][N+](=O)C1c2ccccc2C(=O)c3ccccc13,O=C1c2ccccc2C([N+](=O)[O-])c2ccccc21,0
4405,COC(=O)c1ccc(cc1)C(=O)OC,COC(=O)c1ccc(C(=O)OC)cc1,0
3985,CCc1ccccc1N,CCc1ccccc1N,0
5755,[O-][N+](=O)c1ccccc1CC#N,N#CCc1ccccc1[N+](=O)[O-],1
1055,CC(C)(O)CCc1ccc(O)c2C(=O)c3c(O)c4c(OC5OC=CC45O)cc3Oc12,CC(C)(O)CCc1ccc(O)c2c(=O)c3c(O)c4c(cc3oc12)OC1OC=CC41O,1
3146,CC(=O)Nc1ccc(cc1)C(=O)[C@@H]2O[C@H]2c3ccccc3,CC(=O)Nc1ccc(C(=O)[C@@H]2O[C@H]2c2ccccc2)cc1,1
4356,c1ccc2c(c1)ccc3c2ccc4c5ccccc5ccc34,c1ccc2c(c1)ccc1c2ccc2c3ccccc3ccc21,1
329,CCCCCCCCCCCCCCCCCC[N+](C)(C)CCCCCCCCCCCCCCCCCC,CCCCCCCCCCCCCCCCCC[N+](C)(C)CCCCCCCCCCCCCCCCCC,0
6886,CC3(C)SC2C(NC(=O)COC1=CC=CC=C1)C(=O)N2C3C(O)=O,CC1(C)SC2C(NC(=O)COc3ccccc3)C(=O)N2C1C(=O)O,0
3507,COc1cc(c(O)c(c1)C(C)(C)C)[N+](=O)[O-],COc1cc([N+](=O)[O-])c(O)c(C(C)(C)C)c1,0
3874,C=CC(=O)OCCCCCCOC(=O)C=C,C=CC(=O)OCCCCCCOC(=O)C=C,0
673,Cc1cc2nc3cc(C)c(N)cc3[n+](c4ccccc4)c2cc1N,Cc1cc2nc3cc(C)c(N)cc3[n+](-c3ccccc3)c2cc1N,1
1802,Oc1c(cc(cc1[N+](=O)[O-])C(F)(F)F)[N+](=O)[O-],O=[N+]([O-])c1cc(C(F)(F)F)cc([N+](=O)[O-])c1O,0
3387,CC(=O)OCc1ccc2ccc3cccc4ccc1c2c34,CC(=O)OCc1ccc2ccc3cccc4ccc1c2c34,1
5889,Clc1cc(Cl)c(Oc2ccc(NC=O)cc2)c(Cl)c1,O=CNc1ccc(Oc2c(Cl)cc(Cl)cc2Cl)cc1,1
1378,CC[C@@H]1NC(=O)c2cc(c(Cl)cc2N1)S(=O)(=O)N,CC[C@@H]1NC(=O)c2cc(S(N)(=O)=O)c(Cl)cc2N1,0
1985,Nc1c2ccccc2nc3ccc(Cl)cc13,Nc1c2ccccc2nc2ccc(Cl)cc12,1
3839,NN(c1ccccc1)c2ccccc2,NN(c1ccccc1)c1ccccc1,0
5726,CNC(=O)Oc1ccccc1,CNC(=O)Oc1ccccc1,0
5258,CCCCCCCCCCCCCCCCCC(=O)OCC(O)CO,CCCCCCCCCCCCCCCCCC(=O)OCC(O)CO,0
5484,CCCCCCCCCCCCC=C,C=CCCCCCCCCCCCC,0
6593,OC5C=CC1=C(C2=CC=C3C=CC(=C4C=CC(=C1)C2=C34)[N+]([O-])=O)C5O,O=[N+]([O-])c1ccc2ccc3c4c(cc5ccc1c2c53)C=CC(O)C4O,1
5153,Nc1ccc2ccccc2c1S(=O)(=O)O,Nc1ccc2ccccc2c1S(=O)(=O)O,1
4939,Oc1ccc2c(ccc3c4ccccc4ccc23)c1,Oc1ccc2c(ccc3c4ccccc4ccc23)c1,1
5736,OC(=O)c1ccc(cc1[N+](=O)[O-])[N+](=O)[O-],O=C(O)c1ccc([N+](=O)[O-])cc1[N+](=O)[O-],1
1150,NC(=S)NCC=C,C=CCNC(N)=S,0
1049,Cc1cccc(C)c1[N+](=O)[O-],Cc1cccc(C)c1[N+](=O)[O-],0
5624,Cc1cc2C(=O)CCc2c3ccc4ccccc4c13,Cc1cc2c(c3ccc4ccccc4c13)CCC2=O,1
968,CC(=O)N(O)c1ccccc1C,CC(=O)N(O)c1ccccc1C,1
269,O=CC(=O)c1ccccc1,O=CC(=O)c1ccccc1,1
1611,CCOC(=O)COc1ccc2C(=O)C=C(Oc2c1)c3ccccc3,CCOC(=O)COc1ccc2c(=O)cc(-c3ccccc3)oc2c1,0
5587,CC(=O)Nc1ccc(cc1)[N+](=O)[O-],CC(=O)Nc1ccc([N+](=O)[O-])cc1,0
2105,CC(C)CCCC(C)C1CCC2C3C=CC4(CC(O)CCC4(C)C3CCC12C)OO,CC(C)CCCC(C)C1CCC2C3C=CC4(OO)CC(O)CCC4(C)C3CCC12C,1
5971,o1cccc1,c1ccoc1,0
5626,C[C@@H]1O[C@H](C[C@H](N)[C@H]1O)O[C@H]2C[C@@](O)(Cc3c(O)c4C(=O)c5ccccc5C(=O)c4c(O)c23)C(=O)CO,C[C@@H]1O[C@@H](O[C@H]2C[C@](O)(C(=O)CO)Cc3c(O)c4c(c(O)c32)C(=O)c2ccccc2C4=O)C[C@H](N)[C@H]1O,1
1470,C[N+](C)(C)CCCNC(=O)C=C,C=CC(=O)NCCC[N+](C)(C)C,0
2812,COc1c(Cl)c(Cl)c(Cl)c(Cl)c1Cl,COc1c(Cl)c(Cl)c(Cl)c(Cl)c1Cl,1
33,CC(C)[C@@H]1CC[C@H](C)[C@@H]2CC[C@H](C)C[C@@H]12,CC(C)[C@@H]1CC[C@H](C)[C@@H]2CC[C@H](C)C[C@@H]12,1
1124,NC(CCC(=O)NC(CS)C(=O)NCC(=O)O)C(=O)O,NC(CCC(=O)NC(CS)C(=O)NCC(=O)O)C(=O)O,1
3787,CC(C)CC(=O)Nc1snc2ccc(Cl)cc12,CC(C)CC(=O)Nc1snc2ccc(Cl)cc12,0
241,OS(=O)(=O)c1ccc2cc(Oc3ccc4cc(ccc4c3)S(=O)(=O)O)ccc2c1,O=S(=O)(O)c1ccc2cc(Oc3ccc4cc(S(=O)(=O)O)ccc4c3)ccc2c1,0
5696,O\N=C\C(=O)Nc1ccccc1,O=C(/C=N/O)Nc1ccccc1,0
2278,Nc1ccc(Oc2ccc(N)c(N)c2)cc1,Nc1ccc(Oc2ccc(N)c(N)c2)cc1,1
4525,Nc1c2ccccc2nc3ccc(cc13)[N+](=O)[O-],Nc1c2ccccc2nc2ccc([N+](=O)[O-])cc12,1
170,NC(CCN=N#N)C(=O)O,[N-]=[N+]=NCCC(N)C(=O)O,1
5071,CCOC(=O)C1=Cc2cc3CCCN4CCCc(c2OC1=O)c34,CCOC(=O)c1cc2cc3c4c(c2oc1=O)CCCN4CCC3,0
4210,CCSC(=O)N1CCCCCC1,CCSC(=O)N1CCCCCC1,0
7208,O=NN1CC(Br)C(Br)CC1,O=NN1CCC(Br)C(Br)C1,1
6402,[O-][N+](=O)c1cccc(Cl)c1,O=[N+]([O-])c1cccc(Cl)c1,0
3921,CC(Br)(CCl)CBr,CC(Br)(CCl)CBr,0
1549,C1COCCOCCOCCOCCO1,C1COCCOCCOCCOCCO1,0
533,[O-][N+](=O)c1ccc2[nH]c3c(cccc3c2c1)[N+](=O)[O-],O=[N+]([O-])c1ccc2[nH]c3c([N+](=O)[O-])cccc3c2c1,1
2093,O=C(n1ccnc1)n2ccnc2,O=C(n1ccnc1)n1ccnc1,0
4721,CC[C@H](O)CN,CC[C@H](O)CN,0
6264,Clc1cccc(C=O)c1Cl,O=Cc1cccc(Cl)c1Cl,0
3230,CN(C)CCCNc1c2ccccc2nc3ccccc13,CN(C)CCCNc1c2ccccc2nc2ccccc12,1
6486,COC12C3NC3CN2C4=C(C1COC(=O)N)C(=O)C(=C(C)C4=O)N,COC12C(COC(N)=O)C3=C(C(=O)C(C)=C(N)C3=O)N1CC1NC12,1
6999,CC(=C)C(=O)OCCOC(=O)NNC(=O)OCCOC(=O)C(C)=C,C=C(C)C(=O)OCCOC(=O)NNC(=O)OCCOC(=O)C(=C)C,0
6351,ClC1(Cl)[C@@]2(Cl)[C@]3(Cl)[C@@]4(Cl)C(Cl)(Cl)[C@]5(Cl)[C@@](Cl)([C@@]1(Cl)[C@]35Cl)[C@@]24Cl,ClC1(Cl)[C@]2(Cl)[C@@]3(Cl)[C@]4(Cl)C(Cl)(Cl)[C@]5(Cl)[C@@]3(Cl)[C@@]1(Cl)[C@]5(Cl)[C@@]42Cl,0
3380,Cc1cc(C)cc(c1)N=Nc2c(O)ccc3ccccc23,Cc1cc(C)cc(N=Nc2c(O)ccc3ccccc23)c1,0
2885,OC1C2OC2c3c(ccc4c5C=Cc6cccc(cc34)c56)C1O,OC1c2ccc3c4c5c(cccc5cc3c2C2OC2C1O)C=C4,1
218,COc1ccc(C=C)cc1,C=Cc1ccc(OC)cc1,0
3829,CC\C=C\CC\C=C\C=O,CC/C=C/CC/C=C/C=O,0
2886,CC1CCCO1,CC1CCCO1,0
5720,CN(C)C(=O)Nc1ccc(C)c(Cl)c1,Cc1ccc(NC(=O)N(C)C)cc1Cl,0
5144,OC1(O)C(=O)NC(=O)NC1=O,O=C1NC(=O)C(O)(O)C(=O)N1,0
6806,CC3(C)CC2C=C(CO)C1(CC1(C)C2C3)C=O,CC1(C)CC2C=C(CO)C3(C=O)CC3(C)C2C1,1
6353,CNC(=O)ONC(=O)C,CNC(=O)ONC(C)=O,1
6256,Nc1cc2nc3ccc(Cl)cc3nc2cc1N,Nc1cc2nc3ccc(Cl)cc3nc2cc1N,1
1778,CCCCCCC(=O)OCC,CCCCCCC(=O)OCC,0
498,Cc1ccc(Br)cc1,Cc1ccc(Br)cc1,0
833,Clc1ccc(cc1)C(=O)ON(OCc2ccccc2)C(=O)c3ccccc3,O=C(ON(OCc1ccccc1)C(=O)c1ccccc1)c1ccc(Cl)cc1,1
71,Cc1cccc(Nc2cc(Cl)nc(SCC(=O)O)n2)c1C,Cc1cccc(Nc2cc(Cl)nc(SCC(=O)O)n2)c1C,0
6626,CN(CC(O)CO)N=O,CN(CC(O)CO)N=O,1
2661,CSCCC=O,CSCCC=O,0
5337,C[C@]12[C@@H](O)C=C[C@@]3(OC1=O)[C@H]4CC[C@]5(O)C[C@]4(CC5=C)[C@H]([C@H]23)C(=O)O,C=C1C[C@]23C[C@@]1(O)CC[C@@H]2[C@@]12C=C[C@H](O)[C@@](C)(C(=O)O1)[C@H]2[C@@H]3C(=O)O,0
439,Cc1cnc2ccc3c(nc(NC4OC(C(O)C(O)C4O)C(=O)O)n3C)c2n1,Cc1cnc2ccc3c(nc(NC4OC(C(=O)O)C(O)C(O)C4O)n3C)c2n1,0
5441,CN(CC(=O)NN)c1ccc2ccccc2c1,CN(CC(=O)NN)c1ccc2ccccc2c1,0
2274,CN1C=CN(CCC[n+]2ccc(cc2)C(=O)N)C1\C=N\O,CN1C=CN(CCC[n+]2ccc(C(N)=O)cc2)C1/C=N/O,0
3688,[O-][N+](=O)c1ccc2cccc3c4ccccc4c1c23,O=[N+]([O-])c1ccc2cccc3c2c1-c1ccccc1-3,1
523,CS(=O)(=O)OC1CN(C1)C(c2ccccc2)c3ccccc3,CS(=O)(=O)OC1CN(C(c2ccccc2)c2ccccc2)C1,1
2405,NC(=O)C=C,C=CC(N)=O,0
6800,NC2=C1N=C[N](C1=NC=N2)CC(O)CN=[N+]=[N-],[N-]=[N+]=NCC(O)Cn1cnc2c(N)ncnc21,1
4187,[O-][N+](=O)c1oc2c(c1)cc3ccc4cccc5ccc2c3c45,O=[N+]([O-])c1cc2cc3ccc4cccc5ccc(c2o1)c3c45,1
6016,CCN(N=O)C(=N)N[N+](=O)[O-],CCN(N=O)C(=N)N[N+](=O)[O-],1
1676,CCOP(=O)(OCC)Oc1cc(C)nc(n1)C(C)C,CCOP(=O)(OCC)Oc1cc(C)nc(C(C)C)n1,1
4816,COc1cc2O[C@H]3OC=C[C@H]3c2c4OC(=O)C5=C(CCC5=O)c14,COc1cc2c(c3oc(=O)c4c(c13)CCC4=O)[C@@H]1C=CO[C@@H]1O2,1
1673,CCN(CC)c1ccc(cc1)N=Nc2ccc(cc2)[N+](=O)[O-],CCN(CC)c1ccc(N=Nc2ccc([N+](=O)[O-])cc2)cc1,1
4475,c1ccc2cc3c(cc2c1)c4cccc5cccc3c45,c1ccc2cc3c(cc2c1)-c1cccc2cccc-3c12,1
7046,OC2CC13OC1(C2)C=CC=C3,OC1CC23C=CC=CC2(C1)O3,0
5256,Cc1ccccn1,Cc1ccccn1,0
5377,Cc1ccc2nc3c(ccc4ccccc34)c(CO)c2c1,Cc1ccc2nc3c(ccc4ccccc43)c(CO)c2c1,1
5395,Nc1ccc(Cl)cc1[N+](=O)[O-],Nc1ccc(Cl)cc1[N+](=O)[O-],1
3124,ClC(Cl)C(Cl)Cl,ClC(Cl)C(Cl)Cl,0
1210,C(Nc1[nH]cnc2ncnc12)c3ccccc3,c1ccc(CNc2[nH]cnc3ncnc2-3)cc1,0
2900,CCCCCC[N+](=O)[O-],CCCCCC[N+](=O)[O-],0
2263,COc1ccc2Oc3cc(OC)cc(O)c3C(=O)c2c1,COc1cc(O)c2c(=O)c3cc(OC)ccc3oc2c1,1
2936,OCCN(CCO)c1ccc2ccccc2c1,OCCN(CCO)c1ccc2ccccc2c1,1
5499,OCCNc1ccc(cc1)N=Nc2ccc(NCCO)cc2,OCCNc1ccc(N=Nc2ccc(NCCO)cc2)cc1,1
5748,CN(CCCC(O)c1cccnc1)N=O,CN(CCCC(O)c1cccnc1)N=O,1
1349,Oc1cccc(Nc2ccccc2)c1,Oc1cccc(Nc2ccccc2)c1,0
3192,CCCCCC(O)\C=C\C=O,CCCCCC(O)/C=C/C=O,0
1013,OC1C(O)c2cccc3ccc4cccc1c4c23,OC1c2cccc3ccc4cccc(c4c23)C1O,0
1955,CN(N=O)C#N,CN(C#N)N=O,1
415,CC\C=C\C,C/C=C/CC,0
2558,OC1C(O)c2ccc(c3ccc4cccc1c4c23)[N+](=O)[O-],O=[N+]([O-])c1ccc2c3c1ccc1cccc(c13)C(O)C2O,1
5710,CC(C)CCCCCOC(=O)Cc1ccc(Cl)cc1Cl,CC(C)CCCCCOC(=O)Cc1ccc(Cl)cc1Cl,0
1588,Nc1c2C(=O)c3ccccc3C(=O)c2c(NC4CCCCC4)cc1S(=O)(=O)O,Nc1c(S(=O)(=O)O)cc(NC2CCCCC2)c2c1C(=O)c1ccccc1C2=O,0
5690,CCCCCO,CCCCCO,0
6793,NC(=O)C1(OC1C(=O)C2=CC=CC=C2)C(N)=O,NC(=O)C1(C(N)=O)OC1C(=O)c1ccccc1,1
4112,CS(=O)(=O)Nc1ccc(Nc2c3ccccc3nc4cc(ccc24)N=N#N)cc1,CS(=O)(=O)Nc1ccc(Nc2c3ccccc3nc3cc(N=[N+]=[N-])ccc23)cc1,1
689,COc1cccc2C(=O)c3c(O)c4CC(O)(CC(OC5CC(N)C(O)C(C)O5)c4c(O)c3C(=O)c12)C(=O)C,COc1cccc2c1C(=O)c1c(O)c3c(c(O)c1C2=O)CC(O)(C(C)=O)CC3OC1CC(N)C(O)C(C)O1,1
4072,OC(=O)[C@H]1[C@@H](C(=O)O)[C@@]2(Cl)C(=C(Cl)[C@]1(Cl)C2(Cl)Cl)Cl,O=C(O)[C@@H]1[C@H](C(=O)O)[C@]2(Cl)C(Cl)=C(Cl)[C@@]1(Cl)C2(Cl)Cl,0
7167,O1C2C=Cc3cc4ccc5cccc6ccc(c3C12)c4c56,C1=CC2OC2c2c1cc1ccc3cccc4ccc2c1c34,1
4025,Cc1ccc(OP(=O)(Oc2ccc(C)cc2C)Oc3ccc(C)cc3C)c(C)c1,Cc1ccc(OP(=O)(Oc2ccc(C)cc2C)Oc2ccc(C)cc2C)c(C)c1,0
4198,Nc1nc(O)nc2c1ncn2C3OC(CO)C(O)C3O,Nc1nc(O)nc2c1ncn2C1OC(CO)C(O)C1O,0
3826,CCCCC=C,C=CCCCC,0
2978,C(OCc1ccccc1)C2CO2,c1ccc(COCC2CO2)cc1,1
7189,O1C=CC2C1Oc1ccccc21,C1=CC2c3ccccc3OC2O1,1
4083,NC[C@@H]1CC[C@H](CC1)C(=O)c2ccc(CCC(=O)O)cc2,NC[C@H]1CC[C@H](C(=O)c2ccc(CCC(=O)O)cc2)CC1,0
3858,COc1ccc(N)c(OC)c1,COc1ccc(N)c(OC)c1,1
2184,CC(=O)c1ccncc1,CC(=O)c1ccncc1,0
5017,COC(=O)NC(=S)Nc1ccccc1NC(=S)NC(=O)OC,COC(=O)NC(=S)Nc1ccccc1NC(=S)NC(=O)OC,1
3306,Clc1cccnc1Cl,Clc1cccnc1Cl,1
4491,ClCC(=O)Nc1snc2ccccc12,O=C(CCl)Nc1snc2ccccc12,1
3164,CC(C)C1C(C)C(C)(C)c2cc(C)c(cc12)C(=O)C,CC(=O)c1cc2c(cc1C)C(C)(C)C(C)C2C(C)C,0
5228,Nc1ccc(\C=C\c2cccc(Cl)c2)cc1,Nc1ccc(/C=C/c2cccc(Cl)c2)cc1,1
7240,O=C(N(NO)C)c1ccccc1,CN(NO)C(=O)c1ccccc1,1
2717,BrCC(Br)CBr,BrCC(Br)CBr,1
5290,O=C1CCc2ccc3ccc4ccccc4c3c12,O=C1CCc2ccc3ccc4ccccc4c3c21,0
354,COC1(NC(=O)CSCC(N)C(=O)O)C2SCC(=C(N2C1=O)C(=O)O)CSc3nnnn3C,COC1(NC(=O)CSCC(N)C(=O)O)C(=O)N2C(C(=O)O)=C(CSc3nnnn3C)CSC21,0
9,CC(=O)OC1(CCC2C3C=C(Cl)C4=CC(=O)OCC4(C)C3CCC12C)C(=O)C,CC(=O)OC1(C(C)=O)CCC2C3C=C(Cl)C4=CC(=O)OCC4(C)C3CCC21C,0
3370,CC1=CC(=O)CC(C)(C)C1,CC1=CC(=O)CC(C)(C)C1,0
5076,Fc1cccc2c1ccc3cccnc23,Fc1cccc2c1ccc1cccnc12,1
4854,OCC(=O)N(O)c1ccc(Cl)cc1,O=C(CO)N(O)c1ccc(Cl)cc1,0
865,CC1=CCC(CC1)C(C)(C)O,CC1=CCC(C(C)(C)O)CC1,0
6455,CC(C)C1CCC(C)CC1O,CC1CCC(C(C)C)C(O)C1,0
3441,OCCN1CCNCC1,OCCN1CCNCC1,0
1721,NC(=O)c1cc[n+](COC[n+]2ccccc2\C=N\O)cc1,NC(=O)c1cc[n+](COC[n+]2ccccc2/C=N/O)cc1,0
6136,CNc1ccc2nc(C)c(C)nc2c1C,CNc1ccc2nc(C)c(C)nc2c1C,1
2436,CC(=O)O[C@H]1[C@H](O)[C@@H]2O[C@H]3C=C(C)C(=O)[C@H](O)[C@@]3(CO)[C@@]1(C)[C@@]24CO4,CC(=O)O[C@H]1[C@H](O)[C@@H]2O[C@H]3C=C(C)C(=O)[C@H](O)[C@@]3(CO)[C@@]1(C)[C@@]21CO1,0
6461,CN(C)C1C2C(O)C3C(=C(O)C2(O)C(=O)C(=C1O)C(=O)N)C(=O)c4c(O)cccc4C3(C)O,CN(C)C1C(O)=C(C(N)=O)C(=O)C2(O)C(O)=C3C(=O)c4c(O)cccc4C(C)(O)C3C(O)C12,0
2484,O1[C@@H]2[C@H]1c3c(c4ccccc24)c5ccccc5c6ccccc36,c1ccc2c(c1)-c1c(c3ccccc3c3ccccc13)[C@H]1O[C@@H]21,1
1537,[O-][N+](=O)c1ccc2ccc3ccc(c4c5CCCCc5c1c2c34)[N+](=O)[O-],O=[N+]([O-])c1ccc2ccc3ccc([N+](=O)[O-])c4c5c(c1c2c34)CCCC5,1
5193,OC[C@H](O)[C@H]1OC(=C(O)C1=O)O,O=C1C(O)=C(O)O[C@@H]1[C@@H](O)CO,0
4663,CC(C)c1ccc(OP(=O)(Oc2ccccc2)Oc3ccccc3)cc1,CC(C)c1ccc(OP(=O)(Oc2ccccc2)Oc2ccccc2)cc1,0
4401,Clc1cc(Cl)c(Cl)c(Cl)c1,Clc1cc(Cl)c(Cl)c(Cl)c1,0
5399,C[C@@H]1CC2C3CCC4=CC(=O)C=C[C@]4(C)[C@@]3(F)[C@@H](O)C[C@]2(C)[C@@]1(O)C(=O)CO,C[C@@H]1CC2C3CCC4=CC(=O)C=C[C@]4(C)[C@@]3(F)[C@@H](O)C[C@]2(C)[C@@]1(O)C(=O)CO,0
3741,NC(CS\C(=C(/Cl)\C(=C(Cl)Cl)Cl)\Cl)C(=O)O,NC(CS/C(Cl)=C(\Cl)C(Cl)=C(Cl)Cl)C(=O)O,1
3729,Cc1ccc(cc1)S(=O)(=O)N2N=CC(=C(Cl)C2=O)Cl,Cc1ccc(S(=O)(=O)n2ncc(Cl)c(Cl)c2=O)cc1,0
603,CCCCCCCCCc1ccc(O)cc1,CCCCCCCCCc1ccc(O)cc1,0
5613,Nc1ncnc2c1ncn2c3ccc(cc3[N+](=O)[O-])[N+](=O)[O-],Nc1ncnc2c1ncn2-c1ccc([N+](=O)[O-])cc1[N+](=O)[O-],1
958,Oc1cc(O)cc(O)c1,Oc1cc(O)cc(O)c1,0
6220,ClC1=C(Cl)C(=O)C(Cl)(Cl)C1=O,O=C1C(Cl)=C(Cl)C(=O)C1(Cl)Cl,0
221,COC1=CC(=O)c2c([nH]cc3c4cnccc4nc23)C1=O,COC1=CC(=O)c2c3nc4ccncc4c-3c[nH]c2C1=O,1
1877,c1ccc2[nH]cnc2c1,c1ccc2[nH]cnc2c1,0
1324,Cc1cccn2c1nc3ccc(NO)nc23,Cc1cccn2c1nc1ccc(NO)nc12,1
3219,CN1[C@@H]2C[C@@H](C[C@H]1[C@H]3O[C@@H]23)OC(=O)[C@@H](CO)c4ccccc4,CN1[C@H]2C[C@@H](OC(=O)[C@@H](CO)c3ccccc3)C[C@@H]1[C@@H]1O[C@@H]12,0
204,CN(C)N=Nc1ccc(Br)cc1,CN(C)N=Nc1ccc(Br)cc1,1
5792,Nc1ccc2C(=O)c3cc(N)ccc3C(=O)c2c1,Nc1ccc2c(c1)C(=O)c1ccc(N)cc1C2=O,1
5138,Cc1c(cc(cc1[N+](=O)[O-])N=[N+]([O-])c2cc(c(C)c(c2)[N+](=O)[O-])[N+](=O)[O-])[N+](=O)[O-],Cc1c([N+](=O)[O-])cc(N=[N+]([O-])c2cc([N+](=O)[O-])c(C)c([N+](=O)[O-])c2)cc1[N+](=O)[O-],1
3926,[O-][N+](=O)c1ccc2ccc3c4c(ccc1c24)c5ccccc5[n+]3[O-],O=[N+]([O-])c1ccc2ccc3c4c(ccc1c24)c1ccccc1[n+]3[O-],1
6104,CC1(C)CC2=C(C=O)C3(CC3(C)C(O)C2(O)C1)C=O,CC1(C)CC2=C(C=O)C3(C=O)CC3(C)C(O)C2(O)C1,1
1218,Nc1cnc2ccc3ccccc3c2c1,Nc1cnc2ccc3ccccc3c2c1,1
228,NC(=N)S(=O)O,N=C(N)S(=O)O,0
5221,[O-][N+](=O)c1ccc2Oc3cc(Cl)c(Cl)cc3Oc2c1,O=[N+]([O-])c1ccc2c(c1)Oc1cc(Cl)c(Cl)cc1O2,1
7097,CN(C)C4C3C(O)C2C(C(=O)C1=C(C=CC=C1O)C2(C)O)C(=O)C3(O)C(=O)C(C(N)=O)C4=O,CN(C)C1C(=O)C(C(N)=O)C(=O)C2(O)C(=O)C3C(=O)c4c(O)cccc4C(C)(O)C3C(O)C12,0
7235,Cc1c2ccccc2cc2c3C(O)C(O)C=Cc3ccc12,Cc1c2ccccc2cc2c3c(ccc12)C=CC(O)C3O,1
4290,CC(=O)Nc1nc2c3cccnc3cc(C)c2n1C,CC(=O)Nc1nc2c3cccnc3cc(C)c2n1C,1
793,CC1=CC(=O)Oc2cc(N)ccc12,Cc1cc(=O)oc2cc(N)ccc12,0
3742,COc1cc(OC)c(Cl)c(c1)N2C(=CC(=O)C(=C2c3ccc(F)cc3)C)c4ccccc4,COc1cc(OC)c(Cl)c(-n2c(-c3ccccc3)cc(=O)c(C)c2-c2ccc(F)cc2)c1,0
2831,Cc1ccc2c(c1)cc3ccc4cccc5ccc2c3c45,Cc1ccc2c(c1)cc1ccc3cccc4ccc2c1c34,1
1120,COc1cccc2c(NCCCNCCCl)c3ccccc3nc12,COc1cccc2c(NCCCNCCCl)c3ccccc3nc12,1
1550,CC(C)NCC(O)COc1ccccc1CC=C,C=CCc1ccccc1OCC(O)CNC(C)C,0
4681,CC(C)(c1ccccc1)c2ccc(O)cc2,CC(C)(c1ccccc1)c1ccc(O)cc1,0
2701,CN(C)c1ccc(cc1)N=Nc2ccc(NC(=O)C)cc2,CC(=O)Nc1ccc(N=Nc2ccc(N(C)C)cc2)cc1,1
754,COc1ccc(cc1N)C2=C(N)C(=O)c3ccccc3O2,COc1ccc(-c2oc3ccccc3c(=O)c2N)cc1N,1
3843,OC(=O)\C=C\C=C\C(=O)O,O=C(O)/C=C/C=C/C(=O)O,0
5608,Fc1ccc(F)c2c1ccc3cccnc23,Fc1ccc(F)c2c1ccc1cccnc12,1
2424,Cc1c2ccccc2c3ccc4cccc5ccc1c3c45,Cc1c2ccccc2c2ccc3cccc4ccc1c2c43,1
187,CCC(COC(=O)C=C)(COC(=O)C=C)COC(=O)C=C,C=CC(=O)OCC(CC)(COC(=O)C=C)COC(=O)C=C,1
4361,CC1CCC2C(OC(=O)C2=C)C3(C)C1C=CC3=O,C=C1C(=O)OC2C1CCC(C)C1C=CC(=O)C12C,0
5918,CC(=O)Nc1cc2Cc3ccccc3c2cc1OC(=O)c4ccccc4,CC(=O)Nc1cc2c(cc1OC(=O)c1ccccc1)-c1ccccc1C2,0
3795,OCc1oc(C=O)cc1,O=Cc1ccc(CO)o1,1
2998,COc1cc2CC3N(C)CCc4cc5OCOc5c(c34)c2cc1OC,COc1cc2c(cc1OC)-c1c3c(cc4c1C(C2)N(C)CC4)OCO3,1
3021,Cc1c2ccccc2cc3c1ccc4ccccc34,Cc1c2ccccc2cc2c1ccc1ccccc12,1
2664,COc1cccc2C(=O)c3ccccc3C(=O)c12,COc1cccc2c1C(=O)c1ccccc1C2=O,1
6462,CC(=C)C1CC=C(C)C(=O)C1,C=C(C)C1CC=C(C)C(=O)C1,0
2647,Cc1cc(N)cc(c1N)[N+](=O)[O-],Cc1cc(N)cc([N+](=O)[O-])c1N,1
977,Clc1ccc(cc1)c2nc3sccn3c2N=O,O=Nc1c(-c2ccc(Cl)cc2)nc2sccn12,1
363,Cc1c(N)cccc1N=Nc2cccc(N)c2C,Cc1c(N)cccc1N=Nc1cccc(N)c1C,1
211,Cc1cccc(N)c1N,Cc1cccc(N)c1N,1
3716,CC(=O)N[C@@H](CS)C(=O)O,CC(=O)N[C@@H](CS)C(=O)O,1
3379,Nc1c(F)cc(cc1F)c2cc(F)c(N)c(F)c2,Nc1c(F)cc(-c2cc(F)c(N)c(F)c2)cc1F,1
5574,Cc1ccc2ccccc2c1,Cc1ccc2ccccc2c1,0
657,Nc1c(Cl)cc(Cl)cc1Cl,Nc1c(Cl)cc(Cl)cc1Cl,0
4463,CCN(CC)c1ccc(N=O)c(O)c1,CCN(CC)c1ccc(N=O)c(O)c1,0
1527,OC(=O)CN=N#N,[N-]=[N+]=NCC(=O)O,0
536,CCCCCCCCCCCCCCCCCC1=NCCN1CCO,CCCCCCCCCCCCCCCCCC1=NCCN1CCO,0
4444,CCCCCCCCCCCCCCCCN,CCCCCCCCCCCCCCCCN,0
6660,[O-][N+](=O)C1=CC(=CC=C1)S(=O)(=O)OCC2CO2,O=[N+]([O-])c1cccc(S(=O)(=O)OCC2CO2)c1,1
6955,CCCCC(CC)COC(=O)C1=C(C=CC=C1)C(O)=O,CCCCC(CC)COC(=O)c1ccccc1C(=O)O,0
15,CCC[N+](=O)[O-],CCC[N+](=O)[O-],0
455,CC(C)C[C@@H](C)N,CC(C)C[C@@H](C)N,0
3899,BrCCC(=O)N1CCN(CC1)C(=O)CCBr,O=C(CCBr)N1CCN(C(=O)CCBr)CC1,1
4555,Cc1cccc(c1)[N+](=O)[O-],Cc1cccc([N+](=O)[O-])c1,0
5573,[O-][N+](=O)c1cc(c(Nc2c(cc(cc2[N+](=O)[O-])[N+](=O)[O-])[N+](=O)[O-])c(c1)[N+](=O)[O-])[N+](=O)[O-],O=[N+]([O-])c1cc([N+](=O)[O-])c(Nc2c([N+](=O)[O-])cc([N+](=O)[O-])cc2[N+](=O)[O-])c([N+](=O)[O-])c1,1
6891,NC1CCC(CC1)CC2CCC(N)CC2,NC1CCC(CC2CCC(N)CC2)CC1,0
7253,CC12C(=O)C=CC1C(C)CC1OC(=O)C(=C)C1C2O,C=C1C(=O)OC2CC(C)C3C=CC(=O)C3(C)C(O)C12,0
6147,ClCCOCCCl,ClCCOCCCl,1
4807,CCCC[C@@H](CC)COC(=O)c1ccc(C(=O)OC[C@H](CC)CCCC)c(c1)C(=O)OC[C@H](CC)CCCC,CCCC[C@@H](CC)COC(=O)c1ccc(C(=O)OC[C@H](CC)CCCC)c(C(=O)OC[C@H](CC)CCCC)c1,0
3923,CC(=O)CC(=O)Nc1ccccc1,CC(=O)CC(=O)Nc1ccccc1,0
1727,CNc1nc2c3cccnc3ccc2n1C,CNc1nc2c3cccnc3ccc2n1C,1
6661,CC(=C)C(=O)OCC(Br)CBr,C=C(C)C(=O)OCC(Br)CBr,1
5562,CCc1cccc2cc(oc12)[C@H](O)CNC(C)(C)C,CCc1cccc2cc([C@H](O)CNC(C)(C)C)oc12,0
3276,CCSCC[C@H](N)C(=O)O,CCSCC[C@H](N)C(=O)O,0
6487,ClCCN(CCCl)P1(=O)NCCCO1,O=P1(N(CCCl)CCCl)NCCCO1,1
465,C[C@H]1CCC[C@@H](O)CCCCCc2cc(O)cc(O)c2C(=O)O1,C[C@H]1CCC[C@@H](O)CCCCCc2cc(O)cc(O)c2C(=O)O1,0
1363,Cc1cccc(OC[C@@H](O)CNC(C)(C)C)c1C,Cc1cccc(OC[C@@H](O)CNC(C)(C)C)c1C,0
6148,[O-][N+](=O)c1ccc(cc1)c2csc(NC=O)n2,O=CNc1nc(-c2ccc([N+](=O)[O-])cc2)cs1,1
2075,Nc1cc(Cl)c(N)c(Cl)c1,Nc1cc(Cl)c(N)c(Cl)c1,1
565,CC(=O)Oc1ccc(cc1)C(c2ccc(OC(=O)C)cc2)c3ccccn3,CC(=O)Oc1ccc(C(c2ccc(OC(C)=O)cc2)c2ccccn2)cc1,0
3013,CCCCON(OC(=O)C)C(=O)c1ccccc1,CCCCON(OC(C)=O)C(=O)c1ccccc1,1
5526,CC1(CO1)C2CO2,CC1(C2CO2)CO1,1
4034,OC(=O)CC(O)(CC(=O)O)C(=O)O,O=C(O)CC(O)(CC(=O)O)C(=O)O,0
7123,OS(=O)(=O)c1ccc(cc1C)C,Cc1ccc(S(=O)(=O)O)c(C)c1,0
6737,COC5=C2[C]1=CC=C(C1=C(OC2=C4C3(C=COC3OC4=C5)O)O)O,COc1cc2c(c3oc(O)c4c(O)ccc-4c13)C1(O)C=COC1O2,1
2594,OC(=O)CCN=N#N,[N-]=[N+]=NCCC(=O)O,1
3165,N(c1ccccc1)c2ccc(Nc3ccccc3)cc2,c1ccc(Nc2ccc(Nc3ccccc3)cc2)cc1,1
2841,CC(O)C(=O)NCCO,CC(O)C(=O)NCCO,1
2329,Cn1c(CC(=O)OCCCl)c(C(=O)O)c2ccccc12,Cn1c(CC(=O)OCCCl)c(C(=O)O)c2ccccc21,1
4989,O[C@@H]1c2ccccc2c3ccc(cc13)[N+](=O)[O-],O=[N+]([O-])c1ccc2c(c1)[C@H](O)c1ccccc1-2,1
6715,ClC1CN(CC1Cl)N=O,O=NN1CC(Cl)C(Cl)C1,1
909,c1ccc(cc1)N(c2ccccc2)c3ccccc3,c1ccc(N(c2ccccc2)c2ccccc2)cc1,0
7227,C1OC1c1c2ccccc2cc2ccccc12,c1ccc2c(C3CO3)c3ccccc3cc2c1,1
159,CN(C)S(=O)(=O)N(SC(F)(Cl)Cl)c1ccccc1,CN(C)S(=O)(=O)N(SC(F)(Cl)Cl)c1ccccc1,0
1494,Cc1ccccc1c2ccc(N)cc2,Cc1ccccc1-c1ccc(N)cc1,1
4503,OCc1ccc2c3ccccc3c4cccc1c24,OCc1ccc2c3c(cccc13)-c1ccccc1-2,0
3959,C[N+](C)(C)NCCC(=O)O,C[N+](C)(C)NCCC(=O)O,0
668,CCCCCOC(=O)C=C,C=CC(=O)OCCCCC,0
3029,CC(=O)OC(C(=O)c1ccccc1)c2ccccc2,CC(=O)OC(C(=O)c1ccccc1)c1ccccc1,0
4237,C1COC1,C1COC1,1
1510,ClCC(Cl)(Cl)Cl,ClCC(Cl)(Cl)Cl,0
66,C1c2cccc3ccc4cccc1c4c23,c1cc2c3c(c1)ccc1cccc(c13)C2,1
39,Oc1cc2c3ccccc3ccc2c4ccccc14,Oc1cc2c3ccccc3ccc2c2ccccc12,1
5067,CC[C@H]1CO1,CC[C@H]1CO1,1
1671,CC1CCCC(=O)CCCCCc2cc(O)cc(O)c2C(=O)O1,CC1CCCC(=O)CCCCCc2cc(O)cc(O)c2C(=O)O1,0
135,OS(=O)(=O)c1cccc(c1)[N+](=O)[O-],O=[N+]([O-])c1cccc(S(=O)(=O)O)c1,0
2539,BrCC(Br)CCOP(=O)(OCCC(Br)CBr)OCCC(Br)CBr,O=P(OCCC(Br)CBr)(OCCC(Br)CBr)OCCC(Br)CBr,0
1371,CCCCCCCCCCCCCCCCCCN,CCCCCCCCCCCCCCCCCCN,0
4765,COC(=O)\C(=C\C=C\C(=C\C=C\C=C(/C)\C=C\C=C(/C)\C=C\C1=C(C)CCCC1(C)C)\C)\C,COC(=O)/C(C)=C/C=C/C(C)=C/C=C/C=C(C)/C=C/C=C(C)/C=C/C1=C(C)CCCC1(C)C,0
6023,CN(CCO)C(=O)Nc1ccccc1,CN(CCO)C(=O)Nc1ccccc1,0
3186,CC(=O)Nc1ccc(cc1)S(=O)(=O)N,CC(=O)Nc1ccc(S(N)(=O)=O)cc1,0
419,ClCC(=O)c1ccccc1,O=C(CCl)c1ccccc1,0
3012,[O-][N+](=O)c1oc2ccc(cc2c1)N(CCCl)CCCl,O=[N+]([O-])c1cc2cc(N(CCCl)CCCl)ccc2o1,1
2890,C[C@H]1CC(=O)O1,C[C@H]1CC(=O)O1,1
3226,COc1ccccc1NC(=O)c2csc(c2)[N+](=O)[O-],COc1ccccc1NC(=O)c1csc([N+](=O)[O-])c1,1
860,CS(=O)(=O)O,CS(=O)(=O)O,0
2997,CCc1cc2C(=O)CCc2c3ccc4ccccc4c13,CCc1cc2c(c3ccc4ccccc4c13)CCC2=O,1
1027,C[C@H]1CS(=O)(=O)CCN1\N=C\c2oc(cc2)[N+](=O)[O-],C[C@H]1CS(=O)(=O)CCN1/N=C/c1ccc([N+](=O)[O-])o1,1
3618,Oc1ccc(cc1)C2(NC(=O)NC2=O)c3ccccc3,O=C1NC(=O)C(c2ccccc2)(c2ccc(O)cc2)N1,0
1462,Oc1cccc2C(=O)c3cccc(O)c3C(=O)c12,O=C1c2cccc(O)c2C(=O)c2c(O)cccc21,1
2509,OCc1ccc(F)cc1,OCc1ccc(F)cc1,0
3016,CC(C)OP(=O)(C)F,CC(C)OP(C)(=O)F,0
2310,NN1C(=O)c2ccccc2C1=O,NN1C(=O)c2ccccc2C1=O,0
6994,CC(O)C(O)=O,CC(O)C(=O)O,0
1146,[O-][N+](=O)c1ccc2c3cccc(c3cc(c2c1)[N+](=O)[O-])[N+](=O)[O-],O=[N+]([O-])c1ccc2c(c1)c([N+](=O)[O-])cc1c([N+](=O)[O-])cccc12,1
2992,C[C@H](CCc1ccccc1)NC[C@@H](O)c2ccc(O)c(c2)C(=O)N,C[C@H](CCc1ccccc1)NC[C@@H](O)c1ccc(O)c(C(N)=O)c1,0
5831,COc1cc2c3CCC(=O)c3cc(C)c2c4ccccc14,COc1cc2c3c(cc(C)c2c2ccccc12)C(=O)CC3,1
2023,CN(C)c1ccc(\C=C\C=O)cc1,CN(C)c1ccc(/C=C/C=O)cc1,0
2648,ClCc1ccc2ccc3cc4ccccc4c5ccc1c2c35,ClCc1ccc2ccc3cc4ccccc4c4ccc1c2c34,0
6721,CC(O)CCl,CC(O)CCl,1
5478,[O-][N+](=O)c1ccc2ccccc2c1,O=[N+]([O-])c1ccc2ccccc2c1,1
3566,OC1CCCc2c1cc3ccc4ccc(c5ccc2c3c45)[N+](=O)[O-],O=[N+]([O-])c1ccc2ccc3cc4c(c5ccc1c2c35)CCCC4O,1
6691,NC3=CC=C2[NH]C1=CC=CC=C1C2=C3,Nc1ccc2[nH]c3ccccc3c2c1,1
1540,COc1cccc(NC(=O)c2csc(c2)[N+](=O)[O-])c1,COc1cccc(NC(=O)c2csc([N+](=O)[O-])c2)c1,1
2064,CCC(C)c1cccc(c1)C(C)CC(CC)c2ccc(C[N+](C)(C)C)cc2,CCC(C)c1cccc(C(C)CC(CC)c2ccc(C[N+](C)(C)C)cc2)c1,0
2909,Fc1ccc2cccnc2c1,Fc1ccc2cccnc2c1,1
7035,CC(C)=CCCC(C)(O)C=C,C=CC(C)(O)CCC=C(C)C,0
5101,Oc1cc2ccccc2c3ccc4ccccc4c13,Oc1cc2ccccc2c2ccc3ccccc3c12,0
4485,CC(C)(Br)C(Br)COP(=O)(OCC(Br)C(C)(C)Br)OCC(Br)C(C)(C)Br,CC(C)(Br)C(Br)COP(=O)(OCC(Br)C(C)(C)Br)OCC(Br)C(C)(C)Br,0
4441,Oc1ccc2ccccc2c1N=Nc3ccc(cc3)S(=O)(=O)O,O=S(=O)(O)c1ccc(N=Nc2c(O)ccc3ccccc23)cc1,0
2323,Cc1ncc[nH]1,Cc1ncc[nH]1,0
2290,CCc1ccc(NC(=O)c2csc(c2)[N+](=O)[O-])cc1,CCc1ccc(NC(=O)c2csc([N+](=O)[O-])c2)cc1,1
4341,C[C@H]1CCCN(C1)N=O,C[C@H]1CCCN(N=O)C1,1
3277,C1Cc2c(cc3ccc4cccc5ccc2c3c45)[C@@H]6O[C@H]16,c1cc2ccc3cc4c(c5ccc(c1)c2c35)CC[C@H]1O[C@@H]41,1
4360,COc1cccc(c1)C(=O)ON(OCc2ccccc2)C(=O)c3ccccc3,COc1cccc(C(=O)ON(OCc2ccccc2)C(=O)c2ccccc2)c1,1
127,O=Nc1ccccc1c2ccccc2,O=Nc1ccccc1-c1ccccc1,1
5815,CC1=C(O)C(=O)C=CO1,Cc1occc(=O)c1O,1
6644,[O-][N+](=O)C4=C1C=CC=CC1=C3C=CC2=CC=CC=C2C3=C4,O=[N+]([O-])c1cc2c3ccccc3ccc2c2ccccc12,1
94,OC1Cc2cc3ccc4cccc5ccc(c2C=C1)c3c45,OC1C=Cc2c(cc3ccc4cccc5ccc2c3c45)C1,1
4839,C\C=C/1\CC(C)C(C)(OC(=O)C)C(=O)OCC2=CCN(C)CCC(OC1=O)C2=O,C/C=C1/CC(C)C(C)(OC(C)=O)C(=O)OCC2=CCN(C)CCC(OC1=O)C2=O,1
2645,COc1cc2O[C@H]3OC=C[C@H]3c2c4OC(=O)C5=C([C@@H](O)C[C@@H]5O)c14,COc1cc2c(c3oc(=O)c4c(c13)[C@@H](O)C[C@@H]4O)[C@@H]1C=CO[C@@H]1O2,1
5244,C[C@H](I)[C@@H]1OC[C@@H](CO)O1,C[C@H](I)[C@@H]1OC[C@@H](CO)O1,1
5053,Cc1ccc2nc3cc(C)c(N)cc3nc2c1N,Cc1cc2nc3ccc(C)c(N)c3nc2cc1N,1
1740,Cc1ccc2OC(=O)C=Cc2c1,Cc1ccc2oc(=O)ccc2c1,0
4931,CC(CC=O)c1ccc(cc1)C(C)(C)C,CC(CC=O)c1ccc(C(C)(C)C)cc1,0
4218,CCS(=O)CCSP(=O)(OC)OC,CC[S+]([O-])CCSP(=O)(OC)OC,1
1417,[O-][N+](=O)c1cccc2c[nH]nc12,O=[N+]([O-])c1cccc2c[nH]nc12,1
4973,[O-][N+](=O)c1cccc2c3ccccc3cc(c12)[N+](=O)[O-],O=[N+]([O-])c1cccc2c1c([N+](=O)[O-])cc1ccccc12,1
4754,CCOP(=O)(OCC)Oc1ccc(cc1)[N+](=O)[O-],CCOP(=O)(OCC)Oc1ccc([N+](=O)[O-])cc1,1
6863,CC(=O)NC(CS)C(O)=O,CC(=O)NC(CS)C(=O)O,1
1791,COc1cc(c(C)cc1N=Nc2c(O)ccc3cc(ccc23)S(=O)(=O)O)S(=O)(=O)O,COc1cc(S(=O)(=O)O)c(C)cc1N=Nc1c(O)ccc2cc(S(=O)(=O)O)ccc12,0
2156,Cc1cc2c(nc(N)n2C)c3nc(cnc13)c4ccccc4,Cc1cc2c(nc(N)n2C)c2nc(-c3ccccc3)cnc12,1
3242,C[C@@H]1CCc2c1cc(C)c3c2ccc4ccccc34,Cc1cc2c(c3ccc4ccccc4c13)CC[C@H]2C,1
4678,CC(=O)NC1=NC(=NOC1)c2oc(cc2)[N+](=O)[O-],CC(=O)NC1=NC(c2ccc([N+](=O)[O-])o2)=NOC1,1
5215,C=CC=O,C=CC=O,1
6731,OCN1C(O)C(O)N(CO)C1=O,O=C1N(CO)C(O)C(O)N1CO,1
4910,OC(=O)C1CSCN1C(=O)C2CCC(=O)N2,O=C1CCC(C(=O)N2CSCC2C(=O)O)N1,0
6928,OC1COC2C(COC12)O[N+]([O-])=O,O=[N+]([O-])OC1COC2C(O)COC12,0
1041,Cc1ccc(Cc2ccccc2)cc1,Cc1ccc(Cc2ccccc2)cc1,0
6382,Nc1ccccc1,Nc1ccccc1,0
6774,COC1=NSC2=CC=CC(=C12)[N+]([O-])=O,COc1nsc2cccc([N+](=O)[O-])c12,1
1045,CNC(=O)N(c1ccccc1)c2ccccc2,CNC(=O)N(c1ccccc1)c1ccccc1,0
3728,Cc1cc(N)c(C)c2c3cc(O)ccc3[nH]c12,Cc1cc(N)c(C)c2c1[nH]c1ccc(O)cc12,1
1637,CN(C)c1ccc(cc1)N=Nc2ccc3[nH]ncc3c2,CN(C)c1ccc(N=Nc2ccc3[nH]ncc3c2)cc1,1
4151,CN(C)CCNC(=O)c1ccc2nc3ccccc3c(N)c2c1,CN(C)CCNC(=O)c1ccc2nc3ccccc3c(N)c2c1,0
5942,CC(C)(C)NC(=O)C1CCC2C3CC=C4C=C(CCC4(C)C3CCC12C)C(=O)O,CC(C)(C)NC(=O)C1CCC2C3CC=C4C=C(C(=O)O)CCC4(C)C3CCC12C,0
4831,Cc1cc(cc2ccccc12)[N+](=O)[O-],Cc1cc([N+](=O)[O-])cc2ccccc12,1
2889,Oc1ccc(cc1)[N+](=O)[O-],O=[N+]([O-])c1ccc(O)cc1,0
1082,CCCCCCCCCCC,CCCCCCCCCCC,0
5601,COC(=O)Nc1nc2cc(ccc2[nH]1)C(=O)c3ccccc3,COC(=O)Nc1nc2cc(C(=O)c3ccccc3)ccc2[nH]1,1
1248,C(Oc1ccc(Cc2ccccc2)cc1)C3CO3,c1ccc(Cc2ccc(OCC3CO3)cc2)cc1,1
2854,CCCCOC(=O)\C=C\c1oc(cc1)[N+](=O)[O-],CCCCOC(=O)/C=C/c1ccc([N+](=O)[O-])o1,1
3524,CC(C)CCCCCCCOC(=O)c1ccccc1C(=O)OCCCCCCCC(C)C,CC(C)CCCCCCCOC(=O)c1ccccc1C(=O)OCCCCCCCC(C)C,0
4379,O[C@@H]1C=Cc2c(ccc3c2ccc4ccccc34)[C@H]1O,O[C@@H]1C=Cc2c(ccc3c2ccc2ccccc23)[C@H]1O,1
7029,CC(C)=CCCC(C)(OC(=O)C1=C(C=CC=C1)N)C=C,C=CC(C)(CCC=C(C)C)OC(=O)c1ccccc1N,0
6193,[O-][N+](=O)c1cccc(c1)[N+](=O)[O-],O=[N+]([O-])c1cccc([N+](=O)[O-])c1,1
6577,OC2C=CC1=C3C=CC4=CC=C(C5=CC=C(C=C1C2O)C3=C45)[N+]([O-])=O,O=[N+]([O-])c1ccc2ccc3c4c(cc5ccc1c2c53)C(O)C(O)C=C4,1
5660,Oc1cccc2cc3cccc(O)c3c(O)c12,Oc1cccc2cc3cccc(O)c3c(O)c12,0
1134,Cc1cc(C)c(N)cc1C,Cc1cc(C)c(N)cc1C,1
4929,[O-][N+](=O)c1cccc(CCl)c1,O=[N+]([O-])c1cccc(CCl)c1,1
6571,COC1=CC=C(C=C1)C2OC2C(=O)C3=CC=CC=C3,COc1ccc(C2OC2C(=O)c2ccccc2)cc1,1
3748,CC(=O)Nc1cccc(N=Nc2cccc(NC(=O)C)c2C)c1C,CC(=O)Nc1cccc(N=Nc2cccc(NC(C)=O)c2C)c1C,0
5666,COc1ccccc1\C=C/C=O,COc1ccccc1/C=C\C=O,1
7060,CC(CCl)OP(=O)(OC(C)CCl)OC(C)CCl,CC(CCl)OP(=O)(OC(C)CCl)OC(C)CCl,0
4949,CCC(=O)\N=C\1/SN(C(=O)CC)c2ccc(cc12)[N+](=O)[O-],CCC(=O)/N=c1\sn(C(=O)CC)c2ccc([N+](=O)[O-])cc12,1
4746,CC(=O)Nc1ccc2[nH]c3c(C)c4ccncc4c(C)c3c2c1,CC(=O)Nc1ccc2[nH]c3c(C)c4ccncc4c(C)c3c2c1,0
3982,CC(C)(C)OOC(C)(C)c1cccc(c1)C(C)(C)OOC(C)(C)C,CC(C)(C)OOC(C)(C)c1cccc(C(C)(C)OOC(C)(C)C)c1,0
2830,Cc1cnc2c(C)c(C)c3c(nc(N)n3C)c2n1,Cc1cnc2c(C)c(C)c3c(nc(N)n3C)c2n1,1
3471,CN(C)c1ccc(N(C)C)c2C(=O)c3c(O)ccc(O)c3C(=O)c12,CN(C)c1ccc(N(C)C)c2c1C(=O)c1c(O)ccc(O)c1C2=O,1
1224,c1ccccc1,c1ccccc1,0
3758,CC1(C)OC1COc2c3C=CC(=O)Oc3cc4occc24,CC1(C)OC1COc1c2ccoc2cc2oc(=O)ccc12,0
6801,FC1=CC=C(C=C1)C(=O)C2OC2C3=CC=CC=C3,O=C(c1ccc(F)cc1)C1OC1c1ccccc1,1
3221,O=NN1CCCN(CC1)N=O,O=NN1CCCN(N=O)CC1,1
3018,Cn1c(N)nc2nc3ccccc3cc12,Cn1c(N)nc2nc3ccccc3cc21,1
5303,Oc1cccc2c1ccc3[nH]c4cc(c5ccccc5c4c23)[N+](=O)[O-],O=[N+]([O-])c1cc2[nH]c3ccc4c(O)cccc4c3c2c2ccccc12,1
5542,C1CN(CCO1)Sc2nc3ccccc3s2,c1ccc2sc(SN3CCOCC3)nc2c1,0
5146,CC[C@@H](CO)[N+](=O)[O-],CC[C@@H](CO)[N+](=O)[O-],0
4174,Cc1cc(N)ccc1c2ccc(O)cc2,Cc1cc(N)ccc1-c1ccc(O)cc1,1
2579,CNC(=O)NO,CNC(=O)NO,0
2767,ClCC1(CCl)C2CC(Cl)(Cl)C1(CCl)C(Cl)C2Cl,ClCC1(CCl)C2CC(Cl)(Cl)C1(CCl)C(Cl)C2Cl,0
6210,CCCCCCCCCCCC(=O)NCCO,CCCCCCCCCCCC(=O)NCCO,0
884,CN1CCN(CC1)N=O,CN1CCN(N=O)CC1,1
47,CCO[P@](=S)(CC)Sc1ccccc1,CCO[P@](=S)(CC)Sc1ccccc1,0
6258,Nc1cccc2c(Cl)nsc12,Nc1cccc2c(Cl)nsc12,1
1688,CC(OP(=O)(OC(C)C(Br)CBr)OC(C)C(Br)CBr)C(Br)CBr,CC(OP(=O)(OC(C)C(Br)CBr)OC(C)C(Br)CBr)C(Br)CBr,1
261,COc1ccccc1NCSC,COc1ccccc1NCSC,1
1173,C1c2ccccc2c3ccc4ccc5ccccc5c4c13,c1ccc2c(c1)Cc1c-2ccc2ccc3ccccc3c12,1
1824,CN(C)CCO[C@H](c1ccccc1)c2ccccc2C,Cc1ccccc1[C@H](OCCN(C)C)c1ccccc1,0
5862,OCC(CO)(CCBr)CCBr,OCC(CO)(CCBr)CCBr,1
2981,CN(N=O)C(=O)Oc1ccc(C)c(C)c1C,Cc1ccc(OC(=O)N(C)N=O)c(C)c1C,1
2666,CCCCCCNCCCCCC,CCCCCCNCCCCCC,0
1703,CCCCCCCCCCCCCCN(OC(=O)C)c1ccc2c(Cc3ccccc23)c1,CCCCCCCCCCCCCCN(OC(C)=O)c1ccc2c(c1)Cc1ccccc1-2,1
3317,OC[C@H]1CO1,OC[C@H]1CO1,1
3453,Nc1nc(O)c2nc(CNc3ccc(cc3)C(=O)N[C@@H](CCC(=O)O)C(=O)O)cnc2n1,Nc1nc(O)c2nc(CNc3ccc(C(=O)N[C@@H](CCC(=O)O)C(=O)O)cc3)cnc2n1,0
4781,C=CCN1C(=O)N(CC=C)C(=O)N(CC=C)C1=O,C=CCn1c(=O)n(CC=C)c(=O)n(CC=C)c1=O,0
1523,CCCN(CCC)S(=O)(=O)c1ccc(cc1)C(=O)O,CCCN(CCC)S(=O)(=O)c1ccc(C(=O)O)cc1,0
5875,Cn1cnc(N=O)c1c2ccccc2,Cn1cnc(N=O)c1-c1ccccc1,1
4907,[O-][N+](=O)c1ccc2c(Cc3cc(ccc23)[N+](=O)[O-])c1,O=[N+]([O-])c1ccc2c(c1)Cc1cc([N+](=O)[O-])ccc1-2,1
7054,CCC=[N+](O)[O-],CCC=[N+]([O-])O,0
1388,CC(=O)Nc1ccc(Oc2ccc(cc2)N(OC(=O)C)C(=O)C)cc1,CC(=O)Nc1ccc(Oc2ccc(N(OC(C)=O)C(C)=O)cc2)cc1,1
451,OC(=O)c1cc(O)c2cccc(O)c2n1,O=C(O)c1cc(O)c2cccc(O)c2n1,0
5566,Cc1ccc2nc(sc2c1)c3ccc(N)cc3,Cc1ccc2nc(-c3ccc(N)cc3)sc2c1,1
6602,OC4C=CC3=C(C2=CC=C1C=CC=CC1=C2C=C3)C4O,OC1C=Cc2ccc3c(ccc4ccccc43)c2C1O,1
6866,N1C(C1C2=CC=CC=C2)C3=CC=CC=C3,c1ccc(C2NC2c2ccccc2)cc1,1
2577,BrN1C(=O)CCC1=O,O=C1CCC(=O)N1Br,1
2475,CCOP(=S)(OCC)OCCSCC,CCOP(=S)(OCC)OCCSCC,1
5288,CC(=C)C(=O)OCC(C)(C)COC(=O)C(=C)C,C=C(C)C(=O)OCC(C)(C)COC(=O)C(=C)C,0
4495,ON(C(=O)c1ccccc1)c2ccc3c(Cc4ccccc34)c2,O=C(c1ccccc1)N(O)c1ccc2c(c1)Cc1ccccc1-2,1
1003,Oc1c2nc3ccccc3c2nnn1\N=C\c4ccc(cc4)[N+](=O)[O-],O=[N+]([O-])c1ccc(/C=N/n2nnc3c4ccccc4nc-3c2O)cc1,1
5939,Nc1ccc(Cc2ccc(N)c(c2)C(=O)O)cc1C(=O)O,Nc1ccc(Cc2ccc(N)c(C(=O)O)c2)cc1C(=O)O,0
6554,ClCC(Cl)CBr,ClCC(Cl)CBr,1
938,CCCCCON=O,CCCCCON=O,1
1790,CC1C=C(C=O)C(=CC2(O)CC(C)(C)CC12)C=O,CC1C=C(C=O)C(C=O)=CC2(O)CC(C)(C)CC12,1
1289,Nc1nc(N)c2[nH]cnc2n1,Nc1nc(N)c2[nH]cnc2n1,0
3201,OC1C(O)c2c(ccc3ccccc23)c4ccccc14,OC1c2ccccc2-c2ccc3ccccc3c2C1O,0
1334,BrC(Br)C(Br)(Br)Br,BrC(Br)C(Br)(Br)Br,0
435,o1ccc2cc3ccc4cccc5ccc(c12)c3c45,c1cc2ccc3cc4ccoc4c4ccc(c1)c2c34,1
1964,Nc1ccc(CCc2ccc(N)cc2)cc1,Nc1ccc(CCc2ccc(N)cc2)cc1,1
1368,COc1ccc2nc3cc(Cl)ccc3c(NC(C)CCCN(CCCl)CCCl)c2c1,COc1ccc2nc3cc(Cl)ccc3c(NC(C)CCCN(CCCl)CCCl)c2c1,1
3406,NCCNCCNCCN,NCCNCCNCCN,1
421,OC(=O)\C(=C(/C=O)\C(Cl)Cl)\Cl,O=C/C(=C(/Cl)C(=O)O)C(Cl)Cl,1
1249,O=NN1CCC=CC1,O=NN1CC=CCC1,1
5059,COP(=O)(O)O,COP(=O)(O)O,0
3681,ClC(=C(c1ccc(Cl)cc1)c2ccc(Cl)cc2)Cl,ClC(Cl)=C(c1ccc(Cl)cc1)c1ccc(Cl)cc1,0
5247,CCCCCCOC(=O)C(=C)C,C=C(C)C(=O)OCCCCCC,0
758,Nc1ccc2C(=O)c3ccccc3C(=O)c2c1,Nc1ccc2c(c1)C(=O)c1ccccc1C2=O,1
1915,CNc1ccc2ncc(C)nc2c1C,CNc1ccc2ncc(C)nc2c1C,1
5502,BrCc1cccc(CBr)c1,BrCc1cccc(CBr)c1,0
1916,CC(=O)Nc1cccc2ncccc12,CC(=O)Nc1cccc2ncccc12,0
7233,Cc1nc(N)c(C)c2c3ccccc3[nH]c12,Cc1nc(N)c(C)c2c1[nH]c1ccccc12,1
3983,CNS(=O)(=O)c1ccc(N)cc1,CNS(=O)(=O)c1ccc(N)cc1,0
2122,COc1cc(F)ccc1[N+](=O)[O-],COc1cc(F)ccc1[N+](=O)[O-],1
759,CS(=O)(=O)c1ccc(O)c(N)c1,CS(=O)(=O)c1ccc(O)c(N)c1,0
6390,[O-][N+](=O)c1c(nc2sccn12)c3ccc(Cl)cc3,O=[N+]([O-])c1c(-c2ccc(Cl)cc2)nc2sccn12,1
1813,CCCCCCCCCC(=O)O,CCCCCCCCCC(=O)O,0
1348,CC(=O)N(O)c1ccc2c(Cc3ccccc23)c1,CC(=O)N(O)c1ccc2c(c1)Cc1ccccc1-2,1
2474,OC1C(O)c2c3ccccc3cc4ccc5cccc1c5c24,OC1c2cccc3ccc4cc5ccccc5c(c4c23)C1O,1
2984,ClCc1cccnc1,ClCc1cccnc1,1
6852,CC(O)CN(C)N=O,CC(O)CN(C)N=O,1
6569,CC(=O)NC1=CC(=CC=C1)N,CC(=O)Nc1cccc(N)c1,1
3682,CCCCCCCOc1ccccc1NC(=O)OCCN2CCCCC2,CCCCCCCOc1ccccc1NC(=O)OCCN1CCCCC1,0
3601,CCN(C(=O)CCCl)c1snc2ccccc12,CCN(C(=O)CCCl)c1snc2ccccc12,1
4268,Oc1ccc(CC=C)cc1O,C=CCc1ccc(O)c(O)c1,1
7042,NC(CC1=CC=C(C=C1)F)C(O)=O,NC(Cc1ccc(F)cc1)C(=O)O,0
3855,CCCCCCCCS(=O)[C@H](C)Cc1ccc2OCOc2c1,CCCCCCCC[S+]([O-])[C@H](C)Cc1ccc2c(c1)OCO2,0
5954,CC1=CN(CC(O)CN=N#N)C(=O)NC1=O,Cc1cn(CC(O)CN=[N+]=[N-])c(=O)[nH]c1=O,1
2607,C1C=Cc2c1ccc3ccc4ccccc4c23,C1=Cc2c(ccc3ccc4ccccc4c23)C1,1
772,Cc1ccccc1N=O,Cc1ccccc1N=O,1
2901,CCOC(=O)N(C)N=O,CCOC(=O)N(C)N=O,1
1072,Fc1cccc2cccnc12,Fc1cccc2cccnc12,1
4382,CC(=[N+]([O-])[O-])C,CC(C)=[N+]([O-])[O-],1
6730,O1C4C1C3=C(C2=CC=CC=C2C=C3)C5=C4C=CC=C5,c1ccc2c(c1)-c1c(ccc3ccccc13)C1OC21,1
3256,CCN(CCCl)CCCNc1c2ccccc2nc3c1ccc4cccnc34,CCN(CCCl)CCCNc1c2ccccc2nc2c1ccc1cccnc12,1
3041,CC(\C=C(/C#N)\c1ccc(Cl)c(Cl)c1)C(C(C#N)c2ccc(Cl)c(Cl)c2)c3ccccc3,CC(/C=C(\C#N)c1ccc(Cl)c(Cl)c1)C(c1ccccc1)C(C#N)c1ccc(Cl)c(Cl)c1,1
6795,OCC(O)CN=[N+]=[N-],[N-]=[N+]=NCC(O)CO,1
1914,OCc1ccc(cc1[N+](=O)[O-])[N+](=O)[O-],O=[N+]([O-])c1ccc(CO)c([N+](=O)[O-])c1,1
6965,O=C2NC1=C(CCC1)C(=O)N2C3CCCCC3,O=c1[nH]c2c(c(=O)n1C1CCCCC1)CCC2,0
6710,OC2=C1C(C3=C(C(C1=C(C=C2)O)=O)C=CC=C3)=O,O=C1c2ccccc2C(=O)c2c(O)ccc(O)c21,1
6719,CC=CCC=O,CC=CCC=O,1
414,c1cc2cnncc2cn1,c1cc2cnncc2cn1,0
6502,O=C(C1CCCCC1)N2CC3N(CCc4ccccc34)C(=O)C2,O=C(C1CCCCC1)N1CC(=O)N2CCc3ccccc3C2C1,0
1753,OCCNCc1oc(cc1)[N+](=O)[O-],O=[N+]([O-])c1ccc(CNCCO)o1,1
6053,OC1OC(=O)C(=C1CCl)Cl,O=C1OC(O)C(CCl)=C1Cl,1
3647,Nc1ccc(Cl)c(N)c1,Nc1ccc(Cl)c(N)c1,1
3883,C1CCCC1,C1CCCC1,0
4841,C\C=C(\C(=C\C)\c1ccc(O)cc1)/c2ccc(O)cc2,C/C=C(C(=C/C)/c1ccc(O)cc1)\c1ccc(O)cc1,0
2415,CC(C)Nc1nc(N)nc(Cl)n1,CC(C)Nc1nc(N)nc(Cl)n1,0
3187,CC(=O)Nc1snc2c(Cl)cc(Cl)cc12,CC(=O)Nc1snc2c(Cl)cc(Cl)cc12,0
6132,C[C@H]1OC=C2C(=C(C(=O)O)C(=O)C(=C2[C@@H]1C)C)O,CC1=C2C(=CO[C@H](C)[C@H]2C)C(O)=C(C(=O)O)C1=O,0
538,ONC(=O)c1ccccc1,O=C(NO)c1ccccc1,1
3704,Cc1nc(cs1)c2oc(cc2)[N+](=O)[O-],Cc1nc(-c2ccc([N+](=O)[O-])o2)cs1,1
1130,CC(=O)Oc1ccccc1C(=O)Oc2ccccc2C(=O)O,CC(=O)Oc1ccccc1C(=O)Oc1ccccc1C(=O)O,0
6032,CC1C(C)(C)Nc2ccccc2C1(C)C3C(C)(C)Nc4ccccc4C3(C)C,CC1C(C)(C)Nc2ccccc2C1(C)C1C(C)(C)Nc2ccccc2C1(C)C,0
3051,NC(CSC(=C(Cl)Cl)Cl)C(=O)O,NC(CSC(Cl)=C(Cl)Cl)C(=O)O,1
7004,CC(O)C(C)=O,CC(=O)C(C)O,0
43,CCOC(=O)C(C)Br,CCOC(=O)C(C)Br,1
2617,ONc1cccc2ccccc12,ONc1cccc2ccccc12,1
1554,[O-][N+](=O)c1cc(Cl)ccc1Cl,O=[N+]([O-])c1cc(Cl)ccc1Cl,1
286,COc1cc2CCN(C)c3cc4cc5OCOc5cc4c(c1OC)c23,COc1cc2c3c(cc4cc5c(cc4c3c1OC)OCO5)N(C)CC2,1
6425,CCC1CO1,CCC1CO1,1
232,CC(C)CCOCC(=O)OCC=C,C=CCOC(=O)COCCC(C)C,0
1421,CC\C=C\1/OC(=O)c2ccccc12,CC/C=C1\OC(=O)c2ccccc21,1
7229,Nc1ccc(N)c(Cl)c1,Nc1ccc(N)c(Cl)c1,1
3098,Cc1c(N)cc(cc1[N+](=O)[O-])[N+](=O)[O-],Cc1c(N)cc([N+](=O)[O-])cc1[N+](=O)[O-],1
4868,Cn1c(N=N#N)nc2ccc3ncccc3c12,Cn1c(N=[N+]=[N-])nc2ccc3ncccc3c21,1
5034,CC(=O)NNc1ccc(CO)cc1,CC(=O)NNc1ccc(CO)cc1,1
672,OS(=O)(=O)CNc1ccc(cc1)N=Nc2cccnc2,O=S(=O)(O)CNc1ccc(N=Nc2cccnc2)cc1,0
2709,OC(=O)CCC(=O)Nc1cc(Cl)c(Cl)c(Cl)c1,O=C(O)CCC(=O)Nc1cc(Cl)c(Cl)c(Cl)c1,0
5422,c1cscn1,c1cscn1,1
5424,Clc1ccncc1,Clc1ccncc1,0
5642,CC(=O)Nc1cnc2ccccc2c1,CC(=O)Nc1cnc2ccccc2c1,0
6940,CN3C(C(=O)NC1=NC=CC=C1)C(=O)C2=C(C=CS2)S3(=O)=O,CN1C(C(=O)Nc2ccccn2)C(=O)c2sccc2S1(=O)=O,0
2619,C=CC(=O)OC[C@H]1CO1,C=CC(=O)OC[C@H]1CO1,1
3036,CC(C)OC(=O)C(C)(C)Oc1ccc(cc1)C(=O)c2ccc(Cl)cc2,CC(C)OC(=O)C(C)(C)Oc1ccc(C(=O)c2ccc(Cl)cc2)cc1,0
6877,NC1=CC3=C(C=C1)C2=NC4=C(C(N2C3)=O)C=CC=C4,Nc1ccc2c(c1)Cn1c-2nc2ccccc2c1=O,1
6368,CCOC(=O)NNc1nncc2ccccc12,CCOC(=O)NNc1nncc2ccccc12,1
3185,N[C@@H](CCC(=O)N[C@@H](CS\C(=C(\Cl)/C(=C(Cl)Cl)Cl)\Cl)C(=O)NCC(=O)O)C(=O)O,N[C@@H](CCC(=O)N[C@@H](CS/C(Cl)=C(/Cl)C(Cl)=C(Cl)Cl)C(=O)NCC(=O)O)C(=O)O,1
761,COc1ccc(cc1)[C@H]2O[C@@H]2C(=O)c3ccccc3,COc1ccc([C@H]2O[C@@H]2C(=O)c2ccccc2)cc1,1
2955,C1=Cc2cc3cccc4c5ccccc5c6ccc1c2c6c34,C1=Cc2cc3cccc4c5ccccc5c5ccc1c2c5c34,1
4621,Oc1cccc2c1c(cc3[nH]c4ccc5ccccc5c4c23)[N+](=O)[O-],O=[N+]([O-])c1cc2[nH]c3ccc4ccccc4c3c2c2cccc(O)c12,1
2752,CCCCCC(=O)Cc1cc(O)cc2Oc3c(CCCCC)c(C(=O)O)c(O)cc3OC(=O)c12,CCCCCC(=O)Cc1cc(O)cc2c1C(=O)Oc1cc(O)c(C(=O)O)c(CCCCC)c1O2,0
3243,COc1cccc2c1OC3(C)OOC23C,COc1cccc2c1OC1(C)OOC21C,1
3289,COC1=C(OC)C(=O)C(=CC1=O)C,COC1=C(OC)C(=O)C(C)=CC1=O,0
3813,CC(C)(C)COC(=O)C=C,C=CC(=O)OCC(C)(C)C,0
2658,Cn1cnc(c2ccccc2)c1N=O,Cn1cnc(-c2ccccc2)c1N=O,1
6559,FCC1CO1,FCC1CO1,1
3442,Cc1cc2ccccc2c3cc4ccccc4cc13,Cc1cc2ccccc2c2cc3ccccc3cc12,1
5564,COP(=O)(O)OC,COP(=O)(O)OC,0
4304,ClCC(=O)Nc1snc2ccc(Cl)cc12,O=C(CCl)Nc1snc2ccc(Cl)cc12,1
2604,CCOC(=O)CC(=O)C,CCOC(=O)CC(C)=O,0
6342,ClCC(CCl)(CCl)CCl,ClCC(CCl)(CCl)CCl,0
6121,[O-][N+](=O)c1cc2[nH]c3cc(c4ccccc4c3c2c5ccccc15)[N+](=O)[O-],O=[N+]([O-])c1cc2[nH]c3cc([N+](=O)[O-])c4ccccc4c3c2c2ccccc12,1
990,COc1nc2cccc(CBr)c2nc1OC,COc1nc2cccc(CBr)c2nc1OC,1
5734,Cc1cccc(C)c1N=Nc2c(O)ccc3ccccc23,Cc1cccc(C)c1N=Nc1c(O)ccc2ccccc12,0
1623,CCCC=O,CCCC=O,0
5217,CCCCCCCCCCCCCCCC(=O)OCC(O)C1OC(=C(O)C1=O)O,CCCCCCCCCCCCCCCC(=O)OCC(O)C1OC(O)=C(O)C1=O,0
6156,Cc1ccc2ccc3cc4ccccc4c5ccc1c2c35,Cc1ccc2ccc3cc4ccccc4c4ccc1c2c34,1
496,Nc1cccc(N)c1C(=O)O,Nc1cccc(N)c1C(=O)O,1
3559,Cc1ccccc1NC(=O)c2csc(c2)[N+](=O)[O-],Cc1ccccc1NC(=O)c1csc([N+](=O)[O-])c1,1
235,C[C@]12CC[C@@H]3[C@@H](CCc4cc(O)ccc34)[C@H]1CC[C@@H]2O,C[C@]12CC[C@H]3c4ccc(O)cc4CC[C@H]3[C@H]1CC[C@@H]2O,0
4913,CNC(=O)c1c(ncn1C)N(C)N=O,CNC(=O)c1c(N(C)N=O)ncn1C,0
507,Cc1c(O)cc2C(=O)c3ccccc3C(=O)c2c1O,Cc1c(O)cc2c(c1O)C(=O)c1ccccc1C2=O,1
3727,ClCc1ccc(CCl)cc1,ClCc1ccc(CCl)cc1,0
6055,Oc1ccc2ccccc2c1[N+](=O)[O-],O=[N+]([O-])c1c(O)ccc2ccccc12,1
4410,CCCC(=O)C,CCCC(C)=O,0
6491,COC1C(CC2CN3CCc4c([nH]c5cc(OC)ccc45)C3CC2C1C(=O)OC)OC(=O)c6cc(OC)c(OC)c(OC)c6,COC(=O)C1C2CC3c4[nH]c5cc(OC)ccc5c4CCN3CC2CC(OC(=O)c2cc(OC)c(OC)c(OC)c2)C1OC,0
3229,C1O[C@H]1c2ccccc2,c1ccc([C@H]2CO2)cc1,1
445,COc1cc2CCN(C=O)c3cc4ccccc4c(c1OC)c23,COc1cc2c3c(cc4ccccc4c3c1OC)N(C=O)CC2,1
3473,Cn1c(NS(=O)(=O)O)nc2c3nc(CO)cnc3ccc12,Cn1c(NS(=O)(=O)O)nc2c3nc(CO)cnc3ccc21,0
6903,CC1CCC(CC1)C(C)C,CC1CCC(C(C)C)CC1,0
3731,CC(C)c1c(N)ccc2c1Cc3ccccc23,CC(C)c1c(N)ccc2c1Cc1ccccc1-2,1
52,Brc1ccccc1,Brc1ccccc1,0
982,COc1c2ccoc2nc3ccccc13,COc1c2ccccc2nc2occc12,1
4319,CC(C)c1cc(N)cc(c1N)[N+](=O)[O-],CC(C)c1cc(N)cc([N+](=O)[O-])c1N,0
2744,Cc1ccc(cc1)S(=O)(=O)NC2CCCCC2,Cc1ccc(S(=O)(=O)NC2CCCCC2)cc1,0
4284,[O-][N+](=O)\C=C\c1ccccc1,O=[N+]([O-])/C=C/c1ccccc1,1
5546,O=C1CCCCC1,O=C1CCCCC1,0
5549,COC(=O)\C(=C(/OP(=O)(OC)OC)\c1ccc(Cl)cc1Cl)\Br,COC(=O)/C(Br)=C(\OP(=O)(OC)OC)c1ccc(Cl)cc1Cl,0
1131,CCOP(=O)(CC)OCC,CCOP(=O)(CC)OCC,0
1065,CN(C)C1Cc2cccc3cccc(C1)c23,CN(C)C1Cc2cccc3cccc(c23)C1,1
2492,ClC(=C)C=C,C=CC(=C)Cl,0
7093,CCC(CO)NCCNC(CC)CO,CCC(CO)NCCNC(CC)CO,0
7095,CN1CCC(C1)CN3C2=C(C=CC=C2)SC4=C3C=CC=C4,CN1CCC(CN2c3ccccc3Sc3ccccc32)C1,0
3732,CC1c2ccccc2c3cccc(C)c13,Cc1cccc2c1C(C)c1ccccc1-2,1
6671,BrCC(Br)COC(=O)C=C,C=CC(=O)OCC(Br)CBr,1
2805,CC(C)CCCCCCCOP(=O)(Oc1ccccc1)Oc2ccccc2,CC(C)CCCCCCCOP(=O)(Oc1ccccc1)Oc1ccccc1,0
5560,Cc1ccc(NO)cc1[N+](=O)[O-],Cc1ccc(NO)cc1[N+](=O)[O-],0
1386,[O-][N+](=O)c1ccc2[nH]c3ccc(cc3c2c1)[N+](=O)[O-],O=[N+]([O-])c1ccc2[nH]c3ccc([N+](=O)[O-])cc3c2c1,1
6642,CCC2=C1[NH]C3=C(C1=CC=C2O)CCOC3(CC)CC(O)=O,CCc1c(O)ccc2c3c([nH]c12)C(CC)(CC(=O)O)OCC3,1
7200,CCCCN(CC(O)CC)N=O,CCCCN(CC(O)CC)N=O,1
5266,CC(C)(C)NCC(O)COc1cccc2CC(O)C(O)Cc12,CC(C)(C)NCC(O)COc1cccc2c1CC(O)C(O)C2,0
3352,CCCCCCCCCCCCCC=C,C=CCCCCCCCCCCCCC,0
5018,COC(=O)CC(=O)OC,COC(=O)CC(=O)OC,0
2038,CCCCCCCC1CCC(=O)O1,CCCCCCCC1CCC(=O)O1,0
2004,CCCCCCCCC\C=C\C[C@H]1CC(=O)OC1=O,CCCCCCCCC/C=C/C[C@H]1CC(=O)OC1=O,0
4815,CCOC(=O)[C@H](C)O,CCOC(=O)[C@H](C)O,0
3939,CCNC(=O)Nc1ccc(OCC(O)CNC(C)(C)C)c(c1)C(=O)C,CCNC(=O)Nc1ccc(OCC(O)CNC(C)(C)C)c(C(C)=O)c1,0
2085,CNCCS(=O)(=O)O,CNCCS(=O)(=O)O,0
6503,OCC1CO1,OCC1CO1,1
2626,CN(N=O)C(=O)c1ccccc1,CN(N=O)C(=O)c1ccccc1,1
2989,ON(C=O)c1ccc(cc1)[N+](=O)[O-],O=CN(O)c1ccc([N+](=O)[O-])cc1,1
6257,Clc1ccc(cc1Cl)N=Nc2ccc(Cl)c(Cl)c2,Clc1ccc(N=Nc2ccc(Cl)c(Cl)c2)cc1Cl,0
6634,OC1COC(C(O)C1O)N(N=O)C2=CC=C(C=C2)[N+]([O-])=O,O=NN(c1ccc([N+](=O)[O-])cc1)C1OCC(O)C(O)C1O,1
3340,CCCCCCCCCCCCCC(=O)[N-][N+](C)(C)CC(C)O,CCCCCCCCCCCCCC(=O)[N-][N+](C)(C)CC(C)O,0
791,CCN(CC)c1ccc(cc1)N=Nc2ccc(cc2C#N)[N+](=O)[O-],CCN(CC)c1ccc(N=Nc2ccc([N+](=O)[O-])cc2C#N)cc1,1
1415,[O-][N+](=O)c1ccc2c(c1)nc(\C=N\OCc3ccccc3[N+](=O)[O-])n2Cc4ccccc4,O=[N+]([O-])c1ccc2c(c1)nc(/C=N/OCc1ccccc1[N+](=O)[O-])n2Cc1ccccc1,1
2546,N[C@H](Cc1ccc(cc1)N(CCCl)CCCl)C(=O)O,N[C@H](Cc1ccc(N(CCCl)CCCl)cc1)C(=O)O,1
3832,Oc1ccc2c(OC(=O)c3c2oc4cc(O)ccc34)c1,O=c1oc2cc(O)ccc2c2oc3cc(O)ccc3c12,0
160,OC1C2OC2C3=C(C=CC4C3c5cccc6cccc4c56)C1O,OC1C2=C(C3OC3C1O)C1c3cccc4cccc(c34)C1C=C2,1
5714,CCC(=O)Nc1ccc(Cl)c(Cl)c1,CCC(=O)Nc1ccc(Cl)c(Cl)c1,0
3333,ClCCOC(=O)Cl,O=C(Cl)OCCCl,0
5887,Oc1c(cccc1[N+](=O)[O-])c2ccccc2,O=[N+]([O-])c1cccc(-c2ccccc2)c1O,0
6483,CN(C)N=Nc1nc[nH]c1C(=O)N,CN(C)N=Nc1nc[nH]c1C(N)=O,1
4163,CC(CN=N#N)c1ccccc1,CC(CN=[N+]=[N-])c1ccccc1,1
1697,Cc1cc2ncccc2c3nc(N=N#N)n(C)c13,Cc1cc2ncccc2c2nc(N=[N+]=[N-])n(C)c12,1
6457,CC1CCCC(=O)CCCC=Cc2cc(O)cc(O)c2C(=O)O1,CC1CCCC(=O)CCCC=Cc2cc(O)cc(O)c2C(=O)O1,0
4885,N1[C@@H]2[C@H]1c3ccccc3c4c2ccc5ccccc45,c1ccc2c(c1)-c1c(ccc3ccccc13)[C@@H]1N[C@H]21,1
620,C[C@@H]1[C@H](O)CCC2=CC(=O)[C@]3(O[C@H]3[C@@]12C)[C@H]4O[C@H]4CO,C[C@@H]1[C@H](O)CCC2=CC(=O)[C@@]3([C@H]4O[C@H]4CO)O[C@H]3[C@]21C,1
1742,ONc1ccccc1,ONc1ccccc1,1
497,Oc1ccc2c3ccccc3c4cc5ccccc5cc4c2c1,Oc1ccc2c3ccccc3c3cc4ccccc4cc3c2c1,1
3916,ClC(=O)CCc1ccccc1,O=C(Cl)CCc1ccccc1,1
3070,Cc1cccc2ncccc12,Cc1cccc2ncccc12,1
5204,NCCCl,NCCCl,1
5670,CCOC(=O)Cc1c(C(=O)O)c2ccccc2n1C,CCOC(=O)Cc1c(C(=O)O)c2ccccc2n1C,0
2301,Cc1cn2c(N=O)c(nc2s1)c3ccc(cc3)[N+](=O)[O-],Cc1cn2c(N=O)c(-c3ccc([N+](=O)[O-])cc3)nc2s1,1
4238,CCN(CC)CCNc1ccc(COC(=O)c2occc2)c3Sc4ccccc4C(=O)c13,CCN(CC)CCNc1ccc(COC(=O)c2ccco2)c2sc3ccccc3c(=O)c12,1
702,OC(=O)C1=C(O)C(=O)C=CO1,O=C(O)c1occc(=O)c1O,0
6191,NC(CCN=[N+]=[N-])C(=O)O,[N-]=[N+]=NCCC(N)C(=O)O,1
2616,NC(=O)N(c1ccccc1)c2ccccc2,NC(=O)N(c1ccccc1)c1ccccc1,0
3760,[O-][N+](=O)c1ccc(Nc2ccc(Cl)cc2)cc1,O=[N+]([O-])c1ccc(Nc2ccc(Cl)cc2)cc1,1
4371,OC(=O)c1ccc(c(c1)[N+](=O)[O-])[N+](=O)[O-],O=C(O)c1ccc([N+](=O)[O-])c([N+](=O)[O-])c1,1
5814,C=CN1CCCC1=O,C=CN1CCCC1=O,0
3143,OC(=O)\C=C\c1c[nH]cn1,O=C(O)/C=C/c1c[nH]cn1,0
4134,CON(C)C(=O)Nc1ccc(Br)cc1,CON(C)C(=O)Nc1ccc(Br)cc1,0
1502,CC(C)CCOS(=O)(=O)C,CC(C)CCOS(C)(=O)=O,1
7264,COP(=O)(OC)O/C(=C/C(=O)OC(C)c1ccccc1)/C,COP(=O)(OC)O/C(C)=C/C(=O)OC(C)c1ccccc1,0
22,Cc1cc2c(nc(N)n2C)c3ncc(nc13)c4ccccc4,Cc1cc2c(nc(N)n2C)c2ncc(-c3ccccc3)nc12,1
1678,OCC(O)C(O)C(O)C(O)C(=O)O,O=C(O)C(O)C(O)C(O)C(O)CO,0
236,CC(C)Nc1nc(Cl)nc(NC(C)C)n1,CC(C)Nc1nc(Cl)nc(NC(C)C)n1,0
4233,OC(=O)\C=C\c1oc(cc1)[N+](=O)[O-],O=C(O)/C=C/c1ccc([N+](=O)[O-])o1,1
4944,CCOc1ccccc1[N+](=O)[O-],CCOc1ccccc1[N+](=O)[O-],1
6364,Oc1ccc(c(c1)[N+](=O)[O-])[N+](=O)[O-],O=[N+]([O-])c1ccc(O)cc1[N+](=O)[O-],1
767,CC(=O)OCc1c2cccc3ccc4cc5cccc6ccc1c(c56)c4c23,CC(=O)OCc1c2cccc3ccc4cc5cccc6ccc1c(c65)c4c32,1
3475,Oc1c(cc2ccccc2c1N=Nc3cc(Cl)ccc3Cl)C(=O)Nc4ccccc4,O=C(Nc1ccccc1)c1cc2ccccc2c(N=Nc2cc(Cl)ccc2Cl)c1O,1
2402,CN1SC(=CC1=O)Cl,Cn1sc(Cl)cc1=O,1
4425,CCCC(=O)Nc1snc2ccccc12,CCCC(=O)Nc1snc2ccccc12,0
901,OCC1OC(C(O)C1O)n2cnc3c(NCC(O)COc4cccc5ccccc45)ncnc23,OCC1OC(n2cnc3c(NCC(O)COc4cccc5ccccc45)ncnc32)C(O)C1O,0
4285,CC(=C)[C@@H]1CC=C(C)C(=O)C1,C=C(C)[C@@H]1CC=C(C)C(=O)C1,0
5363,Clc1ccc(Br)cc1,Clc1ccc(Br)cc1,0
2211,C1Cc2cc3ccc4cccc5ccc(c2[C@@H]6O[C@H]16)c3c45,c1cc2ccc3cc4c(c5ccc(c1)c2c35)[C@@H]1O[C@@H]1CC4,1
776,ONc1ccc(cc1)[N+](=O)[O-],O=[N+]([O-])c1ccc(NO)cc1,1
5826,CCOS(=O)(=O)c1ccc(C)cc1,CCOS(=O)(=O)c1ccc(C)cc1,1
5900,O=C1c2cccc3ccc4c5ccccc5cc1c4c23,O=c1c2cccc3ccc4c5ccccc5cc1c4c32,1
604,COc1cc2CCN(Cc2cc1OC)N=O,COc1cc2c(cc1OC)CN(N=O)CC2,1
1784,CC1C2C(=Nc3ccc(C)cc23)N(C)c4ccccc14,Cc1ccc2c(c1)C1C(=N2)N(C)c2ccccc2C1C,1
448,Oc1cccc2Oc3cc4OC5OCCC5c4c(O)c3C(=O)c12,O=c1c2c(O)cccc2oc2cc3c(c(O)c12)C1CCOC1O3,0
4376,OC1C2OC2c3c(ccc4c3ccc5ccc(O)cc45)C1O,Oc1ccc2ccc3c4c(ccc3c2c1)C(O)C(O)C1OC41,1
5264,O=C1CCCO1,O=C1CCCO1,0
4428,Nc1cccc2c3cccc4cccc(c12)c34,Nc1cccc2c1-c1cccc3cccc-2c13,1
7171,OCc1c(OC2COC(OCC3OC(O)C(O)C(O)C3O)C(O)C2O)cc2C(=O)c3ccccc3C(=O)c2c1O,O=C1c2ccccc2C(=O)c2c1cc(OC1COC(OCC3OC(O)C(O)C(O)C3O)C(O)C1O)c(CO)c2O,1
2572,COc1cc2OC[C@@H]3Oc4c5C[C@H](Oc5ccc4C(=O)[C@H]3c2cc1OC)C(=C)C,C=C(C)[C@@H]1Cc2c(ccc3c2O[C@H]2COc4cc(OC)c(OC)cc4[C@@H]2C3=O)O1,0
6159,ONS(=O)(=O)c1cccc2cccnc12,O=S(=O)(NO)c1cccc2cccnc12,0
5649,O[C@H]1C=Cc2cc3ccc4c(ccc5ccc(c2[C@@H]1O)c3c45)[N+](=O)[O-],O=[N+]([O-])c1ccc2ccc3c4c(cc5ccc1c2c53)C=C[C@H](O)[C@H]4O,1
676,Cc1c2ccccc2c(CBr)c3ccc4ccccc4c13,Cc1c2ccccc2c(CBr)c2ccc3ccccc3c12,1
4731,CC(C)(Cl)[N+](=O)[O-],CC(C)(Cl)[N+](=O)[O-],1
6997,OCC3OC1C(OC2=NC(=N)C=CN12)C3O,N=c1ccn2c(n1)OC1C(O)C(CO)OC12,0
5737,C1CSCSC1,C1CSCSC1,1
1843,CCCCOc1ccc2nc3cc(Cl)ccc3c(NCCCNCCCl)c2n1,CCCCOc1ccc2nc3cc(Cl)ccc3c(NCCCNCCCl)c2n1,1
6205,Nc1ccc2ccc3cc4ccccc4c5ccc1c2c35,Nc1ccc2ccc3cc4ccccc4c4ccc1c2c34,1
3792,CCCCOCCOCCO,CCCCOCCOCCO,0
6832,NC3=CC2=CC1=CC=CC=C1C=C2C=C3,Nc1ccc2cc3ccccc3cc2c1,1
3027,[O-][N+](=O)c1cc(Cl)c(Cl)cc1Cl,O=[N+]([O-])c1cc(Cl)c(Cl)cc1Cl,1
899,[O-][N+](=O)c1ccc(cc1)C(=O)[C@H]2O[C@@H]2c3ccccc3,O=C(c1ccc([N+](=O)[O-])cc1)[C@H]1O[C@@H]1c1ccccc1,1
7022,OC1COC(O)(CN(CC(O)=O)N=O)C(O)C1O,O=NN(CC(=O)O)CC1(O)OCC(O)C(O)C1O,0
6380,CCCCOS(=O)(=O)C,CCCCOS(C)(=O)=O,1
5851,Oc1ccc2c3ccccc3[nH]c2c1[N+](=O)[O-],O=[N+]([O-])c1c(O)ccc2c1[nH]c1ccccc12,0
5654,CCCCOCCOC(=O)COc1ccc(Cl)cc1Cl,CCCCOCCOC(=O)COc1ccc(Cl)cc1Cl,0
2356,CCCCNC(=O)n1c(NC(=O)OC)nc2ccccc12,CCCCNC(=O)n1c(NC(=O)OC)nc2ccccc21,0
4190,Oc1ccc2cc3ccc4cccc5ccc(c2c1)c3c45,Oc1ccc2cc3ccc4cccc5ccc(c2c1)c3c45,1
5050,Nc1ccc(N)c2C(=O)c3c(cccc3[N+](=O)[O-])C(=O)c12,Nc1ccc(N)c2c1C(=O)c1cccc([N+](=O)[O-])c1C2=O,1
6072,C1O[C@@H]1c2c3ccccc3cc4ccccc24,c1ccc2c([C@@H]3CO3)c3ccccc3cc2c1,1
3245,CC[C@@]12O[C@]1(C(=O)OC)C(=O)N[C@]2(C)O,CC[C@@]12O[C@]1(C(=O)OC)C(=O)N[C@]2(C)O,1
1331,CCCCCCNC(=O)N1C=C(F)C(=O)NC1=O,CCCCCCNC(=O)n1cc(F)c(=O)[nH]c1=O,0
3851,[O-][N+](=O)c1cc(cc(c1Cl)[N+](=O)[O-])C(F)(F)F,O=[N+]([O-])c1cc(C(F)(F)F)cc([N+](=O)[O-])c1Cl,0
4296,CCCCC(CC)COC(=O)COc1ccc(Cl)cc1Cl,CCCCC(CC)COC(=O)COc1ccc(Cl)cc1Cl,0
5620,O=CC=O,O=CC=O,1
5423,Cc1cc2c3cc4ccccc4cc3c5cccc(c1)c25,Cc1cc2c3c(cccc3c1)-c1cc3ccccc3cc1-2,1
1770,CC(C)(c1cc(Br)c(O)c(Br)c1)c2cc(Br)c(O)c(Br)c2,CC(C)(c1cc(Br)c(O)c(Br)c1)c1cc(Br)c(O)c(Br)c1,0
3341,Oc1ccc2ccc3ccc(c4c5ccccc5c1c2c34)[N+](=O)[O-],O=[N+]([O-])c1ccc2ccc3ccc(O)c4c5ccccc5c1c2c34,1
3049,Oc1oc2ccccc2n1,Oc1nc2ccccc2o1,0
6056,CCOP(=S)(OCC)Oc1ccc(cc1)[N+](=O)[O-],CCOP(=S)(OCC)Oc1ccc([N+](=O)[O-])cc1,0
4643,CCN(CCCO)N=O,CCN(CCCO)N=O,1
6439,OCP(Cl)(CO)(CO)CO,OCP(Cl)(CO)(CO)CO,0
1141,C1CCC2C(C1)C3OC3c4ccccc24,c1ccc2c(c1)C1CCCCC1C1OC21,0
3956,[O-][n+]1cccc2C=CC3OC3c12,[O-][n+]1cccc2c1C1OC1C=C2,0
2205,CCCCN(CC[C@@H](C)O)N=O,CCCCN(CC[C@@H](C)O)N=O,1
7258,O1C(CO)CCC1n1cnc2c(O)ncnc12,OCC1CCC(n2cnc3c(O)ncnc32)O1,1
1387,COc1c(O)cc2OC(=CC(=O)c2c1O)c3ccc(O)cc3,COc1c(O)cc2oc(-c3ccc(O)cc3)cc(=O)c2c1O,0
4157,Cc1ccc(C)c2c1ccc3ccccc23,Cc1ccc(C)c2c1ccc1ccccc12,1
2613,[O-][N+](=O)c1ccc(SC#N)c(c1)[N+](=O)[O-],N#CSc1ccc([N+](=O)[O-])cc1[N+](=O)[O-],1
2954,NC1CCCC(N)C1,NC1CCCC(N)C1,0
5493,Oc1c(Br)cc(Br)cc1C(=O)Nc2ccc(Br)cc2,O=C(Nc1ccc(Br)cc1)c1cc(Br)cc(Br)c1O,0
50,Cc1ccccc1C(=O)O,Cc1ccccc1C(=O)O,0
5582,CCN(CC)C(=S)SSCC(NC(=O)C)C(=O)O,CCN(CC)C(=S)SSCC(NC(C)=O)C(=O)O,0
1147,Nc1ccc(Cc2ccc(N)cc2)cc1,Nc1ccc(Cc2ccc(N)cc2)cc1,1
3114,OC(=O)c1ccc(O)cc1O,O=C(O)c1ccc(O)cc1O,0
3213,CC1=C2C(O)C(C)(C)C=C2C(=O)C(C)(O)C13CC3,CC1=C2C(=CC(C)(C)C2O)C(=O)C(C)(O)C12CC2,1
768,CC(=O)N\N=C\C1=CN(O)c2ccccc2N1O,CC(=O)N/N=C/C1=CN(O)c2ccccc2N1O,1
6338,CC(C)CC(=O)OCc1cocc2c(C=O)ccc12,CC(C)CC(=O)OCc1cocc2c(C=O)ccc1-2,1
7180,C(C(C)Cl)N(C)C,CC(Cl)CN(C)C,1
3745,Cc1ccc(c(O)c1C(O)c2ncc([N+](=O)[O-])n2C)C(C)(C)C,Cc1ccc(C(C)(C)C)c(O)c1C(O)c1ncc([N+](=O)[O-])n1C,0
2366,ClC(=C1OC(=O)C(=C1)Cl)Cl,O=C1OC(=C(Cl)Cl)C=C1Cl,1
4549,[O-][N+](=O)c1ccc2c3cc4ccccc4cc3c5cccc1c25,O=[N+]([O-])c1ccc2c3c(cccc13)-c1cc3ccccc3cc1-2,1
1712,Nc1cc(cc(c1)[N+](=O)[O-])[N+](=O)[O-],Nc1cc([N+](=O)[O-])cc([N+](=O)[O-])c1,1
5765,CC(=O)Nc1nc2C3=CCCN(CC=C)C3CCc2s1,C=CCN1CCC=C2c3nc(NC(C)=O)sc3CCC21,0
3390,[O-][N+](=O)c1c(Cl)c(Cl)c2Oc3c(Cl)c(Cl)ccc3Oc2c1Cl,O=[N+]([O-])c1c(Cl)c(Cl)c2c(c1Cl)Oc1ccc(Cl)c(Cl)c1O2,1
2195,CCC1=C(C(=O)OC)C(=O)OC1C,CCC1=C(C(=O)OC)C(=O)OC1C,1
2699,Fc1ccc2c3cc4ccccc4cc3c5cccc1c25,Fc1ccc2c3c(cccc13)-c1cc3ccccc3cc1-2,1
3988,[O-][N+](=O)c1ccc(cc1)N=Nc2ccccc2,O=[N+]([O-])c1ccc(N=Nc2ccccc2)cc1,1
2267,CCC(=O)N(C1CCCC1N(C)C)c2ccc(Cl)c(Cl)c2,CCC(=O)N(c1ccc(Cl)c(Cl)c1)C1CCCC1N(C)C,0
847,CC(=O)C1=C(O)C2C3C(Cc4cccc5[nH]cc3c45)C(C)(C)N2C1=O,CC(=O)C1=C(O)C2C3c4c[nH]c5cccc(c45)CC3C(C)(C)N2C1=O,1
2882,CNC(=O)[C@@H](C)SCCSP(=O)(OC)OC,CNC(=O)[C@@H](C)SCCSP(=O)(OC)OC,1
1472,OCCNCCO,OCCNCCO,0
2958,CC(C)CC(=O)OCC=C,C=CCOC(=O)CC(C)C,0
3642,CC(=O)Nc1ccc(Cc2ccc(N)cc2)cc1,CC(=O)Nc1ccc(Cc2ccc(N)cc2)cc1,0
1953,Cc1ncc2CCCc2n1,Cc1ncc2c(n1)CCC2,0
636,CC(=O)NC(CS\C(=C\Cl)\Cl)C(=O)O,CC(=O)NC(CS/C(Cl)=C/Cl)C(=O)O,1
2584,[O-][n+]1cc2ncccc2cn1,[O-][n+]1cc2ncccc2cn1,0
5069,C=CN=Nc1ccccc1,C=CN=Nc1ccccc1,1
2318,CC(=O)O[C@@H]1[C@]2(C)C[C@]2(C=O)C(=C3CC(C)(C)C[C@]13O)C=O,CC(=O)O[C@H]1[C@@]2(O)CC(C)(C)CC2=C(C=O)[C@@]2(C=O)C[C@@]12C,1
488,ClN1C(=O)N(Cl)C(=O)N(Cl)C1=O,O=c1n(Cl)c(=O)n(Cl)c(=O)n1Cl,0
6452,NC(Cc1ccc(cc1)N(CCCl)CCCl)C(=O)O,NC(Cc1ccc(N(CCCl)CCCl)cc1)C(=O)O,1
5536,O[C@H](C(=O)c1ccccc1)c2ccccc2,O=C(c1ccccc1)[C@@H](O)c1ccccc1,0
3396,Oc1ccc2cc(ccc2c1N=Nc3ccccc3)S(=O)(=O)O,O=S(=O)(O)c1ccc2c(N=Nc3ccccc3)c(O)ccc2c1,0
4893,CC(=O)c1cc(cc2c1CCC2(C)C)C(C)(C)C,CC(=O)c1cc(C(C)(C)C)cc2c1CCC2(C)C,0
2763,CC(=O)OC=C,C=COC(C)=O,0
6216,[O-][N+](=O)O[C@H]1CO[C@@H]2[C@@H](CO[C@H]12)O[N+](=O)[O-],O=[N+]([O-])O[C@H]1CO[C@H]2[C@@H]1OC[C@H]2O[N+](=O)[O-],0
734,Cc1ccc(cc1[N+](=O)[O-])[N+](=O)[O-],Cc1ccc([N+](=O)[O-])cc1[N+](=O)[O-],1
5345,O=Nn1cc(CC#N)c2ccccc12,N#CCc1cn(N=O)c2ccccc12,1
5932,CCCCCCCCCCCCCCCCCC(=O)NCCNC(=O)CCCCCCCCCCCCCCCCC,CCCCCCCCCCCCCCCCCC(=O)NCCNC(=O)CCCCCCCCCCCCCCCCC,0
243,CCCCCCCC\C=C/CCCCCCCCN,CCCCCCCC/C=C\CCCCCCCCN,1
4909,CNc1snc2ccccc12,CNc1snc2ccccc12,0
1459,Nc1ccc(cc1N)[N+](=O)[O-],Nc1ccc([N+](=O)[O-])cc1N,1
2825,CN(C)CCOC(=O)C(=C)C,C=C(C)C(=O)OCCN(C)C,1
2964,OCc1ccnc2ccccc12,OCc1ccnc2ccccc12,0
4826,C[N+]1(C)CCOCC1,C[N+]1(C)CCOCC1,0
2293,CC12OOC1(CO)Oc3ccccc23,CC12OOC1(CO)Oc1ccccc12,0
3313,Oc1ccc2c3C(C4OC4C(=O)c13)C5(O)CCC(=O)c6c(O)ccc2c56,O=C1CCC2(O)c3c(ccc(O)c31)-c1ccc(O)c3c1C2C1OC1C3=O,1
134,Cc1ccc(cc1S(=O)(=O)O)[N+](=O)[O-],Cc1ccc([N+](=O)[O-])cc1S(=O)(=O)O,0
3111,ClC(=O)c1cccc(Cl)c1,O=C(Cl)c1cccc(Cl)c1,1
5428,C[C@@H](N)CN,C[C@@H](N)CN,0
4471,CN(C)CCNC(=O)c1cccc2nc3ccccc3cc12,CN(C)CCNC(=O)c1cccc2nc3ccccc3cc12,1
552,CCOC(=O)c1[nH]c2ccccc2c1\N=C\c3ccc(C)cc3,CCOC(=O)c1[nH]c2ccccc2c1/N=C/c1ccc(C)cc1,0
6724,COC6=C2[C]1=CC=C(C1=C(OC2=C5C4C3OC3OC4OC5=C6)O)O,COc1cc2c(c3oc(O)c4c(O)ccc-4c13)C1C(O2)OC2OC21,1
4362,[O-][N+](=O)c1ccc2ccc3c4ccccc4cc5ccc1c2c35,O=[N+]([O-])c1ccc2ccc3c4ccccc4cc4ccc1c2c43,1
6308,[O-][N+](=O)c1ccc(SSc2ccc(cc2)[N+](=O)[O-])cc1,O=[N+]([O-])c1ccc(SSc2ccc([N+](=O)[O-])cc2)cc1,1
4519,CN1C(CCC1=O)c2ccc[n+]([O-])c2,CN1C(=O)CCC1c1ccc[n+]([O-])c1,0
82,COc1ccc(O)c2C(=O)c3c(OC)cc4O[C@@H]5OC=C[C@H]5c4c3Oc12,COc1ccc(O)c2c(=O)c3c(OC)cc4c(c3oc12)[C@@H]1C=CO[C@H]1O4,1
5856,COc1cc(O)c2C(=O)c3c(OC)cc4O[C@@H]5OC=C[C@H]5c4c3Oc2c1OC,COc1cc(O)c2c(=O)c3c(OC)cc4c(c3oc2c1OC)[C@@H]1C=CO[C@H]1O4,1
1694,BrCC(Br)(Br)Br,BrCC(Br)(Br)Br,1
5039,CC[C@@H](C)[C@H](C)CO,CC[C@@H](C)[C@H](C)CO,0
6378,CN(C)C(=O)c1nc(CNC(=O)CN)n(n1)c2ccc(Cl)cc2C(=O)c3ccccc3Cl,CN(C)C(=O)c1nc(CNC(=O)CN)n(-c2ccc(Cl)cc2C(=O)c2ccccc2Cl)n1,0
3518,c1cnc2c(c1)ccc3cc[nH]c23,c1cnc2c(c1)ccc1cc[nH]c12,0
6277,CC(C)Oc1ccc(Nc2ccccc2)cc1,CC(C)Oc1ccc(Nc2ccccc2)cc1,0
4110,NCCc1c[nH]c2ccccc12,NCCc1c[nH]c2ccccc12,0
5161,Cc1cc(cc(c1O)[N+](=O)[O-])[N+](=O)[O-],Cc1cc([N+](=O)[O-])cc([N+](=O)[O-])c1O,0
3665,C[C@H]1CO1,C[C@H]1CO1,1
416,Oc1ccc2ccc3cc4ccccc4c5ccc1c2c35,Oc1ccc2ccc3cc4ccccc4c4ccc1c2c34,1
3946,CC(OP(=O)(C)Cl)C(C)(C)C,CC(OP(C)(=O)Cl)C(C)(C)C,0
730,CN(C)c1ccc2nc3cc(C)c(N)cc3nc2c1,Cc1cc2nc3ccc(N(C)C)cc3nc2cc1N,1
5896,Cc1cccc2sc(N)nc12,Cc1cccc2sc(N)nc12,0
4113,BrC\C=C/CBr,BrC/C=C\CBr,1
4358,C[C@@H](O)CN(C[C@H](O)CO)N=O,C[C@@H](O)CN(C[C@H](O)CO)N=O,1
6762,NC2=C1C(C3=C(C(C1=C(C=C2C(O)=O)[N+]([O-])=O)=O)C=CC=C3)=O,Nc1c(C(=O)O)cc([N+](=O)[O-])c2c1C(=O)c1ccccc1C2=O,1
6689,COC1=CC=C(C=C1)C=NN4N=NC2=C([NH]C3=CC=CC=C23)C4=O,COc1ccc(C=Nn2nnc3c([nH]c4ccccc43)c2=O)cc1,1
5088,N\C(=N/OC1OC(C(O)C(O)C1O)C(=O)O)\c2ccccc2,N/C(=N\OC1OC(C(=O)O)C(O)C(O)C1O)c1ccccc1,0
2567,FC(F)(Cl)Br,FC(F)(Cl)Br,0
6451,NC(CCC(=O)O)C(=O)O,NC(CCC(=O)O)C(=O)O,0
3999,CCN(CCO)N=O,CCN(CCO)N=O,1
326,Nc1cccc2cnsc12,Nc1cccc2cnsc12,1
869,CC(CCC=C(C)C)CC=O,CC(C)=CCCC(C)CC=O,0
6922,NC1=CC3=C(C=C1)C(=C2C=CC(C=C2O3)=N)C4=C(C=CC=C4)C(O)=O,N=c1ccc2c(-c3ccccc3C(=O)O)c3ccc(N)cc3oc-2c1,0
1545,CCC1=C(O)C(=O)c2c(O)c(O)c(O)c(O)c2C1=O,CCC1=C(O)C(=O)c2c(O)c(O)c(O)c(O)c2C1=O,1
7012,CCCCCCCCCCCCCCC1CO1,CCCCCCCCCCCCCCC1CO1,0
1781,Oc1ccc2c(ccc3[nH]c4ccc5ccccc5c4c23)c1,Oc1ccc2c(ccc3[nH]c4ccc5ccccc5c4c32)c1,1
3929,ONc1ccc2c(Cc3ccccc23)c1,ONc1ccc2c(c1)Cc1ccccc1-2,1
1565,[O-][N+](=O)c1ccc(C=C)cc1,C=Cc1ccc([N+](=O)[O-])cc1,1
6972,CC(C)[N]2C1=CC=CC=C1C(=C2C=CC(O)CC(O)CC(O)=O)C3=CC=C(C=C3)F,CC(C)n1c(C=CC(O)CC(O)CC(=O)O)c(-c2ccc(F)cc2)c2ccccc21,0
4177,C[C@@]12CCC3[C@@](CCC4[C@@]3(C)CCC[C@@]4(C)C(=O)O)(CC1=O)C2,C[C@@]12CCC3[C@]4(C)CCC[C@@](C)(C(=O)O)C4CC[C@]3(CC1=O)C2,0
1666,CCCCCn1cc2C[C@@H]3[C@H](C=C(C)CN3C)c4cccc1c24,CCCCCn1cc2c3c(cccc31)[C@H]1C=C(C)CN(C)[C@@H]1C2,1
6592,CCC4(O)CC(O)C2=C(C=C1C(C3=C(C(C1=C2O)=O)C(=CC=C3)O)=O)C4C(=O)OC,CCC1(O)CC(O)c2c(cc3c(c2O)C(=O)c2c(O)cccc2C3=O)C1C(=O)OC,1
4713,ClCCOC(=O)C=C,C=CC(=O)OCCCl,1
6812,O=NC2=CC1=CC=CC=C1C=C2,O=Nc1ccc2ccccc2c1,1
7150,CCOP(=S)(OCC)SCCSCC,CCOP(=S)(OCC)SCCSCC,0
5465,COc1ccc(\C=C\c2ccc(N)cc2)cc1,COc1ccc(/C=C/c2ccc(N)cc2)cc1,1
6666,CC1(C)CC3=C(C1)C(C=O)C2(CC2(C)C3O)C=O,CC1(C)CC2=C(C1)C(C=O)C1(C=O)CC1(C)C2O,1
1469,CC(C)(N=NC(C)(C)C#N)C#N,CC(C)(C#N)N=NC(C)(C)C#N,0
4955,Nc1nc(c(CCO)c2ncnn12)c3ccccc3,Nc1nc(-c2ccccc2)c(CCO)c2ncnn12,0
1152,CN(C)c1ccc(\C=C\C(=O)c2ccccc2)cc1,CN(C)c1ccc(/C=C/C(=O)c2ccccc2)cc1,0
7165,C1OC1c1ccc(cc1)c1ccccc1,c1ccc(-c2ccc(C3CO3)cc2)cc1,1
5705,Oc1ccc(c2cccnc12)S(=O)(=O)O,O=S(=O)(O)c1ccc(O)c2ncccc12,1
5024,Cc1nc2ccc3c(nc(N)n3C)c2nc1C,Cc1nc2ccc3c(nc(N)n3C)c2nc1C,1
6811,CNC(=O)OC1=CC=C(C=C1)C2=CC=CC=C2,CNC(=O)Oc1ccc(-c2ccccc2)cc1,1
4794,OC(=O)C(Cc1c[nH]c2ccccc12)NC(=O)COc3ccc(Cl)cc3Cl,O=C(COc1ccc(Cl)cc1Cl)NC(Cc1c[nH]c2ccccc12)C(=O)O,0
5643,CCC(=O)N1N=CC(=C(Cl)C1=O)Cl,CCC(=O)n1ncc(Cl)c(Cl)c1=O,0
5370,COC(=O)[C@@]1(O[C@@]1(C)[C@H](O)C(C)C)C(=O)N,COC(=O)[C@]1(C(N)=O)O[C@@]1(C)[C@H](O)C(C)C,1
2216,[O-][N+](=O)c1cccc(\C=C\C(=O)c2ccccc2)c1,O=C(/C=C/c1cccc([N+](=O)[O-])c1)c1ccccc1,0
5948,CCCCC(C)C(OC(=O)CC(CC(=O)O)C(=O)O)C(CC(C)CC(O)CCCCCCC(O)C(C)N)OC(=O)CC(CC(=O)O)C(=O)O,CCCCC(C)C(OC(=O)CC(CC(=O)O)C(=O)O)C(CC(C)CC(O)CCCCCCC(O)C(C)N)OC(=O)CC(CC(=O)O)C(=O)O,0
725,CN(C)c1ccccc1,CN(C)c1ccccc1,0
5832,Oc1ccc2OCOc2c1,Oc1ccc2c(c1)OCO2,0
2088,CCN(CC)CCC[C@@H](C)Nc1ccnc2cc(Cl)ccc12,CCN(CC)CCC[C@@H](C)Nc1ccnc2cc(Cl)ccc12,1
6467,COc1cc2OC3OC=CC3c2c4oc(=O)c5C(O)CCc5c14,COc1cc2c(c3oc(=O)c4c(c13)CCC4O)C1C=COC1O2,1
5093,[O-][N+](=O)c1cccc2c3cccc4cccc(c12)c34,O=[N+]([O-])c1cccc2c1-c1cccc3cccc-2c13,1
2428,COC(=O)\C(=C\c1occc1)\[N+](=O)[O-],COC(=O)/C(=C/c1ccco1)[N+](=O)[O-],0
1816,CNC(=O)Oc1cccc2CC(C)(C)Oc12,CNC(=O)Oc1cccc2c1OC(C)(C)C2,0
4512,[O-][N+](=O)c1ccc2c(cc3c(cccc3c2c1)[N+](=O)[O-])[N+](=O)[O-],O=[N+]([O-])c1ccc2c([N+](=O)[O-])cc3c([N+](=O)[O-])cccc3c2c1,1
4708,CC(C)c1ccc(C)cc1O,Cc1ccc(C(C)C)c(O)c1,0
4508,C=CC(=O)N(C[C@H]1CO1)C[C@H]2CO2,C=CC(=O)N(C[C@H]1CO1)C[C@H]1CO1,1
705,CCCCCN(CCCOC)C(=O)C(CCC(=O)O)NC(=O)c1ccc(Cl)c(Cl)c1,CCCCCN(CCCOC)C(=O)C(CCC(=O)O)NC(=O)c1ccc(Cl)c(Cl)c1,0
2924,C[C@H](CS)[C@@H]1CC[C@@H](C)[C@H](S)C1,C[C@H](CS)[C@@H]1CC[C@@H](C)[C@H](S)C1,0
2844,OC1C=Cc2c(cc3ccc4c(O)ccc5ccc2c3c45)C1O,Oc1ccc2ccc3c4c(cc5ccc1c2c53)C(O)C(O)C=C4,1
450,CC(=O)OCc1c2ccccc2cc3ccc4ccccc4c13,CC(=O)OCc1c2ccccc2cc2ccc3ccccc3c12,1
6028,CC\C(=C(\c1ccccc1)/c2ccc(OCCN(C)C)cc2)\c3ccccc3,CC/C(=C(/c1ccccc1)c1ccc(OCCN(C)C)cc1)c1ccccc1,0
3583,CN(Cc1ccc(C)cc1)N=O,Cc1ccc(CN(C)N=O)cc1,0
1921,CCOc1cccc2cccnc12,CCOc1cccc2cccnc12,0
4541,c1ccc(nc1)c2ccncc2,c1ccc(-c2ccncc2)nc1,1
7182,O=C1C2(C(C(CC2)C1)(C)C)C,CC12CCC(CC1=O)C2(C)C,0
6142,O=C(Nc1ccccc1)C2C(=O)NC(=S)NC2=O,O=C1NC(=S)NC(=O)C1C(=O)Nc1ccccc1,0
3526,Nc1cccc(Cl)c1,Nc1cccc(Cl)c1,0
1693,COc1cc(OC)c2C3C=COC3Oc2c1,COc1cc(OC)c2c(c1)OC1OC=CC21,1
2371,NC(=O)CNC(=O)N(CCCl)N=O,NC(=O)CNC(=O)N(CCCl)N=O,1
5571,O=C1c2ccc3c4nc5ccccc5n4C(=O)c6ccc(c7nc8ccccc8n17)c2c36,O=c1c2ccc3c4c(ccc(c24)c2nc4ccccc4n12)c(=O)n1c2ccccc2nc31,1
5512,Oc1ccc2Oc3cc(O)cc(O)c3C(=O)c2c1,O=c1c2cc(O)ccc2oc2cc(O)cc(O)c12,1
4430,OC(=O)COc1ccc2ccccc2c1,O=C(O)COc1ccc2ccccc2c1,0
6144,c1ccc2c3ccccc3c4ccccc4c2c1,c1ccc2c(c1)c1ccccc1c1ccccc21,1
1745,COc1ccccc1[N+](=O)[O-],COc1ccccc1[N+](=O)[O-],1
2684,O=C1C=CC(=O)C(=C1)c2ccccc2,O=C1C=CC(=O)C(c2ccccc2)=C1,0
4635,CN(C)C(=O)Cl,CN(C)C(=O)Cl,1
6018,Oc1cc(Cl)c(Cl)c(Cl)c1,Oc1cc(Cl)c(Cl)c(Cl)c1,0
180,ClC(=C1C(=O)NC(=O)C1(Cl)Cl)Cl,O=C1NC(=O)C(Cl)(Cl)C1=C(Cl)Cl,1
888,CCOCCO,CCOCCO,0
4239,ClCC(=C)Cl,C=C(Cl)CCl,1
748,c1ccc(cc1)c2cccc(c2)c3ccccc3,c1ccc(-c2cccc(-c3ccccc3)c2)cc1,0
2399,CCCCN(N)CCCC,CCCCN(N)CCCC,0
2451,Fc1cnc2ccc3ccccc3c2c1,Fc1cnc2ccc3ccccc3c2c1,1
3635,CC1CS1,CC1CS1,0
7103,CCCCCCC(O)CC=CCCCCCCCC(O)=O,CCCCCCC(O)CC=CCCCCCCCC(=O)O,0
95,Oc1ccc2c(c1)c3ccc(c4cccc2c34)[N+](=O)[O-],O=[N+]([O-])c1ccc2c3c(cccc13)-c1ccc(O)cc1-2,1
431,CN(C)CCNC(=O)c1cccc2oc(nc12)c3ccccc3,CN(C)CCNC(=O)c1cccc2oc(-c3ccccc3)nc12,0
4199,Cc1ccc2cccnc2c1,Cc1ccc2cccnc2c1,1
7234,CC1=NC(=CC2C1Nc1ccccc21)N,CC1=NC(N)=CC2c3ccccc3NC12,1
521,CC(=O)NCCc1ccc(O)c(c1)c2c(O)c(O)c3C(=O)c4cc(O)c(C(=O)O)c(C(=O)O)c4C(=O)c3c2O,CC(=O)NCCc1ccc(O)c(-c2c(O)c(O)c3c(c2O)C(=O)c2c(cc(O)c(C(=O)O)c2C(=O)O)C3=O)c1,0
6034,CNC(=O)Oc1ccc2N(C)C3N(C)CCC3(C)c2c1,CNC(=O)Oc1ccc2c(c1)C1(C)CCN(C)C1N2C,0
826,C[C@H]1O[C@@H](Oc2cc(O)c3C(=O)c4c(O)cc(C)cc4C(=O)c3c2)[C@H](O)[C@@H](O)[C@@H]1O,Cc1cc(O)c2c(c1)C(=O)c1cc(O[C@@H]3O[C@H](C)[C@@H](O)[C@H](O)[C@H]3O)cc(O)c1C2=O,1
290,C\C=C(/C)\CCl,C/C=C(\C)CCl,1
543,[O-][N+](=O)c1ccc2ccc3cccc4c5CCCCc5c1c2c34,O=[N+]([O-])c1ccc2ccc3cccc4c5c(c1c2c34)CCCC5,1
4087,CS(=O)(=O)Nc1ccc(Nc2c3ccccc3nc4ccc(cc24)N=N#N)cc1,CS(=O)(=O)Nc1ccc(Nc2c3ccccc3nc3ccc(N=[N+]=[N-])cc23)cc1,1
5286,ClC1=C(Cl)C(=O)N(N=C1)S(=O)(=O)c2ccc(Cl)cc2Cl,O=c1c(Cl)c(Cl)cnn1S(=O)(=O)c1ccc(Cl)cc1Cl,0
606,CC(=O)c1oc(c(c2ccccc2)c1c3ccccc3)[N+](=O)[O-],CC(=O)c1oc([N+](=O)[O-])c(-c2ccccc2)c1-c1ccccc1,1
1166,COC(=O)\C(=C\c1oc(cc1)[N+](=O)[O-])\[N+](=O)[O-],COC(=O)/C(=C/c1ccc([N+](=O)[O-])o1)[N+](=O)[O-],1
5876,CC12CCCC(C)(C1CCC34CC(O)(CCC23)C(=C)C4O)C(=O)O,C=C1C(O)C23CCC4C(C)(C(=O)O)CCCC4(C)C2CCC1(O)C3,0
5000,Cc1cc(N)sn1,Cc1cc(N)sn1,1
5389,COc1cc(OC)c2C3C(OC4OC34)Oc2c1,COc1cc(OC)c2c(c1)OC1OC3OC3C21,1
5243,CCN(C(=O)C)c1ccc2c(Cc3ccccc23)c1,CCN(C(C)=O)c1ccc2c(c1)Cc1ccccc1-2,1
1965,c1ccc2c(c1)ccc3c4ccccc4ccc23,c1ccc2c(c1)ccc1c3ccccc3ccc21,1
4440,[O-][N+](=O)c1cnc(s1)N2CCNC2=O,O=C1NCCN1c1ncc([N+](=O)[O-])s1,1
6366,COc1ccc(CC=C)cc1,C=CCc1ccc(OC)cc1,0
3751,CC1(C)CC(C(=O)NCCCCCCCCCCCC(=O)O)C(C)(C)N1O,CC1(C)CC(C(=O)NCCCCCCCCCCCC(=O)O)C(C)(C)N1O,0
904,ClC(=CC=O)Cl,O=CC=C(Cl)Cl,1
1602,Oc1cc(Cl)cc(Cl)c1,Oc1cc(Cl)cc(Cl)c1,0
5940,CC(=O)O[C@H](C=C)c1ccc2OCOc2c1,C=C[C@@H](OC(C)=O)c1ccc2c(c1)OCO2,1
1181,CCCOC(=O)c1cc(Cc2ccc(N)c(c2)C(=O)OCCC)ccc1N,CCCOC(=O)c1cc(Cc2ccc(N)c(C(=O)OCCC)c2)ccc1N,0
4911,[O-][N+](=O)c1ccc2c3ccccc3c4ccc(c1c24)[N+](=O)[O-],O=[N+]([O-])c1ccc2c3c(ccc([N+](=O)[O-])c13)-c1ccccc1-2,1
622,Oc1cccc2Oc3c4[C@@H]5C=CO[C@H]5Oc4cc(O)c3C(=O)c12,O=c1c2c(O)cccc2oc2c3c(cc(O)c12)O[C@@H]1OC=C[C@@H]31,1
5041,Nc1ccc(cc1Cl)c2cc(Cl)c(N)c(Cl)c2,Nc1ccc(-c2cc(Cl)c(N)c(Cl)c2)cc1Cl,1
1698,COC(=O)C1=C(C)N=C(C)C(=C(O)OCCc2ccc(cc2)N3CCN(CC3)C(c4ccccc4)c5ccccc5)C1c6cccc(c6)[N+](=O)[O-],COC(=O)C1=C(C)N=C(C)C(=C(O)OCCc2ccc(N3CCN(C(c4ccccc4)c4ccccc4)CC3)cc2)C1c1cccc([N+](=O)[O-])c1,0
625,COC(=O)c1cc(OC)c2OCOc2c1c3c4OCOc4c(OC)cc3C(=O)OC,COC(=O)c1cc(OC)c2c(c1-c1c(C(=O)OC)cc(OC)c3c1OCO3)OCO2,0
4050,COC1=C[C@@H]2[C@@H]3Cc4ccc(OC)c(O)c4[C@]2(CCN3C)CC1=O,COC1=C[C@@H]2[C@@H]3Cc4ccc(OC)c(O)c4[C@]2(CCN3C)CC1=O,0
152,CCC(CC)[N+](=O)[O-],CCC(CC)[N+](=O)[O-],0
6187,Fc1cc2cccnc2c3ccccc13,Fc1cc2cccnc2c2ccccc12,1
2596,OC1C(O)c2c(ccc3c2ccc4ccccc34)C5OC15,OC1c2c(ccc3c2ccc2ccccc23)C2OC2C1O,1
5522,COc1cc(NC(=O)C)ccc1NC(=O)C,COc1cc(NC(C)=O)ccc1NC(C)=O,0
3557,CN(N=O)C(=O)c1c(ncn1C)N(C)N=O,CN(N=O)C(=O)c1c(N(C)N=O)ncn1C,1
5751,c1ccncc1,c1ccncc1,0
3605,Cc1cc2cc3cc(C)c(N)cc3nc2cc1N,Cc1cc2cc3cc(C)c(N)cc3nc2cc1N,1
5689,Oc1cnc2ccccc2c1,Oc1cnc2ccccc2c1,0
6849,O=C2CC(=O)C1=C(C=CC=C1)C2=O,O=C1CC(=O)c2ccccc2C1=O,1
6754,COC(=O)C12OC1(C)C(C)(O)OC2=O,COC(=O)C12OC1(C)C(C)(O)OC2=O,1
65,Nc1ncnc2c1ncn2Cc3ccc(cc3)[N+](=O)[O-],Nc1ncnc2c1ncn2Cc1ccc([N+](=O)[O-])cc1,1
7221,O1C2C1c1c3ccccc3cc3ccc4cccc2c4c13,c1ccc2c3c4c(ccc5cccc(c54)C4OC34)cc2c1,1
266,COc1ccc(CCC(=O)c2c(O)cc(O[C@@H]3O[C@H](CO)[C@@H](O)[C@H](O)[C@H]3O[C@@H]4O[C@@H](C)[C@H](O)[C@@H](O)[C@H]4O)cc2O)cc1O,COc1ccc(CCC(=O)c2c(O)cc(O[C@@H]3O[C@H](CO)[C@@H](O)[C@H](O)[C@H]3O[C@@H]3O[C@@H](C)[C@H](O)[C@@H](O)[C@H]3O)cc2O)cc1O,0
4602,OC(=O)c1cccc2cccnc12,O=C(O)c1cccc2cccnc12,0
7013,CC=C1CC(C)C(O)(CO)C(=O)OCC2=CC[N+]3([O-])CCC(OC1=O)C23,CC=C1CC(C)C(O)(CO)C(=O)OCC2=CC[N+]3([O-])CCC(OC1=O)C23,0
101,NP(=O)(OCCC(=O)O)N(CCCl)CCCl,NP(=O)(OCCC(=O)O)N(CCCl)CCCl,1
6096,CC(=O)CC(=O)Nc1ccccc1C,CC(=O)CC(=O)Nc1ccccc1C,0
5859,C[C@@H](Br)CBr,C[C@@H](Br)CBr,1
302,CC(C)C(C)C,CC(C)C(C)C,0
3354,NC(=S)NNC(=S)N,NC(=S)NNC(N)=S,0
2135,Cn1c(N)nc2nc3cnccc3cc12,Cn1c(N)nc2nc3cnccc3cc21,1
744,[O-][N+](=O)c1ccc(\C=C\C(=O)c2ccccc2)cc1,O=C(/C=C/c1ccc([N+](=O)[O-])cc1)c1ccccc1,1
3499,c1cc2ccc3cc4cccc5ccc6cc(c1)c2c3c6c45,c1cc2ccc3cc4cccc5ccc6cc(c1)c2c3c6c54,1
5586,CCCCCN(CCCCO)N=O,CCCCCN(CCCCO)N=O,1
3455,NCCNCCNCCNCCN,NCCNCCNCCNCCN,1
4998,OCC(CN=N#N)Cc1ccccc1,[N-]=[N+]=NCC(CO)Cc1ccccc1,1
1252,O[C@@H]1C=Cc2c(ccc3cc4ccccc4cc23)[C@H]1O,O[C@@H]1C=Cc2c(ccc3cc4ccccc4cc23)[C@H]1O,1
7090,[O-][N+](=O)OC1COC2C(COC12)O[N+]([O-])=O,O=[N+]([O-])OC1COC2C(O[N+](=O)[O-])COC12,0
4273,OCC(CO)(CBr)CBr,OCC(CO)(CBr)CBr,1
4507,CN(N=O)C(=O)N,CN(N=O)C(N)=O,1
4904,CC1(OO)c2ccccc2c3ccccc13,CC1(OO)c2ccccc2-c2ccccc21,1
1355,CO[C@]12[C@H]3N[C@H]3CN1C4=C([C@@H]2COC(=O)N)C(=O)C(=C(C)C4=O)N,CO[C@]12[C@H]3N[C@H]3CN1C1=C(C(=O)C(N)=C(C)C1=O)[C@@H]2COC(N)=O,1
471,CSCCC(NC(=O)COc1ccc(Cl)cc1Cl)C(=O)O,CSCCC(NC(=O)COc1ccc(Cl)cc1Cl)C(=O)O,0
3620,C=CC(=O)OCCCCCOC(=O)C=C,C=CC(=O)OCCCCCOC(=O)C=C,0
1262,COc1ccc2[nH]c3c(C)cc(N)c(C)c3c2c1,COc1ccc2[nH]c3c(C)cc(N)c(C)c3c2c1,1
5496,CC(O)CN(CCN(CC(C)O)CC(C)O)CC(C)O,CC(O)CN(CCN(CC(C)O)CC(C)O)CC(C)O,0
4140,C1CCC2CC3(CCC2C1)CO3,C1CCC2CC3(CCC2C1)CO3,0
5963,COC1=C(N)C(=O)c2nc(ccc2C1=O)c3nc(C(=O)O)c(C)c(c3N)c4ccc(OC)c(OC)c4O,COC1=C(N)C(=O)c2nc(-c3nc(C(=O)O)c(C)c(-c4ccc(OC)c(OC)c4O)c3N)ccc2C1=O,1
6297,Nc1ccc(Cl)c(c1)C(F)(F)F,Nc1ccc(Cl)c(C(F)(F)F)c1,0
1219,CNc1ccc(O)cc1,CNc1ccc(O)cc1,1
4272,CC[C@@H]([C@@H](C)O)[N+](=O)[O-],CC[C@@H]([C@@H](C)O)[N+](=O)[O-],0
5074,Oc1ccc(O)c(O)c1,Oc1ccc(O)c(O)c1,1
6083,CO[C@@H]1C[C@](C)(O)Cc2cc3C(=O)c4c5O[C@@H]6O[C@@](C)([C@H](O)[C@H]([C@H]6O)N(C)C)c5cc(O)c4C(=O)c3c(O)c12,CO[C@@H]1C[C@](C)(O)Cc2cc3c(c(O)c21)C(=O)c1c(O)cc2c(c1C3=O)O[C@@H]1O[C@@]2(C)[C@H](O)[C@@H](N(C)C)[C@H]1O,1
4560,Nc1nc(cs1)c2oc(cc2)[N+](=O)[O-],Nc1nc(-c2ccc([N+](=O)[O-])o2)cs1,1
773,Oc1cccc(\C=N\c2snc3ccccc23)c1,Oc1cccc(/C=N/c2snc3ccccc23)c1,1
3052,[O-][N+](=O)c1ccc2c3CCCCc3c4c(ccc5ccc1c2c45)[N+](=O)[O-],O=[N+]([O-])c1ccc2c3c(c4c([N+](=O)[O-])ccc5ccc1c2c54)CCCC3,1
6516,Cc1cc(ccc1N)C(=C2C=CC(=N)C=C2)c3ccc(N)cc3,Cc1cc(C(=C2C=CC(=N)C=C2)c2ccc(N)cc2)ccc1N,1
1922,O=C(\C=C\c1ccccc1)c2ccccc2,O=C(/C=C/c1ccccc1)c1ccccc1,0
2183,Oc1cc(O)c2C(=O)c3ccccc3C(=O)c2c1,O=C1c2ccccc2C(=O)c2c(O)cc(O)cc21,1
4644,NC1=NC(=O)N(CC(O)CN=N#N)C=C1,[N-]=[N+]=NCC(O)Cn1ccc(N)nc1=O,1
3694,Nc1ccc(CCc2ccccc2)cc1,Nc1ccc(CCc2ccccc2)cc1,1
6066,CCCCC1C(=O)N(N(C1=O)c2ccccc2)c3ccccc3,CCCCC1C(=O)N(c2ccccc2)N(c2ccccc2)C1=O,0
2200,Cc1cccc(N)c1,Cc1cccc(N)c1,0
6128,Clc1cccc(NS(=O)(=O)c2cccc3cccnc23)c1,O=S(=O)(Nc1cccc(Cl)c1)c1cccc2cccnc12,0
1168,O=C(OCc1ccccc1)c2cccc3cccnc23,O=C(OCc1ccccc1)c1cccc2cccnc12,0
5432,Oc1cccc2c3ccccc3c4cc5ccccc5cc4c12,Oc1cccc2c3ccccc3c3cc4ccccc4cc3c12,0
6119,CC(=O)OC1COC(Nc2ccc(cc2)C(=O)O)C(OC(=O)C)C1OC(=O)C,CC(=O)OC1COC(Nc2ccc(C(=O)O)cc2)C(OC(C)=O)C1OC(C)=O,0
2305,Oc1cccc2c3cc4ccccc4cc3c5ccccc5c12,Oc1cccc2c3cc4ccccc4cc3c3ccccc3c12,1
1255,ON(C=O)c1cccc(Cl)c1,O=CN(O)c1cccc(Cl)c1,0
3953,C[C@@H]1CCc2c1ccc3c2ccc4ccccc34,C[C@@H]1CCc2c1ccc1c2ccc2ccccc21,1
1583,OCC1OC(CC1O)N2C=C(\C=C\Br)C(=O)NC2=O,O=c1[nH]c(=O)n(C2CC(O)C(CO)O2)cc1/C=C/Br,0
7018,CCCCC(CC)CN,CCCCC(CC)CN,0
4774,CC1(CO1)C(=O)NCc2ccccc2,CC1(C(=O)NCc2ccccc2)CO1,1
1020,Fc1cnc2c(c1)cc(F)c3ccccc23,Fc1cnc2c(c1)cc(F)c1ccccc12,0
3206,CNC[C@@H](O)c1cccc(O)c1,CNC[C@@H](O)c1cccc(O)c1,0
2189,OC[C@H]1O[C@@H](Oc2ccc(O)c3C(=O)c4ccccc4C(=O)c23)[C@H](O)[C@@H](O)[C@@H]1O,O=C1c2ccccc2C(=O)c2c(O[C@@H]3O[C@H](CO)[C@@H](O)[C@H](O)[C@H]3O)ccc(O)c21,1
4767,CC1=NN(C(=O)C1)c2ccccc2,CC1=NN(c2ccccc2)C(=O)C1,0
1101,ClCC1=C(Cl)C(=O)OC1,O=C1OCC(CCl)=C1Cl,1
4977,CCOCCc1c(nc(N)n2ncnc12)c3ccccc3,CCOCCc1c(-c2ccccc2)nc(N)n2ncnc12,0
515,Nc1cccc2nc3ccccc3c(N)c12,Nc1cccc2nc3ccccc3c(N)c12,1
3627,CCCCCCCCO,CCCCCCCCO,0
5906,ClCCCC(=O)\N=C\1/SN(C(=O)CCCCl)c2ccccc12,O=C(CCCCl)/N=c1\sn(C(=O)CCCCl)c2ccccc12,0
6663,OCC(O)C(O)C(O)C(O)C1SCCN1N=O,O=NN1CCSC1C(O)C(O)C(O)C(O)CO,1
4889,CN(C)c1nc2c3cccnc3ccc2n1C,CN(C)c1nc2c3cccnc3ccc2n1C,1
2741,COC(=O)c1ccccc1N,COC(=O)c1ccccc1N,0
4424,OC1C=CC2=C(C1O)c3cccc4cccc2c34,OC1C=CC2=C(c3cccc4cccc2c34)C1O,1
5245,Cc1cc(c(C)c2c3ccccc3[nH]c12)[N+](=O)[O-],Cc1cc([N+](=O)[O-])c(C)c2c1[nH]c1ccccc12,1
4793,O=C1Oc2cc(ccc2C=C1c3ccccc3)n4nc5ccc6ccccc6c5n4,O=c1oc2cc(-n3nc4ccc5ccccc5c4n3)ccc2cc1-c1ccccc1,0
6748,CC1CN1,CC1CN1,1
1507,COS(=O)(=O)F,COS(=O)(=O)F,1
1440,[O-][N+](=O)c1cc(cs1)C(=O)Nc2ccccc2,O=C(Nc1ccccc1)c1csc([N+](=O)[O-])c1,1
4057,CCCNc1snc2ccccc12,CCCNc1snc2ccccc12,0
6821,NC(CCC(=O)NC(CSC1=C(C=C(C=C1)[N+]([O-])=O)[N+]([O-])=O)C(=O)NCC(O)=O)C(O)=O,NC(CCC(=O)NC(CSc1ccc([N+](=O)[O-])cc1[N+](=O)[O-])C(=O)NCC(=O)O)C(=O)O,1
4994,OCC#C,C#CCO,1
6248,CCN(CC)CCN1C(=O)CN=C(c2ccccc2F)c3cc(Cl)ccc13,CCN(CC)CCN1C(=O)CN=C(c2ccccc2F)c2cc(Cl)ccc21,0
2505,CN1CSC(=S)N(C)C1,CN1CSC(=S)N(C)C1,1
6648,O=C2N(N=CC1=CC=CC=C1)N=NC3=C2[NH]C4=CC=CC=C34,O=c1c2[nH]c3ccccc3c2nnn1N=Cc1ccccc1,1
2420,C1CCC2(CC1)CO2,C1CCC2(CC1)CO2,0
3513,CCOc1ccc(cc1)N(O)C(=O)C,CCOc1ccc(N(O)C(C)=O)cc1,1
384,CC(=O)Nc1ccc(cc1)N=Nc2cc(C)ccc2O,CC(=O)Nc1ccc(N=Nc2cc(C)ccc2O)cc1,1
1925,CC1=CC(=O)C=C(C)C1=O,CC1=CC(=O)C=C(C)C1=O,0
2544,[O-][N+](=O)c1ccc2c(c1)nc(\C=N\OCc3ccccc3[N+](=O)[O-])n2Cc4ccc(Cl)cc4Cl,O=[N+]([O-])c1ccc2c(c1)nc(/C=N/OCc1ccccc1[N+](=O)[O-])n2Cc1ccc(Cl)cc1Cl,1
1443,COc1c(CO)c(O)cc2C(=O)c3ccccc3C(=O)c12,COc1c(CO)c(O)cc2c1C(=O)c1ccccc1C2=O,1
5318,CCN1C=C(C(=O)O)C(=O)c2cc(F)c(nc12)N3CCNCC3,CCn1cc(C(=O)O)c(=O)c2cc(F)c(N3CCNCC3)nc21,1
937,Nc1cc2cccc3ccc4cccc1c4c23,Nc1cc2cccc3ccc4cccc1c4c32,1
5490,CCON(OC(=O)C)C(=O)c1ccccc1,CCON(OC(C)=O)C(=O)c1ccccc1,1
5085,[O-][N+](=O)c1cccc(c1C=O)[N+](=O)[O-],O=Cc1c([N+](=O)[O-])cccc1[N+](=O)[O-],1
186,ClC1=C(Cl)C(=O)C(=C(Cl)C1=O)Cl,O=C1C(Cl)=C(Cl)C(=O)C(Cl)=C1Cl,1
4523,Cc1ccc(c2ccccc12)[N+](=O)[O-],Cc1ccc([N+](=O)[O-])c2ccccc12,1
7158,Cc1ccc2cc3c(ccc4ccccc34)c3CC(=O)c1c23,Cc1ccc2cc3c(ccc4ccccc43)c3c2c1C(=O)C3,1
1043,CC(=O)ON(C(=O)C)c1ccc(Sc2ccccc2)cc1,CC(=O)ON(C(C)=O)c1ccc(Sc2ccccc2)cc1,1
4162,CC(C)N1C(=O)c2ccccc2NS1(=O)=O,CC(C)N1C(=O)c2ccccc2NS1(=O)=O,0
2524,OCCNc1ccc(cc1)N=Nc2ccc(cc2)N(CCO)CCO,OCCNc1ccc(N=Nc2ccc(N(CCO)CCO)cc2)cc1,0
6990,CN(C)CC(O)=O,CN(C)CC(=O)O,0
4436,N\C(=N/O)\c1oc(cc1)[N+](=O)[O-],N/C(=N\O)c1ccc([N+](=O)[O-])o1,1
5905,COc1cc(N)cc(OC)c1N,COc1cc(N)cc(OC)c1N,0
6565,CCOS(C)(=O)=O,CCOS(C)(=O)=O,1
5662,O=NN1CCNCC1,O=NN1CCNCC1,1
3423,CC(C)N(C(C)C)C(=O)SC\C(=C\Cl)\Cl,CC(C)N(C(=O)SC/C(Cl)=C/Cl)C(C)C,1
3797,CCCCC(CC)COC(=O)c1ccc(cc1)C(=O)OCC(CC)CCCC,CCCCC(CC)COC(=O)c1ccc(C(=O)OCC(CC)CCCC)cc1,0
6522,CN(N=O)C(=N)NN(O)O,CN(N=O)C(=N)NN(O)O,1
7106,CC1=NCCC2=C1[NH]C3=CC(=CC=C23)O,CC1=NCCc2c1[nH]c1cc(O)ccc21,0
5970,CCCC[C@@H](CC)COS(=O)(=O)O,CCCC[C@@H](CC)COS(=O)(=O)O,0
2097,BrCc1ccc2cccc3c4ccccc4c1c23,BrCc1ccc2cccc3c2c1-c1ccccc1-3,1
6006,[O-][N+](=O)c1cc2CCc3cccc4CCc(c1)c2c34,O=[N+]([O-])c1cc2c3c(c1)CCc1cccc(c1-3)CC2,1
2856,c1ccc2c(c1)cc3c4ccccc4c5cccc6ccc2c3c56,c1ccc2c(c1)cc1c3ccccc3c3cccc4ccc2c1c43,1
3968,OC1(O)C(=O)c2ccccc2C1=O,O=C1c2ccccc2C(=O)C1(O)O,0
7002,CC(OC1=C(C=C(C=C1)Cl)C)C(O)=O,Cc1cc(Cl)ccc1OC(C)C(=O)O,0
3248,Nc1ccc2N=C3N(Cc2c1)C(=O)c4ccccc34,Nc1ccc2c(c1)CN1C(=O)c3ccccc3C1=N2,1
2769,Cc1cc2C(O)C(O)C=Cc2c3cc4ccccc4cc13,Cc1cc2c(c3cc4ccccc4cc13)C=CC(O)C2O,1
5147,OC(=O)CCCc1ccc(NCCCl)cc1,O=C(O)CCCc1ccc(NCCCl)cc1,1
5451,CC(C)C[C@@H](C)Nc1ccc(Nc2ccccc2)cc1,CC(C)C[C@@H](C)Nc1ccc(Nc2ccccc2)cc1,0
6780,CCC12OC1(C(=O)OC)C(=O)OC2C,CCC12OC1(C(=O)OC)C(=O)OC2C,1
5489,[O-][N+](=O)c1cccc2c3ccccc3[nH]c12,O=[N+]([O-])c1cccc2c1[nH]c1ccccc12,1
425,Nc1ccc(\C=C/c2ccc(N)cc2S(=O)(=O)O)c(c1)S(=O)(=O)O,Nc1ccc(/C=C\c2ccc(N)cc2S(=O)(=O)O)c(S(=O)(=O)O)c1,0
106,C1CCCC2OC2CC1,C1CCCC2OC2CC1,0
6310,ClC(=C(Cl)\C(=C(/Cl)\SCc1ccccc1)\Cl)Cl,ClC(Cl)=C(Cl)/C(Cl)=C(\Cl)SCc1ccccc1,1
3527,CC\C=C\C=C\C=C\C=C\C=C\OCC(C)O,CC/C=C/C=C/C=C/C=C/C=C/OCC(C)O,1
125,OC(=O)CC(=O)O,O=C(O)CC(=O)O,0
6470,CC1Cc2c(Cl)cc(C(=O)NC(Cc3ccccc3)C(=O)O)c(O)c2C(=O)O1,CC1Cc2c(Cl)cc(C(=O)NC(Cc3ccccc3)C(=O)O)c(O)c2C(=O)O1,0
181,c1ccc2cc3c(ccc4cccnc34)cc2c1,c1ccc2cc3c(ccc4cccnc43)cc2c1,1
5579,CN(C)C,CN(C)C,0
2115,[O-][N+](=O)c1cccc2c1ccc3ccccc23,O=[N+]([O-])c1cccc2c1ccc1ccccc12,1
1313,CC[C@]1(O)C[C@@H](O)c2c(O)c3C(=O)c4c(O)cccc4C(=O)c3cc2[C@@H]1C(=O)OC,CC[C@]1(O)C[C@@H](O)c2c(cc3c(c2O)C(=O)c2c(O)cccc2C3=O)[C@@H]1C(=O)OC,1
1270,Nc1nc(O)c2nc(O)n(C3CC(O)C(CO)O3)c2n1,Nc1nc(O)c2nc(O)n(C3CC(O)C(CO)O3)c2n1,0
3109,OC(=O)c1ccc(\C=C\C(=O)CCC#N)cc1,N#CCCC(=O)/C=C/c1ccc(C(=O)O)cc1,0
2641,CC(=O)Nc1ccc2C(=O)C(=O)c3cccc4ccc1c2c34,CC(=O)Nc1ccc2c(=O)c(=O)c3cccc4ccc1c2c43,1
1609,N1[C@@H]2[C@H]1c3cccc4cccc2c34,c1cc2c3c(cccc3c1)[C@H]1N[C@@H]21,1
5119,CC(=C)c1ccc(C)c2ccc(C=O)c2c1,C=C(C)c1ccc(C)c2ccc(C=O)c-2c1,1
1928,NC(CN=N#N)C(=O)O,[N-]=[N+]=NCC(N)C(=O)O,1
404,Clc1ccc(cc1)S(=O)(=O)c2ccc(Cl)cc2,O=S(=O)(c1ccc(Cl)cc1)c1ccc(Cl)cc1,0
12,CC(C)CC(=O)Nc1snc2ccccc12,CC(C)CC(=O)Nc1snc2ccccc12,0
6735,CC1CNC(=O)N1C2=NC=C(S2)[N+]([O-])=O,CC1CNC(=O)N1c1ncc([N+](=O)[O-])s1,1
5202,CC(=O)ON(C(=O)C)c1ccc2c(Cc3ccccc23)c1,CC(=O)ON(C(C)=O)c1ccc2c(c1)Cc1ccccc1-2,1
6514,CC1CN(N=O)C(=O)NC1=O,CC1CN(N=O)C(=O)NC1=O,1
5068,Cc1nc2c(C)c(C)c3c(nc(N)n3C)c2nc1C,Cc1nc2c(C)c(C)c3c(nc(N)n3C)c2nc1C,1
7105,CC1=C(C(=CC=C1)OCC(O)CNC(C)(C)C)C,Cc1cccc(OCC(O)CNC(C)(C)C)c1C,0
1903,CC(C)OS(=O)(=O)c1ccc(C)cc1,Cc1ccc(S(=O)(=O)OC(C)C)cc1,1
3753,COc1cc(C=O)ccc1O,COc1cc(C=O)ccc1O,0
5380,Nc1cccc(c1O)[N+](=O)[O-],Nc1cccc([N+](=O)[O-])c1O,0
3,NNC(=O)CNC(=O)C=N#N,[N-]=[N+]=CC(=O)NCC(=O)NN,1
1337,CCNc1nc(O)nc(NC(C)C)n1,CCNc1nc(O)nc(NC(C)C)n1,0
3365,ClCc1ccc2c3cccc4cccc(c2c1)c34,ClCc1ccc2c(c1)-c1cccc3cccc-2c13,1
3972,CN(\C=N\C=N\c1ccc(C)cc1C)c2ccc(C)cc2C,Cc1ccc(/N=C/N=C/N(C)c2ccc(C)cc2C)c(C)c1,0
2512,NCC(=O)Nc1ccccc1,NCC(=O)Nc1ccccc1,1
5782,CC(C)OC1OC(=O)C(=C1Cl)Cl,CC(C)OC1OC(=O)C(Cl)=C1Cl,1
4828,OCC=O,O=CCO,0
1639,COC(=O)\C(=C\c1oc(cc1)[N+](=O)[O-])\C#N,COC(=O)/C(C#N)=C/c1ccc([N+](=O)[O-])o1,1
7057,CC1=CC=C(C=C1)OP(=O)(OC2=CC(=CC=C2)C)OC3=CC(=CC=C3)C,Cc1ccc(OP(=O)(Oc2cccc(C)c2)Oc2cccc(C)c2)cc1,0
3772,OC(=O)Cc1cccc(c1)[N+](=O)[O-],O=C(O)Cc1cccc([N+](=O)[O-])c1,0
6468,C1OC1C2CO2,C1OC1C1CO1,1
5073,OC(=O)CC(NC(=O)COc1ccc(Cl)cc1Cl)C(=O)O,O=C(O)CC(NC(=O)COc1ccc(Cl)cc1Cl)C(=O)O,0
2277,OCC#N,N#CCO,0
284,OC(=O)\C=C\c1ccccc1,O=C(O)/C=C/c1ccccc1,0
5952,OC1C(O)C(OC1COP(=O)(O)O)N2C=CC(=O)NC2=O,O=c1ccn(C2OC(COP(=O)(O)O)C(O)C2O)c(=O)[nH]1,0
7211,COc1ccc2c(ccc3c4CC=C(C)c4ccc23)c1,COc1ccc2c(ccc3c4c(ccc32)C(C)=CC4)c1,1
90,Cc1c2ccccc2c(CBr)c3ccccc13,Cc1c2ccccc2c(CBr)c2ccccc12,1
5871,[O-][N+](=O)c1ccc2Cc3ccccc3c2c1,O=[N+]([O-])c1ccc2c(c1)-c1ccccc1C2,1
4719,CCOC(=O)CNC(=O)CBr,CCOC(=O)CNC(=O)CBr,0
343,CN(C)c1ccc(cc1)N=Nc2ccc(cc2)N(C)C,CN(C)c1ccc(N=Nc2ccc(N(C)C)cc2)cc1,0
3071,COC(=O)\C(=C/CO)\C=C(/C)\C=C(/C)\C=C\C=C(/C)\C(=O)C12OC1C(O)(CCO)NC2=O,COC(=O)C(=C\CO)/C=C(C)/C=C(C)/C=C/C=C(\C)C(=O)C12OC1C(O)(CCO)NC2=O,1
727,OCC(=O)CO,O=C(CO)CO,1
822,Cn1cnc2ccc(cc12)[N+](=O)[O-],Cn1cnc2ccc([N+](=O)[O-])cc21,1
2133,COc1ccc(C(=O)c2ccccc2O)c(O)c1,COc1ccc(C(=O)c2ccccc2O)c(O)c1,1
4778,C[C@H]1C[C@H](CC(C)(C)C1)OC(=O)c2ccccc2O,C[C@H]1C[C@@H](OC(=O)c2ccccc2O)CC(C)(C)C1,0
4670,[O-][N+](=O)c1cnc(NC(=O)NCCCl)s1,O=C(NCCCl)Nc1ncc([N+](=O)[O-])s1,1
4280,CCc1ccc(C)nc1,CCc1ccc(C)nc1,0
1412,CC(C)(C)N(CC(=O)c1ccc(O)c(CO)c1)Cc2ccccc2,CC(C)(C)N(CC(=O)c1ccc(O)c(CO)c1)Cc1ccccc1,1
6195,[O-][N+](=O)c1ccc2N(S\C(=N/C(=O)c3ccccc3[N+](=O)[O-])\c2c1)C(=O)c4ccccc4[N+](=O)[O-],O=C(/N=c1\sn(C(=O)c2ccccc2[N+](=O)[O-])c2ccc([N+](=O)[O-])cc12)c1ccccc1[N+](=O)[O-],1
7071,CC4CC3OC1C(O)C(OC(C)=O)C(C)(C12CO2)C3(CO)C(=O)C4=O,CC(=O)OC1C(O)C2OC3CC(C)C(=O)C(=O)C3(CO)C1(C)C21CO1,0
1183,Brc1c(Br)c(Br)c(Br)c(Br)c1Br,Brc1c(Br)c(Br)c(Br)c(Br)c1Br,0
812,Cc1cc2c3C4OC4C(O)C(O)c3ccc2c5ccccc15,Cc1cc2c3c(ccc2c2ccccc12)C(O)C(O)C1OC31,0
2153,Nc1ccc(Oc2ccc(N)c(Cl)c2)cc1Cl,Nc1ccc(Oc2ccc(N)c(Cl)c2)cc1Cl,1
3183,Oc1ccnc2ccccc12,Oc1ccnc2ccccc12,0
5628,CC1C(O)CCC2=CC(=O)C3(OC3C12C)C4(CO)CO4,CC1C(O)CCC2=CC(=O)C3(C4(CO)CO4)OC3C21C,1
3645,[O-][N+](=O)c1ccc2nc3c(cc2c1)c4cccc5cccc3c45,O=[N+]([O-])c1ccc2nc3c(cc2c1)-c1cccc2cccc-3c12,1
4818,CCCCCCCCCc1ccc(OP(=O)(Oc2ccccc2)Oc3ccccc3)cc1,CCCCCCCCCc1ccc(OP(=O)(Oc2ccccc2)Oc2ccccc2)cc1,0
4469,CN1CCC(=C2c3ccccc3C=Cc4ccccc24)CC1,CN1CCC(=C2c3ccccc3C=Cc3ccccc32)CC1,0
4365,COC(=O)C(N)Cc1ccc(Cl)cc1,COC(=O)C(N)Cc1ccc(Cl)cc1,0
1572,CC(C)OC(=O)c1cc(Cc2ccc(N)c(c2)C(=O)OC(C)C)ccc1N,CC(C)OC(=O)c1cc(Cc2ccc(N)c(C(=O)OC(C)C)c2)ccc1N,0
5347,OC(=O)COc1ccc(Cl)cc1,O=C(O)COc1ccc(Cl)cc1,0
1149,O=Cc1ccc2ccc3cccc4ccc1c2c34,O=Cc1ccc2ccc3cccc4ccc1c2c34,1
4038,CCCCCOc1cccc(NC(=O)OC2CCCCC2N3CCCC3)c1,CCCCCOc1cccc(NC(=O)OC2CCCCC2N2CCCC2)c1,0
510,ONc1ccc(Sc2ccccc2)cc1,ONc1ccc(Sc2ccccc2)cc1,1
3348,CC(=O)N1CNC(=O)N(C(=O)C)C1=O,CC(=O)N1CNC(=O)N(C(C)=O)C1=O,0
4346,CCC1(CC(=O)O)OCCc2c1[nH]c3c(cccc23)C(C)O,CCC1(CC(=O)O)OCCc2c1[nH]c1c(C(C)O)cccc21,0
196,OC(=O)C1Cc2c(CN1)[nH]c3ccccc23,O=C(O)C1Cc2c([nH]c3ccccc23)CN1,0
3528,C\C=C/1\CC(=C)[C@](O)(CO)C(=O)OCC2=CCN3CC[C@H](OC1=O)[C@@H]23,C=C1C/C(=C/C)C(=O)O[C@H]2CCN3CC=C(COC(=O)[C@@]1(O)CO)[C@H]23,1
4329,CCOCOCC,CCOCOCC,0
126,CCCCC=O,CCCCC=O,0
1560,O=CNc1ccccc1,O=CNc1ccccc1,0
1884,CCOP(=S)(OCC)Oc1nc(Cl)n(n1)C(C)C,CCOP(=S)(OCC)Oc1nc(Cl)n(C(C)C)n1,1
6733,COC(=O)C12OC1(C)C(O)(NC2=O)C(C)C,COC(=O)C12OC1(C)C(O)(C(C)C)NC2=O,1
3323,Oc1c(Cl)cc(Cl)c(Cl)c1Cc2c(O)c(Cl)cc(Cl)c2Cl,Oc1c(Cl)cc(Cl)c(Cl)c1Cc1c(O)c(Cl)cc(Cl)c1Cl,0
1341,COc1ccc(C(=O)c2ccccc2)c(O)c1,COc1ccc(C(=O)c2ccccc2)c(O)c1,0
517,Nc1ccc(cc1)[N+](=O)[O-],Nc1ccc([N+](=O)[O-])cc1,1
1548,Cc1ccc2c(cccc2c1)[N+](=O)[O-],Cc1ccc2c([N+](=O)[O-])cccc2c1,1
1926,ClCCN(CCCl)CCCl,ClCCN(CCCl)CCCl,0
4627,Oc1cc(O)c2ccccc2n1,Oc1cc(O)c2ccccc2n1,1
6203,Nc1nc2c(CCc3ncccc23)s1,Nc1nc2c(s1)CCc1ncccc1-2,1
7006,CCCCCCCCOC(=O)C(C)=C,C=C(C)C(=O)OCCCCCCCC,0
111,CN(Cc1cnc2nc(N)nc(N)c2n1)c3ccc(cc3)C(=O)NC(CCC(=O)O)C(=O)O,CN(Cc1cnc2nc(N)nc(N)c2n1)c1ccc(C(=O)NC(CCC(=O)O)C(=O)O)cc1,0
1689,O[C@@H]1C=Cc2ccc3c(ccc4ccccc34)c2[C@H]1O,O[C@@H]1C=Cc2ccc3c(ccc4ccccc43)c2[C@H]1O,1
69,CC(=CCc1ccc(O)c2C(=O)c3c(O)c4c(OC5OC=CC45O)cc3Oc12)C,CC(C)=CCc1ccc(O)c2c(=O)c3c(O)c4c(cc3oc12)OC1OC=CC41O,1
2101,CCOCCOCCO,CCOCCOCCO,0
1390,CC(=O)Nc1ccc(CC(=O)O)cc1,CC(=O)Nc1ccc(CC(=O)O)cc1,0
5629,CN(CCCl)CCCl,CN(CCCl)CCCl,1
4620,CCc1ccc(C)cc1,CCc1ccc(C)cc1,0
6653,OC5C=CC4=C(C=C3C1=CC=CC2=CC=CC(=C12)C3=C4)C5O,OC1C=Cc2cc3c(cc2C1O)-c1cccc2cccc-3c12,1
3413,ClCc1ccccc1CCl,ClCc1ccccc1CCl,0
4121,[O-][N+](=O)c1ccccc1\C=C\c2ccccn2,O=[N+]([O-])c1ccccc1/C=C/c1ccccn1,1
1179,CCCCNCCCC,CCCCNCCCC,0
2698,Fc1cccc2cc3c(cc12)c4cccc5cccc3c45,Fc1cccc2cc3c(cc12)-c1cccc2cccc-3c12,1
4276,CNC1C(O)C(CCC1(C)O)OC2C(O)C(OC3CC(CN)C(O)C(O)C3O)C(N)CC2NC(=O)C(O)CN,CNC1C(O)C(OC2C(NC(=O)C(O)CN)CC(N)C(OC3CC(CN)C(O)C(O)C3O)C2O)CCC1(C)O,0
4601,Oc1ccc2ccccc2c1N=Nc3ccc4ccccc4c3S(=O)(=O)O,O=S(=O)(O)c1c(N=Nc2c(O)ccc3ccccc23)ccc2ccccc12,0
489,CC1CC2C(Cc3cn(CC4CC4)c5cc(Br)cc2c35)N(C)C1,CC1CC2c3cc(Br)cc4c3c(cn4CC3CC3)CC2N(C)C1,0
4028,CC(O)C1C2SC(=C(N2C1=O)C(=O)O)C3CCCO3,CC(O)C1C(=O)N2C(C(=O)O)=C(C3CCCO3)SC12,0
4702,COc1cc2nc3occc3c(OC)c2cc1OC,COc1cc2nc3occc3c(OC)c2cc1OC,1
4632,Clc1cc(Cl)cc(NS(=O)(=O)c2cccc3cccnc23)c1,O=S(=O)(Nc1cc(Cl)cc(Cl)c1)c1cccc2cccnc12,0
6412,OC(Cc1cn(N=O)c2ccccc12)C(=O)O,O=Nn1cc(CC(O)C(=O)O)c2ccccc21,1
6179,CC(=O)OCC(=O)[C@]1(CC[C@H]2[C@@H]3C[C@@H](F)C4=CC(=O)C(=C[C@]4(C)[C@@]3(F)[C@@H](O)C[C@]12C)Br)OC(=O)C,CC(=O)OCC(=O)[C@@]1(OC(C)=O)CC[C@H]2[C@@H]3C[C@@H](F)C4=CC(=O)C(Br)=C[C@]4(C)[C@@]3(F)[C@@H](O)C[C@@]21C,0
1522,OCC(O)C(O)C(O)C(O)C1SCC(N1N=O)C(=O)O,O=NN1C(C(=O)O)CSC1C(O)C(O)C(O)C(O)CO,0
5808,CC(=O)C1C(=O)C=C2Oc3c(C(=O)C)c(O)c(C)c(O)c3C2(C)C1=O,CC(=O)c1c(O)c(C)c(O)c2c1OC1=CC(=O)C(C(C)=O)C(=O)C12C,0
5384,CC(=O)Nc1ccc2ncccc2c1,CC(=O)Nc1ccc2ncccc2c1,1
1002,C1CC23OC2(C1)C=CC=C3,C1=CC23CCCC2(C=C1)O3,1
5987,Cc1c2ccccc2cc3ccc4C(=O)C(=O)C=Cc4c13,Cc1c2ccccc2cc2ccc3c(c12)C=CC(=O)C3=O,1
4169,CC1=CC(=O)Oc2cc(O)ccc12,Cc1cc(=O)oc2cc(O)ccc12,0
5577,CCCCOC(=O)c1ccccc1C(=O)OCc2ccccc2,CCCCOC(=O)c1ccccc1C(=O)OCc1ccccc1,0
1215,CCN(CC)c1ccc(cc1)c2ccc(cc2)c3ccc(cc3)c4ccc(cc4)N(CC)CC,CCN(CC)c1ccc(-c2ccc(-c3ccc(-c4ccc(N(CC)CC)cc4)cc3)cc2)cc1,0
4253,O=C1CN(CCN2CC(=O)N(CN3CCOCC3)C(=O)C2)CC(=O)N1CN4CCOCC4,O=C1CN(CCN2CC(=O)N(CN3CCOCC3)C(=O)C2)CC(=O)N1CN1CCOCC1,1
5402,Sc1ccccc1,Sc1ccccc1,0
2914,Cc1ccccc1N=Nc2ccc(N)c(C)c2,Cc1cc(N=Nc2ccccc2C)ccc1N,1
1956,Clc1c(Cl)c(C#N)c(Cl)c(C#N)c1Cl,N#Cc1c(Cl)c(Cl)c(Cl)c(C#N)c1Cl,0
3593,o1ccc2c1cc3ccc4cccc5ccc2c3c45,c1cc2ccc3cc4occc4c4ccc(c1)c2c34,1
6190,CCC(C)C,CCC(C)C,0
6568,C=CCCCCC1CO1,C=CCCCCC1CO1,1
6787,OC(=O)C(Cl)Br,O=C(O)C(Cl)Br,1
5463,[O-][N+](=O)c1cccc2nc3c(cccc3nc12)[N+](=O)[O-],O=[N+]([O-])c1cccc2nc3c([N+](=O)[O-])cccc3nc12,0
1904,Nc1cccc2nc3cccc(N)c3nc12,Nc1cccc2nc3cccc(N)c3nc12,0
599,OC1OC(CN=N#N)C(O)C(O)C1O,[N-]=[N+]=NCC1OC(O)C(O)C(O)C1O,1
107,C1Cc2c(C=C1)ccc3nc4ccc5ccccc5c4cc23,C1=Cc2ccc3nc4ccc5ccccc5c4cc3c2CC1,1
1944,CC(=O)Nc1cc2Cc3ccccc3c2cc1O,CC(=O)Nc1cc2c(cc1O)-c1ccccc1C2,0
763,Fc1ccc(F)c2ncccc12,Fc1ccc(F)c2ncccc12,1
6680,ClC1=CC=C(C=C1)CCC2CO2,Clc1ccc(CCC2CO2)cc1,1
5745,[O-][N+](=O)c1ccc2[nH]ncc2c1,O=[N+]([O-])c1ccc2[nH]ncc2c1,1
4552,OCCN1C(=O)N(CCO)C(=O)N(CCO)C1=O,O=c1n(CCO)c(=O)n(CCO)c(=O)n1CCO,0
4583,CN(C)CCN1C=CN(C)C1\C=N\O,CN(C)CCN1C=CN(C)C1/C=N/O,0
2557,Nc1ccc(N=Nc2ccc(cc2)N=Nc3c(N)c4c(O)c(N=Nc5ccc(cc5)N=Nc6ccc(N)cc6N)c(cc4cc3S(=O)(=O)O)S(=O)(=O)O)c(N)c1,Nc1ccc(N=Nc2ccc(N=Nc3c(S(=O)(=O)O)cc4cc(S(=O)(=O)O)c(N=Nc5ccc(N=Nc6ccc(N)cc6N)cc5)c(O)c4c3N)cc2)c(N)c1,1
54,Oc1ccc2cc(SSc3ccc4cc(O)ccc4c3)ccc2c1,Oc1ccc2cc(SSc3ccc4cc(O)ccc4c3)ccc2c1,0
1264,CC(=O)OCc1cc(ccc1OC(=O)C)C(=O)C,CC(=O)OCc1cc(C(C)=O)ccc1OC(C)=O,1
1573,OC1C=Cc2c(ccc3cccnc23)C1O,OC1C=Cc2c(ccc3cccnc23)C1O,1
3600,O=Nc1cccc(c1)c2ccccc2,O=Nc1cccc(-c2ccccc2)c1,1
1485,Nc1ccc(cc1)N=Nc2cccc(N)c2N,Nc1ccc(N=Nc2cccc(N)c2N)cc1,1
2342,Nc1[nH]cnc2nc(nc12)c3ccc(cc3)[N+](=O)[O-],Nc1[nH]cnc2nc(-c3ccc([N+](=O)[O-])cc3)nc1-2,1
165,C[C@@H]1C=Cc2c1ccc3c2ccc4ccccc34,C[C@@H]1C=Cc2c1ccc1c2ccc2ccccc21,1
2749,OC1OC(=O)C(=C1C(Br)Br)Br,O=C1OC(O)C(C(Br)Br)=C1Br,1
2810,CCOP(=S)(OCC)Oc1cc(C)nc(n1)C(C)C,CCOP(=S)(OCC)Oc1cc(C)nc(C(C)C)n1,0
2582,NCCS(=O)(=O)O,NCCS(=O)(=O)O,0
1204,CC1C=C(C=O)C(=CC2CC(C)(C)CC12)C=O,CC1C=C(C=O)C(C=O)=CC2CC(C)(C)CC12,0
1541,Nc1ccc(O)c2C(=O)c3ccccc3C(=O)c12,Nc1ccc(O)c2c1C(=O)c1ccccc1C2=O,1
5116,Oc1cccc(O)c1,Oc1cccc(O)c1,0
2612,CC(C)Br,CC(C)Br,1
4023,O=C1C=CC(=O)N1c2ccc(Cc3ccc(cc3)N4C(=O)C=CC4=O)cc2,O=C1C=CC(=O)N1c1ccc(Cc2ccc(N3C(=O)C=CC3=O)cc2)cc1,0
4586,Clc1ccccc1C=O,O=Cc1ccccc1Cl,0
1817,CC(C)(C)OC(=O)C(N)CN=N#N,CC(C)(C)OC(=O)C(N)CN=[N+]=[N-],1
1783,CC(=C)C(=O)OC[C@H]1CO1,C=C(C)C(=O)OC[C@H]1CO1,1
4458,CN(C(=O)c1csc(c1)[N+](=O)[O-])c2ccccc2,CN(C(=O)c1csc([N+](=O)[O-])c1)c1ccccc1,1
1484,Nc1cc(Cl)cc(C(=O)O)c1Cl,Nc1cc(Cl)cc(C(=O)O)c1Cl,1
1411,[O-][N+](=O)c1ccc(c2ccc(cc2[N+](=O)[O-])[N+](=O)[O-])c(c1)[N+](=O)[O-],O=[N+]([O-])c1ccc(-c2ccc([N+](=O)[O-])cc2[N+](=O)[O-])c([N+](=O)[O-])c1,1
3711,NC(=O)C1CO1,NC(=O)C1CO1,1
6664,CC(C)(C)OCC1CO1,CC(C)(C)OCC1CO1,1
3530,Nc1ccc(Sc2ccc(cc2)[N+](=O)[O-])cc1,Nc1ccc(Sc2ccc([N+](=O)[O-])cc2)cc1,1
6441,BrCC(Br)COP(=O)(OCC(Br)CBr)OCC(Br)CBr,O=P(OCC(Br)CBr)(OCC(Br)CBr)OCC(Br)CBr,1
1629,ClNc1ccc2c(Cc3ccccc23)c1,ClNc1ccc2c(c1)Cc1ccccc1-2,1
4090,CCCC(=O)Nc1ccc(OC[C@H](O)CNC(C)C)c(c1)C(=O)C,CCCC(=O)Nc1ccc(OC[C@H](O)CNC(C)C)c(C(C)=O)c1,0
3081,FC(F)(F)CCl,FC(F)(F)CCl,0
4079,Nc1cc(cc2cc(c(N=Nc3ccccc3)c(O)c12)S(=O)(=O)O)S(=O)(=O)O,Nc1cc(S(=O)(=O)O)cc2cc(S(=O)(=O)O)c(N=Nc3ccccc3)c(O)c12,0
4714,Cc1nccnc1C,Cc1nccnc1C,0
992,Cc1ccc(cc1)[N+]#N,Cc1ccc([N+]#N)cc1,1
3571,Nn1nnc2c3ccccc3nc2c1O,Nn1nnc2c3ccccc3nc-2c1O,1
5020,Cc1cc2nc(N)sc2cc1C,Cc1cc2nc(N)sc2cc1C,1
7191,CCN(=O)(CC)CCNc1ccc(CO)c2sc3ccccc3c(=O)c12,CC[N+]([O-])(CC)CCNc1ccc(CO)c2sc3ccccc3c(=O)c12,1
297,Cc1ccc(NCCO)cc1O,Cc1ccc(NCCO)cc1O,0
2442,CCc1cccc(CC)c1NC(=O)C,CCc1cccc(CC)c1NC(C)=O,0
3173,CC(=O)Nc1cccc(C)c1,CC(=O)Nc1cccc(C)c1,0
4230,COc1cc(ccc1N)N=Nc2ccccc2,COc1cc(N=Nc2ccccc2)ccc1N,1
3375,Cc1ccccc1c2oc3ccccc3n2,Cc1ccccc1-c1nc2ccccc2o1,0
490,Cn1cnc2c3cccnc3ccc12,Cn1cnc2c3cccnc3ccc21,1
5098,CC1(CO1)C=C,C=CC1(C)CO1,0
2079,CC1=CC(=O)c2c(O)cccc2C1=O,CC1=CC(=O)c2c(O)cccc2C1=O,1
3739,O1C2C1c3c(ccc4ccccc34)c5ccccc25,c1ccc2c(c1)-c1ccc3ccccc3c1C1OC21,1
4386,[O-][N+](=O)c1ccc2ccc3cccc(c3c2c1)[N+](=O)[O-],O=[N+]([O-])c1ccc2ccc3cccc([N+](=O)[O-])c3c2c1,1
6336,Oc1cccc2ccccc12,Oc1cccc2ccccc12,0
356,CC12OOC1(C)c3c(O2)ccc4ccccc34,CC12OOC1(C)c1c(ccc3ccccc13)O2,0
4680,OC1C=CC=CC1O,OC1C=CC=CC1O,1
4126,C1c2ccccc2Cc3c1c4ccccc4c5ccccc35,c1ccc2c(c1)Cc1c(c3ccccc3c3ccccc13)C2,1
1310,Cc1ccc2ccc3cc4ccccc4cc3c2c1,Cc1ccc2ccc3cc4ccccc4cc3c2c1,1
1106,CCOP(=S)(OCC)SCSP(=S)(OCC)OCC,CCOP(=S)(OCC)SCSP(=S)(OCC)OCC,0
5583,COc1cc(Cc2cnc(N)nc2N)cc(OC)c1OC,COc1cc(Cc2cnc(N)nc2N)cc(OC)c1OC,0
1442,ClCc1ccncc1,ClCc1ccncc1,0
4454,Cc1ccc2ccc3c4ccccc4ccc3c2c1,Cc1ccc2ccc3c4ccccc4ccc3c2c1,1
6608,ClC(Br)C#N,N#CC(Cl)Br,1
1274,NC(=O)N(CCC(=O)O)N=O,NC(=O)N(CCC(=O)O)N=O,1
1148,NCCCCCCN,NCCCCCCN,0
6538,COc1cc2OCC3Oc4c5CC(Oc5ccc4C(=O)C3c2cc1OC)C(=C)C,C=C(C)C1Cc2c(ccc3c2OC2COc4cc(OC)c(OC)cc4C2C3=O)O1,0
1413,C\C(=C/C=O)\Cl,C/C(Cl)=C\C=O,1
4413,O=C(CCNNC(=O)c1ccncc1)NCc2ccccc2,O=C(CCNNC(=O)c1ccncc1)NCc1ccccc1,1
2633,Cc1cnc2c(n1)c(C)cc3c2nc(N)n3C,Cc1cnc2c(n1)c(C)cc1c2nc(N)n1C,1
179,c1cc2ccc3cncc4ccc(c1)c2c34,c1cc2ccc3cncc4ccc(c1)c2c34,1
1968,Nc1ccc(c2ccc(N)cc2S(=O)(=O)O)c(c1)S(=O)(=O)O,Nc1ccc(-c2ccc(N)cc2S(=O)(=O)O)c(S(=O)(=O)O)c1,0
4213,ClCc1ccc(cc1)C#N,N#Cc1ccc(CCl)cc1,0
1808,Oc1ccc(Nc2ccc(cc2[N+](=O)[O-])[N+](=O)[O-])cc1,O=[N+]([O-])c1ccc(Nc2ccc(O)cc2)c([N+](=O)[O-])c1,1
3115,Nc1ccc(F)cc1,Nc1ccc(F)cc1,1
51,CC(=CC1C(C(=O)OCc2cccc(Oc3ccccc3)c2)C1(C)C)C,CC(C)=CC1C(C(=O)OCc2cccc(Oc3ccccc3)c2)C1(C)C,1
5488,CN(C)CCCNc1c2ccccc2nc3c(C)ccc(c13)[N+](=O)[O-],Cc1ccc([N+](=O)[O-])c2c(NCCCN(C)C)c3ccccc3nc12,1
6616,[O-][N+](=O)C1=CC=C(C=C1)OCC2CO2,O=[N+]([O-])c1ccc(OCC2CO2)cc1,1
4530,CC1=C(O)C(=O)C(O)CO1,CC1=C(O)C(=O)C(O)CO1,1
7265,ClC1CO1,ClC1CO1,1
248,COc1cc(O)c2C(=O)c3c(O)cc(C)cc3Cc2c1,COc1cc(O)c2c(c1)Cc1cc(C)cc(O)c1C2=O,1
1899,Cc1c(O)cccc1O,Cc1c(O)cccc1O,0
53,Cc1cc(N)c(cc1Cl)S(=O)(=O)O,Cc1cc(N)c(S(=O)(=O)O)cc1Cl,0
6816,C1=CC2=CC=C3C=CC=C4C=CC(=C1)C2=C34,c1cc2ccc3cccc4ccc(c1)c2c34,1
1398,COc1cccc(\C=C\C)c1OC,C/C=C/c1cccc(OC)c1OC,1
697,Oc1ccnc(O)n1,Oc1ccnc(O)n1,0
5781,CC(=O)NC(CS\C(=C(/F)\C(F)(F)F)\F)C(=O)O,CC(=O)NC(CS/C(F)=C(\F)C(F)(F)F)C(=O)O,0
2908,CCCN=NC(C)(C)OO,CCCN=NC(C)(C)OO,1
5659,COC(=O)COc1ccc(Cl)cc1Cl,COC(=O)COc1ccc(Cl)cc1Cl,0
2591,CCCCCCCCC1OC1CCCCCCCC(=O)OCC(CC)CCCC,CCCCCCCCC1OC1CCCCCCCC(=O)OCC(CC)CCCC,0
288,CCN(CC)c1ccc(cc1)[N+](=O)[O-],CCN(CC)c1ccc([N+](=O)[O-])cc1,1
506,CC1=CC(=O)Oc2cc(O)cc(O)c12,Cc1cc(=O)oc2cc(O)cc(O)c12,0
4036,CCC(=O)\C=C\C1C(=CCCC1(C)C)C,CCC(=O)/C=C/C1C(C)=CCCC1(C)C,0
2354,COC(=O)C(Cl)Cl,COC(=O)C(Cl)Cl,1
5321,CCN(CC)C(=S)SSC(=S)N(CC)CC,CCN(CC)C(=S)SSC(=S)N(CC)CC,0
3166,COc1c2ccoc2nc3cc4OCOc4cc13,COc1c2cc3c(cc2nc2occc12)OCO3,1
910,CC(C)C(O)CCC(C)C1CCC2\C(=C\C=C\3/CC(O)CC(O)C3=C)\CCCC12C,C=C1/C(=C/C=C2\CCCC3(C)C2CCC3C(C)CCC(O)C(C)C)CC(O)CC1O,0
231,CP1(C)NP(C)(C)NP(C)(C)N1,C[PH]1(C)N[PH](C)(C)N[PH](C)(C)N1,0
3884,ClC(Cl)C(Cl)(Cl)Cl,ClC(Cl)C(Cl)(Cl)Cl,0
3120,Nc1nc(cs1)c2ccccc2,Nc1nc(-c2ccccc2)cs1,1
1820,Cc1cc2cccc3ccc4c5ccccc5cc1c4c23,Cc1cc2cccc3ccc4c5ccccc5cc1c4c32,1
60,O=NN1CCOCC1,O=NN1CCOCC1,1
5788,[O-][N+](=O)c1cccc(CBr)c1,O=[N+]([O-])c1cccc(CBr)c1,0
1847,Fc1cc(F)c2cccnc2c1,Fc1cc(F)c2cccnc2c1,1
5081,Cc1ccc(cc1C)[N+](=O)[O-],Cc1ccc([N+](=O)[O-])cc1C,1
7204,OC(COC(C)(C)C)C,CC(O)COC(C)(C)C,1
4580,CC1OC(OC2C(O)C(O)C(CO)OC2OC34CCC5C6(C)CCCC(C)(C6CCC5(CC3=C)C4)C(=O)OC7OC(CO)C(O)C(O)C7O)C(O)C(O)C1O,C=C1CC23CCC4C(C)(C(=O)OC5OC(CO)C(O)C(O)C5O)CCCC4(C)C2CCC1(OC1OC(CO)C(O)C(O)C1OC1OC(C)C(O)C(O)C1O)C3,0
5854,ClC(=O)c1ccccc1Cl,O=C(Cl)c1ccccc1Cl,1
1038,CC(C)NC(C)C,CC(C)NC(C)C,0
954,CC[n+]1c(c2ccccc2)c3cc(N)ccc3c4ccc(N)cc14,CC[n+]1c(-c2ccccc2)c2cc(N)ccc2c2ccc(N)cc21,1
1487,Nc1ccc(cc1)C(=O)OCCCOC(=O)c2ccc(N)cc2,Nc1ccc(C(=O)OCCCOC(=O)c2ccc(N)cc2)cc1,0
2711,Fc1ccc(F)c2c1ccc3ncccc23,Fc1ccc(F)c2c1ccc1ncccc12,1
7213,CC1=CCc2c1cc(C)c1c2ccc2ccccc12,CC1=CCc2c1cc(C)c1c2ccc2ccccc21,1
6585,OOC1CCCC2=C1C=CC=C2,OOC1CCCc2ccccc21,1
5012,OC(=O)C1Cc2c([nH]c3ccccc23)C(N1)c4ccccc4,O=C(O)C1Cc2c([nH]c3ccccc23)C(c2ccccc2)N1,0
4117,CC[C@@H](C)ON=O,CC[C@@H](C)ON=O,1
4901,OC(=O)c1cc(Br)cc2cccnc12,O=C(O)c1cc(Br)cc2cccnc12,0
4957,CC1(C(Cl)Cl)C2C(Cl)C(Cl)C1(C(Cl)Cl)C(Cl)C2Cl,CC1(C(Cl)Cl)C2C(Cl)C(Cl)C1(C(Cl)Cl)C(Cl)C2Cl,0
2792,OC(=O)c1cccc(c1)[N+](=O)[O-],O=C(O)c1cccc([N+](=O)[O-])c1,1
5921,CN(C)c1ccncc1,CN(C)c1ccncc1,0
6417,C=Cc1ccccc1,C=Cc1ccccc1,1
1100,COc1ccc(cc1)c2nc([nH]c2c3ccc(OC)cc3)c4ccc(C)cc4C,COc1ccc(-c2nc(-c3ccc(C)cc3C)[nH]c2-c2ccc(OC)cc2)cc1,1
7088,C2C=CC3C1CC(C=C1)C23,C1=CC2C3C=CC(C3)C2C1,0
3321,[O-][N+](=O)c1ccc2cc(c3ccc(cc3c2c1)[N+](=O)[O-])[N+](=O)[O-],O=[N+]([O-])c1ccc2cc([N+](=O)[O-])c3ccc([N+](=O)[O-])cc3c2c1,1
4524,COc1ccc(CC=C)cc1OC,C=CCc1ccc(OC)c(OC)c1,0
1935,ClCC(Cl)Cl,ClCC(Cl)Cl,0
74,Oc1ccc(Cc2ccccc2O)cc1,Oc1ccc(Cc2ccccc2O)cc1,0
3197,O=C(OC[C@H]1CO1)[C@H]2CCCC[C@@H]2C(=O)OC[C@H]3CO3,O=C(OC[C@H]1CO1)[C@H]1CCCC[C@@H]1C(=O)OC[C@H]1CO1,1
2404,CC(C)c1ccccc1,CC(C)c1ccccc1,0
6926,CC(=C)C1CC=C(C)C(O)C1,C=C(C)C1CC=C(C)C(O)C1,0
1200,CN(Cc1ccc(Cl)cc1)N=O,CN(Cc1ccc(Cl)cc1)N=O,1
2922,Oc1cccc2C(=O)c3ccccc3C(=O)c12,O=C1c2ccccc2C(=O)c2c(O)cccc21,1
1358,CC(=O)OCc1c2ccccc2c(C)c3c1ccc4ccccc34,CC(=O)OCc1c2ccccc2c(C)c2c1ccc1ccccc12,1
3107,CC1(C)N(Cl)C(=O)N(Cl)C1=O,CC1(C)C(=O)N(Cl)C(=O)N1Cl,0
7098,ClC1=CC=C(C=C1)COC(C[N]2C=CN=C2)C3=C(C=C(C=C3)Cl)Cl,Clc1ccc(COC(Cn2ccnc2)c2ccc(Cl)cc2Cl)cc1,0
4282,[O-][N+](=O)c1ccc2c(c1)cc(c3ccccc23)[N+](=O)[O-],O=[N+]([O-])c1ccc2c(c1)cc([N+](=O)[O-])c1ccccc12,1
2576,CN(C)c1ccc2c(ccc(\C=C\c3cc(C)n(c3C)c4ccccc4)[n+]2C)c1,Cc1cc(/C=C/c2ccc3cc(N(C)C)ccc3[n+]2C)c(C)n1-c1ccccc1,1
4417,CC1=CC[C@H]2C[C@@H]1C2(C)C,CC1=CC[C@H]2C[C@@H]1C2(C)C,0
2129,OC(=O)CN(CCN(CC(=O)O)CC(=O)O)CC(=O)O,O=C(O)CN(CCN(CC(=O)O)CC(=O)O)CC(=O)O,0
6387,CN1C=CN(CCS(=O)(=O)C)C1\C=N\O,CN1C=CN(CCS(C)(=O)=O)C1/C=N/O,0
3655,NC(CSC(F)(F)C(Cl)Br)C(=O)O,NC(CSC(F)(F)C(Cl)Br)C(=O)O,1
3133,COc1c2ccoc2nc3cc(O)ccc13,COc1c2ccc(O)cc2nc2occc12,0
2667,C[C@]12CC[C@H](C1)C(C)(C)C2=O,CC1(C)C(=O)[C@@]2(C)CC[C@@H]1C2,0
2559,Cc1nc2c(ccc3ccc4ccc(O)cc4c23)[nH]1,Cc1nc2c(ccc3ccc4ccc(O)cc4c32)[nH]1,1
7257,Cc1ccc2cc3c4C=CC(O)C(O)c4ccc3c3CCc1c23,Cc1ccc2cc3c4c(ccc3c3c2c1CC3)C(O)C(O)C=C4,1
3239,Fc1cc(F)c2ncccc2c1,Fc1cc(F)c2ncccc2c1,1
3427,[O-][N+](=O)c1ccc2c(ccc3ccccc23)c1,O=[N+]([O-])c1ccc2c(ccc3ccccc32)c1,1
3907,Oc1cc2c3ccccc3cc4ccc5cccc1c5c24,Oc1cc2c3ccccc3cc3ccc4cccc1c4c32,1
2332,Oc1ccc(c2C(=O)c3c(C(=O)c12)c(O)ccc3[N+](=O)[O-])[N+](=O)[O-],O=C1c2c(O)ccc([N+](=O)[O-])c2C(=O)c2c([N+](=O)[O-])ccc(O)c21,1
5804,COc1cc(cc(OC)c1OC)C(=O)OCCCN2CCCN(CCCOC(=O)c3cc(OC)c(OC)c(OC)c3)CC2,COc1cc(C(=O)OCCCN2CCCN(CCCOC(=O)c3cc(OC)c(OC)c(OC)c3)CC2)cc(OC)c1OC,0
4734,Nc1ccc(cc1)S(=O)(=O)N,Nc1ccc(S(N)(=O)=O)cc1,0
1863,O1C(C1c2ccccc2)c3ccccc3,c1ccc(C2OC2c2ccccc2)cc1,0
2246,COc1c2C=CC(=O)Oc2cc3occc13,COc1c2ccoc2cc2oc(=O)ccc12,1
2883,NC(=O)Nc1cccc2cccnc12,NC(=O)Nc1cccc2cccnc12,0
5540,O=NN(Cc1ccccc1)Cc2ccccc2,O=NN(Cc1ccccc1)Cc1ccccc1,0
2411,CCCCOc1cc2C(=O)CCc2c3ccc4ccccc4c13,CCCCOc1cc2c(c3ccc4ccccc4c13)CCC2=O,0
6657,S=C=NCCC1=CC=CC=C1,S=C=NCCc1ccccc1,1
4020,[O-][N+](=O)c1ccc2Oc3ccc(cc3Oc2c1)[N+](=O)[O-],O=[N+]([O-])c1ccc2c(c1)Oc1cc([N+](=O)[O-])ccc1O2,1
1774,O=C1c2ccccc2c3cccc4cccc1c34,O=C1c2ccccc2-c2cccc3cccc1c23,1
5356,CCN(CCCl)CCCNc1c2ccc(Cl)cc2nc3ccc(OC)nc13,CCN(CCCl)CCCNc1c2ccc(Cl)cc2nc2ccc(OC)nc12,1
6688,C3=CC2=CC1=CC=CC=C1C=C2C=C3,c1ccc2cc3ccccc3cc2c1,1
6810,CN(C)C1=CC=C(C=C1)C,Cc1ccc(N(C)C)cc1,1
3934,Oc1ccc(cc1[N+](=O)[O-])c2ccccc2,O=[N+]([O-])c1cc(-c2ccccc2)ccc1O,0
2250,OC(=O)c1ccccc1O,O=C(O)c1ccccc1O,0
2188,COc1cc(O)cc2c1cc(c3c(cc4OCOc4c23)C(=O)O)[N+](=O)[O-],COc1cc(O)cc2c1cc([N+](=O)[O-])c1c(C(=O)O)cc3c(c12)OCO3,0
5730,CO[C@H]1[C@@H](C[C@H]2CN3CCc4c([nH]c5cc(OC)ccc45)[C@H]3C[C@@H]2[C@@H]1C(=O)OC)OC(=O)c6cc(OC)c(OC)c(OC)c6,COC(=O)[C@H]1[C@H]2C[C@@H]3c4[nH]c5cc(OC)ccc5c4CCN3C[C@@H]2C[C@@H](OC(=O)c2cc(OC)c(OC)c(OC)c2)[C@@H]1OC,0
5739,Oc1c2ccoc2nc3ccccc13,Oc1c2ccccc2nc2occc12,0
870,Cn1cc2ccc(cc2n1)[N+](=O)[O-],Cn1cc2ccc([N+](=O)[O-])cc2n1,1
5890,COC1=CC(=O)c2c([nH]cc3c4CCCCc4nc23)C1=O,COC1=CC(=O)c2c3nc4c(c-3c[nH]c2C1=O)CCCC4,1
5935,CCN(CC)C(=O)c1cc(Cc2ccc(N)c(c2)C(=O)N(CC)CC)ccc1N,CCN(CC)C(=O)c1cc(Cc2ccc(N)c(C(=O)N(CC)CC)c2)ccc1N,0
7025,CCC1(CC(O)=O)OCCC2=C1[N](C3=CC=CC=C23)C,CCC1(CC(=O)O)OCCc2c1n(C)c1ccccc21,0
3141,N\C(=C(\N)/C#N)\C#N,N#C/C(N)=C(\N)C#N,0
1532,Clc1ccccn1,Clc1ccccn1,1
1530,OC(=O)C[C@H](Cl)C(=O)O,O=C(O)C[C@H](Cl)C(=O)O,0
1542,c1ccc(cc1)c2ccccc2,c1ccc(-c2ccccc2)cc1,0
1463,OCCCCCCCCCCCCCCCCCC(=O)O,O=C(O)CCCCCCCCCCCCCCCCCO,0
4986,N\C(=N/O)\c1cc(O)c(O)c(O)c1,N/C(=N\O)c1cc(O)c(O)c(O)c1,1
6490,c1ccc2c(c1)cc3ccc4cccc5ccc2c3c45,c1ccc2c(c1)cc1ccc3cccc4ccc2c1c34,1
6354,Cc1ccc(c(N)c1)[N+](=O)[O-],Cc1ccc([N+](=O)[O-])c(N)c1,0
6337,Cc1cc(O)c2C(=O)c3ccccc3C(=O)c2c1O,Cc1cc(O)c2c(c1O)C(=O)c1ccccc1C2=O,1
505,CCOP(=S)(OCC)Oc1nc(Cl)c(Cl)cc1Cl,CCOP(=S)(OCC)Oc1nc(Cl)c(Cl)cc1Cl,0
6649,COC(=O)C2=C1C(C5=C(OC1=CC=C2)C3=C(OC4OC=CC34)C=C5OC)=O,COC(=O)c1cccc2oc3c4c(cc(OC)c3c(=O)c12)OC1OC=CC41,1
2043,CCN(CCCl)CCCNc1c2ccccc2nc3ccccc13,CCN(CCCl)CCCNc1c2ccccc2nc2ccccc12,1
4000,Cn1c(N)nc2cc(Cl)ccc12,Cn1c(N)nc2cc(Cl)ccc21,1
1047,Clc1ccccc1,Clc1ccccc1,0
2382,[O-][N+](=O)c1ccc(cc1)n2nc(n[n+]2c3ccc(I)cc3)c4ccccc4,O=[N+]([O-])c1ccc(-n2nc(-c3ccccc3)n[n+]2-c2ccc(I)cc2)cc1,0
4537,COC1C(N)CC(OC2CC(O)(Cc3c(O)c4C(=O)c5cccc(OC)c5C(=O)c4c(O)c23)C(=O)CO)OC1C,COc1cccc2c1C(=O)c1c(O)c3c(c(O)c1C2=O)CC(O)(C(=O)CO)CC3OC1CC(N)C(OC)C(C)O1,1
2311,Nc1cc2nc3ccccc3nc2cc1N,Nc1cc2nc3ccccc3nc2cc1N,1
617,COc1cc(ccc1O)c2nc(c3ccccc3)c([nH]2)c4ccccc4,COc1cc(-c2nc(-c3ccccc3)c(-c3ccccc3)[nH]2)ccc1O,1
4876,CC1=CCC(=O)O1,CC1=CCC(=O)O1,0
6389,BrC(Br)C#N,N#CC(Br)Br,1
7231,N(c1ccc(O)cc1)c1ccc(N)c(C)c1,Cc1cc(Nc2ccc(O)cc2)ccc1N,1
7043,BrCC(Br)C1CCC(Br)C(Br)C1,BrCC(Br)C1CCC(Br)C(Br)C1,0
6925,CC34C=CC2=C1CCC(=O)CC1=CCC2C3CCC4O,CC12C=CC3=C4CCC(=O)CC4=CCC3C1CCC2O,0
1954,CCCCON(OC(=O)C)C(=O)c1ccc2ccccc2c1,CCCCON(OC(C)=O)C(=O)c1ccc2ccccc2c1,1
1906,[O-][N+](=O)c1ccc(Cl)cc1,O=[N+]([O-])c1ccc(Cl)cc1,1
2759,NNCCO,NNCCO,1
4211,COC(=C1C(C(=C(C)N=C1C)C(=O)OC)c2ccccc2[N+](=O)[O-])O,COC(=O)C1=C(C)N=C(C)C(=C(O)OC)C1c1ccccc1[N+](=O)[O-],0
4517,Cc1ccccc1N=Nc2cc(C)c(N)cc2N,Cc1cc(N=Nc2ccccc2C)c(N)cc1N,1
7,NC(COC(=O)C=N#N)C(O)=O,[N-]=[N+]=CC(=O)OCC(N)C(=O)O,1
161,Clc1c(Cl)c(Cl)c2C(=O)OC(=O)c2c1Cl,O=C1OC(=O)c2c(Cl)c(Cl)c(Cl)c(Cl)c21,0
4145,Oc1cc2ccccc2c3ccccc13,Oc1cc2ccccc2c2ccccc12,1
4935,COC(=O)CCCCC(=O)OC,COC(=O)CCCCC(=O)OC,0
2136,OC(=O)C1OC1C(=O)O,O=C(O)C1OC1C(=O)O,0
579,CCOC(=O)C(N)CS,CCOC(=O)C(N)CS,1
4558,BrCC1=C(Br)C(=O)OC1,O=C1OCC(CBr)=C1Br,1
2289,Cc1ccc2C(=O)c3cccc4ccc1c2c34,Cc1ccc2c(=O)c3cccc4ccc1c2c43,1
3237,[O-][N+](=O)c1ccc2nscc2c1,O=[N+]([O-])c1ccc2nscc2c1,1
6004,c1ccc2c(c1)ccc3cc4ccc5ccncc5c4cc23,c1ccc2c(c1)ccc1cc3ccc4ccncc4c3cc12,1
6317,C1CCC2OCCOCCOC3CCCCC3OCCOCCOCCOC2C1,C1CCC2OCCOCCOC3CCCCC3OCCOCCOCCOC2C1,0
2485,CC1(C)[C@@H]2CC[C@@H](C2)C1=C,C=C1[C@H]2CC[C@H](C2)C1(C)C,0
3656,C[C@@H](O)CN(C[C@@H](C)O)C[C@@H](C)O,C[C@@H](O)CN(C[C@@H](C)O)C[C@@H](C)O,0
379,N\C(=N/OS(=O)(=O)O)\c1ccccc1,N/C(=N\OS(=O)(=O)O)c1ccccc1,0
2161,Cc1cccnc1,Cc1cccnc1,0
693,CC(Br)C(=O)NCc1ccc(Cl)cc1,CC(Br)C(=O)NCc1ccc(Cl)cc1,1
183,Cc1ccc(N)c(C)c1,Cc1ccc(N)c(C)c1,1
4351,CC(CN1CC(=O)NC(=O)C1)N2CC(=O)NC(=O)C2,CC(CN1CC(=O)NC(=O)C1)N1CC(=O)NC(=O)C1,0
214,CC(=O)C(N=Nc1ccc(cc1Cl)c2ccc(N=NC(C(=O)C)C(=O)Nc3ccc(C)cc3C)c(Cl)c2)C(=O)Nc4ccc(C)cc4C,CC(=O)C(N=Nc1ccc(-c2ccc(N=NC(C(C)=O)C(=O)Nc3ccc(C)cc3C)c(Cl)c2)cc1Cl)C(=O)Nc1ccc(C)cc1C,0
5717,NC(=O)Cc1cccc2ccccc12,NC(=O)Cc1cccc2ccccc12,1
6781,COC(=O)C(=CC)C=C(C)C=C(C)C=CC=C(C)C(=O)C12OC1C(O)(CCO)NC2=O,CC=C(C=C(C)C=C(C)C=CC=C(C)C(=O)C12OC1C(O)(CCO)NC2=O)C(=O)OC,1
4021,O[C@@H]1[C@@H]2O[C@@H]2c3c(ccc4c5cccc6cccc(c34)c56)[C@H]1O,O[C@@H]1[C@@H]2O[C@@H]2c2c(ccc3c2-c2cccc4cccc-3c24)[C@H]1O,1
344,CC(C)CCCC(C)C1CCC2C3CC4OC45CC(O)CCC5(C)C3CCC12C,CC(C)CCCC(C)C1CCC2C3CC4OC45CC(O)CCC5(C)C3CCC12C,1
6899,CCC(CO)=[N+](O)[O-],CCC(CO)=[N+]([O-])O,0
5388,CCCCCN(CCCCC)CCCCC,CCCCCN(CCCCC)CCCCC,0
2272,CCOC(=O)C1C(C=C(C)C)C1(C)C,CCOC(=O)C1C(C=C(C)C)C1(C)C,0
4716,[O-][N+](=O)c1ccc2c(CCc3c4CCCCc4ccc23)c1,O=[N+]([O-])c1ccc2c(c1)CCc1c-2ccc2c1CCCC2,1
5525,CN(C)[C@@H]1[C@@H]2[C@H](O)[C@H]3C(=C(O)[C@@]2(O)C(=C(C(=O)N)C1=O)O)C(=O)c4c(O)cccc4[C@]3(C)O,CN(C)[C@H]1C(=O)C(C(N)=O)=C(O)[C@]2(O)C(O)=C3C(=O)c4c(O)cccc4[C@](C)(O)[C@H]3[C@@H](O)[C@@H]12,0
3490,CCN1CCNC(=O)C1=O,CCN1CCNC(=O)C1=O,0
5235,OC[C@H]1O[C@H]([C@H](O)[C@@H]1O)n2cnc3c(NO)ncnc23,OC[C@H]1O[C@@H](n2cnc3c(NO)ncnc32)[C@H](O)[C@@H]1O,1
3552,Cc1ccc(cc1)N(N)c2ccc(C)cc2,Cc1ccc(N(N)c2ccc(C)cc2)cc1,1
722,N1C2C1c3cscc3c4cscc24,c1scc2c1-c1cscc1C1NC21,1
4695,[O-][N+](=O)c1ccc2nc3cc(ccc3nc2c1)[N+](=O)[O-],O=[N+]([O-])c1ccc2nc3cc([N+](=O)[O-])ccc3nc2c1,1
5262,ClC(Cl)(Cl)Cl,ClC(Cl)(Cl)Cl,0
5416,CN(C)CCO[C@@](C)(c1ccccc1)c2ccccn2,CN(C)CCO[C@@](C)(c1ccccc1)c1ccccn1,0
6857,CC2=CN(C1CC(N=[N+]=[N-])C(CO)O1)C(=O)NC2=O,Cc1cn(C2CC(N=[N+]=[N-])C(CO)O2)c(=O)[nH]c1=O,1
1392,Cc1ccc2c(C)c3C(O)C(O)c4ccccc4c3nc2c1,Cc1ccc2c(C)c3c(nc2c1)-c1ccccc1C(O)C3O,0
2932,CCc1cccc(CC)c1NC(=O)CCl,CCc1cccc(CC)c1NC(=O)CCl,1
4477,[O-][N+](=O)c1ccc2CCNc2c1,O=[N+]([O-])c1ccc2c(c1)NCC2,1
4788,[O-][N+](=O)c1ccc(Nc2ccc(cc2)N=C=S)cc1,O=[N+]([O-])c1ccc(Nc2ccc(N=C=S)cc2)cc1,0
6686,CC1CC(=O)O1,CC1CC(=O)O1,1
5599,CCCn1cc2CC3C(CC(C)CN3C#N)c4cccc1c24,CCCn1cc2c3c(cccc31)C1CC(C)CN(C#N)C1C2,1
5190,ClC(CBr)CBr,ClC(CBr)CBr,1
4521,ClC1=C(Cl)C(=O)N(N=C1)C(=O)c2ccccc2,O=C(c1ccccc1)n1ncc(Cl)c(Cl)c1=O,0
2993,CCN(CCCC(=O)O)N=O,CCN(CCCC(=O)O)N=O,1
2350,Cc1cc(O)c2c(O)c3c(O)cccc3cc2c1,Cc1cc(O)c2c(O)c3c(O)cccc3cc2c1,1
3735,CCCCON(OC(=O)C)C(=O)c1ccc(OC)cc1,CCCCON(OC(C)=O)C(=O)c1ccc(OC)cc1,1
6335,ClCl,ClCl,0
428,Oc1ccc2c(ccc3c4ccccc4c1c23)[N+](=O)[O-],O=[N+]([O-])c1ccc2c3c(c(O)ccc13)-c1ccccc1-2,1
1663,COc1cccc2c1cc3NC(=O)c4cc5OCOc5c2c34,COc1cccc2c1cc1c3c(cc4c(c32)OCO4)C(=O)N1,1
1558,OCC(Cl)(Cl)Cl,OCC(Cl)(Cl)Cl,1
4255,NCCNCCNCCNCCNCCN,NCCNCCNCCNCCNCCN,1
5588,Clc1ccc2cc3ccccc3cc2c1,Clc1ccc2cc3ccccc3cc2c1,1
6987,CC=C1CC2CC1C=C2,CC=C1CC2C=CC1C2,0
1496,CN(CS(=O)(=O)O)C1=C(C)N(C)N(C1=O)c2ccccc2,Cc1c(N(C)CS(=O)(=O)O)c(=O)n(-c2ccccc2)n1C,1
6318,Cc1c(c(C)c(c(c1[N+](=O)[O-])C(C)(C)C)[N+](=O)[O-])[N+](=O)[O-],Cc1c([N+](=O)[O-])c(C)c([N+](=O)[O-])c(C(C)(C)C)c1[N+](=O)[O-],0
1153,CCOCc1c(O)cc2C(=O)c3ccccc3C(=O)c2c1O,CCOCc1c(O)cc2c(c1O)C(=O)c1ccccc1C2=O,1
4933,CCc1nc(N)nc(N)c1c2ccc(Cl)cc2,CCc1nc(N)nc(N)c1-c1ccc(Cl)cc1,0
2190,FC(=C)F,C=C(F)F,1
1017,C1Cc2ccc3ncccc3c2C4OC14,c1cnc2ccc3c(c2c1)C1OC1CC3,1
1677,COC(C)CCOC(=O)C,COC(C)CCOC(C)=O,0
5333,COC(=O)C(N)CSCCCl,COC(=O)C(N)CSCCCl,1
3469,Cc1ccc(\C=C\c2ccc(cc2)[N+](=O)[O-])cc1,Cc1ccc(/C=C/c2ccc([N+](=O)[O-])cc2)cc1,1
1959,C1N2CN3CN(CN1C3)C2,C1N2CN3CN1CN(C2)C3,1
7269,ClC1C(Cl)C2CC(C1(C2(C(Cl)Cl)CCl)CCl)(Cl)Cl,ClCC1(C(Cl)Cl)C2CC(Cl)(Cl)C1(CCl)C(Cl)C2Cl,1
5420,Oc1ccc2ccc3c(ccc4ccc1c2c34)[N+](=O)[O-],O=[N+]([O-])c1ccc2ccc3c(O)ccc4ccc1c2c43,1
2095,Nc1nc2cc(Cl)ccc2[nH]1,Nc1nc2cc(Cl)ccc2[nH]1,0
2112,COc1ccc2cc3c4cc5OCOc5cc4CC[n+]3cc2c1OC,COc1ccc2cc3[n+](cc2c1OC)CCc1cc2c(cc1-3)OCO2,0
2144,Nc1ccccc1C(F)(F)F,Nc1ccccc1C(F)(F)F,0
1240,Cc1ccc(cc1C)S(=O)(=O)O,Cc1ccc(S(=O)(=O)O)cc1C,0
58,Cc1cc(O)c2C(=O)c3c(O)cc(O)c(c3C(=O)c2c1)c4c(O)cc(O)c5C(=O)c6c(O)cc(C)cc6C(=O)c45,Cc1cc(O)c2c(c1)C(=O)c1c(c(O)cc(O)c1-c1c(O)cc(O)c3c1C(=O)c1cc(C)cc(O)c1C3=O)C2=O,0
2807,Cc1c2ccncc2c(C)c3c4ccccc4[nH]c13,Cc1c2ccncc2c(C)c2c1[nH]c1ccccc12,1
5828,Nc1c2ccccc2nc3ccc(O)cc13,Nc1c2ccccc2nc2ccc(O)cc12,1
4723,COC(=O)CC(=O)C,COC(=O)CC(C)=O,0
147,CCCCCCOC(=O)C=C,C=CC(=O)OCCCCCC,0
1989,OC1C=Cc2c(cc3c4ccccc4c5c6ccccc6cc2c35)C1O,OC1C=Cc2c(cc3c4c(c5ccccc5cc24)-c2ccccc2-3)C1O,1
3687,CCCCNCC,CCCCNCC,0
2445,CCCC(=O)OCCC(C)C,CCCC(=O)OCCC(C)C,0
2229,Oc1nsc2ccccc12,Oc1nsc2ccccc12,0
7219,OC(C1CO1)c1ccc2OCOc2c1,OC(c1ccc2c(c1)OCO2)C1CO1,1
4610,COC(=O)c1oc(c(Cl)c1Cl)[N+](=O)[O-],COC(=O)c1oc([N+](=O)[O-])c(Cl)c1Cl,1
5917,Cc1cc2nc(C)c(C)nc2c3nc(N)n(C)c13,Cc1nc2cc(C)c3c(nc(N)n3C)c2nc1C,1
4191,CC(=O)\C=C\c1occc1,CC(=O)/C=C/c1ccco1,0
3193,CNc1ccc(cc1[N+](=O)[O-])N(CCO)CCO,CNc1ccc(N(CCO)CCO)cc1[N+](=O)[O-],1
3509,COc1cc(O)c2C(=O)OC3(C)CC(O)C(O)C=C3c2c1,COc1cc(O)c2c(c1)C1=CC(O)C(O)CC1(C)OC2=O,0
2387,ONc1ccc(cc1)c2ccccc2,ONc1ccc(-c2ccccc2)cc1,1
6418,NNOS(=O)(=O)O,NNOS(=O)(=O)O,1
4232,OCC(Br)(CO)[N+](=O)[O-],O=[N+]([O-])C(Br)(CO)CO,0
1746,Oc1nncc2ccccc12,Oc1nncc2ccccc12,0
1419,Nc1c2ncn(C(c3ccccc3)c4ccccc4)c2nc[n+]1[O-],Nc1c2ncn(C(c3ccccc3)c3ccccc3)c2nc[n+]1[O-],1
2600,Nc1ccccc1C(=O)OC2CCCCC2,Nc1ccccc1C(=O)OC1CCCCC1,0
3692,Brc1ccc(\C=C\C(=O)c2ccccc2)cc1,O=C(/C=C/c1ccc(Br)cc1)c1ccccc1,0
531,COc1ccc(N)cc1,COc1ccc(N)cc1,1
5028,Cc1nc2ccc(N)c(C)c2nc1C,Cc1nc2ccc(N)c(C)c2nc1C,1
5910,CC(C)(C)ON=O,CC(C)(C)ON=O,1
3613,Clc1cccc2C(=O)c3c(NC(=O)c4ccccc4)cccc3C(=O)c12,O=C(Nc1cccc2c1C(=O)c1cccc(Cl)c1C2=O)c1ccccc1,1
5056,[O-][N+](=O)c1oc(cc1)c2csc(NNC=O)n2,O=CNNc1nc(-c2ccc([N+](=O)[O-])o2)cs1,1
5368,OC[C@H](O)CI,OC[C@H](O)CI,1
116,CC(C)(C)c1ccc(\C=C\c2ccc(N)cc2)cc1,CC(C)(C)c1ccc(/C=C/c2ccc(N)cc2)cc1,0
915,[O-][N+](=O)C(Cl)Cl,O=[N+]([O-])C(Cl)Cl,1
4254,ClC1C(Br)C(Br)C(Br)C(Br)C1Br,ClC1C(Br)C(Br)C(Br)C(Br)C1Br,0
3774,CC(=O)N,CC(N)=O,0
6244,C1=Cc2cc3ccccc3c4cccc1c24,C1=Cc2cc3ccccc3c3cccc1c23,1
5820,CC(Oc1ccc(Cl)cc1Cl)C(=O)O,CC(Oc1ccc(Cl)cc1Cl)C(=O)O,0
385,CNC(=O)NOC(=O)NC,CNC(=O)NOC(=O)NC,1
2334,Cc1c(NO)cc(cc1[N+](=O)[O-])[N+](=O)[O-],Cc1c(NO)cc([N+](=O)[O-])cc1[N+](=O)[O-],1
7038,CCOP(=O)(OCC)OCC,CCOP(=O)(OCC)OCC,0
2160,Cc1ccc2nc3c4C=CC(O)C(O)c4ccc3c(CO)c2c1,Cc1ccc2nc3c4c(ccc3c(CO)c2c1)C(O)C(O)C=C4,1
4407,Oc1c([nH]c2ccc(cc12)S(=O)(=O)O)C3=Nc4ccc(cc4C3=O)S(=O)(=O)O,O=C1C(c2[nH]c3ccc(S(=O)(=O)O)cc3c2O)=Nc2ccc(S(=O)(=O)O)cc21,0
4219,COP(=S)(OC)SCC(=O)N(C)C=O,COP(=S)(OC)SCC(=O)N(C)C=O,0
447,CN(C)c1ccc(CCO)cc1,CN(C)c1ccc(CCO)cc1,1
4544,Cc1ccc(cc1)C(C)(C)C,Cc1ccc(C(C)(C)C)cc1,0
7188,CN(N=O)C(OC(=O)C)c1ccccc1,CC(=O)OC(c1ccccc1)N(C)N=O,1
7217,O=C(C1CO1)c1ccc2OCOc2c1,O=C(c1ccc2c(c1)OCO2)C1CO1,1
5795,CC(C)(C)Br,CC(C)(C)Br,1
86,COC(=O)N,COC(N)=O,0
3134,[O-][N+](=O)c1ccc(\C=C\c2cccc(Cl)c2)cc1,O=[N+]([O-])c1ccc(/C=C/c2cccc(Cl)c2)cc1,1
3100,CCOC(=O)N(CC)N=O,CCOC(=O)N(CC)N=O,1
2146,Oc1cc2ccc3c4ccccc4c5cc6cccc1c6c2c35,Oc1cc2ccc3c4c(cc5cccc1c5c24)-c1ccccc1-3,0
4540,ClSC(Cl)(Cl)Cl,ClSC(Cl)(Cl)Cl,1
5773,COC(=O)c1cc(ccc1N)c2ccc(N)c(c2)C(=O)OC,COC(=O)c1cc(-c2ccc(N)c(C(=O)OC)c2)ccc1N,1
5603,OC(=O)c1occ(c2ccccc2)c1c3ccccc3,O=C(O)c1occ(-c2ccccc2)c1-c1ccccc1,0
5822,COC(=O)CC1Cc2cc3cc(OC)c(c(O)c3c(O)c2C(=O)O1)c4c(O)c5c(O)c6C(=O)OC(CC(=O)OC)Cc6cc5cc4OC,COC(=O)CC1Cc2cc3cc(OC)c(-c4c(OC)cc5cc6c(c(O)c5c4O)C(=O)OC(CC(=O)OC)C6)c(O)c3c(O)c2C(=O)O1,0
5757,CC(CCO)CCC=C(C)C,CC(C)=CCCC(C)CCO,0
5675,OC(=O)\C=C/C(=O)O,O=C(O)/C=C\C(=O)O,0
7232,O=C(N(C)C)CCCC,CCCCC(=O)N(C)C,0
611,CC1CCc2c(N3CCC(O)CC3)c(F)cc4C(=O)C(=CN1c24)C(=O)O,CC1CCc2c(N3CCC(O)CC3)c(F)cc3c(=O)c(C(=O)O)cn1c23,0
1234,NC(=O)CN1C[C@H](O)CC1=O,NC(=O)CN1C[C@H](O)CC1=O,0
5125,[O-][N+](=O)OCC(CO[N+](=O)[O-])(CO[N+](=O)[O-])CO[N+](=O)[O-],O=[N+]([O-])OCC(CO[N+](=O)[O-])(CO[N+](=O)[O-])CO[N+](=O)[O-],0
1829,CCN(Cc1cccc(c1)S(=O)(=O)O)c2ccc(cc2)C(=C3C=CC(=[N+](CC)Cc4cccc(c4)S(=O)(=O)O)C=C3)c5ccc(cc5)S(=O)(=O)O,CCN(Cc1cccc(S(=O)(=O)O)c1)c1ccc(C(=C2C=CC(=[N+](CC)Cc3cccc(S(=O)(=O)O)c3)C=C2)c2ccc(S(=O)(=O)O)cc2)cc1,1
1759,NCCc1ccc(O)c(O)c1,NCCc1ccc(O)c(O)c1,1
2446,CN(C)c1ccc(cc1)N=Nc2ccccc2C(=O)O,CN(C)c1ccc(N=Nc2ccccc2C(=O)O)cc1,1
2808,[O-][n+]1cc2ccncc2cn1,[O-][n+]1cc2ccncc2cn1,0
2094,O\N=C\C=N\O,O/N=C/C=N/O,0
6755,N=C1CC(=O)C(=O)C2=C1C=CC=C2,N=C1CC(=O)C(=O)c2ccccc21,1
7251,CCC1(O)CC(OC2CC(N)C(O)C(C)O2)c2c(O)c3C(=O)c4c(O)ccc(O)c4C(=O)c3cc2C1C(=O)OC,CCC1(O)CC(OC2CC(N)C(O)C(C)O2)c2c(cc3c(c2O)C(=O)c2c(O)ccc(O)c2C3=O)C1C(=O)OC,1
3017,[O-][N+](=O)CCl,O=[N+]([O-])CCl,1
5214,OC(=O)C(Cl)CCl,O=C(O)C(Cl)CCl,0
4865,[O-][N+](=O)c1ccc(cc1)c2nc3sccn3c2N=O,O=Nc1c(-c2ccc([N+](=O)[O-])cc2)nc2sccn12,1
6145,Nc1cccc(c1CO)[N+](=O)[O-],Nc1cccc([N+](=O)[O-])c1CO,0
3662,CCCC[C@@H](CC)COC(=O)c1ccccc1C(=O)O,CCCC[C@@H](CC)COC(=O)c1ccccc1C(=O)O,0
351,COc1cccc2C(=O)c3c(O)c4C[C@](O)(C[C@H](O[C@H]5C[C@@H]([C@@H](O)[C@H](C)O5)N(C)C)c4c(O)c3C(=O)c12)C(=O)C,COc1cccc2c1C(=O)c1c(O)c3c(c(O)c1C2=O)C[C@@](O)(C(C)=O)C[C@@H]3O[C@H]1C[C@H](N(C)C)[C@@H](O)[C@H](C)O1,1
681,CCCCCCCCCCCCOC[C@H]1CO1,CCCCCCCCCCCCOC[C@H]1CO1,0
5307,NNC(=O)c1[nH]c2ccccc2c1N,NNC(=O)c1[nH]c2ccccc2c1N,1
4205,CCOP(=O)(NC(C)CC)Oc1cc(C)ccc1[N+](=O)[O-],CCOP(=O)(NC(C)CC)Oc1cc(C)ccc1[N+](=O)[O-],0
295,Cc1ccc2cc3c(ccc4ccccc34)c5CCc1c25,Cc1ccc2cc3c(ccc4ccccc43)c3c2c1CC3,1
3488,Clc1cccc2ccccc12,Clc1cccc2ccccc12,1
1167,OC(=O)c1c(Br)c(Br)c(Br)c(Br)c1C(=O)O,O=C(O)c1c(Br)c(Br)c(Br)c(Br)c1C(=O)O,0
6941,OC(C#N)C1=CC=CC=C1,N#CC(O)c1ccccc1,0
2739,CCc1cccc2c(CCO)c[nH]c12,CCc1cccc2c(CCO)c[nH]c12,0
1271,N#Cc1cccc2cccnc12,N#Cc1cccc2cccnc12,1
3629,O=C\C=C\C=O,O=C/C=C/C=O,1
3998,COc1cccc(\C=C\c2ccc(N)cc2)c1,COc1cccc(/C=C/c2ccc(N)cc2)c1,1
1480,CS(=O)CCC(=O)N1C(CSC1c2ccccc2O)C(=O)O,C[S+]([O-])CCC(=O)N1C(C(=O)O)CSC1c1ccccc1O,0
5263,OC\C=C\c1ccccc1,OC/C=C/c1ccccc1,0
4871,CCC[C@@H](C)C[C@@H](OC(=O)C[C@@H](CC(=O)O)C(=O)O)[C@@H](C[C@H](C)CCCCCC[C@H](O)C[C@H](O)[C@@H](C)N)OC(=O)C[C@@H](CC(=O)O)C(=O)O,CCC[C@@H](C)C[C@@H](OC(=O)C[C@@H](CC(=O)O)C(=O)O)[C@@H](C[C@H](C)CCCCCC[C@H](O)C[C@H](O)[C@@H](C)N)OC(=O)C[C@@H](CC(=O)O)C(=O)O,0
5296,CN1CCc2cc3OCOc3c4c5ccccc5C(O)C1c24,CN1CCc2cc3c(c4c2C1C(O)c1ccccc1-4)OCO3,1
2108,CC(C)CN,CC(C)CN,0
918,COc1cc2OC(=C(O)C(=O)c2cc1OC)c3ccc(O)cc3,COc1cc2oc(-c3ccc(O)cc3)c(O)c(=O)c2cc1OC,0
5426,CC(=O)Nc1ccc2c(Cc3ccccc23)c1OC(=O)c4ccccc4,CC(=O)Nc1ccc2c(c1OC(=O)c1ccccc1)Cc1ccccc1-2,0
3867,CC(=O)O,CC(=O)O,0
6155,CCCCN(CCC(=O)C)N=O,CCCCN(CCC(C)=O)N=O,1
4214,ClCCOP(OCCCl)OCCCl,ClCCOP(OCCCl)OCCCl,1
4426,CC(=C)[C@H]1CCC(=CC1)C,C=C(C)[C@@H]1CC=C(C)CC1,0
3749,CNC(=O)NC,CNC(=O)NC,0
3932,Nc1ccc(N)cc1,Nc1ccc(N)cc1,1
3738,CN(C)CCCNc1c2ccccc2nc3cccc(c13)[N+](=O)[O-],CN(C)CCCNc1c2ccccc2nc2cccc([N+](=O)[O-])c12,1
2791,C[C@H]1C[C@@H](C)C(=O)[C@H](C1)[C@@H](O)CC2CC(=O)NC(=O)C2,C[C@H]1C[C@@H](C)C(=O)[C@@H]([C@@H](O)CC2CC(=O)NC(=O)C2)C1,0
5253,Nc1cc2c3ccccc3ccc2c4ccccc14,Nc1cc2c3ccccc3ccc2c2ccccc12,1
660,COc1ccc2C(=O)c3c(O)c(OC)cc4ccnc(c2c1)c34,COc1ccc2c(c1)-c1nccc3cc(OC)c(O)c(c13)C2=O,1
2806,OCC(CBr)(CBr)CBr,OCC(CBr)(CBr)CBr,1
3548,O=C1CNC(=O)N1,O=C1CNC(=O)N1,0
3523,Cc1ccc(O)c(O)c1,Cc1ccc(O)c(O)c1,0
6381,[O-][N+](=O)c1ccc2cccc3CCc1c23,O=[N+]([O-])c1ccc2cccc3c2c1CC3,1
1221,O=C1C=Cc2ccccc2C1=O,O=C1C=Cc2ccccc2C1=O,1
6373,CN1C=CN(COCCC(C)(C)[N+](=O)[O-])C1\C=N\O,CN1C=CN(COCCC(C)(C)[N+](=O)[O-])C1/C=N/O,0
2252,OC(=O)C(Cc1cc(O)nc2ccccc12)NC(=O)c3ccc(Cl)cc3,O=C(NC(Cc1cc(O)nc2ccccc12)C(=O)O)c1ccc(Cl)cc1,0
4770,O=C1CCc2ccc3c(ccc4ccccc34)c12,O=C1CCc2ccc3c(ccc4ccccc43)c21,1
824,CCC(=O)Nc1snc2ccccc12,CCC(=O)Nc1snc2ccccc12,0
4604,CC(C)c1c(O)c(O)c(C=O)c2c(O)c(c(C)cc12)c3c(C)cc4c(C(C)C)c(O)c(O)c(C=O)c4c3O,Cc1cc2c(C(C)C)c(O)c(O)c(C=O)c2c(O)c1-c1c(C)cc2c(C(C)C)c(O)c(O)c(C=O)c2c1O,0
2447,OS(=O)(=O)c1ccc(cc1[N+](=O)[O-])[N+](=O)[O-],O=[N+]([O-])c1ccc(S(=O)(=O)O)c([N+](=O)[O-])c1,0
3364,[O-][N+](=O)c1cccc2nc3cccc(c3nc12)[N+](=O)[O-],O=[N+]([O-])c1cccc2nc3cccc([N+](=O)[O-])c3nc12,1
5479,CN1CCN(CC1)c2c(F)cc3C(=O)C(=CN4N(C)COc2c34)C(=O)O,CN1CCN(c2c(F)cc3c(=O)c(C(=O)O)cn4c3c2OCN4C)CC1,1
1116,CC(=O)ON(OCc1ccc(Oc2ccccc2)cc1)C(=O)c3ccccc3,CC(=O)ON(OCc1ccc(Oc2ccccc2)cc1)C(=O)c1ccccc1,1
5962,CN1c2ccccc2C(=O)c3c(O)cc4O[C@H](Cc4c13)C(=C)C,C=C(C)[C@H]1Cc2c(cc(O)c3c(=O)c4ccccc4n(C)c23)O1,1
6107,CN1CCN(CC1)c2ccc3[nH]c(CCCCCCc4ccc5[nH]c(nc5c4)c6ccc(cc6)N(CCCl)CCCl)nc3c2,CN1CCN(c2ccc3[nH]c(CCCCCCc4ccc5[nH]c(-c6ccc(N(CCCl)CCCl)cc6)nc5c4)nc3c2)CC1,0
4988,Cc1c(Br)c(Br)c(Br)c(Br)c1Br,Cc1c(Br)c(Br)c(Br)c(Br)c1Br,0
2851,CC(C)CO,CC(C)CO,0
4419,[O-][N+](=O)c1c(Cl)cc(Cl)cc1Cl,O=[N+]([O-])c1c(Cl)cc(Cl)cc1Cl,0
2881,CN(C(=O)CCCl)c1snc2ccccc12,CN(C(=O)CCCl)c1snc2ccccc12,1
4144,OCC(O)C(O)C(O)C(O)C=O,O=CC(O)C(O)C(O)C(O)CO,0
7205,CCOC1CC2C(C)CC3OC(=O)C(=C)C3CC2(C)C(OCC)O1,C=C1C(=O)OC2CC(C)C3CC(OCC)OC(OCC)C3(C)CC12,1
5418,CN(C)N=Nc1ccc(C)cc1,Cc1ccc(N=NN(C)C)cc1,1
741,CC1(C)CC(C(=O)N)C(C)(C)N1O,CC1(C)CC(C(N)=O)C(C)(C)N1O,0
6498,CC(=O)Nc1ccc-2c(Cc3ccccc32)c1,CC(=O)Nc1ccc2c(c1)Cc1ccccc1-2,1
6959,CN(C)C1=CC=C(C=C1)C4CC2(C)C(CCC2(O)CCCO)C5CC=C3CC(=O)CCC3=C45,CN(C)c1ccc(C2CC3(C)C(CCC3(O)CCCO)C3CC=C4CC(=O)CCC4=C23)cc1,0
3381,Cc1cccc(C)c1NC(=O)CN2CCCC2=O,Cc1cccc(C)c1NC(=O)CN1CCCC1=O,0
5464,Nc1ncnc2c1ncn2C[C@H](O)CN=[N+]=[N-],[N-]=[N+]=NC[C@@H](O)Cn1cnc2c(N)ncnc21,1
4176,Cc1c2ccccc2c(CCl)c3ccccc13,Cc1c2ccccc2c(CCl)c2ccccc12,1
1405,CN(C)CCNC(=O)c1cccc2nc3ccccc3nc12,CN(C)CCNC(=O)c1cccc2nc3ccccc3nc12,1
4699,CC(C)CC(C)O,CC(C)CC(C)O,0
597,CSCCC(=O)N1C(CSC1c2ccccc2O)C(=O)O,CSCCC(=O)N1C(C(=O)O)CSC1c1ccccc1O,0
5520,CCNCC,CCNCC,0
4685,Cc1nccc2c3ccc(O)cc3[nH]c12,Cc1nccc2c1[nH]c1cc(O)ccc12,1
5376,OCC1OC(CC1O)N2C=C(COO)C(=O)NC2=O,O=c1[nH]c(=O)n(C2CC(O)C(CO)O2)cc1COO,1
690,N1C2C1c3ccccc3c4ccccc24,c1ccc2c(c1)-c1ccccc1C1NC21,1
7063,OC2=C(C1=C(C=C(C=C1C=C2)S(O)(=O)=O)S(O)(=O)=O)N=NC3=CC=CC=C3,O=S(=O)(O)c1cc(S(=O)(=O)O)c2c(N=Nc3ccccc3)c(O)ccc2c1,0
2669,[O-][N+](=O)c1c2ccccc2cc3ccccc13,O=[N+]([O-])c1c2ccccc2cc2ccccc12,1
1761,COC(=O)c1cccc2Oc3c4[C@@H]5C=CO[C@H]5Oc4cc(OC)c3C(=O)c12,COC(=O)c1cccc2oc3c4c(cc(OC)c3c(=O)c12)O[C@@H]1OC=C[C@@H]41,1
988,C[C@@H](O)CBr,C[C@@H](O)CBr,1
73,COc1cccc2C(=O)c3c(O)c4CC(O)(CC(OC5CC(N)C(O)C(C)O5)c4c(O)c3C(=O)c12)C(=O)CO,COc1cccc2c1C(=O)c1c(O)c3c(c(O)c1C2=O)CC(O)(C(=O)CO)CC3OC1CC(N)C(O)C(C)O1,1
412,COc1ccc(OC)c(\C=C\C)c1,C/C=C/c1cc(OC)ccc1OC,0
4005,ClC(Cl)C(=C(Cl)Cl)C=O,O=CC(=C(Cl)Cl)C(Cl)Cl,1
2124,Cn1c2ccccc2c3nn[n+]([O-])c(C(=O)OCCCl)c13,Cn1c2ccccc2c2nn[n+]([O-])c(C(=O)OCCCl)c21,1
375,COP(=S)(NC(C)C)Oc1ccccc1C(=O)OC(C)C,COP(=S)(NC(C)C)Oc1ccccc1C(=O)OC(C)C,0
7014,OCC1OC(C(O)C1O)N2CC(=O)C(=N)NC2=O,N=C1NC(=O)N(C2OC(CO)C(O)C2O)CC1=O,0
6768,CC2C(O)CCC3=CC(=O)C1(OC1C23C)C4OC4CO,CC1C(O)CCC2=CC(=O)C3(C4OC4CO)OC3C21C,1
3329,BrC[C@H]1CO1,BrC[C@H]1CO1,1
1517,CC1=CC2=C(C=O)C(=O)[C@](C)(O)[C@H](O)C2=CO1,CC1=CC2=C(C=O)C(=O)[C@](C)(O)[C@H](O)C2=CO1,1
6945,CCC34CCC1C(CCC2=CC(=O)CCC12)C3CCC4(O)C#C,C#CC1(O)CCC2C3CCC4=CC(=O)CCC4C3CCC21CC,0
3322,FC(F)(F)c1ccc(CCl)cc1,FC(F)(F)c1ccc(CCl)cc1,0
5170,C=Cc1cccnc1,C=Cc1cccnc1,0
1551,[O-][N+](=O)c1ccc2ccc3cccc4c5ccccc5c1c2c34,O=[N+]([O-])c1ccc2ccc3cccc4c5ccccc5c1c2c34,1
1821,C\C=C/C=C,C=C/C=C\C,0
1800,COc1cc(ccc1N=C=O)c2ccc(N=C=O)c(OC)c2,COc1cc(-c2ccc(N=C=O)c(OC)c2)ccc1N=C=O,1
876,Oc1c(Sc2cc(Cl)cc(c2O)[N+](=O)[O-])cc(Cl)cc1[N+](=O)[O-],O=[N+]([O-])c1cc(Cl)cc(Sc2cc(Cl)cc([N+](=O)[O-])c2O)c1O,0
6890,CN2C(CSCC(F)(F)F)NC1=C(C=C(C(=C1)Cl)S(N)(=O)=O)S2(=O)=O,CN1C(CSCC(F)(F)F)Nc2cc(Cl)c(S(N)(=O)=O)cc2S1(=O)=O,0
6604,COC5=C2[C]1=CC=C(C1=C(OC2=C4C3CCOC3OC4=C5)O)O,COc1cc2c(c3oc(O)c4c(O)ccc-4c13)C1CCOC1O2,1
4274,Nc1nc2ccc(cc2s1)[N+](=O)[O-],Nc1nc2ccc([N+](=O)[O-])cc2s1,1
2745,ICI,ICI,0
2517,CC(C)CC(NC(=O)COc1cc(Cl)c(Cl)cc1Cl)C(=O)O,CC(C)CC(NC(=O)COc1cc(Cl)c(Cl)cc1Cl)C(=O)O,0
5096,Nc1ccccc1O,Nc1ccccc1O,1
5460,OC(=O)Cc1c[nH]c2ccc(O)cc12,O=C(O)Cc1c[nH]c2ccc(O)cc12,0
5142,O=NN1CCCCCCC1,O=NN1CCCCCCC1,1
1217,COCc1c(O)cc2C(=O)c3ccccc3C(=O)c2c1O,COCc1c(O)cc2c(c1O)C(=O)c1ccccc1C2=O,1
961,Clc1cncc(Cl)c1,Clc1cncc(Cl)c1,0
6841,CC(O)CN(CC(O)CO)N=O,CC(O)CN(CC(O)CO)N=O,1
6472,CC1C(=O)OC2CCN3CC=C(COC(=O)C(C)(O)C1(C)O)C23,CC1C(=O)OC2CCN3CC=C(COC(=O)C(C)(O)C1(C)O)C23,0
2363,COc1ccc(O)c2C(=O)c3c(OC)cc4OC5OCCC5c4c3Oc12,COc1ccc(O)c2c(=O)c3c(OC)cc4c(c3oc12)C1CCOC1O4,0
6847,CC(O)CN,CC(O)CN,1
3039,CCOP(=S)(OCC)SCSCC,CCOP(=S)(OCC)SCSCC,0
3801,ClCc1ccc2c3ccccc3c4cccc1c24,ClCc1ccc2c3c(cccc13)-c1ccccc1-2,1
738,CN(N=O)c1cccnc1,CN(N=O)c1cccnc1,0
2599,FC(F)(F)c1ccccc1,FC(F)(F)c1ccccc1,0
3706,Cc1ccc(C)c(NO)c1,Cc1ccc(C)c(NO)c1,1
1286,CC(C)CCO,CC(C)CCO,0
6782,[O-][N+](=O)C2=CC1=CC(=C(C=C1C=C2)[N+]([O-])=O)[N+]([O-])=O,O=[N+]([O-])c1ccc2cc([N+](=O)[O-])c([N+](=O)[O-])cc2c1,1
1633,C\C=C/1\C[C@H](C)[C@@](O)(CO)C(=O)OCC2=CCN3CC[C@@H](OC1=O)[C@H]23,C/C=C1/C[C@H](C)[C@@](O)(CO)C(=O)OCC2=CCN3CC[C@@H](OC1=O)[C@H]23,1
4402,Sc1[nH]cnc2ncnc12,Sc1[nH]cnc2ncnc1-2,1
3785,Cc1cc(N)c(c(C)c1N)[N+](=O)[O-],Cc1cc(N)c([N+](=O)[O-])c(C)c1N,0
2339,CC12CCC3C(CCC4=CC(=O)NCCC34C)C1CCC2OC(=O)\C=C\c5cccc(c5)N(CCCl)CCCl,CC12CCNC(=O)C=C1CCC1C2CCC2(C)C(OC(=O)/C=C/c3cccc(N(CCCl)CCCl)c3)CCC12,0
3888,Cc1cccc(C)c1C,Cc1cccc(C)c1C,1
7020,NC(C#N)C(=N)C#N,N#CC(=N)C(N)C#N,0
2675,CN(C=O)N=O,CN(C=O)N=O,1
5554,CCCCc1cc(C)cc(CCCC)c1O,CCCCc1cc(C)cc(CCCC)c1O,0
6204,Cc1cccc(O)c1N,Cc1cccc(O)c1N,0
525,CN(C(=O)C)c1ccc(cc1)N=Nc2ccc(cc2)N(C)C(=O)C,CC(=O)N(C)c1ccc(N=Nc2ccc(N(C)C(C)=O)cc2)cc1,0
6561,CCCCCCCCCCCCCCCCCC(=O)OCC1=CC=C2C(=CCC(C=C12)C(C)=C)C,C=C(C)C1C=C2C(COC(=O)CCCCCCCCCCCCCCCCC)=CC=C2C(C)=CC1,1
3060,[O-][N+](=O)c1ccc(cc1)c2ccc(cc2)[N+](=O)[O-],O=[N+]([O-])c1ccc(-c2ccc([N+](=O)[O-])cc2)cc1,1
424,NC1=NC(=O)N(C=C1O)C2OC(CO)C(O)C2O,Nc1nc(=O)n(C2OC(CO)C(O)C2O)cc1O,0
5855,CC(=O)OCN(CCCCl)N=O,CC(=O)OCN(CCCCl)N=O,1
4735,Nc1ccccn1,Nc1ccccn1,0
1894,CCCC(=O)OCC,CCCC(=O)OCC,0
1729,NCCN,NCCN,1
5557,COC(=O)C(CSCC(C)Br)NC(=O)C,COC(=O)C(CSCC(C)Br)NC(C)=O,1
5132,Cc1cccc2ccc(cc12)[N+](=O)[O-],Cc1cccc2ccc([N+](=O)[O-])cc12,1
821,[O-][N+](=O)c1ccc(F)c(c1)[N+](=O)[O-],O=[N+]([O-])c1ccc(F)c([N+](=O)[O-])c1,1
5080,CC(C)(C)C(=O)C1C(=O)c2ccccc2C1=O,CC(C)(C)C(=O)C1C(=O)c2ccccc2C1=O,0
4661,ClC(=C(Cl)Cl)Cl,ClC(Cl)=C(Cl)Cl,0
5521,O=C[C@H]1CO1,O=C[C@H]1CO1,1
755,Oc1cc(O)c2C(=O)c3c(O)c4[C@@H]5C=CO[C@@H]5Oc4cc3C(=O)c2c1,O=C1c2cc(O)cc(O)c2C(=O)c2c1cc1c(c2O)[C@@H]2C=CO[C@@H]2O1,1
3328,Cn1c(nc2ccccc12)[N+](=O)[O-],Cn1c([N+](=O)[O-])nc2ccccc21,1
4880,OCC(=O)O,O=C(O)CO,0
3585,Cc1cccc(C)c1N,Cc1cccc(C)c1N,1
828,COc1ccc(CNC(=O)C(C)Br)cc1,COc1ccc(CNC(=O)C(C)Br)cc1,1
3969,CCCCN(N=O)C(=O)N,CCCCN(N=O)C(N)=O,1
6727,NC3=C1C=CC=CC1=C2C=CC4=C(C2=C3)C=CC(O)C4O,Nc1cc2c3c(ccc2c2ccccc12)C(O)C(O)C=C3,1
5945,Oc1cc(Cl)ccc1Cl,Oc1cc(Cl)ccc1Cl,0
1393,COC1=CC(=O)c2c(nc(C)c3c4CCCCc4[nH]c23)C1=O,COC1=CC(=O)c2c(nc(C)c3c4c([nH]c23)CCCC4)C1=O,1
6105,[O-][N+](=O)c1cccc(Br)c1,O=[N+]([O-])c1cccc(Br)c1,1
1287,Nc1ccc(cc1)N=Nc2ccccc2,Nc1ccc(N=Nc2ccccc2)cc1,1
3805,[O-][N+](=O)c1ccc(cc1)C(=O)Cl,O=C(Cl)c1ccc([N+](=O)[O-])cc1,1
5908,CCOC(=O)[C@@H](C)C[C@](C)(C[C@H](C[C@@](C)(C[C@@H](C[C@](C)(CC)C(=O)O)C(=O)OCC)C(=O)O)C(=O)OCC)C(=O)O,CCOC(=O)[C@@H](C)C[C@](C)(C[C@H](C[C@@](C)(C[C@@H](C[C@](C)(CC)C(=O)O)C(=O)OCC)C(=O)O)C(=O)OCC)C(=O)O,1
3570,CC1CC2C(Cc3cn(C4CCCC4)c5cccc2c35)N(C)C1,CC1CC2c3cccc4c3c(cn4C3CCCC3)CC2N(C)C1,1
595,C1O[C@@H]1c2cc3c4ccccc4ccc3c5ccccc25,c1ccc2c(c1)ccc1c3ccccc3c([C@@H]3CO3)cc21,1
367,Nc1ncnc2c1cnn2CC(O)CN=N#N,[N-]=[N+]=NCC(O)Cn1ncc2c(N)ncnc21,1
5077,NC1=NC(=O)N(C=C1O)C2CC(O)C(CO)O2,Nc1nc(=O)n(C2CC(O)C(CO)O2)cc1O,0
6314,Brc1ccc(cc1)C2OC2C(=O)c3ccccc3,O=C(c1ccccc1)C1OC1c1ccc(Br)cc1,0
157,CCCCN(N=O)C(=N)N[N+](=O)[O-],CCCCN(N=O)C(=N)N[N+](=O)[O-],1
6182,NC1=NC(=O)N(C=C1)[C@@H]2CC[C@H](CO)O2,Nc1ccn([C@@H]2CC[C@H](CO)O2)c(=O)n1,1
6834,OCCN1CN(CCO)CN(CCO)C1,OCCN1CN(CCO)CN(CCO)C1,1
6051,ONc1ccc(cc1)N=O,O=Nc1ccc(NO)cc1,1
1366,CN(C)c1ccc(cc1)N(C)C,CN(C)c1ccc(N(C)C)cc1,1
3958,Cc1ccc2cc(C)c3c4C5OC5C(O)C(O)c4ccc3c2c1,Cc1ccc2cc(C)c3c4c(ccc3c2c1)C(O)C(O)C1OC41,1
1659,O=NN1CCN(CC1)N=O,O=NN1CCN(N=O)CC1,1
5529,CC1CC2(OC2C)C(=O)OC3CCN(C)CC=C(COC(=O)C1(C)O)C3=O,CC1CC2(OC2C)C(=O)OC2CCN(C)CC=C(COC(=O)C1(C)O)C2=O,1
433,Fc1cccc(F)c1C(=O)NC(=O)Nc2ccc(Cl)cc2,O=C(NC(=O)c1c(F)cccc1F)Nc1ccc(Cl)cc1,0
4903,CN(C)CCCNc1c2ccccc2nc3c(ccc(c13)[N+](=O)[O-])N(C)C,CN(C)CCCNc1c2ccccc2nc2c(N(C)C)ccc([N+](=O)[O-])c12,1
2364,[O-][N+](=O)c1ccc2N(S\C(=N/C(=O)c3ccccc3Cl)\c2c1)C(=O)c4ccccc4Cl,O=C(/N=c1\sn(C(=O)c2ccccc2Cl)c2ccc([N+](=O)[O-])cc12)c1ccccc1Cl,1
6087,O=NN1CC(=O)NC1=O,O=NN1CC(=O)NC1=O,1
2702,Oc1ccccc1Cl,Oc1ccccc1Cl,0
2653,Cc1ccccc1,Cc1ccccc1,0
7216,CC1CCc2c1cc(C)c1c2ccc2ccccc12,Cc1cc2c(c3ccc4ccccc4c13)CCC2C,1
4242,OC(=O)CCC(=O)Nc1cc(Cl)cc(Cl)c1,O=C(O)CCC(=O)Nc1cc(Cl)cc(Cl)c1,0
2969,OCc1ccc2cccc3c4ccccc4c1c23,OCc1ccc2cccc3c2c1-c1ccccc1-3,0
4389,OC(=O)CC(NC(=O)COc1cc(Cl)c(Cl)cc1Cl)C(=O)O,O=C(O)CC(NC(=O)COc1cc(Cl)c(Cl)cc1Cl)C(=O)O,0
6101,CC(C)c1cc(cc(C(C)C)c1N)c2ccccc2,CC(C)c1cc(-c2ccccc2)cc(C(C)C)c1N,0
5273,Cc1c(C)c2c(N)c3ccccc3nc2c4ccccc14,Cc1c(C)c2c(N)c3ccccc3nc2c2ccccc12,1
206,CCc1ccccc1,CCc1ccccc1,0
3842,C[C@@H]1CC[C@H](CC1)C(C)(C)OO,CC(C)(OO)[C@H]1CC[C@H](C)CC1,1
798,Cc1c2C3OC3c4ccccc4c2cc5ccccc15,Cc1c2c(cc3ccccc13)-c1ccccc1C1OC21,1
6359,COCOC,COCOC,0
4178,c1ccc2c(c1)c3cc4ccccc4c5cc6ccccc6c2c35,c1ccc2c(c1)-c1cc3ccccc3c3cc4ccccc4c-2c13,1
3318,NC(=O)c1ccccc1[N+](=O)[O-],NC(=O)c1ccccc1[N+](=O)[O-],1
504,CCCCOC(=O)C=C,C=CC(=O)OCCCC,0
4864,[O-][N+](=O)c1ccc(\C=C\C=O)cc1,O=C/C=C/c1ccc([N+](=O)[O-])cc1,1
3673,OC(=O)\C(=C(/Cl)\C=O)\Cl,O=C/C(Cl)=C(\Cl)C(=O)O,1
6444,CCCCCN(N=O)C(=N)NN(O)O,CCCCCN(N=O)C(=N)NN(O)O,1
3937,Oc1cccc(Cl)c1Cl,Oc1cccc(Cl)c1Cl,0
5767,Cn1c(N)nc2c3ncccc3ccc12,Cn1c(N)nc2c3ncccc3ccc21,1
6015,O=Cc1occc1,O=Cc1ccco1,1
6973,CCCCCCCCCC=CCC1CC(=O)OC1=O,CCCCCCCCCC=CCC1CC(=O)OC1=O,0
1158,Cc1c(N)cccc1N,Cc1c(N)cccc1N,1
3347,COC(=O)\C(=C\C)\C=C(/C)\C=C(/C)\C=C\C=C(/C)\C(=O)[C@@]12O[C@@H]1[C@](O)(CCO)NC2=O,C/C=C(\C=C(C)\C=C(C)\C=C\C=C(/C)C(=O)[C@@]12O[C@@H]1[C@](O)(CCO)NC2=O)C(=O)OC,1
2309,COc1cc(OC)c(\C=C\C)cc1OC,C/C=C/c1cc(OC)c(OC)cc1OC,1
6154,CCCCCN1C2C1c3ccccc3c4ccccc24,CCCCCN1C2c3ccccc3-c3ccccc3C21,1
3950,Cc1cc2ccccc2c3ccc4C(=O)C(=O)C=Cc4c13,Cc1cc2ccccc2c2ccc3c(c12)C=CC(=O)C3=O,1
5836,CC\C=C\[C@@H](CC)C=O,CC/C=C/[C@H](C=O)CC,0
4725,O=C1c2ccccc2C(=O)c3c(cccc13)[N+]#N,N#[N+]c1cccc2c1C(=O)c1ccccc1C2=O,1
6064,CCOc1ccc2NC(C)(C)C=C(C)c2c1,CCOc1ccc2c(c1)C(C)=CC(C)(C)N2,0
3425,Oc1cc2cc3ccccc3c4ccc5cccc1c5c24,Oc1cc2cc3ccccc3c3ccc4cccc1c4c23,1
4979,CCOC(=O)N(N=O)C(CCC=O)c1cccnc1,CCOC(=O)N(N=O)C(CCC=O)c1cccnc1,1
6809,CC(=O)OCC(O)CO,CC(=O)OCC(O)CO,1
3112,CC1COc2c3N1C=C(C(=O)O)C(=O)c3cc(F)c2C4(N)CC4,CC1COc2c(C3(N)CC3)c(F)cc3c(=O)c(C(=O)O)cn1c23,0
327,COc1c2ccoc2[n+]([O-])c3ccccc13,COc1c2ccccc2[n+]([O-])c2occc12,0
5100,C[n+]1c2ccccc2cc3cc(N)ccc13,C[n+]1c2ccccc2cc2cc(N)ccc21,1
6196,Oc1c(Br)cc(Br)cc1c2cc(Br)cc(Br)c2OP(=O)(O)O,O=P(O)(O)Oc1c(Br)cc(Br)cc1-c1cc(Br)cc(Br)c1O,0
4321,COc1cc(CC=C)cc2OCOc12,C=CCc1cc(OC)c2c(c1)OCO2,0
3684,COc1ccccc1N=Nc2c(O)ccc3ccccc23,COc1ccccc1N=Nc1c(O)ccc2ccccc12,1
2092,CCC1OC(CO)C(COCC2OC(COC3OC(CO)C(O)C(O)C3O)C(OC)C(O)C2O)C(O)C1O,CCC1OC(CO)C(COCC2OC(COC3OC(CO)C(O)C(O)C3O)C(OC)C(O)C2O)C(O)C1O,0
303,c1ccc2nc3c4ccccc4c5ccccc5c3cc2c1,c1ccc2nc3c4ccccc4c4ccccc4c3cc2c1,1
3576,COc1cc(O)ccc1Nc2c3ccccc3nc4ccccc24,COc1cc(O)ccc1Nc1c2ccccc2nc2ccccc12,1
1624,CCCCCC(=O)\N=C\1/SN(C(=O)CCCCC)c2ccc(cc12)[N+](=O)[O-],CCCCCC(=O)/N=c1\sn(C(=O)CCCCC)c2ccc([N+](=O)[O-])cc12,1
6289,OCCNCCN1C(=O)c2ccccc2C3=C1c4ccccc4C3=O,O=C1c2ccccc2-c2c1c1ccccc1c(=O)n2CCNCCO,0
5503,Oc1c(Cl)cccc1Cl,Oc1c(Cl)cccc1Cl,0
3463,CCCC[C@@H](CC)COC(=O)CCCCC(=O)OC[C@H](CC)CCCC,CCCC[C@@H](CC)COC(=O)CCCCC(=O)OC[C@H](CC)CCCC,0
2772,CS\C(=N/OC(=O)N(C)N=O)\C,CS/C(C)=N\OC(=O)N(C)N=O,1
6298,CC=C,C=CC,1
4896,Cc1ccc2c(ccc3ccccc23)c1,Cc1ccc2c(ccc3ccccc32)c1,1
6583,OCC1SCCN1N=O,O=NN1CCSC1CO,1
399,[O-][N+](=O)c1oc(cc1)c2csc(NC(=O)C(F)(F)F)n2,O=C(Nc1nc(-c2ccc([N+](=O)[O-])o2)cs1)C(F)(F)F,1
602,ClC1=C(Cl)C(=O)N(N=C1)S(=O)(=O)c2ccc(Cl)cc2,O=c1c(Cl)c(Cl)cnn1S(=O)(=O)c1ccc(Cl)cc1,0
1606,Cc1cc(C)c(C)cc1C,Cc1cc(C)c(C)cc1C,0
137,[O-][N+](=O)c1ccc2C(=O)N(CCl)C(=O)c2c1,O=C1c2ccc([N+](=O)[O-])cc2C(=O)N1CCl,1
1777,OS(=O)(=O)c1ccccc1[N+](=O)[O-],O=[N+]([O-])c1ccccc1S(=O)(=O)O,0
1892,Cc1cc2c(O)cccc2c3cc4ccccc4cc13,Cc1cc2c(O)cccc2c2cc3ccccc3cc12,1
3767,CCCCCC(C)(O)\C=C\C1C(O)CC(=O)C1C\C=C\CCCC(=O)O,CCCCCC(C)(O)/C=C/C1C(O)CC(=O)C1C/C=C/CCCC(=O)O,0
249,CC[C@]12CC[C@H]3[C@@H](CCC4=CC(=O)CC[C@H]34)[C@@H]1CC[C@]2(O)C#C,C#C[C@@]1(O)CC[C@H]2[C@@H]3CCC4=CC(=O)CC[C@@H]4[C@H]3CC[C@@]21CC,0
1346,CCCC[C@@H](CC)COC(=O)C=C,C=CC(=O)OC[C@H](CC)CCCC,0
7096,CCCCCC(=O)OC3(CCC4C2CCC1=C(CCC(=O)C1)C2CCC34C)C(C)=O,CCCCCC(=O)OC1(C(C)=O)CCC2C3CCC4=C(CCC(=O)C4)C3CCC21C,0
3258,OCP(CO)(CO)CO,OC[PH](CO)(CO)CO,0
6705,OC(=O)C4=CN(C1CC1)C2=C(C=C(C(=C2)N3CCNCC3)F)C4=O,O=C(O)c1cn(C2CC2)c2cc(N3CCNCC3)c(F)cc2c1=O,1
4671,CCCCOC(=O)c1ccccc1C(=O)OC2CCCCC2,CCCCOC(=O)c1ccccc1C(=O)OC1CCCCC1,0
4574,CCOP(=S)(OCC(C)C)SCCl,CCOP(=S)(OCC(C)C)SCCl,0
993,CC1=CC2OC3C(O)C(O)C(C)(C34CO4)C2(CO)C(O)C1=O,CC1=CC2OC3C(O)C(O)C(C)(C34CO4)C2(CO)C(O)C1=O,0
3709,NNc1nc2ccc3nc4ccccc4c(O)c3c2s1,NNc1nc2ccc3nc4ccccc4c(O)c3c2s1,1
616,CCCCOO,CCCCOO,1
6526,ClC=C,C=CCl,1
5213,[O-][N+](=O)c1cccc(NS(=O)(=O)c2cccc3cccnc23)c1,O=[N+]([O-])c1cccc(NS(=O)(=O)c2cccc3cccnc23)c1,0
2489,CC(C)CC[C@@H](C)Nc1ccc(N[C@H](C)CCC(C)C)cc1,CC(C)CC[C@@H](C)Nc1ccc(N[C@H](C)CCC(C)C)cc1,0
6707,COC1=CC2=C(C(=C1)O)C(C(C(O2)C3=CC(=C(C=C3)O)O)=O)=O,COc1cc(O)c2c(c1)OC(c1ccc(O)c(O)c1)C(=O)C2=O,1
732,[O-][N+](=O)c1ccc(C=O)c(c1)[N+](=O)[O-],O=Cc1ccc([N+](=O)[O-])cc1[N+](=O)[O-],1
5779,COCCOC(=O)c1ccccc1C(=O)OCCOC,COCCOC(=O)c1ccccc1C(=O)OCCOC,1
4337,CCc1c2ccccc2cc3c4C5OC5C(O)C(O)c4ccc13,CCc1c2ccccc2cc2c3c(ccc12)C(O)C(O)C1OC31,1
7017,OC2=C1C=C(C(OC1=CC=C2)=O)C4CCC3=C(C=CC=C3)C4,O=c1oc2cccc(O)c2cc1C1CCc2ccccc2C1,0
1858,OCc1ccc2nc3c(ccc4ccccc34)c(CO)c2c1,OCc1ccc2nc3c(ccc4ccccc43)c(CO)c2c1,1
4251,CN(C)CCCNc1c2ccccc2nc3ccc(cc13)[N+](=O)[O-],CN(C)CCCNc1c2ccccc2nc2ccc([N+](=O)[O-])cc12,1
4053,C=CCN(CC=C)C1C(N2C3C2c4ccccc4c5ccccc35)c6ccccc6c7ccccc17,C=CCN(CC=C)C1c2ccccc2-c2ccccc2C1N1C2c3ccccc3-c3ccccc3C21,0
1831,Cc1cc2c(C)c3ccccc3nc2c4ccccc14,Cc1cc2c(C)c3ccccc3nc2c2ccccc12,1
4615,CCCCCCCC\C=C\CCCCCCCC(=O)OCCOCC1(OCCOC)OCC(OCCOC)C1OCCOC,CCCCCCCC/C=C/CCCCCCCC(=O)OCCOCC1(OCCOC)OCC(OCCOC)C1OCCOC,0
526,C[n+]1c2ccccc2nc3ccccc13,C[n+]1c2ccccc2nc2ccccc21,1
4312,CC(C)COC(=O)CCCCC(=O)OCC(C)C,CC(C)COC(=O)CCCCC(=O)OCC(C)C,0
5864,OS(=O)(=O)OCc1ccc2ccc3cccc4ccc1c2c34,O=S(=O)(O)OCc1ccc2ccc3cccc4ccc1c2c34,1
5914,CC(=CCC1=C(O)C(=O)c2ccccc2C1=O)C,CC(C)=CCC1=C(O)C(=O)c2ccccc2C1=O,0
6670,NC(=O)CNC(=O)C=[N+]=[N-],[N-]=[N+]=CC(=O)NCC(N)=O,1
1614,CC(F)(F)F,CC(F)(F)F,0
26,OCc1cc2c3ccccc3c4cccc(c1)c24,OCc1cc2c3c(cccc3c1)-c1ccccc1-2,0
5847,OC(=O)c1cccc(Cl)c1,O=C(O)c1cccc(Cl)c1,0
5645,Cc1ccc(N)c(c1)[N+](=O)[O-],Cc1ccc(N)c([N+](=O)[O-])c1,1
2601,Cn1c(N=N#N)nc2ccc3ccccc3c12,Cn1c(N=[N+]=[N-])nc2ccc3ccccc3c21,1
5635,OCc1ccccc1,OCc1ccccc1,0
2285,COc1cc2C(=O)CCc2c3ccc4ccccc4c13,COc1cc2c(c3ccc4ccccc4c13)CCC2=O,1
2280,Cc1cnc2ccccc2n1,Cc1cnc2ccccc2n1,0
4431,C=COC(=O)C=C,C=COC(=O)C=C,0
154,Cc1ccc(cc1)C#N,Cc1ccc(C#N)cc1,0
6086,CN(C)CCNC(=O)c1cccc2c(O)c3ccccc3nc12,CN(C)CCNC(=O)c1cccc2c(O)c3ccccc3nc12,1
5752,ClCCBr,ClCCBr,1
5453,C1Cc2ccc3c(ccc4ccccc34)c2C1,c1ccc2c(c1)ccc1c3c(ccc12)CCC3,0
2845,Cc1c(C)c2c(nc(N)n2C)c3nccnc13,Cc1c(C)c2c(nc(N)n2C)c2nccnc12,1
4609,O=C1Oc2cc3occc3cc2C=C1,O=c1ccc2cc3ccoc3cc2o1,0
1439,OC[C@@H]1CO[C@@H](CCI)O1,OC[C@@H]1CO[C@@H](CCI)O1,1
3846,CCNC(=O)CCC(N)C(=O)O,CCNC(=O)CCC(N)C(=O)O,0
3345,CC(=O)CC(=O)Nc1ccc(O)cc1,CC(=O)CC(=O)Nc1ccc(O)cc1,0
1395,C[N+](=NC[C@H]1O[C@@H](CO)[C@H](O)[C@@H](O)[C@@H]1O)[O-],C[N+]([O-])=NC[C@H]1O[C@@H](CO)[C@H](O)[C@@H](O)[C@@H]1O,0
2821,O=C=Nc1ccc(cc1)N=C=O,O=C=Nc1ccc(N=C=O)cc1,0
1704,C=C=O,C=C=O,1
4636,CN1CCN(CC1)c2ccc3[nH]c(nc3c2)c4ccc5[nH]c(nc5c4)c6ccc(cc6)N(CCCl)CCCl,CN1CCN(c2ccc3[nH]c(-c4ccc5[nH]c(-c6ccc(N(CCCl)CCCl)cc6)nc5c4)nc3c2)CC1,0
3484,Nc1ncnc2c1ncn2[C@@H]3CC[C@H](CO)O3,Nc1ncnc2c1ncn2[C@@H]1CC[C@H](CO)O1,1
5665,[O-][N+](=O)c1oc(\C=N\N2CCCNC2=O)cc1,O=C1NCCCN1/N=C/c1ccc([N+](=O)[O-])o1,1
655,O=C1C=Cc2ccc3C(=O)C=Cc4ccc1c2c34,O=C1C=Cc2ccc3c4c(ccc1c24)C=CC3=O,1
3789,NCN,NCN,1
5379,COc1cccc2C(=O)c3c(O)c4CC(O)(CC(OC5CC(N)CC(C)O5)c4c(O)c3C(=O)c12)C(=O)CO,COc1cccc2c1C(=O)c1c(O)c3c(c(O)c1C2=O)CC(O)(C(=O)CO)CC3OC1CC(N)CC(C)O1,1
2816,[O-][N+](=O)c1cc[n+]([O-])c2ccccc12,O=[N+]([O-])c1cc[n+]([O-])c2ccccc12,1
2206,Cc1ccc2cc3ccccc3cc2c1,Cc1ccc2cc3ccccc3cc2c1,1
6545,COC(=O)C1(OC1(C)C(O)C(C)C)C(N)=O,COC(=O)C1(C(N)=O)OC1(C)C(O)C(C)C,1
3068,Nc1ccc(N)c(c1)[N+](=O)[O-],Nc1ccc(N)c([N+](=O)[O-])c1,1
4096,Cc1cc(O)c2C(=O)c3c(O)ccc(O)c3C(=O)c2c1O,Cc1cc(O)c2c(c1O)C(=O)c1c(O)ccc(O)c1C2=O,1
4753,Nc1ccc2ncsc2c1,Nc1ccc2ncsc2c1,1
3091,Cc1ccccc1C(=O)N,Cc1ccccc1C(N)=O,0
6039,CC1(C)C[C@H](C[C@](C)(CN=C=O)C1)N=C=O,CC1(C)C[C@@H](N=C=O)C[C@](C)(CN=C=O)C1,0
7149,O=C(OCC1OC1)C(CCCCCC)(C)C,CCCCCCC(C)(C)C(=O)OCC1CO1,1
4660,CCC(C)(C)c1ccc(O)cc1,CCC(C)(C)c1ccc(O)cc1,0
387,Cn1c(N)nc2c3cnccc3ccc12,Cn1c(N)nc2c3cnccc3ccc21,1
2918,CC(C)(C#N)C(C)(C)C#N,CC(C)(C#N)C(C)(C)C#N,0
4715,CNc1ccccc1N,CNc1ccccc1N,1
2941,COCCOCCOC,COCCOCCOC,0
696,CC1(CO1)C(=O)Nc2ccccc2,CC1(C(=O)Nc2ccccc2)CO1,1
3595,CCCC[C@H](CC)COC(=O)c1cccc(c1)C(=O)OC[C@@H](CC)CCCC,CCCC[C@H](CC)COC(=O)c1cccc(C(=O)OC[C@@H](CC)CCCC)c1,0
3791,CC[C@@H]1OC(=O)[C@H](C)[C@@H](O[C@H]2C[C@@](C)(OC)[C@@H](O)[C@@H](C)O2)[C@H](C)[C@@H](O[C@@H]3O[C@H](C)C[C@@H]([C@H]3O)N(C)C)[C@](C)(O)C[C@@H](C)C(=O)[C@H](C)[C@@H](O)[C@]1(C)O,CC[C@@H]1OC(=O)[C@H](C)[C@@H](O[C@H]2C[C@@](C)(OC)[C@@H](O)[C@@H](C)O2)[C@H](C)[C@@H](O[C@@H]2O[C@H](C)C[C@H](N(C)C)[C@H]2O)[C@](C)(O)C[C@@H](C)C(=O)[C@H](C)[C@@H](O)[C@]1(C)O,0
4878,Cc1ccc(cc1N)[N+](=O)[O-],Cc1ccc([N+](=O)[O-])cc1N,1
850,CC(=O)OCC[C@@H](C=O)c1c(O)cc2C(=O)c3cc(O)cc(O)c3C(=O)c2c1O,CC(=O)OCC[C@@H](C=O)c1c(O)cc2c(c1O)C(=O)c1c(O)cc(O)cc1C2=O,1
6421,C(Oc1cccc(OCC2CO2)c1)C3CO3,c1cc(OCC2CO2)cc(OCC2CO2)c1,1
1073,OC1CC=Cc2cccnc12,OC1CC=Cc2cccnc21,0
1491,Oc1ccc2c(Oc3cc(O)ccc3C24OC(=O)c5ccccc45)c1,O=C1OC2(c3ccc(O)cc3Oc3cc(O)ccc32)c2ccccc21,0
1842,COc1cccc(CN(C)N=O)c1,COc1cccc(CN(C)N=O)c1,1
7237,CC12CCC(=O)C=C1CCC1C2CCC2(C)C(=O)CCC12,CC12CCC3C(CCC4=CC(=O)CCC43C)C1CCC2=O,0
4683,Oc1c(I)cc(Cl)c2cccnc12,Oc1c(I)cc(Cl)c2cccnc12,0
1715,CC(=O)Nc1ccc(Oc2ccc(cc2)N(O)C=O)cc1,CC(=O)Nc1ccc(Oc2ccc(N(O)C=O)cc2)cc1,1
634,C[C@@H](O)CO,C[C@@H](O)CO,0
3796,Cn1ccc2ccc3ccc4ccc(O)cc4c3c12,Cn1ccc2ccc3ccc4ccc(O)cc4c3c21,1
1109,CCOO,CCOO,1
7160,c12c3ccc4C(C)C=Cc4c3ccc1cccc2,CC1C=Cc2c1ccc1c2ccc2ccccc21,1
1128,Sc1c(Cl)c(Cl)c(Cl)c(Cl)c1Cl,Sc1c(Cl)c(Cl)c(Cl)c(Cl)c1Cl,0
1562,CC(C)C1=CC(=O)C(=CC1=O)C,CC1=CC(=O)C(C(C)C)=CC1=O,0
210,Nc1ccc(cc1C#N)[N+](=O)[O-],N#Cc1cc([N+](=O)[O-])ccc1N,1
5462,Cc1nc(N)c(C)c2[nH]c3ccccc3c12,Cc1c(N)nc(C)c2c1[nH]c1ccccc12,1
2053,CNC(=O)Oc1ccccc1OC(C)C,CNC(=O)Oc1ccccc1OC(C)C,1
6405,O=C([C@H]1O[C@@H]1c2ccccc2)c3ccccc3,O=C(c1ccccc1)[C@H]1O[C@@H]1c1ccccc1,1
5611,COc1c(cc(cc1[N+](=O)[O-])[N+](=O)[O-])[N+](=O)[O-],COc1c([N+](=O)[O-])cc([N+](=O)[O-])cc1[N+](=O)[O-],1
6756,NC1=CC(=C(C=C1)NCCO)[N+]([O-])=O,Nc1ccc(NCCO)c([N+](=O)[O-])c1,1
2585,Cc1ccc2c(c1)c3cc4ccccc4c5cc6ccccc6c2c35,Cc1ccc2c(c1)-c1cc3ccccc3c3cc4ccccc4c-2c13,1
739,CC(C)Nc1ccc(Nc2ccccc2)cc1,CC(C)Nc1ccc(Nc2ccccc2)cc1,0
3279,ClC1CCN(CC1)N=O,O=NN1CCC(Cl)CC1,1
2644,CC(=O)OCN(CCCCCl)N=O,CC(=O)OCN(CCCCCl)N=O,1
4084,Cn1cc(CC2(O)C(=O)CC3C(O)COC23O)c4ccccc14,Cn1cc(CC2(O)C(=O)CC3C(O)COC32O)c2ccccc21,1
3415,Cc1cc2Cc3ccccc3c2cc1C,Cc1cc2c(cc1C)-c1ccccc1C2,0
1195,Nc1ccc(cc1)c2ccc(cc2)[N+](=O)[O-],Nc1ccc(-c2ccc([N+](=O)[O-])cc2)cc1,1
1557,OCCCNP(=O)(O)N(CCCl)CCCl,O=P(O)(NCCCO)N(CCCl)CCCl,1
6749,COC1=CC4=C(C(=C1)OC2OC(CO)C(O)C(O)C2O)C(=O)C3=C(C(=CC=C3O)O)O4,COc1cc(OC2OC(CO)C(O)C(O)C2O)c2c(=O)c3c(O)ccc(O)c3oc2c1,1
3520,BrCC(=C)Br,C=C(Br)CBr,1
3750,CCCC[C@@H](CC)COCCC#N,CCCC[C@@H](CC)COCCC#N,0
2780,S=P(N1CC1)(N2CC2)N3CC3,S=P(N1CC1)(N1CC1)N1CC1,1
2911,CN(N=O)[C@H](OC(=O)C)c1ccccc1,CC(=O)O[C@H](c1ccccc1)N(C)N=O,1
7056,CC(CCN(C)C)N(C)C,CC(CCN(C)C)N(C)C,0
2552,CN1C(=C(O)c2sccc2S1(=O)=O)C(=O)Nc3ccccn3,CN1C(C(=O)Nc2ccccn2)=C(O)c2sccc2S1(=O)=O,0
4726,O1C2C1c3ccc4c5ccccc5c6cc7cccc2c7c3c46,c1ccc2c(c1)-c1ccc3c4c1c-2cc1cccc(c14)C1OC31,1
1377,ClC(Cl)(Cl)Br,ClC(Cl)(Cl)Br,1
1369,Nc1ncc(s1)[N+](=O)[O-],Nc1ncc([N+](=O)[O-])s1,1
2545,C[C@@H]1O[C@@H]1C,C[C@@H]1O[C@@H]1C,1
4806,COc1cc2OC3(C)OC4OC4C3(C)c2c5OC(=O)C6=C(CCC6=O)c15,COc1cc2c(c3oc(=O)c4c(c13)CCC4=O)C1(C)C3OC3OC1(C)O2,0
3824,O=C(\C=C\c1ccc(Oc2ccccc2)cc1)c3ccccc3,O=C(/C=C/c1ccc(Oc2ccccc2)cc1)c1ccccc1,0
2279,OC(=O)[C@@H]1CSCN1,O=C(O)[C@@H]1CSCN1,0
6798,CC(C)(C)C1=CC=C(C=C1)OCC2CO2,CC(C)(C)c1ccc(OCC2CO2)cc1,1
7083,NC2=NC1=NC=C(N=C1C(=N2)O)CNC3=CC=C(C=C3)C(=O)NC(CCC(O)=O)C(O)=O,Nc1nc(O)c2nc(CNc3ccc(C(=O)NC(CCC(=O)O)C(=O)O)cc3)cnc2n1,0
4399,NS(=O)(=O)c1cccc2cccnc12,NS(=O)(=O)c1cccc2cccnc12,0
3169,[O-][N+](=O)\C=C\c1oc(cc1)[N+](=O)[O-],O=[N+]([O-])/C=C/c1ccc([N+](=O)[O-])o1,1
3889,Oc1cccc2Oc3cc4OC5OC=CC5c4c(O)c3C(=O)c12,O=c1c2c(O)cccc2oc2cc3c(c(O)c12)C1C=COC1O3,0
3519,OO[C@@H]1CCCc2ccccc12,OO[C@@H]1CCCc2ccccc21,1
815,Nc1cccc(c1)[N+](=O)[O-],Nc1cccc([N+](=O)[O-])c1,1
6668,ClC1=CC=C(C=C1)C=NN4N=NC2=C([NH]C3=CC=CC=C23)C4=O,O=c1c2[nH]c3ccccc3c2nnn1N=Cc1ccc(Cl)cc1,1
4156,Cc1c2ccccc2c(CBr)c3c1ccc4ccccc34,Cc1c2ccccc2c(CBr)c2c1ccc1ccccc12,1
3730,CN(COC(=O)C)[N+](=O)[O-],CC(=O)OCN(C)[N+](=O)[O-],1
5491,Nc1cccc2nc3ccccc3cc12,Nc1cccc2nc3ccccc3cc12,1
3188,Oc1cccc2ccc3[nH]c4ccc5ccccc5c4c3c12,Oc1cccc2ccc3[nH]c4ccc5ccccc5c4c3c12,0
5339,Clc1ccc2oc3ccccc3c2c1,Clc1ccc2oc3ccccc3c2c1,1
4785,CCC[C@](C)(COC(=O)N)COC(=O)NC(C)C,CCC[C@](C)(COC(N)=O)COC(=O)NC(C)C,0
5721,O[C@H]1C=Cc2cc3c(cc2[C@@H]1O)c4cccc5cccc3c45,O[C@H]1C=Cc2cc3c(cc2[C@@H]1O)-c1cccc2cccc-3c12,1
975,Nc1ccc2snc(Cl)c2c1,Nc1ccc2snc(Cl)c2c1,1
1735,[O-][N+](=O)c1nc2ccccc2[nH]1,O=[N+]([O-])c1nc2ccccc2[nH]1,1
105,O=C1c2ccccc2c3ccccc13,O=C1c2ccccc2-c2ccccc21,0
7184,CC(=O)OCCC(C=O)c1c(O)cc2C(=O)c3cc(O)cc(O)c3C(=O)c2c1O,CC(=O)OCCC(C=O)c1c(O)cc2c(c1O)C(=O)c1c(O)cc(O)cc1C2=O,1
5872,CC(C)(c1ccc(OCC(O)CCl)cc1)c2ccc(OCC(O)CCl)cc2,CC(C)(c1ccc(OCC(O)CCl)cc1)c1ccc(OCC(O)CCl)cc1,0
1436,CC(=C)C(=O)C,C=C(C)C(C)=O,0
4996,OCCCCN(CCO)N=O,O=NN(CCO)CCCCO,1
5045,NC(=O)C1CCCN1C(=O)C(Cc2c[nH]cn2)NC(=O)C3CCC(=O)N3,NC(=O)C1CCCN1C(=O)C(Cc1c[nH]cn1)NC(=O)C1CCC(=O)N1,0
808,Cc1ccc(C)c(O)c1,Cc1ccc(C)c(O)c1,0
6211,CC(C)C1=CC2=CCC3C(C)(CCCC3(C)C(=O)O)C2CC1,CC(C)C1=CC2=CCC3C(C)(C(=O)O)CCCC3(C)C2CC1,0
5354,COC(=O)c1cc2c3ccccc3[nH]c2c(n1)c4ccc5C(=O)C=CC(=O)c5n4,COC(=O)c1cc2c([nH]c3ccccc32)c(-c2ccc3c(n2)C(=O)C=CC3=O)n1,1
4446,COc1cc2nc3cc(N)ccc3nc2cc1N,COc1cc2nc3cc(N)ccc3nc2cc1N,1
2422,Cc1cc(C)cc(C)c1,Cc1cc(C)cc(C)c1,0
1766,C=CC(=O)N1CCN(CC1)c2ccccc2,C=CC(=O)N1CCN(c2ccccc2)CC1,0
5036,CC(=O)OC1Cc2cc3cccc4ccc5ccc1c2c5c34,CC(=O)OC1Cc2cc3cccc4ccc5ccc1c2c5c43,1
5993,O=CNc1ccc2c(Cc3ccccc23)c1,O=CNc1ccc2c(c1)Cc1ccccc1-2,1
4542,O=C(OOC(=O)c1ccccc1)c2ccccc2,O=C(OOC(=O)c1ccccc1)c1ccccc1,0
3458,CN(C)CCNC(=O)c1cccn2cc(nc12)c3ccccc3,CN(C)CCNC(=O)c1cccn2cc(-c3ccccc3)nc12,1
5515,C(=N\c1snc2ccccc12)/c3ccccc3,C(=N/c1snc2ccccc12)\c1ccccc1,0
4812,COC=O,COC=O,0
4433,C\C(=C/C=C/C=C(\C)/C=C/C=C(\C)/C=C/C1=C(C)CCCC1(C)C)\C=C\C=C(/C)\C=C\C2=C(C)CCCC2(C)C,CC1=C(/C=C/C(C)=C/C=C/C(C)=C/C=C/C=C(C)/C=C/C=C(C)/C=C/C2=C(C)CCCC2(C)C)C(C)(C)CCC1,1
2536,CCCCCOc1ccc(cc1)N=O,CCCCCOc1ccc(N=O)cc1,1
5079,CC(NCc1ccccc1)C(=O)NCc2ccccc2,CC(NCc1ccccc1)C(=O)NCc1ccccc1,0
3659,[O-][N+](=O)c1ccc2c(cc3cccc(c3c2c1)[N+](=O)[O-])[N+](=O)[O-],O=[N+]([O-])c1ccc2c([N+](=O)[O-])cc3cccc([N+](=O)[O-])c3c2c1,1
5703,CC#N,CC#N,0
5011,O1C=CC=Cc2c1c3cc4ccccc4cc3c5ccccc25,C1=COc2c(c3ccccc3c3cc4ccccc4cc23)C=C1,1
2457,Cc1ccc(O)c(N)c1,Cc1ccc(O)c(N)c1,1
5008,Cn1c(N)nc2c3cccnc3ccc12,Cn1c(N)nc2c3cccnc3ccc21,1
5382,CC1(C)C2CC3OC3(C)C1C2,CC1(C)C2CC3OC3(C)C1C2,0
1897,CC(C)(COC(=O)C=C)COC(=O)C=C,C=CC(=O)OCC(C)(C)COC(=O)C=C,0
1019,C(SCc1ccccc1)c2ccccc2,c1ccc(CSCc2ccccc2)cc1,0
952,ClCC(=O)CCl,O=C(CCl)CCl,1
3986,O1C=CC=Cc2c1c3ccccc3c4cc5ccccc5cc24,C1=COc2c(c3cc4ccccc4cc3c3ccccc23)C=C1,1
7222,OC1C=Cc2c(ccc3cc4ccccc4cc23)C1O,OC1C=Cc2c(ccc3cc4ccccc4cc23)C1O,1
4167,CCc1cccc2c3CCOC(C)(CC)c3[nH]c12,CCc1cccc2c3c([nH]c12)C(C)(CC)OCC3,0
6547,CC1=C(C3=C(C=C1)C(=O)C2=C(C=CC=C2)C3=O)O,Cc1ccc2c(c1O)C(=O)c1ccccc1C2=O,1
501,Nc1ccc2ccccc2c1N=Nc3ccccc3,Nc1ccc2ccccc2c1N=Nc1ccccc1,0
1515,C(Oc1ccccc1Cc2ccccc2)C3CO3,c1ccc(Cc2ccccc2OCC2CO2)cc1,1
3119,C1CC2(CCO1)CO2,C1CC2(CCO1)CO2,1
2336,Cc1cccc2cc3ccc4ccccc4c3nc12,Cc1cccc2cc3ccc4ccccc4c3nc12,0
5309,CCN(CC)c1cc(NC(=O)C)c(cc1OC)N=Nc2c(Br)cc(cc2[N+](=O)[O-])[N+](=O)[O-],CCN(CC)c1cc(NC(C)=O)c(N=Nc2c(Br)cc([N+](=O)[O-])cc2[N+](=O)[O-])cc1OC,1
6135,ClC1=C(Cl)[C@@]2(Cl)[C@@H]3[C@H]4C[C@H]([C@H]5O[C@@H]45)[C@@H]3[C@]1(Cl)C2(Cl)Cl,ClC1=C(Cl)[C@]2(Cl)[C@H]3[C@@H]4C[C@@H]([C@@H]5O[C@H]45)[C@H]3[C@@]1(Cl)C2(Cl)Cl,0
1987,CCC(=O)N(O)c1ccc(\C=C\c2ccccc2)cc1,CCC(=O)N(O)c1ccc(/C=C/c2ccccc2)cc1,1
4228,COP(=O)(OC)O\C(=C/Cl)\c1cc(Cl)c(Cl)cc1Cl,COP(=O)(OC)O/C(=C\Cl)c1cc(Cl)c(Cl)cc1Cl,0
753,CCCCCCCCCCCCCCCCCCO,CCCCCCCCCCCCCCCCCCO,0
928,C1CCNC1,C1CCNC1,0
5185,CCN(CC)N=O,CCN(CC)N=O,1
13,Cc1cccc(c1C)[N+](=O)[O-],Cc1cccc([N+](=O)[O-])c1C,1
809,Cc1c2ccccc2c(CCl)c3ccc4ccccc4c13,Cc1c2ccccc2c(CCl)c2ccc3ccccc3c12,1
3367,CCc1c2C3NC3c4ccccc4c2cc5ccccc15,CCc1c2c(cc3ccccc13)-c1ccccc1C1NC21,1
618,Nc1nc(N)c2nc(c(N)nc2n1)c3ccccc3,Nc1nc(N)c2nc(-c3ccccc3)c(N)nc2n1,0
1652,C[C@H]1CN(N=O)C(=O)NC1=O,C[C@H]1CN(N=O)C(=O)NC1=O,1
4185,c1ccc2cc3c(ccc4c5ccccc5ccc34)cc2c1,c1ccc2cc3c(ccc4c5ccccc5ccc34)cc2c1,0
5925,CCCCCCCC(=O)OCC(COC(=O)CCCCCCC)OC(=O)CCCCCCC,CCCCCCCC(=O)OCC(COC(=O)CCCCCCC)OC(=O)CCCCCCC,1
4252,COc1cc(N[C@H](C)CCCN)c2ncccc2c1,COc1cc(N[C@H](C)CCCN)c2ncccc2c1,1
984,C\C=C\CC#N,C/C=C/CC#N,0
178,[O-][N+](=O)c1ccc(Cl)c(c1)[N+](=O)[O-],O=[N+]([O-])c1ccc(Cl)c([N+](=O)[O-])c1,1
144,CC(C)OC(=O)C1=C(C)N=C(N)C(=C(O)OC2CN(C2)C(c3ccccc3)c4ccccc4)C1c5cccc(c5)[N+](=O)[O-],CC1=C(C(=O)OC(C)C)C(c2cccc([N+](=O)[O-])c2)C(=C(O)OC2CN(C(c3ccccc3)c3ccccc3)C2)C(N)=N1,0
3429,Oc1ccc2c3ccc4ccc5cccc6cc(c2c1)c3c4c56,Oc1ccc2c(c1)-c1cc3cccc4ccc5ccc-2c1c5c43,1
3844,OC1C(O)c2cc3cc(ccc3cc2CC1=O)[N+](=O)[O-],O=C1Cc2cc3ccc([N+](=O)[O-])cc3cc2C(O)C1O,0
6853,[O-][N+](=O)C1=CC=C(C=C1)C(=O)C2OC2C3=CC=CC=C3,O=C(c1ccc([N+](=O)[O-])cc1)C1OC1c1ccccc1,1
2021,Cc1cc(O)nc(S)n1,Cc1cc(O)nc(S)n1,0
1913,OS(=O)(=O)ONNCCc1ccccc1,O=S(=O)(O)ONNCCc1ccccc1,1
3489,CNNCc1ccc(cc1)C(=O)NC(C)C,CNNCc1ccc(C(=O)NC(C)C)cc1,0
5677,ClCCCBr,ClCCCBr,1
1011,CC(O)C#N,CC(O)C#N,0
4576,C(Cc1ccccc1)C2CO2,c1ccc(CCC2CO2)cc1,1
933,O[C@H]1N=C(c2ccccc2)c3cc(Cl)ccc3NC1=O,O=C1Nc2ccc(Cl)cc2C(c2ccccc2)=N[C@@H]1O,0
5537,OCCOC(=O)C=C,C=CC(=O)OCCO,0
378,Nc1cc2c3C=C[C@@H](O)[C@H](O)c3ccc2c4ccccc14,Nc1cc2c3c(ccc2c2ccccc12)[C@@H](O)[C@H](O)C=C3,1
2296,CCOC(=O)C=C,C=CC(=O)OCC,0
3430,COc1cc(N=Nc2c(Br)cc(cc2[N+](=O)[O-])[N+](=O)[O-])c(NC(=O)C)cc1N(CC=C)CC=C,C=CCN(CC=C)c1cc(NC(C)=O)c(N=Nc2c(Br)cc([N+](=O)[O-])cc2[N+](=O)[O-])cc1OC,1
3521,O=C1CCC(N2C(=O)c3ccccc3C2=O)C(=O)N1,O=C1CCC(N2C(=O)c3ccccc3C2=O)C(=O)N1,0
4689,C(Oc1ccccc1c2ccccc2)C3CO3,c1ccc(-c2ccccc2OCC2CO2)cc1,1
2390,Cc1ccc(cc1)\C(=C\C=C\c2ccccc2[N+](=O)[O-])\C#N,Cc1ccc(/C(C#N)=C/C=C/c2ccccc2[N+](=O)[O-])cc1,1
3131,CSCCC(NC(=O)COc1cc(Cl)c(Cl)cc1Cl)C(=O)O,CSCCC(NC(=O)COc1cc(Cl)c(Cl)cc1Cl)C(=O)O,0
6115,S=C=S,S=C=S,0
688,NC1=C(Cl)C(=O)N(N=C1)c2ccccc2,Nc1cnn(-c2ccccc2)c(=O)c1Cl,0
6570,[O-][N+](=O)C1=C(C=CC(=C1)N=[N+]=[N-])F,[N-]=[N+]=Nc1ccc(F)c([N+](=O)[O-])c1,1
7156,C1OC1c1cc2ccccc2c2ccccc12,c1ccc2c(c1)cc(C1CO1)c1ccccc12,1
1544,OC1C(O)c2cc3c(ccc4ccccc34)cc2c5ccccc15,OC1c2ccccc2-c2cc3ccc4ccccc4c3cc2C1O,1
5131,ClC1=C(CBr)COC1=O,O=C1OCC(CBr)=C1Cl,1
664,[O-][N+](=O)c1cc(CCl)cc(c1)[N+](=O)[O-],O=[N+]([O-])c1cc(CCl)cc([N+](=O)[O-])c1,1
5014,ClCCOC\C(=C/Cl)\Cl,Cl/C=C(/Cl)COCCCl,1
2494,C\C(=C/C=C/C=C(\C)/C=C/C=C(\C)/C=C/C1=C(C)C(=O)CCC1(C)C)\C=C\C=C(/C)\C=C\C2=C(C)C(=O)CCC2(C)C,CC1=C(/C=C/C(C)=C/C=C/C(C)=C/C=C/C=C(C)/C=C/C=C(C)/C=C/C2=C(C)C(=O)CCC2(C)C)C(C)(C)CCC1=O,0
4085,CCC(=O)C(=O)CC,CCC(=O)C(=O)CC,1
1190,CCCC\C=C\C=C\C=C\C=C\C=C\OCC(O)CO,CCCC/C=C/C=C/C=C/C=C/C=C/OCC(O)CO,1
4120,Nc1cc(Cl)ccc1Cl,Nc1cc(Cl)ccc1Cl,0
2627,CC[C@]1(O)C[C@H](O[C@@H]2C[C@H](N)[C@@H](O)[C@H](C)O2)c3c(O)c4C(=O)c5c(O)ccc(O)c5C(=O)c4cc3[C@H]1C(=O)OC,CC[C@]1(O)C[C@H](O[C@@H]2C[C@H](N)[C@@H](O)[C@H](C)O2)c2c(cc3c(c2O)C(=O)c2c(O)ccc(O)c2C3=O)[C@H]1C(=O)OC,1
935,CC(=O)OCN=[N+](C)[O-],CC(=O)OCN=[N+](C)[O-],0
2774,ClC(=C(Cl)c1c(Cl)c(Cl)c(Cl)c(Cl)c1Cl)Cl,ClC(Cl)=C(Cl)c1c(Cl)c(Cl)c(Cl)c(Cl)c1Cl,0
4416,N1C2C1c3cc4c(cc3c5ccccc25)C6NC6c7ccccc47,c1ccc2c(c1)-c1cc3c(cc1C1NC21)-c1ccccc1C1NC31,1
4963,CC(C)N(N)C(C)C,CC(C)N(N)C(C)C,1
735,CCNc1nc(Cl)nc(NC(C)C)n1,CCNc1nc(Cl)nc(NC(C)C)n1,0
996,CN1CCN(CC1)c2ccc3[nH]c(Cc4ccc5[nH]c(nc5c4)c6ccc(cc6)N(CCCl)CCCl)nc3c2,CN1CCN(c2ccc3[nH]c(Cc4ccc5[nH]c(-c6ccc(N(CCCl)CCCl)cc6)nc5c4)nc3c2)CC1,0
5474,CC(=O)Oc1cc(c2ccc3cccc4ccc1c2c34)[N+](=O)[O-],CC(=O)Oc1cc([N+](=O)[O-])c2ccc3cccc4ccc1c2c43,1
6824,CC(O)CN(CC(C)O)N=O,CC(O)CN(CC(C)O)N=O,1
6157,COC1=CC(=O)c2[nH]c(C)c3c4ccccc4nc3c2C1=O,COC1=CC(=O)c2[nH]c(C)c3c4ccccc4nc-3c2C1=O,1
123,CNC(=O)ON,CNC(=O)ON,1
2500,Cc1ccc(c(c1)[N+](=O)[O-])[N+](=O)[O-],Cc1ccc([N+](=O)[O-])c([N+](=O)[O-])c1,1
2087,C(Oc1ccc2sncc2c1)[C@H]3CO3,c1cc2sncc2cc1OC[C@H]1CO1,1
1007,Cc1ccc(cc1)[N+](=O)[O-],Cc1ccc([N+](=O)[O-])cc1,0
4578,CC1OC(CC(N)C1O)OC2CC(O)(Cc3c(O)c4C(=O)c5cccc(O)c5C(=O)c4c(O)c23)C(=O)C,CC(=O)C1(O)Cc2c(O)c3c(c(O)c2C(OC2CC(N)C(O)C(C)O2)C1)C(=O)c1c(O)cccc1C3=O,1
1340,OCC[N+](=O)[O-],O=[N+]([O-])CCO,1
2543,[O-][N+](=O)c1ccc2OC(=O)c3ccccc3c2c1,O=c1oc2ccc([N+](=O)[O-])cc2c2ccccc12,1
1113,C[C@@H](CN1c2ccccc2Sc3ccccc13)N(C)C,C[C@@H](CN1c2ccccc2Sc2ccccc21)N(C)C,0
5094,CC(=O)Oc1ccc(CCl)cc1,CC(=O)Oc1ccc(CCl)cc1,1
1137,O=S1(=O)CCCC1,O=S1(=O)CCCC1,0
5868,ClC1OC1CBr,ClC1OC1CBr,1
5443,CC\C(=C(\c1ccc(OCCN(C)C)cc1)/c2ccc(OP(=O)(O)O)cc2)\c3ccc(cc3)C(C)C,CC/C(=C(/c1ccc(OCCN(C)C)cc1)c1ccc(OP(=O)(O)O)cc1)c1ccc(C(C)C)cc1,0
1266,Nc1c2CCCCc2nc3ccccc13,Nc1c2c(nc3ccccc13)CCCC2,1
4001,Cc1c(cccc1[N+](=O)[O-])C(=O)O,Cc1c(C(=O)O)cccc1[N+](=O)[O-],1
3690,COc1ccccc1c2ccccc2,COc1ccccc1-c1ccccc1,0
2439,COC(=O)[C@]12O[C@@]1(C)[C@@](C)(O)NC2=O,COC(=O)[C@]12O[C@@]1(C)[C@@](C)(O)NC2=O,1
1595,CC(C)CCCCCCOC(=O)c1ccccc1C(=O)OCCCCCCC(C)C,CC(C)CCCCCCOC(=O)c1ccccc1C(=O)OCCCCCCC(C)C,0
3075,COC1=CC(=O)c2c(nc(C)c3c4c[nH]ccc4nc23)C1=O,COC1=CC(=O)c2c(nc(C)c3c4c[nH]ccc-4nc23)C1=O,1
6263,CN(Cc1cccc(c1)C(F)(F)F)N=O,CN(Cc1cccc(C(F)(F)F)c1)N=O,1
5878,Oc1c(Cl)c(Cl)c(Cl)c(Cl)c1Cl,Oc1c(Cl)c(Cl)c(Cl)c(Cl)c1Cl,0
6306,[O-][N+](=O)c1ccc2c(c1)c3ccc(c4cccc2c34)[N+](=O)[O-],O=[N+]([O-])c1ccc2c(c1)-c1ccc([N+](=O)[O-])c3cccc-2c13,1
6044,BrC(Br)C1=C(Br)C(=O)OC1,O=C1OCC(C(Br)Br)=C1Br,1
7108,CN(C)C4C3CC2C(C(=O)C1=C(C=CC=C1O)C2(C)O)C(=O)C3(O)C(=O)C(C(N)=O)C4=O,CN(C)C1C(=O)C(C(N)=O)C(=O)C2(O)C(=O)C3C(=O)c4c(O)cccc4C(C)(O)C3CC12,0
5058,Oc1cccc2c1ccc3[nH]c4ccc5ccccc5c4c23,Oc1cccc2c1ccc1[nH]c3ccc4ccccc4c3c12,1
4359,CC(C)COC(=O)c1ccccc1N,CC(C)COC(=O)c1ccccc1N,0
103,C1CSCCO1,C1CSCCO1,0
2504,COc1cc(CNC(=O)C(C)Br)ccc1O,COc1cc(CNC(=O)C(C)Br)ccc1O,1
4179,CC(=O)Nc1cccc(N=[N+]([O-])c2cccc(NC(=O)C)c2C)c1C,CC(=O)Nc1cccc(N=[N+]([O-])c2cccc(NC(C)=O)c2C)c1C,0
3182,C[C@H]1CN1,C[C@H]1CN1,1
5684,COC(=O)C1=C(C)C(C)(O)OC1=O,COC(=O)C1=C(C)C(C)(O)OC1=O,0
5425,C[C@@H](O)COC[C@@H](C)O,C[C@@H](O)COC[C@@H](C)O,0
1799,CC(C)CN(C(=O)CCCl)c1snc2ccccc12,CC(C)CN(C(=O)CCCl)c1snc2ccccc12,0
2766,Cc1cccc(c1N)[N+](=O)[O-],Cc1cccc([N+](=O)[O-])c1N,1
549,C[N+]([O-])(CCCl)CCCl,C[N+]([O-])(CCCl)CCCl,1
4848,CC(C)Cc1nccs1,CC(C)Cc1nccs1,1
3058,COc1ccc(CN(C)N=O)cc1,COc1ccc(CN(C)N=O)cc1,0
308,CC(=O)Oc1ccc2c(OC3(C)OOC23C)c1,CC(=O)Oc1ccc2c(c1)OC1(C)OOC21C,1
6218,ClC(Cl)C(c1ccc(Cl)cc1)c2ccc(Cl)cc2,Clc1ccc(C(c2ccc(Cl)cc2)C(Cl)Cl)cc1,0
6844,O2C3C=CC1=C(N=CC=C1)C23,C1=CC2OC2c2ncccc21,1
4168,Cc1ccccc1C=O,Cc1ccccc1C=O,0
1660,C[N+](C)(C)Cc1ccccc1,C[N+](C)(C)Cc1ccccc1,0
2706,[O-][N+](=O)c1ccc(NC(=O)c2csc(c2)[N+](=O)[O-])cc1,O=C(Nc1ccc([N+](=O)[O-])cc1)c1csc([N+](=O)[O-])c1,1
4373,Cc1ccc2ccc3cccc4ccc1c2c34,Cc1ccc2ccc3cccc4ccc1c2c34,1
6497,ClC(Cl)C(c1ccc(Cl)cc1)c2ccccc2Cl,Clc1ccc(C(c2ccccc2Cl)C(Cl)Cl)cc1,0
3928,ClC\C=C\CCl,ClC/C=C/CCl,1
6978,CC(C)CC(C)NC1=CC=C(C=C1)NC2=CC=CC=C2,CC(C)CC(C)Nc1ccc(Nc2ccccc2)cc1,0
6900,CC(C)OC(=O)CC(O)(CC(O)=O)C(O)=O,CC(C)OC(=O)CC(O)(CC(=O)O)C(=O)O,0
6259,C(Oc1ccc2ccccc2c1)C3CO3,c1ccc2cc(OCC3CO3)ccc2c1,1
4374,CN(C)[N+](=O)[O-],CN(C)[N+](=O)[O-],1
4612,COC(=O)[C@]12O[C@@]1(C)[C@@](C)(O)OC2=O,COC(=O)[C@]12O[C@@]1(C)[C@@](C)(O)OC2=O,1
3350,OCCN(CCO)c1ccc(cc1)N=Nc2ccc(cc2C#N)[N+](=O)[O-],N#Cc1cc([N+](=O)[O-])ccc1N=Nc1ccc(N(CCO)CCO)cc1,1
3913,ClC(=O)c1ccc(Cl)cc1,O=C(Cl)c1ccc(Cl)cc1,0
4756,NC(=O)N(CCCC(=O)O)N=O,NC(=O)N(CCCC(=O)O)N=O,1
796,CC(=O)Nc1ccc(cc1)c2ccc(N)cc2,CC(=O)Nc1ccc(-c2ccc(N)cc2)cc1,1
554,COC(=O)C1OC1c2ccccc2,COC(=O)C1OC1c1ccccc1,1
1889,ONc1ccc(Oc2ccccc2)cc1,ONc1ccc(Oc2ccccc2)cc1,1
1207,CC(C)(C)c1cccc(c1O)C(C)(C)C,CC(C)(C)c1cccc(C(C)(C)C)c1O,0
1278,[O-][N+](=O)c1ccc(S)cc1,O=[N+]([O-])c1ccc(S)cc1,1
819,CCOC(=O)CNC(=O)CCCCSc1[nH]cnc2ncnc12,CCOC(=O)CNC(=O)CCCCSc1[nH]cnc2ncnc1-2,0
5164,CCc1c2ccccc2c(CC)c3c1ccc4ccccc34,CCc1c2ccccc2c(CC)c2c1ccc1ccccc12,0
6239,OC[C@H](O)CCl,OC[C@H](O)CCl,1
4118,CC(C)C(=O)Nc1ccccc1,CC(C)C(=O)Nc1ccccc1,0
2388,OS(=O)(=O)c1ccccc1,O=S(=O)(O)c1ccccc1,0
2368,Cn1c(NO)nc2ncc(cc12)c3ccccc3,Cn1c(NO)nc2ncc(-c3ccccc3)cc21,1
5075,CNC=O,CNC=O,0
1039,NC(=N)NC(=O)c1nc(Cl)c(N)nc1N,N=C(N)NC(=O)c1nc(Cl)c(N)nc1N,1
6612,COCC1CO1,COCC1CO1,1
5672,C\C=C\C1=CC2=C(C(=O)O1)C(=O)C(O)C(C)O2,C/C=C/c1cc2c(c(=O)o1)C(=O)C(O)C(C)O2,0
3439,COc1cc2nc3ccccc3c(O)c2cc1OC,COc1cc2nc3ccccc3c(O)c2cc1OC,1
5651,CC\C=C\C=C\C=C\C=C\C=C\SCC(O)CO,CC/C=C/C=C/C=C/C=C/C=C/SCC(O)CO,0
3609,Cc1cc(N=Nc2ccccc2)c(N)cc1N,Cc1cc(N=Nc2ccccc2)c(N)cc1N,1
202,O=P1(Oc2ccccc2)OCc3ccccc3O1,O=P1(Oc2ccccc2)OCc2ccccc2O1,1
4923,OS(=O)(=O)c1ccc2NC(=O)C(=O)c2c1,O=C1Nc2ccc(S(=O)(=O)O)cc2C1=O,1
810,CCc1cc(cc(CC)c1N)c2ccccc2,CCc1cc(-c2ccccc2)cc(CC)c1N,0
1966,[O-][N+](=O)c1cccc2nscc12,O=[N+]([O-])c1cccc2nscc12,1
3535,Nc1nc2cc(ccc2[nH]1)C#N,N#Cc1ccc2[nH]c(N)nc2c1,1
6294,NCCCN1CCN(CCCN)CC1,NCCCN1CCN(CCCN)CC1,0
4585,CC(Br)c1ccccc1,CC(Br)c1ccccc1,0
6303,N[C@H](CN=[N+]=[N-])C(=O)O,[N-]=[N+]=NC[C@@H](N)C(=O)O,1
4392,[O-][N+](=O)c1cc2cccc3ccc4cccc1c4c23,O=[N+]([O-])c1cc2cccc3ccc4cccc1c4c32,1
1747,Cc1cc(C)c(N)c(C)c1,Cc1cc(C)c(N)c(C)c1,1
3554,OC(=O)CCl,O=C(O)CCl,0
2618,OC1C2OC2c3c(ccc4nc5ccc6ccccc6c5cc34)C1O,OC1c2ccc3nc4ccc5ccccc5c4cc3c2C2OC2C1O,1
2052,Cc1ccccc1OC[C@H]2CO2,Cc1ccccc1OC[C@H]1CO1,1
2104,COc1cc2OC3OC4OC4C3c2c5OC(=O)C6=C(CCC6=O)c15,COc1cc2c(c3oc(=O)c4c(c13)CCC4=O)C1C(O2)OC2OC21,1
3327,CC(\C=C(\C#N)/c1ccc(Br)cc1)C(C(C#N)c2ccc(Br)cc2)c3ccccc3,CC(/C=C(/C#N)c1ccc(Br)cc1)C(c1ccccc1)C(C#N)c1ccc(Br)cc1,0
714,COc1ccc(N(CCCl)CCCl)c2cc(oc12)[N+](=O)[O-],COc1ccc(N(CCCl)CCCl)c2cc([N+](=O)[O-])oc12,1
941,[O-][N+](=O)c1cc2cccc(c2cc1[N+](=O)[O-])[N+](=O)[O-],O=[N+]([O-])c1cc2cccc([N+](=O)[O-])c2cc1[N+](=O)[O-],1
601,Nc1ccc(cc1)S(=O)(=O)O,Nc1ccc(S(=O)(=O)O)cc1,0
4545,C[C@@H]1CCCCN1CCCNCC(=O)Nc2c(C(=O)c3ccccc3F)c(C)nn2C,Cc1nn(C)c(NC(=O)CNCCCN2CCCC[C@H]2C)c1C(=O)c1ccccc1F,1
6725,CC3=C2C1NC1C5=C(C2=CC4=CC=CC=C34)C=CC=C5,Cc1c2c(cc3ccccc13)-c1ccccc1C1NC21,1
3863,CCN(CC)CCOc1ccc2c(c1)C(=O)c3cc(OCCN(CC)CC)ccc23,CCN(CC)CCOc1ccc2c(c1)C(=O)c1cc(OCCN(CC)CC)ccc1-2,1
6214,Cc1cc(N)c(C)c(c1N)[N+](=O)[O-],Cc1cc(N)c(C)c([N+](=O)[O-])c1N,1
3281,ONc1[nH]cnc2ncnc12,ONc1[nH]cnc2ncnc1-2,1
3893,C[C@@H]1O[C@@H](O[C@H]2C[C@](O)(CO)Cc3c(O)c4C(=O)c5ccccc5C(=O)c4c(O)c23)[C@H](I)[C@H](O)[C@@H]1O,C[C@@H]1O[C@@H](O[C@H]2C[C@](O)(CO)Cc3c(O)c4c(c(O)c32)C(=O)c2ccccc2C4=O)[C@H](I)[C@H](O)[C@@H]1O,1
4706,CN(C)CCNC(=O)C1=CC=CN2C(=O)c3ccccc3N=C12,CN(C)CCNC(=O)c1cccn2c(=O)c3ccccc3nc12,1
1052,NC1=NC(=O)N(C=C1)C2OC(CO)C(O)C2O,Nc1ccn(C2OC(CO)C(O)C2O)c(=O)n1,0
4188,CN(C)P(=O)(N(C)C)N(C)C,CN(C)P(=O)(N(C)C)N(C)C,0
3088,Oc1ccc2ccccc2c1N=Nc3ccc(cc3)N=Nc4ccccc4,Oc1ccc2ccccc2c1N=Nc1ccc(N=Nc2ccccc2)cc1,1
1608,CCc1cccc(NC(=O)c2csc(c2)[N+](=O)[O-])c1,CCc1cccc(NC(=O)c2csc([N+](=O)[O-])c2)c1,1
5760,CC(C)CN(N=O)C(=N)N[N+](=O)[O-],CC(C)CN(N=O)C(=N)N[N+](=O)[O-],1
3468,SC(=N\C=C\N=C(S)S)S,SC(S)=N/C=C/N=C(S)S,0
6424,C1OC1C2CCC3OC3C2,C1CC2OC2CC1C1CO1,1
475,CC(=O)c1ccc2N=C3N(Cc2c1)C(=O)c4ccccc34,CC(=O)c1ccc2c(c1)CN1C(=O)c3ccccc3C1=N2,1
2982,CC(=O)OCC(=O)NCCCOc1cccc(CN2CCCCC2)c1,CC(=O)OCC(=O)NCCCOc1cccc(CN2CCCCC2)c1,0
4086,ClCCSCCCl,ClCCSCCCl,1
1711,C\C(=C(/CCOC(=O)c1ccccc1)\SC(=O)c2ccccc2)\N(Cc3cnc(C)nc3N)C=O,C/C(=C(\CCOC(=O)c1ccccc1)SC(=O)c1ccccc1)N(C=O)Cc1cnc(C)nc1N,0
6131,CN(C)Cc1ccccc1,CN(C)Cc1ccccc1,0
1650,CCC1OC(=O)C(C)C(OC2CC(C)(OC)C(O)C(C)O2)C(C)C(OC3OC(C)CC(C3O)N(C)C)C(C)(O)CC(C)CN(C)C(C)C(O)C1(C)O,CCC1OC(=O)C(C)C(OC2CC(C)(OC)C(O)C(C)O2)C(C)C(OC2OC(C)CC(N(C)C)C2O)C(C)(O)CC(C)CN(C)C(C)C(O)C1(C)O,0
3512,CC(CCN=N#N)c1ccccc1,CC(CCN=[N+]=[N-])c1ccccc1,1
5640,OC1C(O)c2cccnc2C3OC13,OC1c2cccnc2C2OC2C1O,0
716,COc1cc2OC3OCCC3c2c4Oc5cccc(O)c5C(=O)c14,COc1cc2c(c3oc4cccc(O)c4c(=O)c13)C1CCOC1O2,0
1891,Nc1ccc(cc1N)c2ccc(N)c(N)c2,Nc1ccc(-c2ccc(N)c(N)c2)cc1N,1
2506,Cc1c(cccc1[N+](=O)[O-])N=[N+]([O-])c2cccc(c2C)[N+](=O)[O-],Cc1c(N=[N+]([O-])c2cccc([N+](=O)[O-])c2C)cccc1[N+](=O)[O-],0
5473,CCCC(CCC)C(=O)O,CCCC(CCC)C(=O)O,0
669,CC(C)OS(=O)(=O)C,CC(C)OS(C)(=O)=O,1
6598,FC5=C3C=CC=C4C2=C1C=CC=CC1=CC=C2C(=C34)C=C5,Fc1ccc2c3c(cccc13)-c1c-2ccc2ccccc12,1
5986,CCCCCCCCCCCCCCCC(=O)OC\C=C(/C)\C=C\C=C(/C)\C=C\C1=C(C)CCCC1(C)C,CCCCCCCCCCCCCCCC(=O)OC/C=C(C)/C=C/C=C(C)/C=C/C1=C(C)CCCC1(C)C,0
3392,CCc1ccccc1[N+](=O)[O-],CCc1ccccc1[N+](=O)[O-],0
6974,C[N+]1([O-])CCCC1C2=CN=CC=C2,C[N+]1([O-])CCCC1c1cccnc1,0
5481,CCCC[C@@H](CC)CO,CCCC[C@@H](CC)CO,0
1603,ClCc1c2ccccc2cc3ccccc13,ClCc1c2ccccc2cc2ccccc12,1
2705,OCCN(CCO)N=O,O=NN(CCO)CCO,1
3536,CC12OOC1Oc3ccccc23,CC12OOC1Oc1ccccc12,1
5016,CC(O)Cc1cc(N)cc(c1N)[N+](=O)[O-],CC(O)Cc1cc(N)cc([N+](=O)[O-])c1N,0
397,O=C(\C=C\c1ccc(cc1)c2ccccc2)c3ccccc3,O=C(/C=C/c1ccc(-c2ccccc2)cc1)c1ccccc1,0
5421,CN(Cc1cccc(c1)C#N)N=O,CN(Cc1cccc(C#N)c1)N=O,1
2491,OC(=O)c1cc(Cl)cc(Cl)c1,O=C(O)c1cc(Cl)cc(Cl)c1,0
4154,ClC1=C(Cl)[C@@]2(Cl)[C@@H]3[C@H]4C[C@H](C=C4)[C@@H]3[C@]1(Cl)C2(Cl)Cl,ClC1=C(Cl)[C@]2(Cl)[C@H]3[C@H]4C=C[C@H](C4)[C@H]3[C@@]1(Cl)C2(Cl)Cl,0
3634,[O-][N+](=O)c1ccc2Oc3ccccc3Oc2c1,O=[N+]([O-])c1ccc2c(c1)Oc1ccccc1O2,1
878,COC(=O)c1ccc(\C=N\n2nnc3c4ccccc4nc3c2O)cc1,COC(=O)c1ccc(/C=N/n2nnc3c4ccccc4nc-3c2O)cc1,1
3227,C1=Cc2c3ccc4ccccc4c3cc5cccc1c25,C1=Cc2c3ccc4ccccc4c3cc3cccc1c23,1
278,CC(C)(CO)CO,CC(C)(CO)CO,0
5063,OC(=O)c1ccccc1Nc2cccc(c2)C(F)(F)F,O=C(O)c1ccccc1Nc1cccc(C(F)(F)F)c1,0
5173,CCCCCC[C@H](O)C\C=C/CCCCCCCC(=O)O,CCCCCC[C@H](O)C/C=C\CCCCCCCC(=O)O,0
5444,[O-][N+](=Nc1ccc2c(Cc3ccccc23)c1)c4ccc5c(Cc6ccccc56)c4,[O-][N+](=Nc1ccc2c(c1)Cc1ccccc1-2)c1ccc2c(c1)Cc1ccccc1-2,0
4457,C1CN1c2nc(nc(n2)N3CC3)N4CC4,C1CN1c1nc(N2CC2)nc(N2CC2)n1,1
3935,CN(Cc1ccc(cc1)[N+](=O)[O-])N=O,CN(Cc1ccc([N+](=O)[O-])cc1)N=O,1
5857,COc1ccc2c(cc3N(C)C(=O)C(=O)c4cc5OCOc5c2c34)c1OC,COc1ccc2c(cc3c4c(cc5c(c42)OCO5)C(=O)C(=O)N3C)c1OC,1
3272,ClC(=C1OC(=O)C=C1)Cl,O=C1C=CC(=C(Cl)Cl)O1,1
1930,CS(=O)(=O)N1C2C1c3ccccc3c4ccccc24,CS(=O)(=O)N1C2c3ccccc3-c3ccccc3C21,1
4343,CCOC(C)(C)C,CCOC(C)(C)C,0
6140,C1CC2=CC3OC3C=C(C1)O2,C1=C2CCCC(=CC3OC13)O2,0
1357,Cn1ccc2c1ccc3ccc4ccc(O)cc4c23,Cn1ccc2c3c(ccc4ccc(O)cc43)ccc21,1
3639,C\C=C\C,C/C=C/C,0
5766,O1C=CC2OC2C=C1,C1=CC2OC2C=CO1,0
3827,CC(=O)Nc1ccc(\C=C/c2ccccc2)cc1,CC(=O)Nc1ccc(/C=C\c2ccccc2)cc1,1
4082,CC(=O)N(OC(=O)c1ccccc1)c2ccc3c(Cc4ccccc34)c2,CC(=O)N(OC(=O)c1ccccc1)c1ccc2c(c1)Cc1ccccc1-2,1
7064,COC(=O)C(C1CCCCN1)C2=CC=CC=C2,COC(=O)C(c1ccccc1)C1CCCCN1,0
875,[O-][N+](=O)c1cccc2cnsc12,O=[N+]([O-])c1cccc2cnsc12,1
2330,[O-][N+](=O)c1ccc(cc1)S(=O)(=O)Nc2ccccn2,O=[N+]([O-])c1ccc(S(=O)(=O)Nc2ccccn2)cc1,0
2726,CSCC(NC(=O)COc1cccc2cnccc12)C(=O)NC(Cc3ccccc3)C(O)C(=O)N4CSCC4C(=O)NC(C)(C)C,CSCC(NC(=O)COc1cccc2cnccc12)C(=O)NC(Cc1ccccc1)C(O)C(=O)N1CSCC1C(=O)NC(C)(C)C,0
4534,ClC1=C(Cl)C(=O)N(N=C1)S(=O)(=O)c2ccccc2,O=c1c(Cl)c(Cl)cnn1S(=O)(=O)c1ccccc1,0
4153,Nc1cc(cnc1O)c2ccncc2,Nc1cc(-c2ccncc2)cnc1O,0
1859,ClC(C(=O)NCc1ccccc1)c2ccccc2,O=C(NCc1ccccc1)C(Cl)c1ccccc1,1
5482,Oc1ccc(OP2(NP(NP(N2)(Oc3ccc(O)cc3)Oc4ccc(O)cc4)(Oc5ccc(O)cc5)Oc6ccc(O)cc6)Oc7ccc(O)cc7)cc1,Oc1ccc(O[PH]2(Oc3ccc(O)cc3)N[PH](Oc3ccc(O)cc3)(Oc3ccc(O)cc3)N[PH](Oc3ccc(O)cc3)(Oc3ccc(O)cc3)N2)cc1,0
2044,C1Cc2cc3cccc4ccc5cc6cccc1c6c2c5c34,c1cc2c3c(c1)cc1ccc4cccc5cc(c3c1c45)CC2,1
6641,CC(C)CC(=O)OC2OC=C(COC(C)=O)C3=CC(OC(=O)CC(C)C)C1(CO1)C23,CC(=O)OCC1=COC(OC(=O)CC(C)C)C2C1=CC(OC(=O)CC(C)C)C21CO1,1
2239,Fc1ccc(cc1)C2OC2C(=O)c3ccccc3,O=C(c1ccccc1)C1OC1c1ccc(F)cc1,0
4068,CC(=O)OC1COC(Nc2ccc(cc2)[N+](=O)[O-])C(OC(=O)C)C1OC(=O)C,CC(=O)OC1COC(Nc2ccc([N+](=O)[O-])cc2)C(OC(C)=O)C1OC(C)=O,1
3790,ClCC1C(CCl)C2(Cl)C(=C(Cl)C1(Cl)C2(Cl)Cl)Cl,ClCC1C(CCl)C2(Cl)C(Cl)=C(Cl)C1(Cl)C2(Cl)Cl,0
285,[O-][N+](=O)c1cccc(c1)C#N,N#Cc1cccc([N+](=O)[O-])c1,1
1382,CN(Cc1ccc(Br)cc1)N=O,CN(Cc1ccc(Br)cc1)N=O,1
2018,Nc1ccccc1S,Nc1ccccc1S,1
3878,CCCSSCC=C,C=CCSSCCC,0
4758,ON(C=O)c1ccc(\C=C\c2ccccc2)cc1,O=CN(O)c1ccc(/C=C/c2ccccc2)cc1,1
5184,OCC(O)COP(=O)(O)O,O=P(O)(O)OCC(O)CO,0
1589,CCCC[C@@H]1C(=O)N(N(C1=O)c2ccc(O)cc2)c3ccccc3,CCCC[C@@H]1C(=O)N(c2ccccc2)N(c2ccc(O)cc2)C1=O,1
7203,O=C(C1C2(C(C3C(C4(C(=CC(=O)CC4)CC3)C)CC2)CC1)C)C,CC(=O)C1CCC2C3CCC4=CC(=O)CCC4(C)C3CCC12C,0
5029,COC1=CC(=O)C(=O)C(=C1)C(C)(C)C,COC1=CC(=O)C(=O)C(C(C)(C)C)=C1,0
5405,CC(=O)\C(=N/O)\C,CC(=O)/C(C)=N\O,0
4330,O(P(Oc1ccccc1)Oc2ccccc2)c3ccccc3,c1ccc(OP(Oc2ccccc2)Oc2ccccc2)cc1,0
5332,COCCOCCOCCOC,COCCOCCOCCOC,1
838,[O-][N+](=O)c1cccc(c1)C(F)(F)F,O=[N+]([O-])c1cccc(C(F)(F)F)c1,0
6784,CC2C1=C(C=CC=C1)C3=C2C=C(C=C3)C,Cc1ccc2c(c1)C(C)c1ccccc1-2,1
6708,CCCCC1C(=O)N(N(C1=O)C2=CC=C(C=C2)O)C3=CC=CC=C3,CCCCC1C(=O)N(c2ccccc2)N(c2ccc(O)cc2)C1=O,1
4522,[O-][N+](=O)c1ccc(\C=C\C=C\C=O)cc1,O=C/C=C/C=C/c1ccc([N+](=O)[O-])cc1,1
2291,CCOP(=O)(NC(C)C)Oc1ccccc1C(=O)OC(C)C,CCOP(=O)(NC(C)C)Oc1ccccc1C(=O)OC(C)C,1
2960,[O-][N+](=O)c1ccc(CBr)cc1,O=[N+]([O-])c1ccc(CBr)cc1,1
3417,Cc1ccc2C(=O)c3ccccc3C(=O)c2c1Nc4ccccc4,Cc1ccc2c(c1Nc1ccccc1)C(=O)c1ccccc1C2=O,1
87,Cc1cc(C)n(n1)c2[nH]nc(NN)c3c4ccccc4nc23,Cc1cc(C)n(-c2[nH]nc(NN)c3c4ccccc4nc2-3)n1,0
3472,CC(=O)Nc1cc(ccc1C)N=Nc2ccc(C)c(NC(=O)C)c2,CC(=O)Nc1cc(N=Nc2ccc(C)c(NC(C)=O)c2)ccc1C,0
4422,COCCCN,COCCCN,0
5411,CC(Cl)C(Br)CBr,CC(Cl)C(Br)CBr,1
3259,COc1ccc2C[C@H]3N(C)CCc4cc(OC)c(Oc5c6OCOc6cc7CCN(C)[C@@H](Cc8ccc(Oc1c2)cc8)c57)cc34,COc1ccc2cc1Oc1ccc(cc1)C[C@H]1c3c(cc4c(c3Oc3cc5c(cc3OC)CCN(C)[C@@H]5C2)OCO4)CCN1C,1
5743,Cc1onc(NS(=O)(=O)c2ccc(N)cc2)c1,Cc1cc(NS(=O)(=O)c2ccc(N)cc2)no1,0
6858,BrC2=C1C=C4C(=CC1=CC=C2)C3=CC=CC=C3C=C4,Brc1cccc2cc3c(ccc4ccccc43)cc12,1
2152,OC[C@@H](O)CN=[N+]=[N-],[N-]=[N+]=NC[C@H](O)CO,1
575,O=C1CCC(=O)O1,O=C1CCC(=O)O1,0
3808,Oc1ccccc1C=O,O=Cc1ccccc1O,0
5709,NC(CCC(=O)NC(CS\C(=C\Cl)\Cl)C(=O)NCC(=O)O)C(=O)O,NC(CCC(=O)NC(CS/C(Cl)=C/Cl)C(=O)NCC(=O)O)C(=O)O,1
2930,Cc1ccc(cc1C)[C@@](OC(=O)NC2CCCCC2)(C#C)c3ccccc3,C#C[C@@](OC(=O)NC1CCCCC1)(c1ccccc1)c1ccc(C)c(C)c1,1
5606,CC(Oc1cc(Cl)c(Cl)cc1Cl)C(=O)O,CC(Oc1cc(Cl)c(Cl)cc1Cl)C(=O)O,0
1353,CC(C)(C)OCO,CC(C)(C)OCO,0
6829,CC=C1CC(=C)C(O)(CO)C(=O)OCC2=CCN3CCC(OC1=O)C23,C=C1CC(=CC)C(=O)OC2CCN3CC=C(COC(=O)C1(O)CO)C23,1
950,Clc1ccc(cc1)\C(=C\C=C\c2ccccc2)\C#N,N#C/C(=C\C=C\c1ccccc1)c1ccc(Cl)cc1,1
2782,CNP(=O)(N(C)C)N(C)C,CNP(=O)(N(C)C)N(C)C,1
3061,CC1(CCC2(C)C(C1)C(=O)CC3C4(C)CCCC23OC4=O)C=C,C=CC1(C)CCC2(C)C(C1)C(=O)CC1C3(C)CCCC12OC3=O,0
3909,CC(C)C(NC(=O)C)C(=O)N(CC(=O)O)N=O,CC(=O)NC(C(=O)N(CC(=O)O)N=O)C(C)C,1
2991,CN(C)CC\C=C\1/c2ccccc2COc3ccccc13,CN(C)CC/C=C1\c2ccccc2COc2ccccc21,0
4408,NNc1ccccc1[N+](=O)[O-],NNc1ccccc1[N+](=O)[O-],1
6480,ClCCNP1(=O)OCCCN1CCCl,O=P1(NCCCl)OCCCN1CCCl,1
6475,Nc1ncn(C2OC(CO)C(O)C2O)c(=O)n1,Nc1ncn(C2OC(CO)C(O)C2O)c(=O)n1,1
3607,OCCNC(=O)N(CCCl)N=O,O=NN(CCCl)C(=O)NCCO,1
6169,CN(C)[C@H]1[C@H]2C[C@H]3C(=C(O)[C@]2(O)C(=C(C(=O)N)C1=O)O)C(=O)c4c(O)cccc4[C@@]3(C)O,CN(C)[C@@H]1C(=O)C(C(N)=O)=C(O)[C@@]2(O)C(O)=C3C(=O)c4c(O)cccc4[C@@](C)(O)[C@H]3C[C@H]12,0
1139,CC(=O)OCc1c(O)cc2C(=O)c3ccccc3C(=O)c2c1O,CC(=O)OCc1c(O)cc2c(c1O)C(=O)c1ccccc1C2=O,1
1657,O=C1CCCc2c1ccc3c2ccc4ccccc34,O=C1CCCc2c1ccc1c2ccc2ccccc21,1
5724,CCNc1nc(Cl)nc(NCC)n1,CCNc1nc(Cl)nc(NCC)n1,0
6979,CC(N)CN,CC(N)CN,0
6895,NC(CC1=C[NH]C2=CC=C(O)C=C12)C(O)=O,NC(Cc1c[nH]c2ccc(O)cc12)C(=O)O,0
4149,OC1CCC(O)(CN(N=O)C(C(=O)O)C(=O)O)C(O)C1O,O=NN(CC1(O)CCC(O)C(O)C1O)C(C(=O)O)C(=O)O,0
209,CNCc1oc(CSCCN=C(NC[C@H](O)c2ccc(O)cc2)NS(=O)(=O)C)cc1,CNCc1ccc(CSCCN=C(NC[C@H](O)c2ccc(O)cc2)NS(C)(=O)=O)o1,0
4102,Cc1nn(C)c(N)c1C(=O)c2ccccc2F,Cc1nn(C)c(N)c1C(=O)c1ccccc1F,1
4872,CCC(CCC(=O)C)COC(=O)CCCCC(=O)O,CCC(CCC(C)=O)COC(=O)CCCCC(=O)O,0
2032,OC(=O)\C=C\c1ccc(\C=C\C(=O)O)cc1,O=C(O)/C=C/c1ccc(/C=C/C(=O)O)cc1,0
6328,OC1=CC(=O)C(=O)c2ccccc12,O=C1C=C(O)c2ccccc2C1=O,1
6704,OC4C=CC3=C(C2=CC=C1C=CC=CC1=C2C=C3[N+]([O-])=O)C4O,O=[N+]([O-])c1cc2c(ccc3ccccc32)c2c1C=CC(O)C2O,1
5510,O=C1NC(=O)[C@H]2CC=CC[C@@H]12,O=C1NC(=O)[C@@H]2CC=CC[C@H]12,0
3715,COc1cccc2c1cc3N([C@@H]4O[C@H](CO)[C@@H](O)[C@H](O)[C@H]4O)C(=O)c5cc6OCOc6c2c35,COc1cccc2c1cc1c3c(cc4c(c32)OCO4)C(=O)N1[C@@H]1O[C@H](CO)[C@@H](O)[C@H](O)[C@H]1O,0
3310,COP(=O)(SC)SC,COP(=O)(SC)SC,0
790,COc1ccc2c3ccccc3C(=O)c4cccc1c24,COc1ccc2c3c(cccc13)C(=O)c1ccccc1-2,1
6266,Nc1ccc(CO)c(c1)[N+](=O)[O-],Nc1ccc(CO)c([N+](=O)[O-])c1,1
3588,CC(=O)Nc1ccc(Oc2ccc(N)cc2)cc1,CC(=O)Nc1ccc(Oc2ccc(N)cc2)cc1,1
2864,COc1cc(C)cc2c(OC(=O)C)c(cc(OC(=O)C)c12)c3c(C)cc4c(OC(=O)C)ccc(OC(=O)C)c4c3OC,COc1cc(C)cc2c(OC(C)=O)c(-c3c(C)cc4c(OC(C)=O)ccc(OC(C)=O)c4c3OC)cc(OC(C)=O)c12,0
1509,Nc1ncnc2c1ncn2C3OC(CO)C(O)C3O,Nc1ncnc2c1ncn2C1OC(CO)C(O)C1O,0
3966,CCSC(=O)Cl,CCSC(=O)Cl,0
2281,Cc1ccc2c(CO)c3ccc4ccccc4c3nc2c1,Cc1ccc2c(CO)c3ccc4ccccc4c3nc2c1,0
2141,O[C@H]1C=C2c3cc4ccccc4cc3c5cccc([C@@H]1O)c25,O[C@H]1C=C2c3cc4ccccc4cc3-c3cccc(c32)[C@@H]1O,1
5155,OC(=O)CCCc1c[nH]c2ccccc12,O=C(O)CCCc1c[nH]c2ccccc12,0
4006,CC(=O)OCc1ccc2OCOc2c1,CC(=O)OCc1ccc2c(c1)OCO2,0
6118,CCOC(=O)c1[nH]c2ccccc2c1\N=C\c3ccc(cc3)[N+](=O)[O-],CCOC(=O)c1[nH]c2ccccc2c1/N=C/c1ccc([N+](=O)[O-])cc1,1
1861,Clc1c(Cl)c(Cl)c2Oc3c(Cl)c(Cl)c(Cl)c(Cl)c3Oc2c1Cl,Clc1c(Cl)c(Cl)c2c(c1Cl)Oc1c(Cl)c(Cl)c(Cl)c(Cl)c1O2,0
5409,COc1c(Cl)c(Cl)c(c(Cl)c1Cl)[N+](=O)[O-],COc1c(Cl)c(Cl)c([N+](=O)[O-])c(Cl)c1Cl,0
1230,COc1ccc(cc1O)C2CC(=O)c3c(O)cc(OC4OC(COC5OC(C)C(O)C(O)C5O)C(O)C(O)C4O)cc3O2,COc1ccc(C2CC(=O)c3c(O)cc(OC4OC(COC5OC(C)C(O)C(O)C5O)C(O)C(O)C4O)cc3O2)cc1O,0
27,Cc1ccccc1c2ccccc2,Cc1ccccc1-c1ccccc1,0
5883,CCN(CC)c1cccc(O)c1,CCN(CC)c1cccc(O)c1,1
6305,CC(=O)NC(CSCCCl)C(=O)O,CC(=O)NC(CSCCCl)C(=O)O,1
130,C[n+]1ccc(cc1)c2cc[n+](C)cc2,C[n+]1ccc(-c2cc[n+](C)cc2)cc1,0
2242,Cc1ccc2nsc(N)c2c1,Cc1ccc2nsc(N)c2c1,1
7041,CC(O)COCC(C)O,CC(O)COCC(C)O,0
2588,C1c2ccccc2c3c1ccc4ccc5ccccc5c34,c1ccc2c(c1)Cc1ccc3ccc4ccccc4c3c1-2,0
6595,NC(CS)C(O)=O,NC(CS)C(=O)O,1
5704,O=C1C=Cc2ccc3C=CC(=O)c4ccc1c2c34,O=C1C=Cc2ccc3c4c(ccc1c24)C(=O)C=C3,1
619,O1C2C1c3ccccc3c4ccccc24,c1ccc2c(c1)-c1ccccc1C1OC21,1
2233,OCC(O)C1CO1,OCC(O)C1CO1,1
5511,CN1CCC[C@@H]1c2cccnc2,CN1CCC[C@@H]1c1cccnc1,0
782,CC1CC2(C)C(CCC3C4CCC(O)C4(C)CCC23)CC1=O,CC1CC2(C)C(CCC3C4CCC(O)C4(C)CCC32)CC1=O,0
1444,Cc1ccc(COS(=O)(=O)c2ccc(C)cc2)cc1,Cc1ccc(COS(=O)(=O)c2ccc(C)cc2)cc1,0
6976,CCOC(=O)C(CCC1=CC=CC=C1)NC(C)C(=O)N(CC(O)=O)C3CC2=C(C=CC=C2)C3,CCOC(=O)C(CCc1ccccc1)NC(C)C(=O)N(CC(=O)O)C1Cc2ccccc2C1,0
2396,COc1ccc2c(c1)C(=O)c3c(OC)c(OC)cc4ccnc2c34,COc1ccc2c(c1)C(=O)c1c(OC)c(OC)cc3ccnc-2c13,1
926,o1c2ccccc2c3ccccc13,c1ccc2c(c1)oc1ccccc12,0
5304,OC1C=Cc2c(cc3c4ccccc4cc5c6ccccc6c2c35)C1O,OC1C=Cc2c(cc3c4c(cc5ccccc53)-c3ccccc3-c24)C1O,1
4624,[O-][N+](=O)c1ccc(c2ccc(c(c2)[N+](=O)[O-])[N+](=O)[O-])c(c1)[N+](=O)[O-],O=[N+]([O-])c1ccc(-c2ccc([N+](=O)[O-])c([N+](=O)[O-])c2)c([N+](=O)[O-])c1,1
1238,CCC(C)C=O,CCC(C)C=O,0
1823,OCCNCCNc1ccc(NCCNCCO)c2C(=O)c3c(O)ccc(O)c3C(=O)c12,O=C1c2c(O)ccc(O)c2C(=O)c2c(NCCNCCO)ccc(NCCNCCO)c21,1
2429,CC(=O)NNC(=O)c1ccccn1,CC(=O)NNC(=O)c1ccccn1,0
775,CNc1ccc2ncccc2c1N,CNc1ccc2ncccc2c1N,0
2063,C[C@H](CCl)OP(=O)(O[C@H](C)CCl)O[C@H](C)CCl,C[C@H](CCl)OP(=O)(O[C@H](C)CCl)O[C@H](C)CCl,0
2715,CNc1ccc(cc1)C(=C2C=CC(=[N+](C)C)C=C2)c3ccc(cc3)N(C)C,CNc1ccc(C(=C2C=CC(=[N+](C)C)C=C2)c2ccc(N(C)C)cc2)cc1,1
7074,OC2CC(O)(CC(OC(=O)C=CC1=CC(=C(C=C1)O)O)C2O)C(O)=O,O=C(C=Cc1ccc(O)c(O)c1)OC1CC(O)(C(=O)O)CC(O)C1O,0
548,CC(=O)Nc1ccc(Oc2ccc(cc2)N=O)cc1,CC(=O)Nc1ccc(Oc2ccc(N=O)cc2)cc1,1
4908,OC(=O)c1cc(ccc1[N+](=O)[O-])[N+](=O)[O-],O=C(O)c1cc([N+](=O)[O-])ccc1[N+](=O)[O-],1
6629,O[N+]([O-])=CCl,[O-][N+](O)=CCl,1
694,NNC(=O)CNc1ccc2ccccc2c1,NNC(=O)CNc1ccc2ccccc2c1,0
2328,CCCCCCCCCCCCCl,CCCCCCCCCCCCCl,0
6355,Cc1ccc2cc3c4ccccc4C5NC5c3c6CCc1c26,Cc1ccc2cc3c(c4c2c1CC4)C1NC1c1ccccc1-3,1
742,[O-][N+](=O)c1ccc2c(ccc3ccc(cc23)[N+](=O)[O-])c1,O=[N+]([O-])c1ccc2c(ccc3ccc([N+](=O)[O-])cc32)c1,1
3769,[O-][N+](=O)C([N+](=O)[O-])([N+](=O)[O-])[N+](=O)[O-],O=[N+]([O-])C([N+](=O)[O-])([N+](=O)[O-])[N+](=O)[O-],1
931,Cn1c(N=N#N)nc2c3ccccc3ccc12,Cn1c(N=[N+]=[N-])nc2c3ccccc3ccc21,1
1236,COc1cc(CC=C)ccc1O,C=CCc1ccc(O)c(OC)c1,0
2464,CCOc1ccccc1N,CCOc1ccccc1N,0
6108,Cn1c(N)nc2nc3cccnc3cc12,Cn1c(N)nc2nc3cccnc3cc21,0
2729,CC(Br)Br,CC(Br)Br,0
5827,CC(=O)OC(=O)C,CC(=O)OC(C)=O,0
5818,C1COCCO1,C1COCCO1,0
4270,Cc1nc2cc(Cl)ccc2[nH]1,Cc1nc2cc(Cl)ccc2[nH]1,1
6996,CCOC(=O)CC(SP(=O)(OC)SC)C(=O)OCC,CCOC(=O)CC(SP(=O)(OC)SC)C(=O)OCC,0
3478,COC(F)(F)C(Cl)Cl,COC(F)(F)C(Cl)Cl,0
836,ClCc1c2ccccc2c(CCl)c3ccccc13,ClCc1c2ccccc2c(CCl)c2ccccc12,1
1592,CC(C)(Br)C(=O)NCc1ccccc1,CC(C)(Br)C(=O)NCc1ccccc1,0
188,CC12CCCC(C)(C1CCC34CC(O)(CCC23)C5(CO5)C4)C(=O)O,CC1(C(=O)O)CCCC2(C)C3CCC4(O)CC3(CCC12)CC41CO1,0
6815,C1OC1COC3=CC=C2SN=CC2=C3,c1cc2sncc2cc1OCC1CO1,1
3831,CCCC[C@@H](CC)COC[C@H]1CO1,CCCC[C@@H](CC)COC[C@H]1CO1,1
6185,CCOS(=O)(=O)c1ccccc1,CCOS(=O)(=O)c1ccccc1,1
1645,C[N+]1([O-])CCC(=CC1)c2ccccc2,C[N+]1([O-])CC=C(c2ccccc2)CC1,0
1910,Nc1ccc(C=O)cc1,Nc1ccc(C=O)cc1,0
1138,CCc1cc2ccccc2c3ccc4C(O)C(O)C5OC5c4c13,CCc1cc2ccccc2c2ccc3c(c12)C1OC1C(O)C3O,1
2158,CCCCN(C[C@H](O)CC)N=O,CCCCN(C[C@H](O)CC)N=O,1
3944,CCCCCCN(N=O)C(=N)N[N+](=O)[O-],CCCCCCN(N=O)C(=N)N[N+](=O)[O-],1
2525,Cc1ccc(cc1)C(C)(C)O,Cc1ccc(C(C)(C)O)cc1,0
662,CCOC(=O)CNC(=O)C(C)Br,CCOC(=O)CNC(=O)C(C)Br,1
1186,CN(C)C(N(C)C)(c1ccccc1)c2ccccc2,CN(C)C(c1ccccc1)(c1ccccc1)N(C)C,0
1653,ClCc1cc2c3ccccc3cc4ccc5cccc1c5c24,ClCc1cc2c3ccccc3cc3ccc4cccc1c4c32,1
3082,Nc1ccc(cc1)c2ccc(Cl)cc2,Nc1ccc(-c2ccc(Cl)cc2)cc1,1
5283,CNC(=O)Oc1cc2ccccc2c3ccccc13,CNC(=O)Oc1cc2ccccc2c2ccccc12,1
4983,Nc1cc(Cl)c(Cl)c(Cl)c1,Nc1cc(Cl)c(Cl)c(Cl)c1,0
2742,[O-][N+](=O)c1ccc2c3ccccc3c4cccc5ccc1c2c45,O=[N+]([O-])c1ccc2c3ccccc3c3cccc4ccc1c2c43,1
3007,Cc1ccc(C)c2c3C4OC4C(O)C(O)c3ccc12,Cc1ccc(C)c2c3c(ccc12)C(O)C(O)C1OC31,1
1691,CC1(N(O)c2ccccc2C1=O)c3ccccc3,CC1(c2ccccc2)C(=O)c2ccccc2N1O,0
4819,ClC(Cl)c1ccccc1,ClC(Cl)c1ccccc1,1
2750,CC(=O)Nc1cccc(N)c1C(=O)O,CC(=O)Nc1cccc(N)c1C(=O)O,1
6776,CN(C)CCNC(=O)N2C1=C(C=CC=C1)C(=O)C3=C2C=CC=C3,CN(C)CCNC(=O)n1c2ccccc2c(=O)c2ccccc21,1
1628,c1ccc2c(c1)ccc3cc4cnccc4cc23,c1ccc2c(c1)ccc1cc3cnccc3cc12,1
1927,[O-][N+](=O)c1ccc2[nH]c3ccccc3c2c1,O=[N+]([O-])c1ccc2[nH]c3ccccc3c2c1,1
6464,ClC1(C2(Cl)C3(Cl)C4(Cl)C5(Cl)C1(Cl)C3(Cl)Cl)C5(Cl)C(Cl)(Cl)C24Cl,ClC1(Cl)C2(Cl)C3(Cl)C4(Cl)C(Cl)(Cl)C5(Cl)C3(Cl)C1(Cl)C5(Cl)C24Cl,0
5974,CCOC(=O)N(CCCC(=O)c1cccnc1)N=O,CCOC(=O)N(CCCC(=O)c1cccnc1)N=O,1
2213,[O-][N+](=O)c1ccccc1CBr,O=[N+]([O-])c1ccccc1CBr,0
4656,CCCOC(=O)C(=C)C,C=C(C)C(=O)OCCC,0
4629,Cc1ccc2c(c1)nc(N)n2C,Cc1ccc2c(c1)nc(N)n2C,1
4694,Cc1oc2c(ccc3ccc4ccc(O)cc4c23)n1,Cc1nc2ccc3ccc4ccc(O)cc4c3c2o1,1
5756,CC(C)(C)NCC(O)c1ccc(O)c(NC(=O)N)c1,CC(C)(C)NCC(O)c1ccc(O)c(NC(N)=O)c1,0
3456,Oc1ncc2ccc3cccc4ccc1c2c34,Oc1ncc2ccc3cccc4ccc1c2c34,0
3395,CCCSC(=O)Cl,CCCSC(=O)Cl,1
1605,CCCCBr,CCCCBr,1
2452,OC(=O)c1ccc(Cl)cc1Cl,O=C(O)c1ccc(Cl)cc1Cl,0
5026,c1cc[nH]c1,c1cc[nH]c1,0
1198,OCCOc1cc(Cl)c(Cl)cc1Cl,OCCOc1cc(Cl)c(Cl)cc1Cl,0
4942,Clc1cc(Cl)nc(Cl)n1,Clc1cc(Cl)nc(Cl)n1,0
189,O[C@H]1C=Cc2c(ccc3c4cccc5cccc(c23)c45)[C@@H]1O,O[C@H]1C=Cc2c(ccc3c2-c2cccc4cccc-3c24)[C@@H]1O,1
1280,COc1ccc(cc1N)[N+](=O)[O-],COc1ccc([N+](=O)[O-])cc1N,1
1593,COP(=O)OC,CO[PH](=O)OC,1
6429,CC(O)CNCC(C)O,CC(O)CNCC(C)O,0
3515,CCC(=O)O,CCC(=O)O,0
5992,O=C1N(CC2CO2)Sc3ccccc13,O=c1c2ccccc2sn1CC1CO1,0
3881,Nc1cc(Cl)cc(c1O)S(=O)(=O)O,Nc1cc(Cl)cc(S(=O)(=O)O)c1O,0
4350,COc1cc(\C=C\C(=O)O)ccc1O,COc1cc(/C=C/C(=O)O)ccc1O,0
2794,C1Cc2ncccc2C3OC13,c1cnc2c(c1)C1OC1CC2,0
1957,o1ccc2ccccc12,c1ccc2occc2c1,0
4007,OC(=O)\C(=C(\C(Cl)Cl)/C(=O)O)\Cl,O=C(O)/C(Cl)=C(\C(=O)O)C(Cl)Cl,1
5683,OCC1NC(Cc2c1[nH]c3ccccc23)C(=O)O,O=C(O)C1Cc2c([nH]c3ccccc23)C(CO)N1,0
3457,COc1ccc(\C=C\c2ccc(cc2)[N+](=O)[O-])cc1,COc1ccc(/C=C/c2ccc([N+](=O)[O-])cc2)cc1,1
1078,COc1ccc2c(c1)nc(N)n2C,COc1ccc2c(c1)nc(N)n2C,1
598,[O-][N+](=O)c1oc2ccc3cc(ccc3c2c1)N(CCCl)CCCl,O=[N+]([O-])c1cc2c(ccc3cc(N(CCCl)CCCl)ccc32)o1,1
4125,COc1cc2O[C@H]3OC=C[C@H]3c2c4OC(=O)C5=C(CC[C@@H]5O)c14,COc1cc2c(c3oc(=O)c4c(c13)CC[C@@H]4O)[C@@H]1C=CO[C@@H]1O2,1
5313,Clc1cc(Cl)c(Cl)cc1Cl,Clc1cc(Cl)c(Cl)cc1Cl,0
423,CCC(=O)Nc1snc2ccc(C)cc12,CCC(=O)Nc1snc2ccc(C)cc12,0
1301,CC(=C)C(=O)OCCCCOC(=O)C(=C)C,C=C(C)C(=O)OCCCCOC(=O)C(=C)C,0
746,OCc1cc2ccccc2c3ccc4ccccc4c13,OCc1cc2ccccc2c2ccc3ccccc3c12,1
2244,OC1=C(Oc2cc(O)cc(O)c2C1=O)c3ccc(O)cc3,O=c1c(O)c(-c2ccc(O)cc2)oc2cc(O)cc(O)c12,1
6426,ClCC1CO1,ClCC1CO1,1
1209,C[C@@H]1O[C@H]1c2ccccc2,C[C@@H]1O[C@H]1c1ccccc1,0
792,CNC1C(O)C(O)C(CO)OC1OC2C(OC3C(O)C(O)C(N=C(N)N)C(O)C3N=C(N)N)OC(C)C2(O)C=O,CNC1C(OC2C(OC3C(O)C(O)C(N=C(N)N)C(O)C3N=C(N)N)OC(C)C2(O)C=O)OC(CO)C(O)C1O,1
440,Cc1ccc(cc1)S(=O)(=O)OCc2ccccc2,Cc1ccc(S(=O)(=O)OCc2ccccc2)cc1,0
1757,COc1cc(CCC(=O)C)ccc1O,COc1cc(CCC(C)=O)ccc1O,0
2132,Oc1c(N=Nc2ccc(c3ccccc23)S(=O)(=O)O)c4ccc(cc4cc1S(=O)(=O)O)S(=O)(=O)O,O=S(=O)(O)c1ccc2c(N=Nc3ccc(S(=O)(=O)O)c4ccccc34)c(O)c(S(=O)(=O)O)cc2c1,0
4873,NC(CC(=O)O)C(=O)O,NC(CC(=O)O)C(=O)O,0
6956,CC1=NC(=C(N=C1)C)C,Cc1cnc(C)c(C)n1,0
1093,FC[C@H]1CO1,FC[C@H]1CO1,1
2036,CC(C)CC(=O)OCC1=CO[C@@H](OC(=O)CC(C)C)[C@@H]2[C@@H]1C[C@H](OC(=O)C)[C@]23CO3,CC(=O)O[C@H]1C[C@@H]2C(COC(=O)CC(C)C)=CO[C@@H](OC(=O)CC(C)C)[C@H]2[C@@]12CO2,1
2015,OC[C@H]1O[C@H]([C@H](O)[C@@H]1O)n2cnc3c(S)ncnc23,OC[C@H]1O[C@@H](n2cnc3c(S)ncnc32)[C@H](O)[C@@H]1O,1
981,O[C@H]1[C@H](O)[C@H](O[C@H]([C@@H]1O)C(=O)O)N(O)c2ccc(cc2)c3ccccc3,O=C(O)[C@@H]1O[C@H](N(O)c2ccc(-c3ccccc3)cc2)[C@@H](O)[C@H](O)[C@H]1O,1
1068,COc1ccc2C3OC3C4CCCCC4c2c1,COc1ccc2c(c1)C1CCCCC1C1OC21,0
1641,Nc1cc(ccc1C(=O)O)[N+](=O)[O-],Nc1cc([N+](=O)[O-])ccc1C(=O)O,1
6652,CCCC(=O)C2=C1C=CC=C(C1=C(C3=C(C=CC=C23)O)O)O,CCCC(=O)c1c2cccc(O)c2c(O)c2c(O)cccc12,1
6905,ClCC(Cl)C=C,C=CC(Cl)CCl,0
3487,CC1(C)CC2C3(C)CC3(C=O)C(=CC2(O)C1)C=O,CC1(C)CC2C(O)(C=C(C=O)C3(C=O)CC23C)C1,1
1088,CCOC(=O)OC(=O)OCC,CCOC(=O)OC(=O)OCC,0
5278,CCN(CCCl)c1ccc(CCCNc2c3ccccc3nc4ccccc24)cc1,CCN(CCCl)c1ccc(CCCNc2c3ccccc3nc3ccccc23)cc1,1
724,Cc1ccc(\N=C\c2cccc3cccnc23)c(c1)C(=O)O,Cc1ccc(/N=C/c2cccc3cccnc23)c(C(=O)O)c1,0
6883,CC(S)C(=O)NCC(O)=O,CC(S)C(=O)NCC(=O)O,0
1994,CCCCCCC(C)(C)C(=O)OC[C@@H]1CO1,CCCCCCC(C)(C)C(=O)OC[C@@H]1CO1,1
2395,OC1CCN(CC1)N=O,O=NN1CCC(O)CC1,1
2832,CN(C)CCNC(=O)c1cccc2c3ccccc3cnc12,CN(C)CCNC(=O)c1cccc2c1ncc1ccccc12,1
6920,CCOP(O)(OC1=CC(=C(C=C1)SC)C)=NC(C)C,CCOP(O)(=NC(C)C)Oc1ccc(SC)c(C)c1,0
922,C1CN1,C1CN1,1
4669,CCCCCCCC(=O)CCc1ccc(O)c(OC)c1,CCCCCCCC(=O)CCc1ccc(O)c(OC)c1,0
5791,Cc1nc(cc2c3cc(cc(c3[nH]c12)[N+](=O)[O-])[N+](=O)[O-])[N+](=O)[O-],Cc1nc([N+](=O)[O-])cc2c1[nH]c1c([N+](=O)[O-])cc([N+](=O)[O-])cc12,1
2192,CC(=O)NNc1ccccc1,CC(=O)NNc1ccccc1,1
2394,NC(=O)NNC(=O)N,NC(=O)NNC(N)=O,0
271,[O-][N+](=O)c1cccc(COC(=O)c2ccccc2)c1,O=C(OCc1cccc([N+](=O)[O-])c1)c1ccccc1,0
6223,Cn1nc(cc1N)C2CC2,Cn1nc(C2CC2)cc1N,1
4081,O=C1C=Cc2c(ccc3c2ccc4ccccc34)C1=O,O=C1C=Cc2c(ccc3c2ccc2ccccc23)C1=O,0
4298,CC(C)(C)c1cc(ccc1[N+](=O)[O-])c2ccccc2,CC(C)(C)c1cc(-c2ccccc2)ccc1[N+](=O)[O-],0
337,O[C@@H]1C=Cc2c(cc3ccc4c(ccc5ccc2c3c45)[N+](=O)[O-])[C@H]1O,O=[N+]([O-])c1ccc2ccc3c4c(cc5ccc1c2c53)[C@@H](O)[C@H](O)C=C4,1
5440,OC1COC(C(O)C1O)N(CCc2c[nH]c3ccccc23)N=O,O=NN(CCc1c[nH]c2ccccc12)C1OCC(O)C(O)C1O,1
4438,BrCc1ccc2c3cccc4cccc(c2c1)c34,BrCc1ccc2c(c1)-c1cccc3cccc-2c13,1
2746,CN1CCN(CC1)c2cc3N(C4CC4)C5=CC(=O)N(O)C(=O)N5c3cc2F,CN1CCN(c2cc3c(cc2F)n2c(=O)n(O)c(=O)cc2n3C2CC2)CC1,1
6927,CNC(CC(O)=O)C(=O)N(C2C1SC(C)(C)C(N1C2=O)C(O)=O)C(C(N)=O)C3=CC=C(C=C3)O,CNC(CC(=O)O)C(=O)N(C(C(N)=O)c1ccc(O)cc1)C1C(=O)N2C1SC(C)(C)C2C(=O)O,0
6807,CC1(C)C(C=C(Cl)Cl)C1C(=O)OCC2=CC(=CC=C2)OC3=CC=CC=C3,CC1(C)C(C=C(Cl)Cl)C1C(=O)OCc1cccc(Oc2ccccc2)c1,1
6933,CCC2NC(=O)C1=C(C=C(C(=C1)S(N)(=O)=O)Cl)N2,CCC1NC(=O)c2cc(S(N)(=O)=O)c(Cl)cc2N1,0
5786,O[C@@H]1CO[C@@](O)(CN(CC(=O)O)N=O)[C@H](O)[C@@H]1O,O=NN(CC(=O)O)C[C@]1(O)OC[C@@H](O)[C@@H](O)[C@H]1O,0
3542,C(CC[C@H]1CO1)C[C@H]2CO2,C(CC[C@H]1CO1)C[C@H]1CO1,1
3269,OCC(CO)N[C@@H]1C[C@](O)(CO)[C@H](O)[C@@H](O)[C@@H]1O,OCC(CO)N[C@@H]1C[C@](O)(CO)[C@H](O)[C@@H](O)[C@@H]1O,0
1723,CC(C)CN(CC(C)C)CC(C)C,CC(C)CN(CC(C)C)CC(C)C,0
3722,COC(C)(C)C,COC(C)(C)C,0
4368,Cc1nc2ccc3ccc4ccc(O)cc4c3c2n1C,Cc1nc2ccc3ccc4ccc(O)cc4c3c2n1C,1
3450,NC(=O)N=NC(=O)N,NC(=O)N=NC(N)=O,1
4918,CC1(C)C2CCC1(C)C(=O)C2=O,CC12CCC(C(=O)C1=O)C2(C)C,0
4247,Nc1ccc2cc3ccccc3nc2c1,Nc1ccc2cc3ccccc3nc2c1,1
5746,ClC(=O)OCC1c2ccccc2c3ccccc13,O=C(Cl)OCC1c2ccccc2-c2ccccc21,1
4801,O[C@@H]1OC(=O)C(=C1C(Cl)Cl)Cl,O=C1O[C@@H](O)C(C(Cl)Cl)=C1Cl,1
1142,COc1cc(OC)c2nc3occc3c(OC)c2c1,COc1cc(OC)c2nc3occc3c(OC)c2c1,1
463,Oc1ccc(Nc2ccc3ccccc3c2)cc1,Oc1ccc(Nc2ccc3ccccc3c2)cc1,0
7059,CCC(O)CN,CCC(O)CN,0
1321,CCOc1cccc(c1)[N+](=O)[O-],CCOc1cccc([N+](=O)[O-])c1,0
6947,OC(=O)C1CSCN1,O=C(O)C1CSCN1,0
566,Cc1ccc(N=Nc2c(O)ccc3ccccc23)c(c1)S(=O)(=O)O,Cc1ccc(N=Nc2c(O)ccc3ccccc23)c(S(=O)(=O)O)c1,0
2408,Cc1nc2ccccc2s1,Cc1nc2ccccc2s1,0
4114,CCCCN1C2C1c3ccccc3c4ccccc24,CCCCN1C2c3ccccc3-c3ccccc3C21,1
3189,CC(C)CCC[C@@H](C)[C@@H]1CC[C@@H]2\C(=C/C=C/3\C(CC[C@@H](C3)O)=C)\CCC[C@@]12C,C=C1CC[C@H](O)C/C1=C/C=C1/CCC[C@]2(C)[C@@H]1CC[C@H]2[C@H](C)CCCC(C)C,0
4883,Cc1cnc(C)cn1,Cc1cnc(C)cn1,0
5431,NS(=O)(=O)c1cc(C(=O)O)c(NCc2occc2)cc1Cl,NS(=O)(=O)c1cc(C(=O)O)c(NCc2ccco2)cc1Cl,0
6352,NC(CS)C(=O)NCC(=O)O,NC(CS)C(=O)NCC(=O)O,1
1909,OC(=O)\C(=C(\CCl)/C(Cl)Cl)\Cl,O=C(O)/C(Cl)=C(/CCl)C(Cl)Cl,1
6865,CCCN(C(N)=NN=O)[N+]([O-])=O,CCCN(C(N)=NN=O)[N+](=O)[O-],1
2646,CNC(=O)Oc1cccc2ccccc12,CNC(=O)Oc1cccc2ccccc12,1
1410,Cc1cc(ccc1N=Nc2cc(c3ccccc3c2N)S(=O)(=O)O)c4ccc(N=Nc5cc(c6ccccc6c5N)S(=O)(=O)O)c(C)c4,Cc1cc(-c2ccc(N=Nc3cc(S(=O)(=O)O)c4ccccc4c3N)c(C)c2)ccc1N=Nc1cc(S(=O)(=O)O)c2ccccc2c1N,0
376,CC(C)(C)OOC(C)(C)C,CC(C)(C)OOC(C)(C)C,0
7094,CC12CCC(CC1O2)C=C,C=CC1CCC2(C)OC2C1,0
4605,CCN(CC)c1ccc2C(=CC(=O)Oc2c1)C(F)(F)F,CCN(CC)c1ccc2c(C(F)(F)F)cc(=O)oc2c1,0
3162,CC1CCC2(OC1)OC3CC4C5CC=C6CC(O)CCC6(C)C5CCC4(C)C3C2C,CC1CCC2(OC1)OC1CC3C4CC=C5CC(O)CCC5(C)C4CCC3(C)C1C2C,0
3451,CC(Cl)(Cl)[N+](=O)[O-],CC(Cl)(Cl)[N+](=O)[O-],1
3344,BrCC(=O)c1ccc(cc1)c2ccccc2,O=C(CBr)c1ccc(-c2ccccc2)cc1,1
0,[O-][N+](=O)c1ccc2ccc3ccc(c4c5ccccc5c1c2c34)[N+](=O)[O-],O=[N+]([O-])c1ccc2ccc3ccc([N+](=O)[O-])c4c5ccccc5c1c2c34,1
976,CC(C)(C)NCC(O)COc1nsnc1N2CCOCC2,CC(C)(C)NCC(O)COc1nsnc1N1CCOCC1,0
3778,[O-][N+](=O)c1c(Cl)c(Cl)cc(Cl)c1Cl,O=[N+]([O-])c1c(Cl)c(Cl)cc(Cl)c1Cl,0
5553,C1Cc2ccccc2CN1,c1ccc2c(c1)CCNC2,0
4936,OS(=O)(=O)Oc1ccc2ccc3c4ccccc4cc5ccc1c2c35,O=S(=O)(O)Oc1ccc2ccc3c4ccccc4cc4ccc1c2c43,0
5860,Nc1cc2nc3ccccc3nc2cc1O,Nc1cc2nc3ccccc3nc2cc1O,1
5086,Oc1ccc2c(c1)c3ccccc3c4cc5ccccc5cc24,Oc1ccc2c(c1)c1ccccc1c1cc3ccccc3cc21,1
5229,CS(=O)(=O)c1ccc(Cl)cc1,CS(=O)(=O)c1ccc(Cl)cc1,0
2338,CC1CCC(CC1)NC(=O)N(CCCl)N=O,CC1CCC(NC(=O)N(CCCl)N=O)CC1,1
6363,Cc1cccc(N)c1C,Cc1cccc(N)c1C,1
5218,CC(=O)N(CC(O)CO)c1c(I)c(C(=O)NCCO)c(I)c(C(=O)NCC(O)CO)c1I,CC(=O)N(CC(O)CO)c1c(I)c(C(=O)NCCO)c(I)c(C(=O)NCC(O)CO)c1I,0
2838,O=C1C=C(Nc2ccccc2)C(=O)c3ccccc13,O=C1C=C(Nc2ccccc2)C(=O)c2ccccc21,1
5315,CC1(C)S[C@@H]2[C@@H](NC(=O)[C@@H](N)c3ccccc3)C(=O)N2[C@H]1C(=O)O,CC1(C)S[C@@H]2[C@@H](NC(=O)[C@@H](N)c3ccccc3)C(=O)N2[C@H]1C(=O)O,0
3755,C[C@H](CCC#N)C#N,C[C@@H](C#N)CCC#N,1
4838,COc1nc2cc(cc(CBr)c2nc1OC)[N+](=O)[O-],COc1nc2cc([N+](=O)[O-])cc(CBr)c2nc1OC,1
4152,Cc1ccc2[nH]c(N)nc2c1,Cc1ccc2[nH]c(N)nc2c1,1
4262,NCc1ccc(CN)cc1,NCc1ccc(CN)cc1,0
2777,O=S1(=O)CC=CC1,O=S1(=O)CC=CC1,0
4292,NC1CCN(C1)c2nc3N(C=C(C(=O)O)C(=O)c3cc2F)c4ccc(F)cc4F,NC1CCN(c2nc3c(cc2F)c(=O)c(C(=O)O)cn3-c2ccc(F)cc2F)C1,1
6910,CCCCC(CC)COP(=O)(OC1=CC=CC=C1)OC2=CC=CC=C2,CCCCC(CC)COP(=O)(Oc1ccccc1)Oc1ccccc1,0
2168,CCCCCc1cc(O)cc(O)c1,CCCCCc1cc(O)cc(O)c1,0
6137,COC(=O)c1oc(NO)c(c2ccccc2)c1c3ccccc3,COC(=O)c1oc(NO)c(-c2ccccc2)c1-c1ccccc1,0
6177,CCOC(=O)CCCCCCC\C=C/C\C=C/C\C=C/CC,CC/C=C\C/C=C\C/C=C\CCCCCCCC(=O)OCC,1
1937,CC(=O)c1c(C)c(c(c(c1C)[N+](=O)[O-])C(C)(C)C)[N+](=O)[O-],CC(=O)c1c(C)c([N+](=O)[O-])c(C(C)(C)C)c([N+](=O)[O-])c1C,0
3159,CSCC(N)C(=O)O,CSCC(N)C(=O)O,0
5472,CC(N)CCN,CC(N)CCN,0
1188,Oc1ccc2cccnc2c1,Oc1ccc2cccnc2c1,0
1087,OC[C@H](Cl)CCl,OC[C@H](Cl)CCl,1
539,NCCN1CCNCC1,NCCN1CCNCC1,0
3254,CC(C)(C)OOC1(C)C=C(C(=O)C(=C1)C(C)(C)C)C(C)(C)C,CC(C)(C)OOC1(C)C=C(C(C)(C)C)C(=O)C(C(C)(C)C)=C1,0
6911,CC(C)=CCC2C(=O)C(=O)C1=C(C=CC=C1)C2=O,CC(C)=CCC1C(=O)C(=O)c2ccccc2C1=O,0
5165,CC(=O)c1ccc[nH]1,CC(=O)c1ccc[nH]1,1
4618,COc1cc(Oc2ccc(Cl)cc2Cl)cc(c1)[N+](=O)[O-],COc1cc(Oc2ccc(Cl)cc2Cl)cc([N+](=O)[O-])c1,0
2757,OC(=O)c1ccc(CCC(=O)CCC#N)cc1,N#CCCC(=O)CCc1ccc(C(=O)O)cc1,1
2091,CCc1cc(O)cc2c3CCO[C@@](CC)(CC(=O)O)c3[nH]c12,CCc1cc(O)cc2c3c([nH]c12)[C@](CC)(CC(=O)O)OCC3,1
6659,OCC(Br)=C(Br)CO,OCC(Br)=C(Br)CO,1
3048,[O-][N+](=O)c1ccc2NC(=O)C(=O)c2c1,O=C1Nc2ccc([N+](=O)[O-])cc2C1=O,1
3262,CCN(CC)S(=O)(=O)c1ccc(N)cc1,CCN(CC)S(=O)(=O)c1ccc(N)cc1,0
1553,CC(=CCC\C(=C\CO)\C)C,CC(C)=CCC/C(C)=C/CO,0
1343,CN(C)CCCNc1c2ccccc2nc3c(F)ccc(c13)[N+](=O)[O-],CN(C)CCCNc1c2ccccc2nc2c(F)ccc([N+](=O)[O-])c12,1
1347,Oc1ccccc1\C=N\c2snc3ccccc23,Oc1ccccc1/C=N/c1snc2ccccc12,0
2151,CC(=O)Oc1ccc(CO)cc1,CC(=O)Oc1ccc(CO)cc1,0
2976,CCCCN,CCCCN,0
67,Fc1ccccc1c2ccccc2,Fc1ccccc1-c1ccccc1,0
6620,NC(CCC(=O)NNC1=CC=CC=C1)C(O)=O,NC(CCC(=O)NNc1ccccc1)C(=O)O,1
6254,OCc1c2ccccc2c3ccc4cccc5ccc1c3c45,OCc1c2ccccc2c2ccc3cccc4ccc1c2c43,1
795,CC1SCC(NC1=O)C(=O)NC(Cc2c[nH]cn2)C(=O)N3CCCC3C(=O)N,CC1SCC(C(=O)NC(Cc2c[nH]cn2)C(=O)N2CCCC2C(N)=O)NC1=O,0
5964,CC(C)[C@@](O)([C@@H](C)O)C(=O)O,CC(C)[C@](O)(C(=O)O)[C@@H](C)O,0
2427,[O-][N+](=O)c1cc2ccc3cc(cc4ccc(c1)c2c34)[N+](=O)[O-],O=[N+]([O-])c1cc2ccc3cc([N+](=O)[O-])cc4ccc(c1)c2c34,1
3763,CN(N=O)C(OC(=O)C)C(=O)C,CC(=O)OC(C(C)=O)N(C)N=O,1
4278,Cc1ccc(cc1N)N=[N+]([O-])c2ccc(C)c(N)c2,Cc1ccc(N=[N+]([O-])c2ccc(C)c(N)c2)cc1N,1
3078,Cc1cc2CCCc2c3ccc4C(O)C(O)C=Cc4c13,Cc1cc2c(c3ccc4c(c13)C=CC(O)C4O)CCC2,1
4666,CCCCOC(=O)CCCCCCCCC(=O)OCCCC,CCCCOC(=O)CCCCCCCCC(=O)OCCCC,0
4201,CC(C)c1c(C(=O)Nc2ccccc2)c(c3ccccc3)c(c4ccc(F)cc4)n1CCC(O)CC(O)CC(=O)O,CC(C)c1c(C(=O)Nc2ccccc2)c(-c2ccccc2)c(-c2ccc(F)cc2)n1CCC(O)CC(O)CC(=O)O,0
5983,CCCC(=O)c1cc(O)c(O)cc1O,CCCC(=O)c1cc(O)c(O)cc1O,1
1232,C1CCC2C(C1)C=Cc3ccccc23,C1=CC2CCCCC2c2ccccc21,1
3915,OS(=O)(=O)c1ccc(NN=Nc2ccc(cc2)S(=O)(=O)O)cc1,O=S(=O)(O)c1ccc(N=NNc2ccc(S(=O)(=O)O)cc2)cc1,0
4089,CCCCOC(=O)COc1cc(Cl)c(Cl)cc1Cl,CCCCOC(=O)COc1cc(Cl)c(Cl)cc1Cl,0
872,CCCCCCCCOC(=O)c1ccccc1C(=O)OCCCCCCCC,CCCCCCCCOC(=O)c1ccccc1C(=O)OCCCCCCCC,0
4775,Fc1ccc2c3c(ccc4ccccc34)c5cccc1c25,Fc1ccc2c3c(cccc13)-c1ccc3ccccc3c1-2,1
1543,[O-][N+](=O)c1ccc2Oc3cc(ccc3Oc2c1)[N+](=O)[O-],O=[N+]([O-])c1ccc2c(c1)Oc1ccc([N+](=O)[O-])cc1O2,1
1797,O=C1NC(=O)C(N1)(c2ccccc2)c3ccccc3,O=C1NC(=O)C(c2ccccc2)(c2ccccc2)N1,0
6000,C[n+]1c2ccccc2cc3c(N)cccc13,C[n+]1c2ccccc2cc2c(N)cccc21,1
1896,[O-][N+](=O)c1ccc2cccc3C=Cc1c23,O=[N+]([O-])c1ccc2cccc3c2c1C=C3,1
1514,CC[C@@H](C)c1ccccc1O,CC[C@@H](C)c1ccccc1O,0
534,C[C@@H](O)C(=O)O,C[C@@H](O)C(=O)O,0
6519,CN(C)C1C2CC3C(=C(O)C2(O)C(=O)C(=C1O)C(=O)N)C(=O)c4c(O)cccc4C3(C)O,CN(C)C1C(O)=C(C(N)=O)C(=O)C2(O)C(O)=C3C(=O)c4c(O)cccc4C(C)(O)C3CC12,0
5317,CC(=C)C1CO1,C=C(C)C1CO1,0
801,Cc1ccc(C)c2c1c3ccccc3n2C,Cc1ccc(C)c2c1c1ccccc1n2C,1
980,O=C1c2ccccc2C(=O)c3ccccc13,O=C1c2ccccc2C(=O)c2ccccc21,1
6054,Oc1c(Cl)cc(Cl)c(Cl)c1[N+](=O)[O-],O=[N+]([O-])c1c(O)c(Cl)cc(Cl)c1Cl,0
3691,CC(C)CC(=O)CC(C)C,CC(C)CC(=O)CC(C)C,0
2121,CC1OC(CC(N)C1O)OC2CC(O)(Cc3c(O)c4C(=O)c5ccccc5C(=O)c4c(O)c23)C(=O)C,CC(=O)C1(O)Cc2c(O)c3c(c(O)c2C(OC2CC(N)C(O)C(C)O2)C1)C(=O)c1ccccc1C3=O,1
5947,CCCCCCCCCCCCCC(=O)O[C@@H]1[C@H](C)[C@]2(O)[C@@H](C=C(CO)C[C@]3(O)[C@H]2C=C(C)C3=O)[C@H]4C(C)(C)[C@@]14OC(=O)C,CCCCCCCCCCCCCC(=O)O[C@@H]1[C@H](C)[C@]2(O)[C@@H](C=C(CO)C[C@@]3(O)C(=O)C(C)=C[C@H]32)[C@H]2C(C)(C)[C@]21OC(C)=O,0
6326,Nc1ccc(\C=C\c2cccc(N)c2)cc1,Nc1ccc(/C=C/c2cccc(N)c2)cc1,1
5051,OC(=O)CN(CC(=O)O)CC(=O)O,O=C(O)CN(CC(=O)O)CC(=O)O,0
268,OS(=O)(=O)OCc1c2ccccc2c3ccc4cccc5ccc1c3c45,O=S(=O)(O)OCc1c2ccccc2c2ccc3cccc4ccc1c2c43,1
594,COC(=O)C(C)CN=N#N,COC(=O)C(C)CN=[N+]=[N-],1
3828,FC(Cl)(Cl)C(F)(Cl)Cl,FC(Cl)(Cl)C(F)(Cl)Cl,1
823,Br[C@H]1CCN(C[C@@H]1Br)N=O,O=NN1CC[C@H](Br)[C@@H](Br)C1,1
5616,N1[C@@H]([C@H]1c2ccccc2)c3ccccc3,c1ccc([C@H]2N[C@@H]2c2ccccc2)cc1,1
6143,CCCNc1c(C(=O)O)c(Cl)ccc1[N+](=O)[O-],CCCNc1c([N+](=O)[O-])ccc(Cl)c1C(=O)O,0
6479,CC(C)(Oc1ccc(cc1)C2CCCc3ccccc23)C(=O)O,CC(C)(Oc1ccc(C2CCCc3ccccc32)cc1)C(=O)O,0
4582,CCOc1ccc(cc1)N=O,CCOc1ccc(N=O)cc1,1
2362,CCCCCCCC(=O)Nc1snc2ccccc12,CCCCCCCC(=O)Nc1snc2ccccc12,0
5137,C(=C\c1ccccc1)/c2ccccc2,C(=C/c1ccccc1)\c1ccccc1,0
6316,BrCC(Br)c1ccccc1,BrCC(Br)c1ccccc1,1
5753,c1cc2ccc3ccc4ccc5ccc6ccc1c7c6c5c4c3c27,c1cc2ccc3ccc4ccc5ccc6ccc1c1c2c3c4c5c61,1
6166,CC(O)C(C)[N+](=O)[O-],CC(O)C(C)[N+](=O)[O-],0
1085,Nc1ncnc2c1ncn2C3OC(CO)CC3O,Nc1ncnc2c1ncn2C1OC(CO)CC1O,1
5539,Cc1cccc2c(cccc12)[N+](=O)[O-],Cc1cccc2c([N+](=O)[O-])cccc12,1
1938,CC(=O)NN,CC(=O)NN,1
7192,CCN(=O)(CC)CCn1nc2c3ccc(Cl)cc3sc3c(CO)ccc1c23,CC[N+]([O-])(CC)CCn1nc2c3c(c(CO)ccc31)Sc1cc(Cl)ccc1-2,1
4992,OC(=O)C(F)(F)C(F)(F)C(F)(F)C(F)(F)C(F)(F)C(F)(F)C(F)(F)C(F)(F)C(F)(F)F,O=C(O)C(F)(F)C(F)(F)C(F)(F)C(F)(F)C(F)(F)C(F)(F)C(F)(F)C(F)(F)C(F)(F)F,0
4634,[O-][N+](=O)c1ccc2ccc3c(cccc3c2c1)[N+](=O)[O-],O=[N+]([O-])c1ccc2ccc3c([N+](=O)[O-])cccc3c2c1,1
4557,[O-][N+](=O)c1ccc2nc3c(cccc3nc2c1)[N+](=O)[O-],O=[N+]([O-])c1ccc2nc3c([N+](=O)[O-])cccc3nc2c1,1
3555,ClCC(Br)CCl,ClCC(Br)CCl,1
2441,Cn1cnc(c1Sc2[nH]cnc3ncnc23)[N+](=O)[O-],Cn1cnc([N+](=O)[O-])c1Sc1[nH]cnc2ncnc1-2,1
3205,OCNc1ncnc2c1ncn2C3OC(CO)C(O)C3O,OCNc1ncnc2c1ncn2C1OC(CO)C(O)C1O,1
2681,Cc1cc(C)c2cc(C)c(N)cc2n1,Cc1cc(C)c2cc(C)c(N)cc2n1,1
4759,CN1CC[C@@H](CN2c3ccccc3Sc4ccccc24)C1,CN1CC[C@@H](CN2c3ccccc3Sc3ccccc32)C1,0
3161,C[C@@H](O)C(=O)C,CC(=O)[C@@H](C)O,0
4930,CCN(CC)CCC[C@@H](C)Nc1cc(OC)cc2cccnc12,CCN(CC)CCC[C@@H](C)Nc1cc(OC)cc2cccnc12,1
1441,CC(C)CCOC(=O)CC(C)C,CC(C)CCOC(=O)CC(C)C,0
2322,OC1C2OC2c3c(cc4ccc5cccc6ccc3c4c56)C1O,OC1c2cc3ccc4cccc5ccc(c2C2OC2C1O)c3c45,1
2243,Cn1c(N)nc2ccc3ncccc3c12,Cn1c(N)nc2ccc3ncccc3c21,1
1850,Cc1ccc2cc3ccccc3c(C)c2c1,Cc1ccc2cc3ccccc3c(C)c2c1,1
6738,OC5C=CC4=C(C3=CC2=C1C=CC=CC1=CC=C2N=C3C=C4)C5O,OC1C=Cc2ccc3nc4ccc5ccccc5c4cc3c2C1O,1
6075,Cc1ccc(cc1)N=Nc2ccc(cc2)N(CCO)CCO,Cc1ccc(N=Nc2ccc(N(CCO)CCO)cc2)cc1,0
787,CCCCN(CCC)N=O,CCCCN(CCC)N=O,1
1304,NCCNCCN,NCCNCCN,0
6613,O=NN1CCCC1C2=CN=CC=C2,O=NN1CCCC1c1cccnc1,1
4366,N1[C@@H]2[C@H]1c3c(c4ccccc24)c5ccccc5c6ccccc36,c1ccc2c(c1)-c1c(c3ccccc3c3ccccc13)[C@H]1N[C@@H]21,1
4757,c1ccc2sncc2c1,c1ccc2sncc2c1,0
3856,CCCCC(=C)C=O,C=C(C=O)CCCC,1
4572,CC(=O)Nc1ccc(C)c(N)c1,CC(=O)Nc1ccc(C)c(N)c1,1
1707,BrCc1cc2c3ccccc3c4cccc(c1)c24,BrCc1cc2c3c(cccc3c1)-c1ccccc1-2,1
5886,Cc1cccn2c1nc3c(C)c(cnc23)[N+](=O)[O-],Cc1c([N+](=O)[O-])cnc2c1nc1c(C)cccn12,1
5990,OC(=O)CC[N+](=O)[O-],O=C(O)CC[N+](=O)[O-],1
3752,Cc1cc2C(=O)CCCc2c3ccc4ccccc4c13,Cc1cc2c(c3ccc4ccccc4c13)CCCC2=O,1
1272,[O-][N+](=O)c1ccc(\C=C\C(=O)c2ccc(cc2)[N+](=O)[O-])cc1,O=C(/C=C/c1ccc([N+](=O)[O-])cc1)c1ccc([N+](=O)[O-])cc1,1
1268,[O-][N+](=O)c1ccccc1c2ccccc2,O=[N+]([O-])c1ccccc1-c1ccccc1,0
1352,CCN(N=O)C#N,CCN(C#N)N=O,1
840,O[C@H]1C[C@](O)(C[C@@H](OC(=O)\C=C/c2ccc(O)c(O)c2)[C@@H]1O)C(=O)O,O=C(/C=C\c1ccc(O)c(O)c1)O[C@@H]1C[C@](O)(C(=O)O)C[C@H](O)[C@H]1O,0
2218,Cc1ccccc1C(=O)Cl,Cc1ccccc1C(=O)Cl,1
3830,OC1C=Cc2c(ccc3ncccc23)C1O,OC1C=Cc2c(ccc3ncccc23)C1O,0
813,CCCO,CCCO,0
4340,CC1(Cn2ccnn2)C(N3C(CC3=O)S1(=O)=O)C(=O)O,CC1(Cn2ccnn2)C(C(=O)O)N2C(=O)CC2S1(=O)=O,0
6991,COC(=O)C1=C(C)NC(=C(C1C2=CC(=CC=C2)[N+]([O-])=O)C(=O)OCC=CC3=CC=CC=C3)C,COC(=O)C1=C(C)NC(C)=C(C(=O)OCC=Cc2ccccc2)C1c1cccc([N+](=O)[O-])c1,0
781,Cc1cc(c(O)c(c1)C(C)(C)C)C(C)(C)C,Cc1cc(C(C)(C)C)c(O)c(C(C)(C)C)c1,0
3424,OC1C(O)c2cc3ccccc3c4ccc5cccc1c5c24,OC1c2cccc3ccc4c5ccccc5cc(c4c23)C1O,1
5091,OC(=O)c1cc(Cl)ccc1Cl,O=C(O)c1cc(Cl)ccc1Cl,0
7176,CCCCC(CC)COC(=O)CCCCC(=O)O,CCCCC(CC)COC(=O)CCCCC(=O)O,0
3666,OC1=C\C(=N/c2ccc(cc2)[N+](=O)[O-])\C(=O)C=C1c3nnc(NC(=O)c4ccccc4)s3,O=C1C=C(c2nnc(NC(=O)c3ccccc3)s2)C(O)=C/C1=N\c1ccc([N+](=O)[O-])cc1,1
3296,C[C@@H](CCC(=O)O)[C@H]1CC[C@H]2[C@@H]3CC[C@H]4C[C@@H](O)CC[C@]4(C)[C@H]3CC[C@]12C,C[C@@H](CCC(=O)O)[C@H]1CC[C@H]2[C@@H]3CC[C@H]4C[C@@H](O)CC[C@]4(C)[C@H]3CC[C@@]21C,0
5844,Cc1cccc(c1)C#N,Cc1cccc(C#N)c1,0
5372,O1c2ccccc2Oc3ccccc13,c1ccc2c(c1)Oc1ccccc1O2,0
1736,Cc1cccn2c1nc3ccc(N)nc23,Cc1cccn2c1nc1ccc(N)nc12,1
4439,CCCBr,CCCBr,0
5787,Cc1noc(NS(=O)(=O)c2ccc(N)cc2)c1C,Cc1noc(NS(=O)(=O)c2ccc(N)cc2)c1C,0
6260,CN(C)CCN(C)N=O,CN(C)CCN(C)N=O,1
1744,Cc1ccc(NO)cc1,Cc1ccc(NO)cc1,1
1374,Oc1ccc(CCC(=O)c2c(O)cc(O)cc2O)cc1,O=C(CCc1ccc(O)cc1)c1c(O)cc(O)cc1O,0
6198,CCCC[C@@H](CC)COC(=O)C(=C(c1ccccc1)c2ccccc2)C#N,CCCC[C@@H](CC)COC(=O)C(C#N)=C(c1ccccc1)c1ccccc1,0
2721,CC(=O)Nc1ccnc2ccccc12,CC(=O)Nc1ccnc2ccccc12,0
614,CC\C(=N/O)\C,CC/C(C)=N\O,1
779,CCCCOC[C@H]1CO1,CCCCOC[C@H]1CO1,1
2688,OC(=O)c1occc1,O=C(O)c1ccco1,0
5965,OC(=O)C1=NN(C(=O)[C@H]1N=Nc2ccc(cc2)S(=O)(=O)O)c3ccc(cc3)S(=O)(=O)O,O=C(O)C1=NN(c2ccc(S(=O)(=O)O)cc2)C(=O)[C@H]1N=Nc1ccc(S(=O)(=O)O)cc1,0
5035,Clc1c(Cl)c(Cl)c2c(Cl)c(Cl)c(Cl)c(Cl)c2c1Cl,Clc1c(Cl)c(Cl)c2c(Cl)c(Cl)c(Cl)c(Cl)c2c1Cl,0
1872,c1ccc2ccccc2c1,c1ccc2ccccc2c1,0
1907,CCc1cnccn1,CCc1cnccn1,0
1318,OC1C=Cc2c(ccc3cc4c(ccc5ccccc45)cc23)C1O,OC1C=Cc2c(ccc3cc4c(ccc5ccccc54)cc23)C1O,1
2379,COc1ccc2c3ccc4cc5OCOc5cc4c3N(C)C(=O)c2c1OC,COc1ccc2c(c1OC)c(=O)n(C)c1c3cc4c(cc3ccc21)OCO4,1
4789,Oc1cc2ccc(c3ccc4cccc1c4c23)[N+](=O)[O-],O=[N+]([O-])c1ccc2cc(O)c3cccc4ccc1c2c43,1
2434,CC(C)COC(=O)C(=C)C#N,C=C(C#N)C(=O)OCC(C)C,0
1260,CCNC(=O)\C=C\c1oc(cc1)[N+](=O)[O-],CCNC(=O)/C=C/c1ccc([N+](=O)[O-])o1,1
1516,CC[n+]1c2ccccc2nc3ccccc13,CC[n+]1c2ccccc2nc2ccccc21,1
4740,CCN(N=O)c1ccccc1,CCN(N=O)c1ccccc1,0
1032,Nc1ccccc1C(=O)OC\C=C\c2ccccc2,Nc1ccccc1C(=O)OC/C=C/c1ccccc1,0
2779,CCCCC1CO1,CCCCC1CO1,0
6286,C1CN(CCO1)SSN2CCOCC2,C1CN(SSN2CCOCC2)CCO1,0
5519,CN(c1c(cc(cc1[N+](=O)[O-])[N+](=O)[O-])[N+](=O)[O-])[N+](=O)[O-],CN(c1c([N+](=O)[O-])cc([N+](=O)[O-])cc1[N+](=O)[O-])[N+](=O)[O-],1
1591,CCc1nc2ccc(NC)c(C)c2nc1CC,CCc1nc2ccc(NC)c(C)c2nc1CC,1
3266,OC1C(Oc2ccc3cc4ccc5cccc6ccc(c3c2)c4c56)OC(C(O)C1O)C(=O)O,O=C(O)C1OC(Oc2ccc3cc4ccc5cccc6ccc(c3c2)c4c56)C(O)C(O)C1O,0
3366,OCC(Cl)Cl,OCC(Cl)Cl,1
5226,CCCC[C@@H](CC)COP(=O)(Oc1ccccc1)Oc2ccccc2,CCCC[C@@H](CC)COP(=O)(Oc1ccccc1)Oc1ccccc1,0
483,Nc1cnc2ccccc2c1,Nc1cnc2ccccc2c1,1
4418,OC1C=Cc2ccc3ncccc3c2C1O,OC1C=Cc2ccc3ncccc3c2C1O,0
6466,CC(C)CCCCCOC(=O)COc1ccc(Cl)cc1Cl,CC(C)CCCCCOC(=O)COc1ccc(Cl)cc1Cl,0
5070,CN1C[C@@H](c2ccccc2)c3cccc(N)c3C1,CN1Cc2c(N)cccc2[C@H](c2ccccc2)C1,0
4922,C[C@@H](O)CN(C[C@@H](C)O)N=O,C[C@@H](O)CN(C[C@@H](C)O)N=O,1
4133,Cc1cc2CCCc2c3ccc4ccccc4c13,Cc1cc2c(c3ccc4ccccc4c13)CCC2,0
1786,COC(=O)C(CSCC(Br)c1ccccc1)NC(=O)C,COC(=O)C(CSCC(Br)c1ccccc1)NC(C)=O,0
4088,CCOP(=S)(OCC)Oc1cnc2ccccc2n1,CCOP(=S)(OCC)Oc1cnc2ccccc2n1,0
336,ClCc1ccc2ccc3cccc4ccc1c2c34,ClCc1ccc2ccc3cccc4ccc1c2c34,1
1577,CC(=O)c1cccn1[N+](=O)[O-],CC(=O)c1cccn1[N+](=O)[O-],1
2696,O[C@H]1[C@H](O)c2cc3ccc4ccccc4c3cc2[C@@H]5O[C@H]15,O[C@H]1[C@H](O)c2cc3ccc4ccccc4c3cc2[C@@H]2O[C@@H]21,1
5892,CCCC(=C)C=O,C=C(C=O)CCC,1
325,Cc1cccc(c1)C(=O)Cl,Cc1cccc(C(=O)Cl)c1,1
5159,Cc1occc1,Cc1ccco1,0
675,COC(=C1[C@@H](C(=C(COC(=O)N)N=C1C)C(=O)OC(C)C)c2cccc(Cl)c2Cl)O,COC(O)=C1C(C)=NC(COC(N)=O)=C(C(=O)OC(C)C)[C@H]1c1cccc(Cl)c1Cl,0
2262,C[C@@H]1C[C@H]2OC(=O)[C@]3(C)[C@H]2[C@@H](O[C@]3(C)O)[C@]4(C)[C@H]1C=CC4=O,C[C@@H]1C[C@H]2OC(=O)[C@]3(C)[C@H]2[C@@H](O[C@]3(C)O)[C@@]2(C)C(=O)C=C[C@@H]12,0
7076,CC34CC(O)C1C(CCC2=CC(=O)C=CC12C)C3CCC4(O)C(O)C=O,CC12C=CC(=O)C=C1CCC1C2C(O)CC2(C)C1CCC2(O)C(O)C=O,0
4690,OCc1ccc(Br)cc1,OCc1ccc(Br)cc1,0
2247,Oc1ccc2c(c1)cc3ccc4cccc5ccc2c3c45,Oc1ccc2c(c1)cc1ccc3cccc4ccc2c1c34,1
1878,OC(=O)CCC(NC(=O)COc1cc(Cl)c(Cl)cc1Cl)C(=O)O,O=C(O)CCC(NC(=O)COc1cc(Cl)c(Cl)cc1Cl)C(=O)O,0
4071,C[C@@H](Cl)CCl,C[C@@H](Cl)CCl,1
7100,CC(CCC(O)=O)C3CCC4C2CCC1CC(=O)CCC1(C)C2CC(=O)C34C,CC(CCC(=O)O)C1CCC2C3CCC4CC(=O)CCC4(C)C3CC(=O)C12C,0
4809,COc1c(OC)c2occc2c3OC(=O)C=Cc13,COc1c(OC)c2occc2c2oc(=O)ccc12,0
3449,Cn1c2ccccc2c3cc(N)ccc13,Cn1c2ccccc2c2cc(N)ccc21,1
765,[O-][n+]1c2ccccc2c3ccc4cccc5ccc1c3c45,[O-][n+]1c2ccccc2c2ccc3cccc4ccc1c2c34,1
5002,OC(CN=N#N)CN1C=CC(=O)NC1=O,[N-]=[N+]=NCC(O)Cn1ccc(=O)[nH]c1=O,1
2355,COc1cc(ccc1[N+](=O)[O-])N=Nc2ccccc2,COc1cc(N=Nc2ccccc2)ccc1[N+](=O)[O-],1
1241,CC(=O)Nc1ccc(\C=C\C(=O)c2ccccc2)cc1,CC(=O)Nc1ccc(/C=C/C(=O)c2ccccc2)cc1,1
6434,OC(C(=O)c1ccccc1)c2ccccc2,O=C(c1ccccc1)C(O)c1ccccc1,0
5410,Cc1[nH]c2C(=O)C=C(N3CC3)C(=O)c2c4nc5ccccc5c14,Cc1[nH]c2c(c3nc4ccccc4c1-3)C(=O)C(N1CC1)=CC2=O,1
6245,O=Cc1ccc2OCOc2c1,O=Cc1ccc2c(c1)OCO2,0
1995,FC(=C(F)F)F,FC(F)=C(F)F,0
2049,COC(=O)[C@]12O[C@@]1(C)[C@@H](OC2=O)C(C)C,COC(=O)[C@]12O[C@@]1(C)[C@H](C(C)C)OC2=O,1
2113,CC(=O)Nc1ccc2c(Cc3cccc(O)c23)c1,CC(=O)Nc1ccc2c(c1)Cc1cccc(O)c1-2,1
2823,CCCCOCCOCCOCCCC,CCCCOCCOCCOCCCC,0
6415,CCCN(CCC)N=O,CCCN(CCC)N=O,1
7036,CCCCC(CC)COC(=O)C=C,C=CC(=O)OCC(CC)CCCC,0
314,COC1=CC(=O)c2c([nH]cc3c4ccccc4nc23)C1=O,COC1=CC(=O)c2c3nc4ccccc4c-3c[nH]c2C1=O,1
756,CSCNc1ccccc1C(=O)C,CSCNc1ccccc1C(C)=O,0
5719,Cc1cc2c(nc(N)n2C)c3nccnc13,Cc1cc2c(nc(N)n2C)c2nccnc12,1
1845,Oc1c(Cl)cc(Cl)c(Cl)c1Cl,Oc1c(Cl)cc(Cl)c(Cl)c1Cl,0
6650,C2CCC1OC1C2,C1CCC2OC2C1,1
6567,NNC(=O)CNC(=O)C=[N+]=[N-],[N-]=[N+]=CC(=O)NCC(=O)NN,1
4478,COc1ccc(\C=N\n2nnc3c4ccccc4nc3c2O)cc1,COc1ccc(/C=N/n2nnc3c4ccccc4nc-3c2O)cc1,1
1074,Oc1ccc2c3ccccc3c4c(ccc5ccc1c2c45)[N+](=O)[O-],O=[N+]([O-])c1ccc2ccc3c(O)ccc4c5ccccc5c1c2c34,1
2159,O=C\C=C\C=C\C=O,O=C/C=C/C=C/C=O,1
5338,CCC1=C(CC2NCCc3cc(OC)c(OC)cc23)CC4N(CCc5cc(OC)c(OC)cc45)C1,CCC1=C(CC2NCCc3cc(OC)c(OC)cc32)CC2c3cc(OC)c(OC)cc3CCN2C1,0
4349,Cc1ccccc1NO,Cc1ccccc1NO,1
4630,CCOC(=O)[C@@H]1O[C@H]1c2ccccc2,CCOC(=O)[C@@H]1O[C@H]1c1ccccc1,0
5199,CC(C)(C)OC[C@H]1CO1,CC(C)(C)OC[C@H]1CO1,1
713,CCN(CC)c1ccc2nc3ccc(cc3[o+]c2c1)N(CC)CC,CCN(CC)c1ccc2nc3ccc(N(CC)CC)cc3[o+]c2c1,1
3069,FC(Cl)(Cl)Cl,FC(Cl)(Cl)Cl,0
3788,CC(=C[C@H]1[C@H](C(=O)OCN2C(=O)C3=C(CCCC3)C2=O)C1(C)C)C,CC(C)=C[C@H]1[C@H](C(=O)OCN2C(=O)C3=C(CCCC3)C2=O)C1(C)C,1
3286,Nc1cccc2ccccc12,Nc1cccc2ccccc12,1
3890,N[C@H](Cc1ccc(F)cc1)C(=O)O,N[C@H](Cc1ccc(F)cc1)C(=O)O,0
1832,OC(=O)\C(=C(/Br)\C=O)\Br,O=C/C(Br)=C(\Br)C(=O)O,1
143,CC(=O)Nc1cc(ccc1C)N=[N+]([O-])c2ccc(C)c(NC(=O)C)c2,CC(=O)Nc1cc(N=[N+]([O-])c2ccc(C)c(NC(C)=O)c2)ccc1C,0
312,Nc1ncnc2c1nc(c3ccc(cc3)[N+](=O)[O-])n2c4ccc(cc4)[N+](=O)[O-],Nc1ncnc2c1nc(-c1ccc([N+](=O)[O-])cc1)n2-c1ccc([N+](=O)[O-])cc1,1
6419,COc1cc2OC3OC=CC3c2c4oc5cccc(O)c5c(=O)c14,COc1cc2c(c3oc4cccc(O)c4c(=O)c13)C1C=COC1O2,1
7137,CN(C)OC(=O)COc1c(Cl)cc(Cl)cc1,CN(C)OC(=O)COc1ccc(Cl)cc1Cl,0
5192,CC(C)OC(=O)C[C@@](O)(CC(=O)O)C(=O)O,CC(C)OC(=O)C[C@@](O)(CC(=O)O)C(=O)O,0
1943,Cn1c(ncc1[N+](=O)[O-])C(O)c2cc(cc(c2O)C(C)(C)C)C(C)(C)C,Cn1c([N+](=O)[O-])cnc1C(O)c1cc(C(C)(C)C)cc(C(C)(C)C)c1O,0
1658,Nc1cccc(N)c1,Nc1cccc(N)c1,1
5415,OCC(O)C(O)C(O)C1SCCN1N=O,O=NN1CCSC1C(O)C(O)C(O)CO,0
2590,[O-][N+](=O)c1nccn1CC(=O)NCc2ccccc2,O=C(Cn1ccnc1[N+](=O)[O-])NCc1ccccc1,1
2346,O=Nc1[nH]cnc1c2ccccc2,O=Nc1[nH]cnc1-c1ccccc1,1
1718,Cc1cccc(C(=O)O)c1[N+](=O)[O-],Cc1cccc(C(=O)O)c1[N+](=O)[O-],1
6720,[N-]=[N+]=NC1=CC=C(C=C1)NC3=C2C=CC=CC2=NC4=CC=CC=C34,[N-]=[N+]=Nc1ccc(Nc2c3ccccc3nc3ccccc23)cc1,1
3628,[O-][N+](=O)c1cccc(Cl)c1Cl,O=[N+]([O-])c1cccc(Cl)c1Cl,0
6887,NC1=NCNC2=C1N=C[N]2C3OC(CO)C(O)C3=O,NC1=NCNc2c1ncn2C1OC(CO)C(O)C1=O,0
6021,CCCC[C@@H](CC)C=O,CCCC[C@H](C=O)CC,0
2020,Oc1c2nc3ccccc3c2nnn1\N=C\c4ccccc4,Oc1c2nc3ccccc3c-2nnn1/N=C/c1ccccc1,1
2013,CC(=O)OCN(N=O)c1ccccc1,CC(=O)OCN(N=O)c1ccccc1,1
5728,Fc1c(F)c(Cl)c(F)c(Cl)c1F,Fc1c(F)c(Cl)c(F)c(Cl)c1F,0
1917,OC(CC(=O)O)C(=O)O,O=C(O)CC(O)C(=O)O,0
1708,NC1=NC(=O)N(C=C1CCCl)C2CC(O)C(CO)O2,Nc1nc(=O)n(C2CC(O)C(CO)O2)cc1CCCl,0
207,Nc1nc(O)c2nc(O)n(C3OC(CO)C(O)C3O)c2n1,Nc1nc(O)c2nc(O)n(C3OC(CO)C(O)C3O)c2n1,0
6729,CC1=C(C=C(C(=C1)N)C)N,Cc1cc(N)c(C)cc1N,1
2968,[O-][N+](=O)c1ccc(\C=C\c2ccc(cc2)C#N)cc1,N#Cc1ccc(/C=C/c2ccc([N+](=O)[O-])cc2)cc1,1
4404,[O-][N+](=O)c1cccc(I)c1,O=[N+]([O-])c1cccc(I)c1,0
788,Cn1ccnc1N=O,Cn1ccnc1N=O,1
3059,CCc1cc(ccn1)C(=S)N,CCc1cc(C(N)=S)ccn1,0
6529,CC1CO1,CC1CO1,1
4887,Oc1cc2c3ccccc3c4cccc(c1[N+](=O)[O-])c24,O=[N+]([O-])c1c(O)cc2c3c(cccc13)-c1ccccc1-2,1
1000,CCCC,CCCC,0
2409,O=NN1CCSC1,O=NN1CCSC1,1
7118,COc1ccc2C(OC(=O)c2c1OC)C1N(C)CCc2cc3OCOc3cc12,COc1ccc2c(c1OC)C(=O)OC2C1c2cc3c(cc2CCN1C)OCO3,0
4645,Cc1ccc(C=C)cc1,C=Cc1ccc(C)cc1,0
318,BrC(=C)C=O,C=C(Br)C=O,1
4974,CC12CCCC(C)(C1CCC34CC(O)(CCC23)C(=C)C4=O)C(=O)O,C=C1C(=O)C23CCC4C(C)(C(=O)O)CCCC4(C)C2CCC1(O)C3,1
4483,CCCC(=O)Nc1snc2ccc(C)cc12,CCCC(=O)Nc1snc2ccc(C)cc12,0
1005,[O-][N+](=O)c1ccc2c(Cl)nsc2c1,O=[N+]([O-])c1ccc2c(Cl)nsc2c1,1
3482,CC(=O)CCOOCCC(=O)C,CC(=O)CCOOCCC(C)=O,0
2257,CCCCOc1ccc2nc3cc(Cl)ccc3c(NCCCN(CC)CCCl)c2n1,CCCCOc1ccc2nc3cc(Cl)ccc3c(NCCCN(CC)CCCl)c2n1,1
3025,CCCCOC(=O)c1ccc(N)cc1,CCCCOC(=O)c1ccc(N)cc1,0
4916,OC1C=Cc2cccnc2C1O,OC1C=Cc2cccnc2C1O,0
2530,O1C2C1c3c4c2cccc4cc5ccc6ccccc6c35,c1cc2c3c(c4c(ccc5ccccc54)cc3c1)C1OC21,1
6830,CC(=O)NN=CC2=[N+](C1=CC=CC=C1[N+](=C2)[O-])[O-],CC(=O)NN=Cc1c[n+]([O-])c2ccccc2[n+]1[O-],1
4769,CC(=O)OC1(CCC2C3CCC4=CC(=O)CCC4(C)C3CCC12C)C#C,C#CC1(OC(C)=O)CCC2C3CCC4=CC(=O)CCC4(C)C3CCC21C,0
4202,CC(=O)Nc1ccc(\C=N\n2nnc3ccnc3c2O)cc1,CC(=O)Nc1ccc(/C=N/n2nnc3ccnc-3c2O)cc1,1
1330,CN(C)C#N,CN(C)C#N,0
1464,OC1C=Cc2c(ccc3c4ccccc4sc23)C1O,OC1C=Cc2c(ccc3c2sc2ccccc23)C1O,1
2009,C[C@@H]1C(C)(C)c2cc(C)c(cc2C1(C)C)C(=O)C,CC(=O)c1cc2c(cc1C)C(C)(C)[C@@H](C)C2(C)C,0
2086,CCOc1ccc(N)cc1,CCOc1ccc(N)cc1,1
1046,C1C[C@@H]2O[C@@H]2C[C@@H]1[C@H]3CO3,C1O[C@H]1[C@@H]1CC[C@@H]2O[C@@H]2C1,1
2847,CC(C)(C)OOC(C)(C)CCC(C)(C)OOC(C)(C)C,CC(C)(C)OOC(C)(C)CCC(C)(C)OOC(C)(C)C,0
6073,c1ccc2c(c1)ccc3cccnc23,c1ccc2c(c1)ccc1cccnc12,1
749,CCNCCN,CCNCCN,0
5006,Cc1ccc(CC2CO2)cc1,Cc1ccc(CC2CO2)cc1,1
5350,CCCCCCCCC(=O)OCC=C,C=CCOC(=O)CCCCCCCC,0
4289,CCOC(=O)\C=C\c1oc(cc1)[N+](=O)[O-],CCOC(=O)/C=C/c1ccc([N+](=O)[O-])o1,1
2303,Fc1ccc2cccnc2c1F,Fc1ccc2cccnc2c1F,1
3362,OC(=O)c1cc(O)c2C(=O)c3c(O)cccc3C(=O)c2c1,O=C(O)c1cc(O)c2c(c1)C(=O)c1cccc(O)c1C2=O,1
541,OC1C=Cc2c(C1O)c3ccccc3c4cc5ccccc5cc24,OC1C=Cc2c(c3ccccc3c3cc4ccccc4cc23)C1O,1
6746,NC(CSC(Cl)=CCl)C(O)=O,NC(CSC(Cl)=CCl)C(=O)O,1
2028,O=C1C=Cc2c(cc3ccc4cccc5ccc2c3c45)C1=O,O=c1ccc2c(cc3ccc4cccc5ccc2c3c45)c1=O,1
6772,NC1=C(C=C(C(=C1)Cl)[N+]([O-])=O)O,Nc1cc(Cl)c([N+](=O)[O-])cc1O,1
1117,FC(F)(F)C(F)(F)Cl,FC(F)(F)C(F)(F)Cl,0
1627,ClC(=C(Cl)C(=C(Cl)Cl)Cl)Cl,ClC(Cl)=C(Cl)C(Cl)=C(Cl)Cl,0
3545,CC(=O)Nc1ccc(Nc2ccc(cc2)[N+](=O)[O-])cc1,CC(=O)Nc1ccc(Nc2ccc([N+](=O)[O-])cc2)cc1,1
4830,CC(=O)N(O[C@@H]1O[C@H](CO)[C@@H](O)[C@H](O)[C@H]1O)c2ccc(Oc3ccc(Cl)cc3)cc2,CC(=O)N(O[C@@H]1O[C@H](CO)[C@@H](O)[C@H](O)[C@H]1O)c1ccc(Oc2ccc(Cl)cc2)cc1,1
166,CCCCC,CCCCC,0
1620,CBr,CBr,1
5197,NC(=O)c1ccccc1O,NC(=O)c1ccccc1O,0
1239,CCOP(=S)(OCC)SCSC(C)(C)C,CCOP(=S)(OCC)SCSC(C)(C)C,0
5953,Oc1c(Cl)cc(Cl)cc1S(=O)(=O)c2cc(Cl)cc(Cl)c2O,O=S(=O)(c1cc(Cl)cc(Cl)c1O)c1cc(Cl)cc(Cl)c1O,0
401,CC(C)(C)NC(=O)\C=C\c1oc(cc1)[N+](=O)[O-],CC(C)(C)NC(=O)/C=C/c1ccc([N+](=O)[O-])o1,1
5351,[O-][N+](=O)c1ccc2N(S\C(=N/C(=O)c3cccc(Cl)c3)\c2c1)C(=O)c4cccc(Cl)c4,O=C(/N=c1\sn(C(=O)c2cccc(Cl)c2)c2ccc([N+](=O)[O-])cc12)c1cccc(Cl)c1,1
6541,C1OC1c2ccccc2,c1ccc(C2CO2)cc1,1
4768,C[C@@H]1COc2c(N3CCN(C)CC3)c(F)c(C(=O)O)c4C(=O)C=CN1c24,C[C@@H]1COc2c(N3CCN(C)CC3)c(F)c(C(=O)O)c3c(=O)ccn1c23,1
3384,COc1ccc2nc3occc3c(OC)c2c1,COc1ccc2nc3occc3c(OC)c2c1,1
5458,CC1c2ccccc2c3cc(C)c(C)cc13,Cc1cc2c(cc1C)C(C)c1ccccc1-2,1
6982,CC1COC3=C2N1C=C(C(C2=CC(=C3N4CCN(C)CC4)F)=O)C(O)=O,CC1COc2c(N3CCN(C)CC3)c(F)cc3c(=O)c(C(=O)O)cn1c23,0
6309,CCc1occc1,CCc1ccco1,0
1737,Nc1ccc(c2ccc(N)cc2[N+](=O)[O-])c(c1)[N+](=O)[O-],Nc1ccc(-c2ccc(N)cc2[N+](=O)[O-])c([N+](=O)[O-])c1,1
3976,CC(=O)CN(COC(=O)C)N=O,CC(=O)CN(COC(C)=O)N=O,1
6894,CNP1(=NP(=NP(=N1)(NC)NC)(NC)NC)NC,CNP1(NC)=NP(NC)(NC)=NP(NC)(NC)=N1,0
6596,CCOC1=CC=C(C=C1)NC(=O)CC(C)O,CCOc1ccc(NC(=O)CC(C)O)cc1,1
1835,BrCC=C,C=CCBr,1
3019,CCCCCCc1ccc(O)cc1O,CCCCCCc1ccc(O)cc1O,0
3975,OC1C=Cc2cc3ccc(cc3cc2C1O)[N+](=O)[O-],O=[N+]([O-])c1ccc2cc3c(cc2c1)C(O)C(O)C=C3,1
1225,CC(C)COC(=O)COc1cc(Cl)c(Cl)cc1Cl,CC(C)COC(=O)COc1cc(Cl)c(Cl)cc1Cl,0
5311,CCN(CC)CCCN(C1Cc2ccccc2C1)c3ccccc3,CCN(CC)CCCN(c1ccccc1)C1Cc2ccccc2C1,0
6845,OS(=O)(=O)C1=C(C=CC(=C1)NC2=C(C=C(C=C2)[N+]([O-])=O)[N+]([O-])=O)NC3=CC=CC=C3,O=[N+]([O-])c1ccc(Nc2ccc(Nc3ccccc3)c(S(=O)(=O)O)c2)c([N+](=O)[O-])c1,1
3608,[CH2-][N+](=O)[O-],[CH2-][N+](=O)[O-],0
3870,CCN(CC)CC,CCN(CC)CC,0
6574,C1=CC2=C(C=C1)C3=CC=CC4=CC=CC2=C34,c1ccc2c(c1)-c1cccc3cccc-2c13,1
7185,CC1=CCC2C(C1)C(CC=C2C)C(C)(C)C,CC1=CCC2C(C)=CCC(C(C)(C)C)C2C1,0
5976,CCCn1cc2CC3C(C=C(C)CN3C)c4cccc1c24,CCCn1cc2c3c(cccc31)C1C=C(C)CN(C)C1C2,1
6281,OC(=O)Cc1ccc(O)c(O)c1,O=C(O)Cc1ccc(O)c(O)c1,1
5972,N1C2C1c3cc4ccccc4c5ccc6cccc2c6c35,c1ccc2c(c1)cc1c3c2ccc2cccc(c23)C2NC12,1
4573,C1Cc2cccnc2C3OC13,c1cnc2c(c1)CCC1OC21,0
1233,CN1C2=NC(=O)NC(=O)C2=Nc3cc(C)c(C)cc13,Cc1cc2nc3c(=O)[nH]c(=O)nc-3n(C)c2cc1C,1
7101,NC(CSCC1=CC=CC=C1)C(O)=O,NC(CSCc1ccccc1)C(=O)O,0
6130,CCOc1ccc(NC(=O)C)cc1N,CCOc1ccc(NC(C)=O)cc1N,1
6536,CC(Cl)CCl,CC(Cl)CCl,1
98,CN=C1C=CC(=C(c2ccc(cc2)N(C)C)c3ccc(cc3)N(C)C)C=C1,CN=C1C=CC(=C(c2ccc(N(C)C)cc2)c2ccc(N(C)C)cc2)C=C1,0
6403,OCC1=CC(=O)C(=CO1)O,O=c1cc(CO)occ1O,1
5364,CCC(=O)C,CCC(C)=O,0
2198,CCCC(=O)Nc1ncnc2c1ncn2C3OC4COP(=O)(O)OC4C3OC(=O)CCC,CCCC(=O)Nc1ncnc2c1ncn2C1OC2COP(=O)(O)OC2C1OC(=O)CCC,0
171,COc1ccc2oc(cc2c1N(CCCl)CCCl)[N+](=O)[O-],COc1ccc2oc([N+](=O)[O-])cc2c1N(CCCl)CCCl,1
5901,CCn1c(N)nc2c3cccnc3ccc12,CCn1c(N)nc2c3cccnc3ccc21,1
205,CC(=C)C(=O)OC(C)(C)C,C=C(C)C(=O)OC(C)(C)C,0
6948,CCCCC(CC)COC(=O)CCCCCCCCC(=O)OCC(CC)CCCC,CCCCC(CC)COC(=O)CCCCCCCCC(=O)OCC(CC)CCCC,0
4004,Oc1ncnc2ccccc12,Oc1ncnc2ccccc12,0
6954,CC(=O)NC1=CC=C(C=C1)CC2=CC=C(C=C2)NC(C)=O,CC(=O)Nc1ccc(Cc2ccc(NC(C)=O)cc2)cc1,0
2537,Cc1ccc(NCCCl)cc1,Cc1ccc(NCCCl)cc1,1
7107,NC(CC1=CC(=C(C=C1)O)[N+]([O-])=O)C(O)=O,NC(Cc1ccc(O)c([N+](=O)[O-])c1)C(=O)O,0
4588,CCCCCCC(CCCC)COc1ccc(cc1)c2ccc(cc2)c3ccc(cc3)c4ccc(OCC(CCCC)CCCCCC)cc4,CCCCCCC(CCCC)COc1ccc(-c2ccc(-c3ccc(-c4ccc(OCC(CCCC)CCCCCC)cc4)cc3)cc2)cc1,0
4411,Cc1c2ccc3ccccc3c2nc4ccc(CO)cc14,Cc1c2cc(CO)ccc2nc2c1ccc1ccccc12,1
5485,CN(C)c1ccc(\C=C\C2=CC(=C(C#N)C#N)C=C(C)O2)cc1,CC1=CC(=C(C#N)C#N)C=C(/C=C/c2ccc(N(C)C)cc2)O1,1
6521,OCC(O)C(O)C(O)C(O)CO,OCC(O)C(O)C(O)C(O)CO,0
745,c1cc2ccc3cccc4ncc(c1)c2c34,c1cc2ccc3cccc4ncc(c1)c2c34,1
1403,Oc1ccc2ccc3c4ccccc4ccc3c2c1,Oc1ccc2ccc3c4ccccc4ccc3c2c1,1
1433,Cc1ccccc1C,Cc1ccccc1C,0
5994,CN(C)c1ccc(cc1)C(=C2C=CC(=N)C=C2)c3ccc(cc3)N(C)C,CN(C)c1ccc(C(=C2C=CC(=N)C=C2)c2ccc(N(C)C)cc2)cc1,0
1212,CCN1CCN(C(=O)NC(C(=O)NC2C3SC(C)(C)C(N3C2=O)C(=O)O)c4ccccc4)C(=O)C1=O,CCN1CCN(C(=O)NC(C(=O)NC2C(=O)N3C2SC(C)(C)C3C(=O)O)c2ccccc2)C(=O)C1=O,0
1566,COC(=O)c1occ(c2ccccc2)c1c3ccccc3,COC(=O)c1occ(-c2ccccc2)c1-c1ccccc1,0
2751,Cc1c(C(=O)NCCO)[n+]([O-])c2ccccc2[n+]1[O-],Cc1c(C(=O)NCCO)[n+]([O-])c2ccccc2[n+]1[O-],1
4066,CCc1cccc(CC)c1N,CCc1cccc(CC)c1N,1
7117,C(=O)(O)C1N2C(=O)C(NC(=O)Cc3ccccc3)C2SC1(C)C,CC1(C)SC2C(NC(=O)Cc3ccccc3)C(=O)N2C1C(=O)O,0
5196,O=C1CCO1,O=C1CCO1,1
3147,C1CC[C@@H]2CCCC[C@H]2C1,C1CC[C@H]2CCCC[C@@H]2C1,0
4937,CN(C)c1ccc(cc1)C(=N)c2ccc(cc2)N(C)C,CN(C)c1ccc(C(=N)c2ccc(N(C)C)cc2)cc1,1
381,O[C@H]1CC(=C[C@@H](O)[C@@H]1O)C(=O)O,O=C(O)C1=C[C@@H](O)[C@H](O)[C@@H](O)C1,0
5846,COC(=O)CCl,COC(=O)CCl,0
3773,Cc1cc(C)c(C)c(C)c1,Cc1cc(C)c(C)c(C)c1,0
1939,Cc1ccc(N)cc1O,Cc1ccc(N)cc1O,1
200,COc1cccc(N)c1,COc1cccc(N)c1,1
6751,CC(=O)C1=C(C=CC(=C1)NC(N)=O)OCC(O)CNC(C)(C)C,CC(=O)c1cc(NC(N)=O)ccc1OCC(O)CNC(C)(C)C,1
4919,Oc1c2nc3ccccc3c2nnn1\N=C\c4ccc(Cl)cc4,Oc1c2nc3ccccc3c-2nnn1/N=C/c1ccc(Cl)cc1,1
1952,OC(=O)c1ccc(Cl)c(Cl)c1,O=C(O)c1ccc(Cl)c(Cl)c1,0
1947,Cc1cc(C)c2ccccc2c1,Cc1cc(C)c2ccccc2c1,0
321,CN1CCC23C4Oc5c(O)ccc(CC1C2C=CC4O)c35,CN1CCC23c4c5ccc(O)c4OC2C(O)C=CC3C1C5,0
2829,Cc1ccc2Cc3cccc4ccc1c2c34,Cc1ccc2c3c1ccc1cccc(c13)C2,1
665,CCCCOC(=O)c1ccccc1N,CCCCOC(=O)c1ccccc1N,0
4762,NCC(=O)O,NCC(=O)O,0
1601,Oc1cc2C(=O)c3ccccc3C(=O)c2c(O)c1O,O=C1c2ccccc2C(=O)c2c1cc(O)c(O)c2O,1
1908,Nc1nc(cs1)c2cc(cs2)[N+](=O)[O-],Nc1nc(-c2cc([N+](=O)[O-])cs2)cs1,1
2573,OCc1ccc2c3cccc4cccc(c2c1)c34,OCc1ccc2c(c1)-c1cccc3cccc-2c13,1
3994,Cc1ccc(cc1)N(CC2(O)OCC(O)C(O)C2O)N=O,Cc1ccc(N(CC2(O)OCC(O)C(O)C2O)N=O)cc1,1
6971,COP(=S)(OC)SCC(=O)NCC=O,COP(=S)(OC)SCC(=O)NCC=O,0
6262,COC(=O)c1ccccc1,COC(=O)c1ccccc1,0
4164,NP(=O)(O)N(CCCl)CCCl,NP(=O)(O)N(CCCl)CCCl,1
2556,Oc1ccc2c(Cc3cc(ccc23)[N+](=O)[O-])c1,O=[N+]([O-])c1ccc2c(c1)Cc1cc(O)ccc1-2,1
2679,CC1(C)C=C(C(=O)O)C(C)(C)N1O,CC1(C)C=C(C(=O)O)C(C)(C)N1O,0
4281,[O-][N+](=O)c1ccc(\C=N\c2snc3ccccc23)cc1,O=[N+]([O-])c1ccc(/C=N/c2snc3ccccc23)cc1,1
6698,CCCCC(CC)COCC1CO1,CCCCC(CC)COCC1CO1,1
2220,CCOc1ccc2nc3cc(N)ccc3c(N)c2c1,CCOc1ccc2nc3cc(N)ccc3c(N)c2c1,1
6174,CC(=O)Nc1ccc(Oc2ccc(NO)cc2)cc1,CC(=O)Nc1ccc(Oc2ccc(NO)cc2)cc1,1
2224,CC1=CCCc2c1cc(C)c3c2ccc4ccccc34,CC1=CCCc2c1cc(C)c1c2ccc2ccccc21,1
3280,Cc1c(cc(cc1[N+](=O)[O-])[N+](=O)[O-])[N+](=O)[O-],Cc1c([N+](=O)[O-])cc([N+](=O)[O-])cc1[N+](=O)[O-],1
632,[O-][N+](=O)c1cccc(c1)C(=O)\N=C\2/SN(C(=O)c3cccc(c3)[N+](=O)[O-])c4ccc(cc24)[N+](=O)[O-],O=C(/N=c1\sn(C(=O)c2cccc([N+](=O)[O-])c2)c2ccc([N+](=O)[O-])cc12)c1cccc([N+](=O)[O-])c1,1
6599,CC1=CC=C(C=C1)CCC2CO2,Cc1ccc(CCC2CO2)cc1,1
2928,CC(C(=O)O)c1cccc(c1)C(=O)c2ccccc2,CC(C(=O)O)c1cccc(C(=O)c2ccccc2)c1,0
6769,OC2=C1C(C5=C(OC1=CC=C2)C3=C(OC4OC=CC34)C=C5O)=O,O=c1c2c(O)cccc2oc2c3c(cc(O)c12)OC1OC=CC31,1
2454,CN(C)c1ccc(cc1)C2CC3(C)C(CCC3(O)\C=C\CO)C4CCC5=CC(=O)CCC5=C24,CN(C)c1ccc(C2CC3(C)C(CCC3(O)/C=C/CO)C3CCC4=CC(=O)CCC4=C23)cc1,0
6151,Cc1cc(cc(c1C)[N+](=O)[O-])[N+](=O)[O-],Cc1cc([N+](=O)[O-])cc([N+](=O)[O-])c1C,0
7131,c1ccc(C(O)C(N)C)cc1,CC(N)C(O)c1ccccc1,0
2923,NCCNc1cccc2ccccc12,NCCNc1cccc2ccccc12,1
1449,[O-][N+](=O)c1oc(C=O)cc1,O=Cc1ccc([N+](=O)[O-])o1,1
4338,CCC1(C(=O)NCNC1=O)c2ccccc2,CCC1(c2ccccc2)C(=O)NCNC1=O,1
5254,CCCCON(OC(=O)C)C(=O)c1ccc(cc1)[N+](=O)[O-],CCCCON(OC(C)=O)C(=O)c1ccc([N+](=O)[O-])cc1,1
5294,CCCCOCCOP(=O)(OCCOCCCC)OCCOCCCC,CCCCOCCOP(=O)(OCCOCCCC)OCCOCCCC,0
3734,CCOP(=S)(OCC)Oc1ccc(cc1)S(=O)C,CCOP(=S)(OCC)Oc1ccc([S+](C)[O-])cc1,0
1699,OC1C=Cc2c(ccc3c(Cl)c4ccccc4cc23)C1O,OC1C=Cc2c(ccc3c(Cl)c4ccccc4cc23)C1O,1
2215,CCOCC,CCOCC,0
6683,NC3=C2C(=C1C=CC=CC1=C(C2=C(C=C3)N)O)O,Nc1ccc(N)c2c(O)c3ccccc3c(O)c12,1
5874,c1ccc(cc1)c2nc(c3ccccc3)c([nH]2)c4ccccc4,c1ccc(-c2nc(-c3ccccc3)c(-c3ccccc3)[nH]2)cc1,1
3619,CCCCC(=O)Nc1snc2ccc(Cl)cc12,CCCCC(=O)Nc1snc2ccc(Cl)cc12,0
558,CN1C[C@@H](C=C2[C@@H]1Cc3c[nH]c4cccc2c34)C(=O)N[C@@]5(C)O[C@]6(O)[C@H]7CCCN7C(=O)[C@@H](Cc8ccccc8)N6C5=O,CN1C[C@H](C(=O)N[C@@]2(C)O[C@]3(O)[C@H]4CCCN4C(=O)[C@@H](Cc4ccccc4)N3C2=O)C=C2c3cccc4[nH]cc(c34)C[C@@H]21,0
2680,CC(C)CN(N)CC(C)C,CC(C)CN(N)CC(C)C,1
263,CCC1=C(C(C)c2cc(O)ccc12)c3ccc(O)cc3,CCC1=C(c2ccc(O)cc2)C(C)c2cc(O)ccc21,0
4206,NCCc1cc(O)c(O)cc1O,NCCc1cc(O)c(O)cc1O,1
2798,C1COCC2(C1)CO2,C1COCC2(C1)CO2,1
908,Nc1ccc(O)c(c1)C(=O)O,Nc1ccc(O)c(C(=O)O)c1,0
2406,[O-][N+](=O)c1cc(ccc1Cl)C(F)(F)F,O=[N+]([O-])c1cc(C(F)(F)F)ccc1Cl,0
4037,N(Nc1ccccc1)c2ccccc2,c1ccc(NNc2ccccc2)cc1,1
3497,COP(=O)(OC)OC=C(Cl)Cl,COP(=O)(OC)OC=C(Cl)Cl,1
6859,OC2=C1C=CC(=CC1=C(N=N2)O)[N+]([O-])=O,O=[N+]([O-])c1ccc2c(O)nnc(O)c2c1,1
2099,Cc1c(cc(cc1[N+](=O)[O-])[N+](=O)[O-])N=[N+]([O-])c2cc(c(C)c(c2)[N+](=O)[O-])[N+](=O)[O-],Cc1c(N=[N+]([O-])c2cc([N+](=O)[O-])c(C)c([N+](=O)[O-])c2)cc([N+](=O)[O-])cc1[N+](=O)[O-],1
4800,CC1=CC(=O)C=CC1=O,CC1=CC(=O)C=CC1=O,0
2815,COc1ccc2C=C(Oc3cccc1c23)[N+](=O)[O-],COc1ccc2c3c(cccc13)OC([N+](=O)[O-])=C2,1
751,C1Cc2ccc3cccnc3c2C4OC14,c1cnc2c3c(ccc2c1)CCC1OC31,1
3811,CCOC[C@@H](O)COc1ccc(NC(=O)CC[S+](C)C)cc1,CCOC[C@@H](O)COc1ccc(NC(=O)CC[S+](C)C)cc1,0
5378,Nc1ccccc1C(=O)O,Nc1ccccc1C(=O)O,0
3561,COc1nsc2cc(N)ccc12,COc1nsc2cc(N)ccc12,1
6253,Cc1ccc(N=Nc2c(O)ccc3ccccc23)c(C)c1,Cc1ccc(N=Nc2c(O)ccc3ccccc23)c(C)c1,1
4492,CN(C)CCCl,CN(C)CCCl,1
3087,CC1(C)CC2C=C(C=O)C3(CC3(C)C2C1)C=O,CC1(C)CC2C=C(C=O)C3(C=O)CC3(C)C2C1,1
4675,CN(C)C(=O)Nc1ccc(Cl)c(Cl)c1,CN(C)C(=O)Nc1ccc(Cl)c(Cl)c1,1
3918,NCC(=O)NCC(=O)NCC(=O)NCC(=O)O,NCC(=O)NCC(=O)NCC(=O)NCC(=O)O,0
7148,O=C1OC(CCCC(O)CCCCCc2cc(O)cc(O)c12)C,CC1CCCC(O)CCCCCc2cc(O)cc(O)c2C(=O)O1,0
4698,OCC(CO)(CO)CO,OCC(CO)(CO)CO,0
6864,OCC1OC(CC1O)N2C=C(C(=O)NC2=O)C(F)(F)F,O=c1[nH]c(=O)n(C2CC(O)C(CO)O2)cc1C(F)(F)F,1
1460,OCc1c2ccccc2c(COS(=O)(=O)O)c3ccc4ccccc4c13,O=S(=O)(O)OCc1c2ccccc2c(CO)c2c1ccc1ccccc12,1
2269,COc1cc(O)c2C(=O)c3cc(O)ccc3Oc2c1,COc1cc(O)c2c(=O)c3cc(O)ccc3oc2c1,1
1870,Nc1ccc2nc3cc(N)ccc3nc2c1,Nc1ccc2nc3cc(N)ccc3nc2c1,1
3549,Oc1ccc2C(=O)c3c(O)ccc(O)c3C(=O)c2c1O,O=C1c2ccc(O)c(O)c2C(=O)c2c(O)ccc(O)c21,1
4529,CC12CCCC(C)(C1CCC34CC(CCC23)C(=C)C4O)C(=O)O,C=C1C2CCC3C4(C)CCCC(C)(C(=O)O)C4CCC3(C2)C1O,0
5777,BrC[C@@H](Br)[C@@H]1CC[C@@H](Br)[C@@H](Br)C1,BrC[C@@H](Br)[C@@H]1CC[C@@H](Br)[C@@H](Br)C1,0
1616,CCCN(N=O)C(=N)N[N+](=O)[O-],CCCN(N=O)C(=N)N[N+](=O)[O-],1
6993,CCCCCCCCCCC=CC1CC(=O)OC1=O,CCCCCCCCCCC=CC1CC(=O)OC1=O,0
2866,CN(C(=O)CN(CCO)CC(=O)N(C)C(C)(C)Cc1ccccc1)C(C)(C)Cc2ccccc2,CN(C(=O)CN(CCO)CC(=O)N(C)C(C)(C)Cc1ccccc1)C(C)(C)Cc1ccccc1,0
311,[O-][N+](=O)c1ccc2ccc3c4CCC=Cc4cc5ccc1c2c35,O=[N+]([O-])c1ccc2ccc3c4c(cc5ccc1c2c53)C=CCC4,1
1265,CCN(CC)C(=O)Nc1ccc(OCC(O)CNC(C)(C)C)c(c1)C(=O)C,CCN(CC)C(=O)Nc1ccc(OCC(O)CNC(C)(C)C)c(C(C)=O)c1,0
6962,FC(F)(F)C(Cl)Br,FC(F)(F)C(Cl)Br,0
3644,[O-][N+](=O)c1ccc2snc(Cl)c2c1,O=[N+]([O-])c1ccc2snc(Cl)c2c1,1
5134,OC1(CCCCC1)C#N,N#CC1(O)CCCCC1,0
5005,COC(=O)[C@H]([C@H]1CCCCN1)c2ccccc2,COC(=O)[C@@H](c1ccccc1)[C@H]1CCCCN1,0
7181,N(O)c1ccn(=O)c2ccccc12,[O-][n+]1ccc(NO)c2ccccc21,1
5633,CNc1ccc2ncc(C)nc2c1N,CNc1ccc2ncc(C)nc2c1N,0
5637,CC(C)(CO)C(O)C(=O)NCCCO,CC(C)(CO)C(O)C(=O)NCCCO,0
7078,CC4CC3OC1C(O)CC(C)(C12CO2)C3(CO)C(=O)C4=O,CC1CC2OC3C(O)CC(C)(C34CO4)C2(CO)C(=O)C1=O,0
2764,OC[C@@H](O)[C@@H](O[C@H]1O[C@H](CO)[C@@H](O)[C@H](O)[C@H]1O)[C@H](O)[C@@H](O)CO,OC[C@H](O)[C@@H](O)[C@H](O[C@H]1O[C@H](CO)[C@@H](O)[C@H](O)[C@H]1O)[C@H](O)CO,0
5631,OC(=O)Cc1cccc2ccccc12,O=C(O)Cc1cccc2ccccc12,0
5180,c1ccc2c(c1)ccc3c4ccccc4sc23,c1ccc2c(c1)ccc1c3ccccc3sc21,1
4400,OCc1ccc(cc1)C(F)(F)F,OCc1ccc(C(F)(F)F)cc1,0
6010,CC1C(OC(=O)C)C2OC2C3=CC(=O)C4(CC13C)OC4(C)C=O,CC(=O)OC1C2OC2C2=CC(=O)C3(CC2(C)C1C)OC3(C)C=O,1
5650,c1ccc2c3c(ccc2c1)c4cccc5cccc3c45,c1ccc2c3c(ccc2c1)-c1cccc2cccc-3c12,1
6269,Oc1ccc2ccc3ccc(c4ccc1c2c34)[N+](=O)[O-],O=[N+]([O-])c1ccc2ccc3ccc(O)c4ccc1c2c34,1
6278,[O-][N+](=O)c1oc(\C=N\n2cccn2)cc1,O=[N+]([O-])c1ccc(/C=N/n2cccn2)o1,1
3035,OS(=O)(=O)Oc1cccc2c3ccc4cccc5ccc(cc12)c3c45,O=S(=O)(O)Oc1cccc2c1cc1ccc3cccc4ccc2c1c34,0
4946,C=C[C@H]1CO1,C=C[C@H]1CO1,1
5669,CC(C)NCC(O)c1ccc(NS(=O)(=O)C)cc1,CC(C)NCC(O)c1ccc(NS(C)(=O)=O)cc1,0
4863,O[C@@H]1CO[C@@H]2[C@@H](CO[C@H]12)O[N+](=O)[O-],O=[N+]([O-])O[C@@H]1CO[C@H]2[C@@H]1OC[C@H]2O,0
4267,Cc1cccc(C)c1Nc2cc(Cl)nc(SCC(=O)NCCO)n2,Cc1cccc(C)c1Nc1cc(Cl)nc(SCC(=O)NCCO)n1,0
2123,OCc1oc(cc1)c2[nH]ccc3c4ccccc4nc23,OCc1ccc(-c2[nH]ccc3c4ccccc4nc2-3)o1,1
2649,CC(=O)Nc1nc(NC(=O)C)nc(n1)c2oc(cc2)[N+](=O)[O-],CC(=O)Nc1nc(NC(C)=O)nc(-c2ccc([N+](=O)[O-])o2)n1,1
4212,Nc1nc(nc2c1ncn2C3CC(O)C(CO)O3)c4ccc(cc4)[N+](=O)[O-],Nc1nc(-c2ccc([N+](=O)[O-])cc2)nc2c1ncn2C1CC(O)C(CO)O1,1
7224,COc1ccc(cc1)C(OC(=O)C)C=C,C=CC(OC(C)=O)c1ccc(OC)cc1,1
2455,Cc1cnc2cc(C)c3c(nc(N)n3C)c2n1,Cc1cnc2cc(C)c3c(nc(N)n3C)c2n1,1
1095,CC1CN(CCN1)c2cc3N(C=C(C(=O)O)C(=O)c3cc2F)c4ccc(F)cc4F,CC1CN(c2cc3c(cc2F)c(=O)c(C(=O)O)cn3-c2ccc(F)cc2F)CCN1,1
3334,CC(C)C(=O)Nc1snc2ccccc12,CC(C)C(=O)Nc1snc2ccccc12,0
4099,C\C(=C(\Cl)/C(=O)O)\C(=O)O,C/C(C(=O)O)=C(/Cl)C(=O)O,0
252,CC1=CC(=O)c2ccccc2C1=O,CC1=CC(=O)c2ccccc2C1=O,1
4748,CC(=O)OC1(CCC2C3C(CCC12C)C4(C)C5CC5C(=O)C=C4C6(Cl)CC36)C(=O)C,CC(=O)OC1(C(C)=O)CCC2C3C4CC4(Cl)C4=CC(=O)C5CC5C4(C)C3CCC21C,0
5593,Nc1cc2ccc3cccc4ccc(c1)c2c34,Nc1cc2ccc3cccc4ccc(c1)c2c34,1
1681,O=C1NC(=O)NC(=O)N1,O=c1[nH]c(=O)[nH]c(=O)[nH]1,0
3746,CN(C)c1ccc2nc3ccc(cc3[s+]c2c1)N(C)C,CN(C)c1ccc2nc3ccc(N(C)C)cc3[s+]c2c1,1
1834,CC(C)(C)OC(=O)O\N=C(/C#N)\c1ccccc1,CC(C)(C)OC(=O)O/N=C(\C#N)c1ccccc1,0
956,CC(=CCC\C(=C\C=C\C(=C\C=C\C(=C\C=C\C=C(/C)\C=C\C=C(/C)\C=C\C=C(/C)\CCC=C(C)C)\C)\C)\C)C,CC(C)=CCC/C(C)=C/C=C/C(C)=C/C=C/C(C)=C/C=C/C=C(C)/C=C/C=C(C)/C=C/C=C(\C)CCC=C(C)C,0
6942,[O-][N+](=O)C1=CC=C(C=C1)C2OC2C(=O)C3=CC=CC=C3,O=C(c1ccccc1)C1OC1c1ccc([N+](=O)[O-])cc1,0
5507,Cc1c(cc(N)cc1[N+](=O)[O-])[N+](=O)[O-],Cc1c([N+](=O)[O-])cc(N)cc1[N+](=O)[O-],1
6227,[O-][N+](=O)c1ccc2[C@H]3O[C@H]3c4cccc5c6ccccc6c1c2c45,O=[N+]([O-])c1ccc2c3c4c(cccc4c4ccccc4c13)[C@@H]1O[C@H]21,1
640,CC(Cl)(Cl)C(=O)O,CC(Cl)(Cl)C(=O)O,0
3703,COCC=O,COCC=O,1
5800,CN(C)CCCN,CN(C)CCCN,0
2574,COC(=O)CCCC(=O)OC,COC(=O)CCCC(=O)OC,0
3360,[O-][N+](=O)c1cccc(c1)S(=O)(=O)OC[C@H]2CO2,O=[N+]([O-])c1cccc(S(=O)(=O)OC[C@H]2CO2)c1,1
4137,Cn1c2ccc3ccccc3c2c4c5ccccc5ccc14,Cn1c2ccc3ccccc3c2c2c3ccccc3ccc21,1
6950,[O-][N+](=O)C1=CC=C(C=C1)COC2=CC=CC=C2,O=[N+]([O-])c1ccc(COc2ccccc2)cc1,0
3948,CCCCON(OC(=O)C)C(=O)c1ccc(Br)cc1,CCCCON(OC(C)=O)C(=O)c1ccc(Br)cc1,1
4849,CCOC(=O)C(C)(C#N)c1snc2ccc(cc12)[N+](=O)[O-],CCOC(=O)C(C)(C#N)c1snc2ccc([N+](=O)[O-])cc12,1
2317,Cc1c(N)cccc1N=[N+]([O-])c2cccc(N)c2C,Cc1c(N)cccc1N=[N+]([O-])c1cccc(N)c1C,1
5824,Nc1ccc(cc1Cl)c2ccc(N)c(Cl)c2,Nc1ccc(-c2ccc(N)c(Cl)c2)cc1Cl,1
6299,Cc1ccc(NC(=O)CBr)cc1,Cc1ccc(NC(=O)CBr)cc1,0
6912,OC[P+](CO)(CO)CO,OC[P+](CO)(CO)CO,0
352,COc1cc(ccc1N)[N+](=O)[O-],COc1cc([N+](=O)[O-])ccc1N,1
441,Cc1c(O)cc(cc1[N+](=O)[O-])[N+](=O)[O-],Cc1c(O)cc([N+](=O)[O-])cc1[N+](=O)[O-],0
7243,C1(C2(C(C(C(C(=O)OC(CC)C(C(C(C(=O)C(CC2(O)C)C)C)(O)C)O)C)OC2CC(C(C(O2)C)O)(OC)C)C)O)C(C(N(C)C)CC(O1)C)O,CCC1OC(=O)C(C)C(OC2CC(C)(OC)C(O)C(C)O2)C(C)C(O)(C2OC(C)CC(N(C)C)C2O)C(C)(O)CC(C)C(=O)C(C)C(C)(O)C1O,0
6296,Cc1cccs1,Cc1cccs1,0
4013,COc1ccc(cc1)N=[N+]([O-])c2ccc(OC)cc2,COc1ccc(N=[N+]([O-])c2ccc(OC)cc2)cc1,1
234,OC1C2OC2c3c(ccc4cc5ccc6ccccc6c5nc34)C1O,OC1c2ccc3cc4ccc5ccccc5c4nc3c2C2OC2C1O,1
1497,OC(=O)c1cc(I)cc2cccnc12,O=C(O)c1cc(I)cc2cccnc12,0
3113,CC(C)OC(=O)C(=C)C,C=C(C)C(=O)OC(C)C,0
1775,CC(Br)C(Br)COP(=O)(OCC(Br)C(C)Br)OCC(Br)C(C)Br,CC(Br)C(Br)COP(=O)(OCC(Br)C(C)Br)OCC(Br)C(C)Br,1
2714,C1COCO1,C1COCO1,0
3641,O1C2C1c3c4ccc5ccccc5c4cc6cccc2c36,c1cc2c3c(c4ccc5ccccc5c4cc3c1)C1OC21,1
3255,O[C@H](C=C)c1ccc2OCOc2c1,C=C[C@@H](O)c1ccc2c(c1)OCO2,0
37,OCc1occc1,OCc1ccco1,0
1283,CN1CC(O)c2cc3OCOc3c4c5ccccc5CC1c24,CN1CC(O)c2cc3c(c4c2C1Cc1ccccc1-4)OCO3,1
1700,O=C1C(=O)c2cc3ccccc3c4ccc5cccc1c5c24,O=c1c(=O)c2cc3ccccc3c3ccc4cccc1c4c23,1
4856,NC(CSCCCl)C(=O)O,NC(CSCCCl)C(=O)O,1
7143,O1c2cc(O)cc(O)c2C(=O)C(O)C1c1ccc2OC(CO)C(c3cc(OC)c(O)cc3)Oc2c1,COc1cc(C2Oc3cc(C4Oc5cc(O)cc(O)c5C(=O)C4O)ccc3OC2CO)ccc1O,0
3297,Oc1ncc(N(CCCl)CCCl)c(O)n1,Oc1ncc(N(CCCl)CCCl)c(O)n1,1
1030,CCC(=C)C=O,C=C(C=O)CC,1
4008,OCc1cc(O)c2C(=O)c3c(O)cccc3C(=O)c2c1,O=C1c2cccc(O)c2C(=O)c2c(O)cc(CO)cc21,1
7031,CC(=O)CC(C)=O,CC(=O)CC(C)=O,0
591,CC(=O)c1ccccn1,CC(=O)c1ccccn1,0
6341,Cc1cccc(OP(=O)(Oc2cccc(C)c2)Oc3cccc(C)c3)c1,Cc1cccc(OP(=O)(Oc2cccc(C)c2)Oc2cccc(C)c2)c1,0
2686,CC(=O)Nc1nc(cs1)c2cc(cs2)[N+](=O)[O-],CC(=O)Nc1nc(-c2cc([N+](=O)[O-])cs2)cs1,1
4395,CC(=O)Nc1ccc2c3cc(O)ccc3c4cccc1c24,CC(=O)Nc1ccc2c3c(cccc13)-c1ccc(O)cc1-2,1
6003,OS(=O)(=O)c1cccc2cccnc12,O=S(=O)(O)c1cccc2cccnc12,0
3596,C1OC1Oc2ccccc2,c1ccc(OC2CO2)cc1,1
322,Oc1ccc2ccc3[nH]c4ccc5ccccc5c4c3c2c1,Oc1ccc2ccc3[nH]c4ccc5ccccc5c4c3c2c1,1
3125,CCCOc1ccc(N)cc1N,CCCOc1ccc(N)cc1N,1
5501,COC(=O)c1ccccc1C(=O)OC,COC(=O)c1ccccc1C(=O)OC,0
3940,Nc1nc2c(Cl)cccc2s1,Nc1nc2c(Cl)cccc2s1,0
1946,CC(=C)C(=O)OCCCCCOC(=O)C(=C)C,C=C(C)C(=O)OCCCCCOC(=O)C(=C)C,0
6722,NC1=CC=C(C=C1)OC2=CC=C(C=C2)OC3=CC=C(C=C3)N,Nc1ccc(Oc2ccc(Oc3ccc(N)cc3)cc2)cc1,1
6450,OS(=O)(=O)O,O=S(=O)(O)O,0
191,OC(=O)\C=C\c1ccc(Cl)cc1,O=C(O)/C=C/c1ccc(Cl)cc1,0
1169,CN1CCN(CC1)C2=CC(=O)c3[nH]c(C)c4c5ccccc5nc4c3C2=O,Cc1[nH]c2c(c3nc4ccccc4c1-3)C(=O)C(N1CCN(C)CC1)=CC2=O,1
2839,C[C@@H](CC(=O)O)C(=O)O,C[C@@H](CC(=O)O)C(=O)O,0
2240,CC(=O)Nc1ccccc1,CC(=O)Nc1ccccc1,0
6579,OC2C=CC1=C4C(=CC=C1C2O)C3=CC(=CC=C3C=C4)O,Oc1ccc2ccc3c4c(ccc3c2c1)C(O)C(O)C=C4,1
4570,N\C(=N/O)\c1ccc(O)c(O)c1,N/C(=N\O)c1ccc(O)c(O)c1,1
6192,NNc1nncc2cnccc12,NNc1nncc2cnccc12,1
3003,Clc1ccc2ccc3cccc4ccc1c2c34,Clc1ccc2ccc3cccc4ccc1c2c34,1
1483,N\C(=N/O)\c1ccccc1,N/C(=N\O)c1ccccc1,1
5523,CC(C)(c1ccc(OC[C@H]2CO2)cc1)c3ccc(OC[C@H]4CO4)cc3,CC(C)(c1ccc(OC[C@H]2CO2)cc1)c1ccc(OC[C@H]2CO2)cc1,1
1024,ClCCN(CCCl)[P@]1(=O)NCCCO1,O=[P@@]1(N(CCCl)CCCl)NCCCO1,1
5168,[O-][N+](=O)c1ccc2c(c1)c3nc4ccccc4c5c6ccccc6nc2c35,O=[N+]([O-])c1ccc2c(c1)-c1nc3ccccc3c3c1c-2nc1ccccc13,1
5234,COC(=O)Nc1nc2cc(O)ccc2[nH]1,COC(=O)Nc1nc2cc(O)ccc2[nH]1,0
4393,Cl[C@H]1CCCN(C1)N=O,O=NN1CCC[C@H](Cl)C1,1
4642,CC(=O)Nc1ccc(cc1)[C@H]2O[C@H]2C(=O)c3ccccc3,CC(=O)Nc1ccc([C@H]2O[C@H]2C(=O)c2ccccc2)cc1,1
7146,[nH]1c2c(c3c1cc(cc3)OC)CCN1C2CC2C(C(OC(=O)/C=C/c3cc(c(c(c3)OC)OC)OC)CC(C2OC(=O)C)OC)C1,COc1ccc2c3c([nH]c2c1)C1CC2C(CN1CC3)C(OC(=O)/C=C/c1cc(OC)c(OC)c(OC)c1)CC(OC)C2OC(C)=O,0
5145,CC(C(=O)O)c1ccc2c(c1)[nH]c3ccc(Cl)cc23,CC(C(=O)O)c1ccc2c(c1)[nH]c1ccc(Cl)cc12,0
747,Cc1c(\C=N\OCc2ccccc2)c3cc(ccc3n1Cc4cccc(c4)[N+](=O)[O-])[N+](=O)[O-],Cc1c(/C=N/OCc2ccccc2)c2cc([N+](=O)[O-])ccc2n1Cc1cccc([N+](=O)[O-])c1,1
7034,CCCCC(CC)CO,CCCCC(CC)CO,0
835,O=C(NC1CCCCC1)OC(C#C)(c2ccccc2)c3ccccc3,C#CC(OC(=O)NC1CCCCC1)(c1ccccc1)c1ccccc1,1
4847,CCCCCCCCCCCCOCCOCCOCCOCCOCCOCCOCCO,CCCCCCCCCCCCOCCOCCOCCOCCOCCOCCOCCO,0
6069,CCc1c2ccccc2c(C)c3ccc4ccccc4c13,CCc1c2ccccc2c(C)c2ccc3ccccc3c12,0
6176,ON(C=O)c1ccccc1,O=CN(O)c1ccccc1,0
3389,COc1c(c(C)c(cc1C(C)(C)C)[N+](=O)[O-])[N+](=O)[O-],COc1c(C(C)(C)C)cc([N+](=O)[O-])c(C)c1[N+](=O)[O-],0
6655,OC(=O)CCOP(O)(=N)N(CCCl)CCCl,N=P(O)(OCCC(=O)O)N(CCCl)CCCl,1
1636,Nc1ccc2c(Cc3ccccc23)c1,Nc1ccc2c(c1)Cc1ccccc1-2,1
4834,CC(CCNC(=O)OCCOC(=O)C(=C)C)CC(C)(C)CNC(=O)OCCOC(=O)C(=C)C,C=C(C)C(=O)OCCOC(=O)NCCC(C)CC(C)(C)CNC(=O)OCCOC(=O)C(=C)C,0
4628,O=C(Nc1ccccc1)Nc2ccccc2,O=C(Nc1ccccc1)Nc1ccccc1,0
5467,Oc1ccc2ccc3[nH]c4cc(c5ccccc5c4c3c2c1)[N+](=O)[O-],O=[N+]([O-])c1cc2[nH]c3ccc4ccc(O)cc4c3c2c2ccccc12,1
5261,CNCCCC(=O)O,CNCCCC(=O)O,0
5446,CCCCC#N,CCCCC#N,0
3444,CN(N)C=O,CN(N)C=O,0
4710,CNc1ccc(cc1)N=Nc2ccc3ncsc3c2,CNc1ccc(N=Nc2ccc3ncsc3c2)cc1,1
1279,Nc1ccc(\C=C\c2ccc(cc2)C#N)cc1,N#Cc1ccc(/C=C/c2ccc(N)cc2)cc1,1
532,CCOP(=O)(OCC)[C@@H](C)NC(=O)N(CCCl)N=O,CCOP(=O)(OCC)[C@@H](C)NC(=O)N(CCCl)N=O,1
3794,OP(=O)(OCC(Br)CBr)OCC(Br)CBr,O=P(O)(OCC(Br)CBr)OCC(Br)CBr,1
373,CCN(N)c1ccccc1,CCN(N)c1ccccc1,1
4484,C\C=C\C=C\CCCCCCCO,C/C=C/C=C/CCCCCCCO,0
7075,CNC3=C1CC(=O)C(=CC=C1C2=C(C(=C(C=C2CC3)OC)OC)OC)OC,CNC1=C2CC(=O)C(OC)=CC=C2c2c(cc(OC)c(OC)c2OC)CC1,0
2139,Oc1cc(Cl)c(Cl)cc1Cl,Oc1cc(Cl)c(Cl)cc1Cl,0
1452,CC12CCC=C(C=O)C1(C2)C=O,CC12CCC=C(C=O)C1(C=O)C2,1
6401,CC1CC2=C(C3C(C=C(C)C2=O)C(CCC3=C)C(=C)C)C1=O,C=C(C)C1CCC(=C)C2C3=C(CC(C)C3=O)C(=O)C(C)=CC12,0
6124,[O-][N+](=O)C(Br)(Br)Br,O=[N+]([O-])C(Br)(Br)Br,1
5648,Cc1cc(O)c2C(=O)C=C(C(=O)c2c1)c3c(C)cc4C(=O)C=CC(=O)c4c3O,Cc1cc(O)c2c(c1)C(=O)C(c1c(C)cc3c(c1O)C(=O)C=CC3=O)=CC2=O,0
1070,Nc1ccc2nc3ccccc3cc2c1,Nc1ccc2nc3ccccc3cc2c1,1
4597,C1Cc2c(ccc3ncccc23)C4OC14,c1cnc2ccc3c(c2c1)CCC1OC31,0
4384,ONc1cc[n+]([O-])c2ccccc12,[O-][n+]1ccc(NO)c2ccccc21,1
102,Nc1c(O)cc(Cc2cc(Cl)c(N)c(OS(=O)(=O)O)c2)cc1Cl,Nc1c(O)cc(Cc2cc(Cl)c(N)c(OS(=O)(=O)O)c2)cc1Cl,0
2203,O=C1c2ccccc2c3c1ccc4ccc5ccccc5c34,O=C1c2ccccc2-c2c1ccc1ccc3ccccc3c21,0
6796,CC(C)=CC2C(C(=O)OCC1=CC=C(O1)CC#C)C2(C)C,C#CCc1ccc(COC(=O)C2C(C=C(C)C)C2(C)C)o1,1
6696,[O-][N+](=O)C1=CC(=C(C=C1)C2=CC=CC=C2)[N+]([O-])=O,O=[N+]([O-])c1ccc(-c2ccccc2)c([N+](=O)[O-])c1,1
3643,OC(C1CC1)(c2ccc(Cl)cc2)c3ccc(Cl)cc3,OC(c1ccc(Cl)cc1)(c1ccc(Cl)cc1)C1CC1,0
3658,COC[C@@H](O)Cn1cc(nc1Cl)[N+](=O)[O-],COC[C@@H](O)Cn1cc([N+](=O)[O-])nc1Cl,1
4667,CC(NC(=O)COc1ccc(Cl)cc1Cl)C(=O)O,CC(NC(=O)COc1ccc(Cl)cc1Cl)C(=O)O,0
3721,C1CN(CCN1)c2ccccc2,c1ccc(N2CCNCC2)cc1,0
5498,CC(=O)OCc1ccccc1,CC(=O)OCc1ccccc1,0
6175,CCN(CC)C(=S)SC1OC(CO)C(O)C(O)C1O,CCN(CC)C(=S)SC1OC(CO)C(O)C(O)C1O,0
6160,COc1c2[C@@H]3C=CO[C@H]3Oc2cc4Oc5c(CCC(C)(C)O)ccc(O)c5C(=O)c14,COc1c2c(cc3oc4c(CCC(C)(C)O)ccc(O)c4c(=O)c13)O[C@@H]1OC=C[C@@H]21,1
5567,Cc1cccc(c1C(O)O)[N+](=O)[O-],Cc1cccc([N+](=O)[O-])c1C(O)O,1
1163,OCCNc1ccc(NCCO)c2C(=O)c3c(O)ccc(O)c3C(=O)c12,O=C1c2c(O)ccc(O)c2C(=O)c2c(NCCO)ccc(NCCO)c21,1
1669,CCCCCC\C=C/CCCCCCOC(=O)C,CCCCCC/C=C\CCCCCCOC(C)=O,0
4297,Nc1nnc(S)s1,Nc1nnc(S)s1,0
1022,Cc1c(\C=N\OCc2ccc(Cl)cc2)c3cc(ccc3n1Cc4ccccc4)[N+](=O)[O-],Cc1c(/C=N/OCc2ccc(Cl)cc2)c2cc([N+](=O)[O-])ccc2n1Cc1ccccc1,0
6293,Nc1ccc(Oc2ccccc2)cc1,Nc1ccc(Oc2ccccc2)cc1,1
5922,Oc1ccc(Nc2c3ccccc3nc4ccccc24)cc1,Oc1ccc(Nc2c3ccccc3nc3ccccc23)cc1,1
1933,CCN=NC(C)(C)OO,CCN=NC(C)(C)OO,0
2683,Cc1ccc(C)c(c1)[N+](=O)[O-],Cc1ccc(C)c([N+](=O)[O-])c1,1
4217,Nc1cc2c(O)c(N=Nc3ccc(N=Nc4ccc(cc4)S(=O)(=O)O)c5ccc(cc35)S(=O)(=O)O)c(cc2cc1S(=O)(=O)O)S(=O)(=O)O,Nc1cc2c(O)c(N=Nc3ccc(N=Nc4ccc(S(=O)(=O)O)cc4)c4ccc(S(=O)(=O)O)cc34)c(S(=O)(=O)O)cc2cc1S(=O)(=O)O,0
5541,COc1ccc(NOS(=O)(=O)O)cc1N,COc1ccc(NOS(=O)(=O)O)cc1N,1
7223,Nc1c(Cl)cc(c2c(Cl)cc(N)cc2)cc1,Nc1ccc(-c2ccc(N)c(Cl)c2)c(Cl)c1,1
3056,Nc1ccc(Nc2c3ccccc3nc4ccccc24)cc1,Nc1ccc(Nc2c3ccccc3nc3ccccc23)cc1,1
6252,Nc1c(Oc2ccccc2)cc(O)c3C(=O)c4ccccc4C(=O)c13,Nc1c(Oc2ccccc2)cc(O)c2c1C(=O)c1ccccc1C2=O,1
881,CCN(CC)N(O)N=O,CCN(CC)N(O)N=O,1
2344,[O-][N+](=O)c1ccc(s1)c2csc(NC=O)n2,O=CNc1nc(-c2ccc([N+](=O)[O-])s2)cs1,1
1873,COc1ccc(O)cc1,COc1ccc(O)cc1,0
499,CC(O)CN1CC(C)OC1=O,CC(O)CN1CC(C)OC1=O,0
5403,Clc1cccnc1,Clc1cccnc1,0
2972,NC(CSC(=O)NCCCl)C(=O)O,NC(CSC(=O)NCCCl)C(=O)O,1
4258,Cc1c2C3OC3c4ccccc4c2c(C)c5ccccc15,Cc1c2c(c(C)c3ccccc13)C1OC1c1ccccc1-2,1
7246,C(O)(CC1CC(=O)NC(=O)C1)C1CC(C)CC(C)C1=O,CC1CC(C)C(=O)C(C(O)CC2CC(=O)NC(=O)C2)C1,0
6504,OC1CCN(C1)N=O,O=NN1CCC(O)C1,1
3565,Cc1cc2CCC(=O)c2c3ccc4ccccc4c13,Cc1cc2c(c3ccc4ccccc4c13)C(=O)CC2,1
153,CCCC(=O)\N=C\1/SN(C(=O)CCC)c2ccc(cc12)[N+](=O)[O-],CCCC(=O)/N=c1\sn(C(=O)CCC)c2ccc([N+](=O)[O-])cc12,1
5336,ClCCOP(=O)(OCCCl)OCCCl,O=P(OCCCl)(OCCCl)OCCCl,0
2913,N[C@@H](CCC(=O)NNc1ccccc1)C(=O)O,N[C@@H](CCC(=O)NNc1ccccc1)C(=O)O,1
3198,O=C1C(=O)c2cccc3cccc1c23,O=C1C(=O)c2cccc3cccc1c23,1
845,O[C@@H]1CCN(C1)N=O,O=NN1CC[C@@H](O)C1,1
4302,CC(=O)CN(CC(=O)C)N=O,CC(=O)CN(CC(C)=O)N=O,1
7157,c1cccc2c1ccc1c3c4c(c(C)ccc4cc21)CC3=O,Cc1ccc2cc3c(ccc4ccccc43)c3c2c1CC3=O,1
7271,CC12CCC3C(CC=C4CC(O)CCC34C)C1CCC2C(C)CCC(CC)C(C)C,CCC(CCC(C)C1CCC2C3CC=C4CC(O)CCC4(C)C3CCC12C)C(C)C,0
4067,Cc1cc2ccccc2cc1[N+](=O)[O-],Cc1cc2ccccc2cc1[N+](=O)[O-],0
434,NC(CCC(=O)NC(CSC(=O)NCCCl)C(=O)NCC(=O)O)C(=O)O,NC(CCC(=O)NC(CSC(=O)NCCCl)C(=O)NCC(=O)O)C(=O)O,1
6961,CCCCCCCCCCCCC1CO1,CCCCCCCCCCCCC1CO1,0
4320,[O-][N+](=O)c1cccc(c1)C(=O)Cl,O=C(Cl)c1cccc([N+](=O)[O-])c1,1
4017,ClCCN(N=O)C(=O)NC1CCCCC1,O=NN(CCCl)C(=O)NC1CCCCC1,1
3980,COC(=O)c1ccc(C)cc1,COC(=O)c1ccc(C)cc1,0
5049,CC(C)(OO)c1ccccc1,CC(C)(OO)c1ccccc1,1
4761,CCCCN(CC(=O)C)N=O,CCCCN(CC(C)=O)N=O,1
1506,Cc1cc(c2ccccc2c1)[N+](=O)[O-],Cc1cc([N+](=O)[O-])c2ccccc2c1,1
3074,CCN1CCOCC1,CCN1CCOCC1,1
3090,Nc1cc(CCO)c(N)c(c1)[N+](=O)[O-],Nc1cc(CCO)c(N)c([N+](=O)[O-])c1,1
6279,O[C@@H]1CC(=O)c2c(O)ccc3c4ccc(O)c5C(=O)CC[C@H](c45)[C@@]1(O)c23,O=C1CC[C@@H]2c3c(ccc(O)c31)-c1ccc(O)c3c1[C@@]2(O)[C@H](O)CC3=O,1
5461,N#CSCSC#N,N#CSCSC#N,0
5924,OC(=O)CS,O=C(O)CS,0
1519,[O-][N+](=O)c1cccc2c(cccc12)[N+](=O)[O-],O=[N+]([O-])c1cccc2c([N+](=O)[O-])cccc12,1
2109,Cc1cccc2c1cc3ccc4cccc5ccc2c3c45,Cc1cccc2c1cc1ccc3cccc4ccc2c1c34,1
6757,O=C3N(CC1CO1)C(=O)N(CC2CO2)C(=O)N3CC4CO4,O=c1n(CC2CO2)c(=O)n(CC2CO2)c(=O)n1CC1CO1,1
3307,OCCNc1ccc(cc1[N+](=O)[O-])N(CCO)CCO,O=[N+]([O-])c1cc(N(CCO)CCO)ccc1NCCO,1
2801,CC(C)(C)[N+](=O)[O-],CC(C)(C)[N+](=O)[O-],0
2476,Nc1ccc(N=Nc2cccc(c2)N=Nc3ccc(N)cc3N)c(N)c1,Nc1ccc(N=Nc2cccc(N=Nc3ccc(N)cc3N)c2)c(N)c1,1
1193,Cc1cccc(OP(=O)(Oc2ccccc2)Oc3ccccc3)c1,Cc1cccc(OP(=O)(Oc2ccccc2)Oc2ccccc2)c1,0
1396,ClCC=C,C=CCCl,1
1546,C1CNCCN1,C1CNCCN1,0
4345,ClC(=O)Cc1ccccc1,O=C(Cl)Cc1ccccc1,1
986,CCBr,CCBr,1
3646,O=C1c2ccccc2Cc3ccccc13,O=C1c2ccccc2Cc2ccccc21,1
5103,Nc1ncnc2c1ncn2Cc3ccccc3,Nc1ncnc2c1ncn2Cc1ccccc1,1
6371,OCC(O)CO,OCC(O)CO,0
4791,CCN(C=O)N=O,CCN(C=O)N=O,1
3987,C1Cc2cc3ccc4cccc5ccc(c2C=C1)c3c45,C1=Cc2c(cc3ccc4cccc5ccc2c3c45)CC1,1
3063,OC(=O)C(=C(C(Cl)Cl)C(Cl)Cl)Cl,O=C(O)C(Cl)=C(C(Cl)Cl)C(Cl)Cl,1
6060,CC1=CC(=O)Oc2ccc3OC4(C)OOC4(C)c3c12,Cc1cc(=O)oc2ccc3c(c12)C1(C)OOC1(C)O3,1
2719,CC\C=C\C\C=C\C\C=C\CCCCCCCC(=O)O,CC/C=C/C/C=C/C/C=C/CCCCCCCC(=O)O,0
723,Clc1ccc(CC[C@H]2CO2)cc1,Clc1ccc(CC[C@H]2CO2)cc1,1
3510,[O-][N+]1=C2C=CC(=O)C=C2\C(=N/c3ccccc3)\C1(c4ccccc4)c5ccccc5,O=C1C=CC2=[N+]([O-])C(c3ccccc3)(c3ccccc3)/C(=N/c3ccccc3)C2=C1,0
2283,Cc1cc2[nH]c3cc(C)c4ccccc4c3c2c5ccccc15,Cc1cc2[nH]c3cc(C)c4ccccc4c3c2c2ccccc12,1
1381,[O-][N+](=O)c1cccc(c1)c2ccc(cc2[N+](=O)[O-])[N+](=O)[O-],O=[N+]([O-])c1cccc(-c2ccc([N+](=O)[O-])cc2[N+](=O)[O-])c1,1
7120,C(=O)(OCC)C1OC1c1ccccc1,CCOC(=O)C1OC1c1ccccc1,0
2426,OC(=O)CN(CC(=O)O)N=O,O=NN(CC(=O)O)CC(=O)O,1
551,Cc1c(NO)cc(NO)cc1[N+](=O)[O-],Cc1c(NO)cc(NO)cc1[N+](=O)[O-],1
5259,Cn1c(N)nc2ncc(cc12)c3ccccc3,Cn1c(N)nc2ncc(-c3ccccc3)cc21,1
2320,COc1ccc(N)c(C)c1,COc1ccc(N)c(C)c1,1
3617,ClCBr,ClCBr,1
5674,CC(=O)Nc1cc2Cc3ccccc3c2cc1Cl,CC(=O)Nc1cc2c(cc1Cl)-c1ccccc1C2,1
1864,OCc1cc2cccc3ccc4cc5ccccc5c1c4c23,OCc1cc2cccc3ccc4cc5ccccc5c1c4c32,0
3030,OCC(NC(=O)C(Cl)Cl)C(O)c1ccc(cc1)[N+](=O)[O-],O=C(NC(CO)C(O)c1ccc([N+](=O)[O-])cc1)C(Cl)Cl,0
7129,O1c2c1c1cc3c(ccc4ccccc34)cc1c1ccccc21,c1ccc2c(c1)ccc1cc3c(cc12)c1c(c2ccccc23)O1,1
6282,ONC(=O)CNC(=O)c1ccccc1,O=C(CNC(=O)c1ccccc1)NO,1
1380,[O-][N+](=O)c1cccc2nc3ccccc3nc12,O=[N+]([O-])c1cccc2nc3ccccc3nc12,1
5328,Nc1cccc2nc3c(N)cccc3nc12,Nc1cccc2nc3c(N)cccc3nc12,1
1171,NC(CC(=O)c1ccccc1N)C(=O)O,Nc1ccccc1C(=O)CC(N)C(=O)O,0
6209,CCCCCCCCCCCCCOC(=O)c1ccccc1C(=O)OCCCCCCCCCCCCC,CCCCCCCCCCCCCOC(=O)c1ccccc1C(=O)OCCCCCCCCCCCCC,0
2869,Nc1ccc2cc(c(N=Nc3ccc(cc3)c4ccc(cc4)N=Nc5ccc(O)c(c5)C(=O)O)c(O)c2c1)S(=O)(=O)O,Nc1ccc2cc(S(=O)(=O)O)c(N=Nc3ccc(-c4ccc(N=Nc5ccc(O)c(C(=O)O)c5)cc4)cc3)c(O)c2c1,1
6331,C[C@]12CC[C@H]3[C@@H](CC[C@H]4C[C@H](CC[C@]34C)OC(=O)Cc5ccc(cc5)N(CCCl)CCCl)[C@@H]1CCC(=O)N2,C[C@]12CC[C@H]3[C@@H](CC[C@H]4C[C@@H](OC(=O)Cc5ccc(N(CCCl)CCCl)cc5)CC[C@@]43C)[C@@H]1CCC(=O)N2,1
5740,CN(C)CCNC(=O)c1cccc2ccc(nc12)c3ccccc3,CN(C)CCNC(=O)c1cccc2ccc(-c3ccccc3)nc12,1
5250,Nc1ccc(Br)cc1,Nc1ccc(Br)cc1,0
4760,Oc1c2ccccc2c3ccc4cccc5ccc1c3c45,Oc1c2ccccc2c2ccc3cccc4ccc1c2c43,1
1992,C[C@@]1(CO1)c2ccc(cc2)[N+](=O)[O-],C[C@]1(c2ccc([N+](=O)[O-])cc2)CO1,1
4175,Clc1ccc(COC(=O)c2cccc3cccnc23)cc1,O=C(OCc1ccc(Cl)cc1)c1cccc2cccnc12,0
4862,O1[C@@H]2C=Cc3cc4ccc5cccc6ccc(c3[C@H]12)c4c56,C1=C[C@H]2O[C@H]2c2c1cc1ccc3cccc4ccc2c1c34,1
3492,OC(=O)\C=C\c1cccc(c1)[N+](=O)[O-],O=C(O)/C=C/c1cccc([N+](=O)[O-])c1,1
3838,CN(C)c1ccc(cc1)N=Nc2ccc3ncsc3c2,CN(C)c1ccc(N=Nc2ccc3ncsc3c2)cc1,1
6506,Cc1c2ccccc2c(C)c3c1ccc4ccccc43,Cc1c2ccccc2c(C)c2c1ccc1ccccc12,1
1446,[O-][N+](=O)C(Cl)(Cl)Cl,O=[N+]([O-])C(Cl)(Cl)Cl,1
6507,CC(CN1c2ccccc2Sc3ccccc13)N(C)C,CC(CN1c2ccccc2Sc2ccccc21)N(C)C,0
1211,CC(C)Cc1ccc(cc1)C(=O)C,CC(=O)c1ccc(CC(C)C)cc1,0
800,CCCC[C@@H](CC)COC(=O)CCCCCCCCC(=O)OC[C@H](CC)CCCC,CCCC[C@@H](CC)COC(=O)CCCCCCCCC(=O)OC[C@H](CC)CCCC,0
6970,OCC1OC(CC1O)N2CC(=O)C(=N)NC2=O,N=C1NC(=O)N(C2CC(O)C(CO)O2)CC1=O,0
3195,CCN(CC)CC#CC(C)(C)OC(=O)C(O)(C1CCCCC1)c2ccccc2,CCN(CC)CC#CC(C)(C)OC(=O)C(O)(c1ccccc1)C1CCCCC1,0
1599,CCN(CC)c1ccc2C(=CC(=O)Oc2c1)C,CCN(CC)c1ccc2c(C)cc(=O)oc2c1,0
841,Cc1c(cc2c(c1[N+](=O)[O-])C(C)(C)CC2(C)C)[N+](=O)[O-],Cc1c([N+](=O)[O-])cc2c(c1[N+](=O)[O-])C(C)(C)CC2(C)C,0
638,CCc1ccc(\C=C\c2ccc(cc2)[N+](=O)[O-])cc1,CCc1ccc(/C=C/c2ccc([N+](=O)[O-])cc2)cc1,1
2327,CC(C)CC(=O)OC1CC2(COC(=O)C)C(OC3C(O)C(OC(=O)C)C2(C)C34CO4)C=C1C,CC(=O)OCC12CC(OC(=O)CC(C)C)C(C)=CC1OC1C(O)C(OC(C)=O)C2(C)C12CO2,1
2058,CC(=O)N(O)c1ccc(Oc2ccc(Cl)cc2)cc1,CC(=O)N(O)c1ccc(Oc2ccc(Cl)cc2)cc1,1
370,C=CC(=O)OCCOCCOCCOCCOC(=O)C=C,C=CC(=O)OCCOCCOCCOCCOC(=O)C=C,0
3657,CC(N(C)C)c1ccccc1,CC(c1ccccc1)N(C)C,0
4832,C\C(=C/C=C/C(=C/C=C/C=C(\C)/C=C/C=C(\C)/C=C/C1=C(C)CCCC1(C)C)/C)\C=O,CC1=C(/C=C/C(C)=C/C=C/C(C)=C/C=C/C=C(C)/C=C/C=C(\C)C=O)C(C)(C)CCC1,0
5625,O=CCCCC=O,O=CCCCC=O,1
843,O[C@H]1CO[C@H]([C@H](O)[C@@H]1O)N(N=O)c2ccc(cc2)[N+](=O)[O-],O=NN(c1ccc([N+](=O)[O-])cc1)[C@@H]1OC[C@H](O)[C@@H](O)[C@H]1O,1
4432,C1CCc2ccccc2C1,c1ccc2c(c1)CCCC2,0
5236,CCN(CC)c1ccc(cc1)N=Nc2ccccc2,CCN(CC)c1ccc(N=Nc2ccccc2)cc1,0
5452,BrCc1c2ccccc2cc3c1ccc4ccccc34,BrCc1c2ccccc2cc2c1ccc1ccccc12,1
2852,NC(CSc1ccc(cc1[N+](=O)[O-])[N+](=O)[O-])C(=O)O,NC(CSc1ccc([N+](=O)[O-])cc1[N+](=O)[O-])C(=O)O,1
6449,NON(N=O)c1ccccc1,NON(N=O)c1ccccc1,1
6460,OC(=O)C1=NN(C(=O)C1N=Nc2ccc(cc2)S(=O)(=O)O)c3ccc(cc3)S(=O)(=O)O,O=C(O)C1=NN(c2ccc(S(=O)(=O)O)cc2)C(=O)C1N=Nc1ccc(S(=O)(=O)O)cc1,0
443,COc1cc2OC3OC=CC3c2c4OC(=O)C5=C(CCOC5=O)c14,COc1cc2c(c3oc(=O)c4c(c13)CCOC4=O)C1C=COC1O2,1
2384,CC(=O)OC\C=C(/C)\C=C\C=C(/C)\C=C\C1=C(C)CCCC1(C)C,CC(=O)OC/C=C(C)/C=C/C=C(C)/C=C/C1=C(C)CCCC1(C)C,0
2732,OCCCCO,OCCCCO,0
5655,CC(=CC1C(C(=O)O)C1(C)C)C,CC(C)=CC1C(C(=O)O)C1(C)C,0
5353,ClC1c2cccc3ccc4c5ccccc5cc1c4c23,ClC1c2cccc3ccc4c5ccccc5cc1c4c23,1
4377,CCCCN(CC(CO)OCc1ccccc1)N=O,CCCCN(CC(CO)OCc1ccccc1)N=O,1
4257,Oc1cccc(Cl)c1,Oc1cccc(Cl)c1,0
2629,NC(=O)N(c1ccccc1)c2ccc(cc2)C(=O)O,NC(=O)N(c1ccccc1)c1ccc(C(=O)O)cc1,1
6981,CC(O)CCC(=O)C1=COC=C1,CC(O)CCC(=O)c1ccoc1,0
6035,[O-][N+](=O)c1ccc(cc1)C#N,N#Cc1ccc([N+](=O)[O-])cc1,0
14,CCCCCCC(=O)OC1(CCC2C3CCC4=CC(=O)CCC4C3CCC12C)C#C,C#CC1(OC(=O)CCCCCC)CCC2C3CCC4=CC(=O)CCC4C3CCC21C,0
695,[O-][N+](=O)c1cc2ccc3cc4ccccc4c5ccc(c1)c2c35,O=[N+]([O-])c1cc2ccc3cc4ccccc4c4ccc(c1)c2c34,1
7016,CC(=C)C1=C(C=C(C(=C1)O)C)O,C=C(C)c1cc(O)c(C)cc1O,0
2535,CN(C)CCO,CN(C)CCO,0
3978,C[C@H](CCl)O[C@H](C)CCl,C[C@H](CCl)O[C@H](C)CCl,1
5141,C[C@@H](O)COC(C)(C)C,C[C@@H](O)COC(C)(C)C,1
6348,N[C@@H]1CC[C@@H](N)CC1,N[C@H]1CC[C@H](N)CC1,0
1733,c1ccc2[nH]c(nc2c1)c3cscn3,c1ccc2[nH]c(-c3cscn3)nc2c1,1
3210,CCC1C(=C(C)c2cc(O)ccc12)c3ccc(O)cc3,CCC1C(c2ccc(O)cc2)=C(C)c2cc(O)ccc21,0
264,CCCCCCCCN1SC=CC1=O,CCCCCCCCn1sccc1=O,0
5054,CS(=O)C,C[S+](C)[O-],0
752,CN(C)CCN(Cc1ccccc1)c2ccccc2,CN(C)CCN(Cc1ccccc1)c1ccccc1,0
1651,OC(=O)c1cc(Cl)ccc1O,O=C(O)c1cc(Cl)ccc1O,0
2748,ClC(Cl)[C@H](c1ccc(Cl)cc1)c2ccccc2Cl,Clc1ccc([C@H](c2ccccc2Cl)C(Cl)Cl)cc1,0
4596,CC1(C)CCCC(C)(C)N1O,CC1(C)CCCC(C)(C)N1O,0
1157,CC1=C(SCCO1)C(=O)Nc2ccccc2,CC1=C(C(=O)Nc2ccccc2)SCCO1,0
1307,c1ccc2[nH]nnc2c1,c1ccc2[nH]nnc2c1,1
7194,O=NN1C(C)CN(N=O)CC1C,CC1CN(N=O)CC(C)N1N=O,1
1350,CCN(CC)C(=S)SCC(=C)Cl,C=C(Cl)CSC(=S)N(CC)CC,1
1420,CCCCCN,CCCCCN,0
4686,Cc1cc(O)ccc1Cl,Cc1cc(O)ccc1Cl,0
1254,N[C@H](CCCN(N=O)C(=O)N)C(=O)O,NC(=O)N(CCC[C@@H](N)C(=O)O)N=O,1
997,CN=C=O,CN=C=O,0
6469,COC(C)C(O)(C(=O)OCC1=CCN2CCC(OC(=O)C(=CC)C)C21)C(C)(C)O,CC=C(C)C(=O)OC1CCN2CC=C(COC(=O)C(O)(C(C)OC)C(C)(C)O)C12,1
6065,C[n+]1ccsc1N=Nc2c(c3ccccc3)n(C)c4ccccc24,Cn1c(-c2ccccc2)c(N=Nc2scc[n+]2C)c2ccccc21,1
2738,[O-][N+](=O)c1ccc2sc3ccccc3c2c1,O=[N+]([O-])c1ccc2sc3ccccc3c2c1,1
947,O=C1Oc2c3CCCN4CCCc(cc2C=C1)c34,O=c1ccc2cc3c4c(c2o1)CCCN4CCC3,1
6059,CCOC(=O)C(Cl)C(=O)C,CCOC(=O)C(Cl)C(C)=O,0
80,CCN(CC)CCNc1ccc2nc(C)n3c4ccc(O)cc4C(=O)c1c23,CCN(CC)CCNc1ccc2nc(C)n3c4ccc(O)cc4c(=O)c1c23,1
3460,O=C1NS(=O)(=O)c2ccccc12,O=C1NS(=O)(=O)c2ccccc21,0
5858,CC(C)(C)c1ccc(OP(=O)(Oc2ccccc2)Oc3ccccc3)cc1,CC(C)(C)c1ccc(OP(=O)(Oc2ccccc2)Oc2ccccc2)cc1,0
3574,C1N(\N=C\c2ccc(Oc3ccccc3)cc2)N=Nc4c1[nH]c5ccccc45,C(=N/N1Cc2[nH]c3ccccc3c2N=N1)\c1ccc(Oc2ccccc2)cc1,0
2820,O[C@@H]1OCC=C2OC(=O)C=C12,O=C1C=C2C(=CCO[C@H]2O)O1,0
5349,ClC(=O)c1ccc(cc1)C(=O)Cl,O=C(Cl)c1ccc(C(=O)Cl)cc1,1
5741,Nc1ccc2c3ccccc3[nH]c2c1[N+](=O)[O-],Nc1ccc2c([nH]c3ccccc32)c1[N+](=O)[O-],1
6764,CC1=C(C=C(C=C1)C(OC(=O)NC2CCCCC2)(C#C)C3=CC=CC=C3)C,C#CC(OC(=O)NC1CCCCC1)(c1ccccc1)c1ccc(C)c(C)c1,1
4076,[O-][N+](=O)c1ccc(s1)c2nc(N3CCOCC3)c4ccccc4n2,O=[N+]([O-])c1ccc(-c2nc(N3CCOCC3)c3ccccc3n2)s1,1
4486,CC(=O)CC(=O)\C=C\C(=O)O,CC(=O)CC(=O)/C=C/C(=O)O,0
5314,Nc1ccc2c(c1)[nH]c3ccccc23,Nc1ccc2c(c1)[nH]c1ccccc12,1
2276,CNC(=O)c1cccc(NCC(=O)NCCc2ccc(OC)c(OC)c2)c1,CNC(=O)c1cccc(NCC(=O)NCCc2ccc(OC)c(OC)c2)c1,0
2938,CC12CC(=O)C3C(CCC4=CC(=O)C=CC34C)C1CCC2(O)C(=O)CO,CC12C=CC(=O)C=C1CCC1C2C(=O)CC2(C)C1CCC2(O)C(=O)CO,1
2061,COP1(=S)OCc2ccccc2O1,COP1(=S)OCc2ccccc2O1,1
6967,NC1=CC(=C(C=C1)N)S(O)(=O)=O,Nc1ccc(N)c(S(=O)(=O)O)c1,0
392,CNC(=O)\C=C\c1oc(cc1)[N+](=O)[O-],CNC(=O)/C=C/c1ccc([N+](=O)[O-])o1,1
1853,Clc1cccc2cc3ccccc3cc12,Clc1cccc2cc3ccccc3cc12,0
5880,CC(C)Nc1snc2ccccc12,CC(C)Nc1snc2ccccc12,0
2359,CC1=CC(=O)Oc2cc3OC4(C)OOC4(C)c3cc12,Cc1cc(=O)oc2cc3c(cc12)C1(C)OOC1(C)O3,1
3756,Cc1c2ccccc2nc3c1ccc4ccccc34,Cc1c2ccccc2nc2c1ccc1ccccc12,1
6397,CN(C)c1ccc(cc1)C(=C2C=CC(=[N+](C)C)C=C2)c3c(O)c(cc4cc(ccc34)S(=O)(=O)O)S(=O)(=O)O,CN(C)c1ccc(C(=C2C=CC(=[N+](C)C)C=C2)c2c(O)c(S(=O)(=O)O)cc3cc(S(=O)(=O)O)ccc23)cc1,0
7136,N(C(=O)Nc1ccccc1)C1CCCCC1C,CC1CCCCC1NC(=O)Nc1ccccc1,0
2802,CCCCCCCCCC=C,C=CCCCCCCCCC,0
4622,Fc1ccc2ccc3cccnc3c2c1,Fc1ccc2ccc3cccnc3c2c1,1
5009,C[C@@H](O)CN(C)N=O,C[C@@H](O)CN(C)N=O,1
4679,COc1c2ccoc2nc3c(O)cccc13,COc1c2ccoc2nc2c(O)cccc12,1
4107,Nc1ccc(Cl)cc1Cl,Nc1ccc(Cl)cc1Cl,1
1295,CCOP(=O)(OCC)Oc1cc(on1)c2ccccc2,CCOP(=O)(OCC)Oc1cc(-c2ccccc2)on1,0
4048,[O-][N+](=O)c1cc(c2c3CCCCc3c4cccc5ccc1c2c45)[N+](=O)[O-],O=[N+]([O-])c1cc([N+](=O)[O-])c2c3c(c4cccc5ccc1c2c54)CCCC3,1
2389,[O-][N+](=O)c1ccc2c(c1)c(cc3cccc(c23)[N+](=O)[O-])[N+](=O)[O-],O=[N+]([O-])c1ccc2c(c1)c([N+](=O)[O-])cc1cccc([N+](=O)[O-])c12,1
1890,NC(Cc1ccccc1)C(=O)O,NC(Cc1ccccc1)C(=O)O,0
7255,CC1CC2OC(=O)C(C)C2CC2(C)C(O)CC(O)CC12,CC1CC2OC(=O)C(C)C2CC2(C)C(O)CC(O)CC12,1
3215,CCOC(=O)C[n+]1csc2ccccc12,CCOC(=O)C[n+]1csc2ccccc21,0
522,Nc1ccc(cc1O)c2ccc(N)c(O)c2,Nc1ccc(-c2ccc(N)c(O)c2)cc1O,1
4607,[O-][N+](=O)c1c(nc2SCCn12)c3ccc(Cl)cc3,O=[N+]([O-])c1c(-c2ccc(Cl)cc2)nc2n1CCS2,1
3818,Cc1ccc(CC[C@H]2CO2)cc1,Cc1ccc(CC[C@H]2CO2)cc1,1
2126,CCC(=O)OCc1cccc(c1)[N+](=O)[O-],CCC(=O)OCc1cccc([N+](=O)[O-])c1,0
1511,[O-][N+](=O)c1cc(cs1)C(=O)Nc2ccccc2[N+](=O)[O-],O=C(Nc1ccccc1[N+](=O)[O-])c1csc([N+](=O)[O-])c1,1
2817,CC1(C)C(C(=O)OC(C#N)c2cccc(Oc3ccccc3)c2)C1(C)C,CC1(C)C(C(=O)OC(C#N)c2cccc(Oc3ccccc3)c2)C1(C)C,0
2834,[O-][N+](=O)c1cc(cs1)C(=O)Nc2cccc(F)c2,O=C(Nc1cccc(F)c1)c1csc([N+](=O)[O-])c1,1
2828,Cc1cnc2cc3nc(N)n(C)c3c(C)c2n1,Cc1cnc2cc3nc(N)n(C)c3c(C)c2n1,1
3922,Nc1ccc(cc1)N=Nc2ccc(N)cc2,Nc1ccc(N=Nc2ccc(N)cc2)cc1,1
1646,CC(=O)Nc1ccc(NC(=O)C)c2C(=O)c3ccccc3C(=O)c12,CC(=O)Nc1ccc(NC(C)=O)c2c1C(=O)c1ccccc1C2=O,1
3369,CC(=O)Nc1nc2c3cccnc3ccc2n1C,CC(=O)Nc1nc2c3cccnc3ccc2n1C,1
3568,c1ccc2c(c1)ccc3nc4c(ccc5ccccc45)cc23,c1ccc2c(c1)ccc1nc3c(ccc4ccccc43)cc12,1
1061,Cc1ncc(C[n+]2csc(CCO)c2C)c(N)n1,Cc1ncc(C[n+]2csc(CCO)c2C)c(N)n1,0
6854,CN(C)CCCCl,CN(C)CCCCl,1
400,CS(=O)(=O)OCCCCOS(=O)(=O)C,CS(=O)(=O)OCCCCOS(C)(=O)=O,1
656,BrC1=C(Br)C(=O)OC1,O=C1OCC(Br)=C1Br,1
5289,CC(=O)OC1C(O)C(OC(=O)\C=C\c2ccc(O)cc2)C(CO)OC1OC34CC(C)(C)C(=O)C3C(C)(O)C5(CC5)C(=C4)C,CC(=O)OC1C(OC23C=C(C)C4(CC4)C(C)(O)C2C(=O)C(C)(C)C3)OC(CO)C(OC(=O)/C=C/c2ccc(O)cc2)C1O,1
2735,CC(=O)OCNC(=O)c1ccc(Cl)cc1,CC(=O)OCNC(=O)c1ccc(Cl)cc1,0
3404,C\C=C\C1=CC(=O)C23CC2C(C)(C)OC3(O)C1=O,C/C=C/C1=CC(=O)C23CC2C(C)(C)OC3(O)C1=O,1
2565,Nc1cc2[nH]c3ccccc3c2cc1[N+](=O)[O-],Nc1cc2[nH]c3ccccc3c2cc1[N+](=O)[O-],1
1811,[O-][N+](=O)c1cc(NS(=O)(=O)c2cccc3cccnc23)ccc1Cl,O=[N+]([O-])c1cc(NS(=O)(=O)c2cccc3cccnc23)ccc1Cl,0
4456,OC\C(=C(\Cl)/C(=O)O)\C(Cl)Cl,O=C(O)/C(Cl)=C(\CO)C(Cl)Cl,1
512,BrCc1c2ccccc2cc3ccccc13,BrCc1c2ccccc2cc2ccccc12,1
2943,OC(=O)CCCC[C@@H]1CCSS1,O=C(O)CCCC[C@@H]1CCSS1,0
2413,Cl[C@@H]1CO1,Cl[C@@H]1CO1,1
770,Nc1cccc2c(N)cccc12,Nc1cccc2c(N)cccc12,1
6484,Cc1cc(C)c(N=Nc2cc(c3ccccc3c2O)S(=O)(=O)O)c(c1)S(=O)(=O)O,Cc1cc(C)c(N=Nc2cc(S(=O)(=O)O)c3ccccc3c2O)c(S(=O)(=O)O)c1,0
6094,Cc1nnc2CN=C(c3ccccc3Cl)c4cc(Cl)ccc4n12,Cc1nnc2n1-c1ccc(Cl)cc1C(c1ccccc1Cl)=NC2,0
4890,CN(C)CCCN1c2ccccc2CCc3ccccc13,CN(C)CCCN1c2ccccc2CCc2ccccc21,0
1096,Fc1cccc2c1ccc3ncccc23,Fc1cccc2c1ccc1ncccc12,1
5237,CCOCCOC(=O)\C=C/c1ccc(OC)cc1,CCOCCOC(=O)/C=C\c1ccc(OC)cc1,0
4855,[O-][N+](=O)c1oc(\C=C\C=O)cc1,O=C/C=C/c1ccc([N+](=O)[O-])o1,1
1445,OC(=O)COc1cc(Cl)c(Cl)cc1Cl,O=C(O)COc1cc(Cl)c(Cl)cc1Cl,0
2173,CCC(=O)C=C,C=CC(=O)CC,1
6315,ClCCN(CCCl)P1(=O)NC(=O)CCO1,O=C1CCOP(=O)(N(CCCl)CCCl)N1,1
7037,CC(C)CCC(C)NC1=CC=C(C=C1)NC(C)CCC(C)C,CC(C)CCC(C)Nc1ccc(NC(C)CCC(C)C)cc1,0
7001,CC34CCC1C(CCC2=C1C=CC(=C2)O)C35CCC4(O)C(O)C5,CC12CCC3c4ccc(O)cc4CCC3C13CCC2(O)C(O)C3,0
2461,CCOC(=O)N(CCOC(=O)C)N=O,CCOC(=O)N(CCOC(C)=O)N=O,1
362,Oc1ccc2ccccc2c1N=O,O=Nc1c(O)ccc2ccccc12,0
4536,Cc1ccc2cc3c4C=C[C@@H](O)[C@H](O)c4ccc3c5CCc1c25,Cc1ccc2cc3c4c(ccc3c3c2c1CC3)[C@@H](O)[C@H](O)C=C4,1
4745,CN(C)c1ccc(cc1)N=Nc2ccc(COC(=O)C)cc2,CC(=O)OCc1ccc(N=Nc2ccc(N(C)C)cc2)cc1,1
1852,CC(C)S,CC(C)S,0
2560,o1c(nc2ccccc12)c3ccccc3,c1ccc(-c2nc3ccccc3o2)cc1,0
4209,[O-][N+](=O)c1ccccc1Br,O=[N+]([O-])c1ccccc1Br,1
4093,Oc1cc(O)c2ccccc2c1,Oc1cc(O)c2ccccc2c1,1
245,NCCNCCO,NCCNCCO,1
2927,OCc1c(O)c2C(=O)c3ccccc3C(=O)c2cc1OC4OC(COC5OCC(O)C(O)C5O)C(O)C(O)C4O,O=C1c2ccccc2C(=O)c2c1cc(OC1OC(COC3OCC(O)C(O)C3O)C(O)C(O)C1O)c(CO)c2O,1
3533,c1ccc(cc1)P(c2ccccc2)c3ccccc3,c1ccc(P(c2ccccc2)c2ccccc2)cc1,0
5556,CC(C)CC1NC(=O)C(C)N(C)C(=O)CNC(=O)\C(=C/c2ccccc2)\N(C)C1=O,CC(C)CC1NC(=O)C(C)N(C)C(=O)CNC(=O)/C(=C\c2ccccc2)N(C)C1=O,0
6934,CC(C)NCC(O)COC2=C1C=CC=CC1=CC=C2,CC(C)NCC(O)COc1cccc2ccccc12,0
195,CCCCOC(=O)c1ccccc1C(=O)OCCCC,CCCCOC(=O)c1ccccc1C(=O)OCCCC,0
691,O1[C@@H]2[C@H]1c3c4ccccc4cc5c6ccccc6cc2c35,c1ccc2c3c4c(cc5ccccc5c4cc2c1)[C@@H]1O[C@H]31,1
5524,[O-][N+](=O)c1ccc2c(c1)c3cc4ccccc4c5cccc2c35,O=[N+]([O-])c1ccc2c(c1)-c1cc3ccccc3c3cccc-2c13,1
6888,CC1CC(CC(C)(C)C1)OC(=O)C2=C(C=CC=C2)O,CC1CC(OC(=O)c2ccccc2O)CC(C)(C)C1,0
6797,OC1OC(=O)C(=C1C(Cl)Cl)Cl,O=C1OC(O)C(C(Cl)Cl)=C1Cl,1
3235,FC(F)(Cl)C(F)(F)Cl,FC(F)(Cl)C(F)(F)Cl,0
1156,CN1N(C(=O)C(=C1C)N=O)c2ccccc2,Cc1c(N=O)c(=O)n(-c2ccccc2)n1C,1
427,CC(C)Oc1ccccc1OC(=O)N(C)N=O,CC(C)Oc1ccccc1OC(=O)N(C)N=O,1
1291,OC(=O)c1ccc(cc1)N=Nc2ccc(O)c(c2)C(=O)O,O=C(O)c1ccc(N=Nc2ccc(O)c(C(=O)O)c2)cc1,0
4966,CC(=O)Nc1ccc(Oc2ccc(cc2)N(O)C(=O)C)cc1,CC(=O)Nc1ccc(Oc2ccc(N(O)C(C)=O)cc2)cc1,1
7140,OC(=O)/C=C(\Br)/C(=O)c1ccccc1,O=C(O)/C=C(\Br)C(=O)c1ccccc1,1
172,CC(C)CCOC(=O)\C=C/c1ccccc1,CC(C)CCOC(=O)/C=C\c1ccccc1,0
1607,Nc1cc(N)c(c2ccccc2)c(c1)[N+](=O)[O-],Nc1cc(N)c(-c2ccccc2)c([N+](=O)[O-])c1,1
3130,CC(=O)NO,CC(=O)NO,1
3833,CCN(Cc1ccccc1)c2ccccc2,CCN(Cc1ccccc1)c1ccccc1,0
5032,Cc1nc(O)c(cc1c2ccncc2)C#N,Cc1nc(O)c(C#N)cc1-c1ccncc1,0
5641,C(C1CO1)c2cccc3ccccc23,c1ccc2c(CC3CO3)cccc2c1,1
131,OC(CN=N#N)C(O)C(O)C(O)C=O,[N-]=[N+]=NCC(O)C(O)C(O)C(O)C=O,1
2523,[O-][N+](=O)c1cccc2c(cc3ccccc3c12)[N+](=O)[O-],O=[N+]([O-])c1cc2ccccc2c2c([N+](=O)[O-])cccc12,1
5907,CC(C)(Cl)Cl,CC(C)(Cl)Cl,0
7085,CC(C)CCCC(C)C1CCC2C(CCCC12C)=CC=C3CC(O)CCC3=C,C=C1CCC(O)CC1=CC=C1CCCC2(C)C1CCC2C(C)CCCC(C)C,0
2458,ClCC1=CC(=O)OC1,O=C1C=C(CCl)CO1,1
5973,NC(CCC(=O)NC(CSC(=O)NCCO)C(=O)NCC(=O)O)C(=O)O,NC(CCC(=O)NC(CSC(=O)NCCO)C(=O)NCC(=O)O)C(=O)O,0
5538,CC(=O)CCC(=O)C,CC(=O)CCC(C)=O,0
2282,COc1cc(O)c2C(=O)C(=C(Oc2c1)c3ccc(O)c(O)c3)O,COc1cc(O)c2c(=O)c(O)c(-c3ccc(O)c(O)c3)oc2c1,1
2620,O=Nc1ccc2ccc3cc4ccccc4c5ccc1c2c35,O=Nc1ccc2ccc3cc4ccccc4c4ccc1c2c34,1
3062,Cl[C@@H](Br)C#N,N#C[C@@H](Cl)Br,1
5604,O=C(Nc1snc2ccccc12)c3ccccc3,O=C(Nc1snc2ccccc12)c1ccccc1,1
4928,N[C@H](CS)C(=O)O,N[C@H](CS)C(=O)O,1
6327,CC(C)OC(=O)\C=C\c1oc(cc1)[N+](=O)[O-],CC(C)OC(=O)/C=C/c1ccc([N+](=O)[O-])o1,1
5227,c1ccc(nc1)c2cccc(n2)c3ccccn3,c1ccc(-c2cccc(-c3ccccn3)n2)nc1,1
5517,OCNC(=O)NCO,O=C(NCO)NCO,1
7145,Cc1cc2C(=O)C(O)Cc2c2ccc3ccccc3c12,Cc1cc2c(c3ccc4ccccc4c13)CC(O)C2=O,1
3461,C[C@H]1CCOS(=O)(=O)O1,C[C@H]1CCOS(=O)(=O)O1,1
3868,Cc1ccc(cc1N)N=Nc2ccc(C)c(N)c2,Cc1ccc(N=Nc2ccc(C)c(N)c2)cc1N,1
583,NC(=S)N,NC(N)=S,0
6251,Nc1ccccc1C(=O)OCCc2ccccc2,Nc1ccccc1C(=O)OCCc1ccccc1,0
1508,CC(C)(C)C(=O)C(Oc1ccc(Cl)cc1)n2ccnc2,CC(C)(C)C(=O)C(Oc1ccc(Cl)cc1)n1ccnc1,0
3097,[O-][N+](=O)c1ccc(Sc2ccccc2)cc1,O=[N+]([O-])c1ccc(Sc2ccccc2)cc1,1
2700,BrC[C@@H](Br)COC(=O)C=C,C=CC(=O)OC[C@H](Br)CBr,1
7003,OC(=O)C=CC1=CN=C[NH]1,O=C(O)C=Cc1cnc[nH]1,0
3579,Clc1nncc2ncccc12,Clc1nncc2ncccc12,0
6290,CCOC(=O)CNC(=O)C=[N+]=[N-],CCOC(=O)CNC(=O)C=[N+]=[N-],1
169,BrCc1ccccc1,BrCc1ccccc1,1
7124,Cc1ccc(cc1)C1CO1,Cc1ccc(C2CO2)cc1,1
3383,CC(=O)Nc1ccc(Cc2ccc(N)c(Cl)c2)cc1Cl,CC(=O)Nc1ccc(Cc2ccc(N)c(Cl)c2)cc1Cl,1
353,C\C=C/1\C[C@H](C)[C@](O)(CO)C(=O)OCC2=CC[N@@+]3([O-])CC[C@@H](OC1=O)[C@@H]23,C/C=C1/C[C@H](C)[C@](O)(CO)C(=O)OCC2=CC[N@@+]3([O-])CC[C@@H](OC1=O)[C@@H]23,0
5152,ONc1cccc(c1)c2ccccc2,ONc1cccc(-c2ccccc2)c1,0
1123,COc1c2OC(=O)C=Cc2cc3ccoc13,COc1c2occc2cc2ccc(=O)oc12,1
6052,Clc1ccc(Oc2ccc(NC=O)cc2)cc1,O=CNc1ccc(Oc2ccc(Cl)cc2)cc1,1
1875,[O-][N+](=O)c1ccc2ccc3c4C=CCCc4cc5ccc1c2c35,O=[N+]([O-])c1ccc2ccc3c4c(cc5ccc1c2c53)CCC=C4,1
774,Cc1ccc(cc1)c2oc3ccccc3n2,Cc1ccc(-c2nc3ccccc3o2)cc1,0
3598,COc1cc2c(CC3c4c(CC[N+]3(C)C)cc(OC)c(O)c24)cc1O,COc1cc2c(cc1O)CC1c3c(cc(OC)c(O)c3-2)CC[N+]1(C)C,0
5072,Oc1ccc(\C=C\C(=O)c2ccccc2)cc1,O=C(/C=C/c1ccc(O)cc1)c1ccccc1,0
2602,CC1(C)CC(N)CC(C)(C)N1O,CC1(C)CC(N)CC(C)(C)N1O,1
5594,NC(=N)N,N=C(N)N,0
1949,Cc1ccc(cc1)C(=O)N2N=CC(=C(Cl)C2=O)Cl,Cc1ccc(C(=O)n2ncc(Cl)c(Cl)c2=O)cc1,0
4452,COc1cc(O)c2C(=O)c3c(O)cc(C)c(O)c3C(=O)c2c1,COc1cc(O)c2c(c1)C(=O)c1c(O)c(C)cc(O)c1C2=O,1
1490,C=Cc1ccccc1C=C,C=Cc1ccccc1C=C,0
2341,NC1=NC(=O)N(C=C1)C2C=C(CO)C(O)C2O,Nc1ccn(C2C=C(CO)C(O)C2O)c(=O)n1,0
2917,Cc1cc(N)cc(N)c1,Cc1cc(N)cc(N)c1,0
7051,CC(=O)OC3CC2C1(C)CCCC(C)(C)C1CCC2(C)C4(O)CC(=C(C=O)C34C)C=O,CC(=O)OC1CC2C3(C)CCCC(C)(C)C3CCC2(C)C2(O)CC(C=O)=C(C=O)C12C,0
6743,CC(C)NC(OCC1=CC=C(C=C1)[N+]([O-])=O)=NC(C)C,CC(C)N=C(NC(C)C)OCc1ccc([N+](=O)[O-])cc1,1
516,[O-][N+](=O)c1ccc2ccc3c(ccc4ccc1c2c34)N=O,O=Nc1ccc2ccc3c([N+](=O)[O-])ccc4ccc1c2c43,1
1033,Cc1ccc2ccccc2n1,Cc1ccc2ccccc2n1,1
4011,Sc1nc2ccccc2s1,Sc1nc2ccccc2s1,0
96,OC1C=Cc2cc3ccccc3c(c2C1O)[N+](=O)[O-],O=[N+]([O-])c1c2c(cc3ccccc13)C=CC(O)C2O,0
4111,CC1=Nc2ccccc2C1(C)C,CC1=Nc2ccccc2C1(C)C,0
4378,Cc1ccc(NC(=O)c2csc(c2)[N+](=O)[O-])cc1,Cc1ccc(NC(=O)c2csc([N+](=O)[O-])c2)cc1,1
972,c1ccc2c(c1)c3ccccc3c4cc5cnccc5cc24,c1ccc2c(c1)c1ccccc1c1cc3cnccc3cc21,1
4953,ON=C,C=NO,0
6152,CC(Cl)CO,CC(Cl)CO,1
2942,Nc1ccc2c3ccccc3[nH]c2n1,Nc1ccc2c(n1)[nH]c1ccccc12,1
6635,CC(C)(C)OC(=O)NN=CC2=[N+](C1=CC=CC=C1[N+](=C2)[O-])[O-],CC(C)(C)OC(=O)NN=Cc1c[n+]([O-])c2ccccc2[n+]1[O-],1
3686,CC(=O)c1occc1,CC(=O)c1ccco1,1
1667,Cc1cc(Cc2ccc(N)c(C)c2)ccc1N,Cc1cc(Cc2ccc(N)c(C)c2)ccc1N,1
5139,Nc1nc(nc2c1ncn2c3ccc(cc3)[N+](=O)[O-])c4ccc(cc4)[N+](=O)[O-],Nc1nc(-c2ccc([N+](=O)[O-])cc2)nc2c1ncn2-c1ccc([N+](=O)[O-])cc1,1
1482,OC1C=Cc2c(ccc3c(c4ccccc4cc23)[N+](=O)[O-])C1O,O=[N+]([O-])c1c2ccccc2cc2c3c(ccc12)C(O)C(O)C=C3,1
5802,OC1C(Oc2ccc3ccc4cc5ccccc5c6ccc2c3c46)OC(C(O)C1O)C(=O)O,O=C(O)C1OC(Oc2ccc3ccc4cc5ccccc5c5ccc2c3c45)C(O)C(O)C1O,0
6872,N=NC1=NNC=C2C=CC=CC12,N=NC1=NNC=C2C=CC=CC21,1
3775,OC(=O)\C(=C(/CCl)\C=O)\Cl,O=C/C(CCl)=C(\Cl)C(=O)O,1
2693,COc1nsc2ccc(N)cc12,COc1nsc2ccc(N)cc12,1
1584,O=C(ON(OCc1ccccc1)C(=O)c2ccccc2)c3ccc(cc3)C#N,N#Cc1ccc(C(=O)ON(OCc2ccccc2)C(=O)c2ccccc2)cc1,1
3240,NC(=N)c1cc2ccc(Br)cc2[nH]1,N=C(N)c1cc2ccc(Br)cc2[nH]1,0
212,CCOC(=O)C[C@H](SP(=S)(OC)OC)C(=O)OCC,CCOC(=O)C[C@H](SP(=S)(OC)OC)C(=O)OCC,0
6726,C=CC(=O)N(CC1CO1)CC2CO2,C=CC(=O)N(CC1CO1)CC1CO1,1
4309,O=Nc1ccc2ccc3cccc4ccc1c2c34,O=Nc1ccc2ccc3cccc4ccc1c2c34,1
1495,OC(=O)C(Br)(Br)Br,O=C(O)C(Br)(Br)Br,1
1481,CCCCOC(=O)c1ccc(O)cc1,CCCCOC(=O)c1ccc(O)cc1,0
4895,[O-][N+](=O)c1ccc2C(=O)NC(=O)c2c1,O=C1NC(=O)c2cc([N+](=O)[O-])ccc21,1
6594,O[N+]([O-])=C=CC1=CC=C(O1)[N+]([O-])=O,O=[N+]([O-])c1ccc(C=C=[N+]([O-])O)o1,1
19,C[C@@H](O)CCC(=O)c1cocc1,C[C@@H](O)CCC(=O)c1ccoc1,0
2934,Nc1ccc2nc3ccccn3c2n1,Nc1ccc2nc3ccccn3c2n1,1
2753,C\C=C/C=O,C/C=C\C=O,1
1394,O=C1CCCCCCCCCCCCCCO1,O=C1CCCCCCCCCCCCCCO1,0
1846,CC(=O)Oc1cccc2cccnc12,CC(=O)Oc1cccc2cccnc12,0
2414,Nc1ccc(\C=C\c2ccc(N)cc2)cc1,Nc1ccc(/C=C/c2ccc(N)cc2)cc1,1
5775,ClCC(=C)Br,C=C(Br)CCl,1
3233,[O-][n+]1cccc2ccccc12,[O-][n+]1cccc2ccccc21,0
2562,CC(C)c1cc(ccc1N)c2ccccc2,CC(C)c1cc(-c2ccccc2)ccc1N,1
4528,Oc1nc(Cl)nc(Cl)n1,Oc1nc(Cl)nc(Cl)n1,0
7009,CC(CC(O)=O)C(O)=O,CC(CC(=O)O)C(=O)O,0
4453,CCCCCCOC(=O)c1ccccc1C(=O)OCCCCCC,CCCCCCOC(=O)c1ccccc1C(=O)OCCCCCC,0
2170,CC(=O)N(Nc1ccc2c(Cc3ccccc23)c1)c4ccc5c(Cc6ccccc56)c4,CC(=O)N(Nc1ccc2c(c1)Cc1ccccc1-2)c1ccc2c(c1)Cc1ccccc1-2,1
3448,Oc1ccc2cc(cc(c2c1N=Nc3ccc(c4ccccc34)S(=O)(=O)O)S(=O)(=O)O)S(=O)(=O)O,O=S(=O)(O)c1cc(S(=O)(=O)O)c2c(N=Nc3ccc(S(=O)(=O)O)c4ccccc34)c(O)ccc2c1,0
4600,CCOC(=O)C(=NNc1ccc(cc1OC)c2ccc(NN=C(C(=O)OCC)C(=O)OCC)c(OC)c2)C(=O)OCC,CCOC(=O)C(=NNc1ccc(-c2ccc(NN=C(C(=O)OCC)C(=O)OCC)c(OC)c2)cc1OC)C(=O)OCC,0
4472,NC=O,NC=O,0
237,CNC(=O)CSP(=S)(OC)OC,CNC(=O)CSP(=S)(OC)OC,1
1900,Cc1ccccc1N=Nc2ccc(N=Nc3c(O)ccc4ccccc34)c(C)c2,Cc1ccccc1N=Nc1ccc(N=Nc2c(O)ccc3ccccc23)c(C)c1,1
4808,OS(=O)(=O)c1ccc(Oc2ccc3c4ccccc4C(=O)c5cccc2c35)cc1,O=C1c2ccccc2-c2ccc(Oc3ccc(S(=O)(=O)O)cc3)c3cccc1c23,1
3633,O=C1N2Cc3ccccc3C(=O)N2Cc4ccccc14,O=C1c2ccccc2CN2C(=O)c3ccccc3CN12,0
3840,CCN=[N+](C)[O-],CCN=[N+](C)[O-],0
2187,N1C2C1c3cccc4C5NC5c6cccc2c6c34,c1cc2c3c(c1)C1NC1c1cccc(c1-3)C1NC21,1
3033,O=C(OC[C@H]1CO1)c2cccc(c2)C(=O)OC[C@H]3CO3,O=C(OC[C@H]1CO1)c1cccc(C(=O)OC[C@H]2CO2)c1,1
2421,C1CC[C@H]2O[C@H]2C1,C1CC[C@H]2O[C@H]2C1,1
4462,OC1c2ccccc2Oc3ccccc13,OC1c2ccccc2Oc2ccccc21,1
84,COC(=O)C(=C)C,C=C(C)C(=O)OC,0
6249,OC(=O)CCCCCCCBr,O=C(O)CCCCCCCBr,1
2286,OCC1CCCO1,OCC1CCCO1,0
372,CSc1cc(SC)c(N)c(C)c1N,CSc1cc(SC)c(N)c(C)c1N,1
6843,OCC(Br)CBr,OCC(Br)CBr,1
5718,Nc1ncnc2c1ncn2c3ccc(cc3)[N+](=O)[O-],Nc1ncnc2c1ncn2-c1ccc([N+](=O)[O-])cc1,1
5893,CC(C)N,CC(C)N,0
305,CNc1ccccc1,CNc1ccccc1,0
1273,ClC(Cl)C(=O)C(Cl)(Cl)Cl,O=C(C(Cl)Cl)C(Cl)(Cl)Cl,1
6063,[O-][N+](=O)c1cccc2c1ncc3cnc4ccccc4c23,O=[N+]([O-])c1cccc2c1ncc1cnc3ccccc3c12,1
6410,CC(=O)Nc1ccc2c(Cc3cc(O)ccc23)c1,CC(=O)Nc1ccc2c(c1)Cc1cc(O)ccc1-2,1
3421,C1C[n+]2ccccc2c3cccc[n+]13,c1cc[n+]2c(c1)-c1cccc[n+]1CC2,0
514,CN(C)CCCNC(=O)C=C,C=CC(=O)NCCCN(C)C,0
1269,CC(=O)O[C@]1(CC[C@H]2[C@@H]3CCC4=CC(=O)CC[C@@H]4[C@H]3CC[C@]12C)C#C,C#C[C@]1(OC(C)=O)CC[C@H]2[C@@H]3CCC4=CC(=O)CC[C@@H]4[C@H]3CC[C@@]21C,0
2062,C[C@@]12CC[C@H](C[C@@H]1O2)C=C,C=C[C@@H]1CC[C@@]2(C)O[C@H]2C1,0
1478,CCCCOCC=O,CCCCOCC=O,0
6803,BrCC(=O)NCC1=CC=CC=C1,O=C(CBr)NCc1ccccc1,1
6573,CC(C)=C(Cl)C=O,CC(C)=C(Cl)C=O,1
3886,CSSC,CSSC,0
6723,OC1=NSC2=CC(=CC=C12)[N+]([O-])=O,O=[N+]([O-])c1ccc2c(O)nsc2c1,1
4159,CC(=O)[C@@H](N=Nc1ccc(cc1Cl)c2ccc(N=N[C@H](C(=O)C)C(=O)Nc3ccccc3)c(Cl)c2)C(=O)Nc4ccccc4,CC(=O)[C@@H](N=Nc1ccc(-c2ccc(N=N[C@H](C(C)=O)C(=O)Nc3ccccc3)c(Cl)c2)cc1Cl)C(=O)Nc1ccccc1,0
814,COc1cc(O)c2C(=O)c3c(O)ccc(O)c3Oc2c1,COc1cc(O)c2c(=O)c3c(O)ccc(O)c3oc2c1,1
7256,Cc1ccc2cc3c4C(O)C(O)C=Cc4ccc3c3CCc1c23,Cc1ccc2cc3c4c(ccc3c3c2c1CC3)C=CC(O)C4O,1
900,C[N+](C)(C)CCO,C[N+](C)(C)CCO,0
358,OCCCCl,OCCCCl,1
413,OC(=O)c1cc(ccc1O)N=Nc2ccc(cc2)S(=O)(=O)Nc3ccccn3,O=C(O)c1cc(N=Nc2ccc(S(=O)(=O)Nc3ccccn3)cc2)ccc1O,0
600,FC(F)OC(Cl)C(F)(F)F,FC(F)OC(Cl)C(F)(F)F,0
2963,OC(=O)CCc1c[nH]c2ccccc12,O=C(O)CCc1c[nH]c2ccccc12,0
7119,O=C1C2(CC(CC2)C1(C)C)C,CC12CCC(C1)C(C)(C)C2=O,0
5531,OC[C@H](Br)CBr,OC[C@H](Br)CBr,1
1720,CCOP(=S)(OCC)OP(=S)(OCC)OCC,CCOP(=S)(OCC)OP(=S)(OCC)OCC,1
2895,Clc1cc(Cl)cc(c1)N2C(=O)CCC2=O,O=C1CCC(=O)N1c1cc(Cl)cc(Cl)c1,0
2518,Nc1ccc(cc1)c2ccc(N)c(c2)[N+](=O)[O-],Nc1ccc(-c2ccc(N)c([N+](=O)[O-])c2)cc1,1
3740,CCN(CC)C(=O)\C(=C(\C)/OP(=O)(OC)OC)\Cl,CCN(CC)C(=O)/C(Cl)=C(/C)OP(=O)(OC)OC,1
3338,O=C(C1OC1c2ccc(cc2)c3ccccc3)c4ccccc4,O=C(c1ccccc1)C1OC1c1ccc(-c2ccccc2)cc1,0
1932,C[C@]12C[C@H](O)[C@H]3[C@@H](CCC4=CC(=O)C=C[C@]34C)[C@@H]1CC[C@]2(O)C(=O)CO,C[C@]12C[C@H](O)[C@H]3[C@@H](CCC4=CC(=O)C=C[C@@]43C)[C@@H]1CC[C@]2(O)C(=O)CO,0
3330,CCN(C(=O)CCCCl)c1snc2ccccc12,CCN(C(=O)CCCCl)c1snc2ccccc12,0
6667,[O-][N+](=O)C4=C3C1=CC=CC=C1C2=CC=CC5=C2C3=C(C=C4)C6OC56,O=[N+]([O-])c1ccc2c3c4c(cccc4c4ccccc4c13)C1OC21,1
1755,Oc1c(cc(cc1[N+](=O)[O-])[N+](=O)[O-])[N+](=O)[O-],O=[N+]([O-])c1cc([N+](=O)[O-])c(O)c([N+](=O)[O-])c1,1
3194,CCOc1ccc(NO)cc1,CCOc1ccc(NO)cc1,1
5124,CC(=O)Nc1ccc(cc1)C(=O)O,CC(=O)Nc1ccc(C(=O)O)cc1,0
6398,CC(=O)Oc1c(OC(=O)C)c2c(ccc3c4ccccc4c5cccc1c5c23)[N+](=O)[O-],CC(=O)Oc1c(OC(C)=O)c2c([N+](=O)[O-])ccc3c4ccccc4c4cccc1c4c23,1
2191,[O-][N+](=O)c1oc(\C=N\N2CC(=O)NC2=O)cc1,O=C1CN(/N=C/c2ccc([N+](=O)[O-])o2)C(=O)N1,1
4932,O=Nc1ccc2ccc3c4ccccc4cc5ccc1c2c35,O=Nc1ccc2ccc3c4ccccc4cc4ccc1c2c43,1
6753,CC(=O)OC1CC4=C2C1=C(C=CC2=CC5=C3C=CC=CC3=CC=C45)C,CC(=O)OC1Cc2c3ccc4ccccc4c3cc3ccc(C)c1c23,1
3850,Nc1ccc(F)cc1F,Nc1ccc(F)cc1F,1
1015,OC(C(O)C(=O)OCCBr)C(=O)OCCBr,O=C(OCCBr)C(O)C(O)C(=O)OCCBr,1
193,NC(=O)CCCCC(=O)N,NC(=O)CCCCC(N)=O,0
4853,COc1ccc(Nc2c3ccccc3nc4ccccc24)cc1,COc1ccc(Nc2c3ccccc3nc3ccccc23)cc1,1
3171,COc1cc(N)c(C)cc1N,COc1cc(N)c(C)cc1N,0
1501,Cc1ncc(CO)c(CO)c1O,Cc1ncc(CO)c(CO)c1O,0
6826,O1C2C=CC=CC12,C1=CC2OC2C=C1,1
6977,ClNC1=NC(=NC(=N1)NCl)NCl,ClNc1nc(NCl)nc(NCl)n1,0
786,Oc1c(Cl)cc(Cl)cc1Sc2cc(Cl)cc(Cl)c2O,Oc1c(Cl)cc(Cl)cc1Sc1cc(Cl)cc(Cl)c1O,0
2970,NC(=O)OCC1C(NC(=O)\C(=N/OCC(=O)O)\c2csc(N)n2)C(=O)N1S(=O)(=O)O,NC(=O)OCC1C(NC(=O)/C(=N\OCC(=O)O)c2csc(N)n2)C(=O)N1S(=O)(=O)O,0
1205,Cc1cc2ccccc2c3cc(c4ccccc4c13)[N+](=O)[O-],Cc1cc2ccccc2c2cc([N+](=O)[O-])c3ccccc3c12,1
886,Nc1ccc(Nc2ccc(cc2)[N+](=O)[O-])cc1,Nc1ccc(Nc2ccc([N+](=O)[O-])cc2)cc1,1
6512,CNCC(O)c1cccc(O)c1,CNCC(O)c1cccc(O)c1,0
3970,CN1CCC(=CC1)c2ccccc2,CN1CC=C(c2ccccc2)CC1,0
3517,CCN=C=S,CCN=C=S,0
1008,CCOCCOC(=O)c1cc(Cc2ccc(N)c(c2)C(=O)OCCOCC)ccc1N,CCOCCOC(=O)c1cc(Cc2ccc(N)c(C(=O)OCCOCC)c2)ccc1N,0
34,CCNN=NCC,CCN=NNCC,1
4364,[O-][N+](=O)c1ccc2c3ccccc3c4c(ccc5ccc1c2c45)[N+](=O)[O-],O=[N+]([O-])c1ccc2c3ccccc3c3c([N+](=O)[O-])ccc4ccc1c2c43,1
6113,CN(Cc1ccccc1)C(=O)CBr,CN(Cc1ccccc1)C(=O)CBr,0
546,CC(=O)Nc1ccc(C)c(c1)N=[N+]([O-])c2cc(NC(=O)C)ccc2C,CC(=O)Nc1ccc(C)c(N=[N+]([O-])c2cc(NC(C)=O)ccc2C)c1,0
5673,CC(=O)C(=O)C,CC(=O)C(C)=O,1
8,CCN(CC(O)C1=CC(=O)C(C=C1)=N#N)N=O,CCN(CC(O)C1=CC(=O)C(=[N+]=[N-])C=C1)N=O,1
1261,CC(C)COC(=O)c1ccccc1C(=O)OCC(C)C,CC(C)COC(=O)c1ccccc1C(=O)OCC(C)C,0
5852,Clc1ccc(C=O)c(Cl)c1,O=Cc1ccc(Cl)cc1Cl,0
6020,ON1CN(Cl)CN(Cl)C1,ON1CN(Cl)CN(Cl)C1,0
6234,NC(=O)c1[nH]cnc1[N+]#N,N#[N+]c1nc[nH]c1C(N)=O,1
1505,NC1=CC(=O)C(=O)c2ccccc12,NC1=CC(=O)C(=O)c2ccccc21,1
2631,COc1ccc2C(=O)c3c(OC)c(OC)cc4ccnc(c2c1)c34,COc1ccc2c(c1)-c1nccc3cc(OC)c(OC)c(c13)C2=O,1
3204,Nc1ccc2c(Cc3cc(ccc23)[N+](=O)[O-])c1,Nc1ccc2c(c1)Cc1cc([N+](=O)[O-])ccc1-2,1
784,CCC(CC)c1cccc(OC(=O)N(C)N=O)c1,CCC(CC)c1cccc(OC(=O)N(C)N=O)c1,1
4184,ClC#N,N#CCl,0
519,Clc1cccc(Cl)c1,Clc1cccc(Cl)c1,0
18,NC(=O)Nc1nc2ccccc2[nH]1,NC(=O)Nc1nc2ccccc2[nH]1,1
5727,Oc1ccc(cc1)C2(OC(=O)c3ccccc23)c4ccc(O)cc4,O=C1OC(c2ccc(O)cc2)(c2ccc(O)cc2)c2ccccc21,0
6790,[N-]=[N+]=C1C=NC(=O)NC1=O,[N-]=[N+]=C1C=NC(=O)NC1=O,1
6476,CC(=O)OC(C=C)c1ccc2OCOc2c1,C=CC(OC(C)=O)c1ccc2c(c1)OCO2,1
5477,N#N=NCCC(c1ccccc1)c2ccccc2,[N-]=[N+]=NCCC(c1ccccc1)c1ccccc1,1
2149,ClCCC(=O)\N=C\1/SN(C(=O)CCCl)c2ccccc12,O=C(CCCl)/N=c1\sn(C(=O)CCCl)c2ccccc12,0
5845,CCCCC\C=C\C\C=C\CCCCCCCC(=O)O,CCCCC/C=C/C/C=C/CCCCCCCC(=O)O,0
4042,CCCCCC(=O)OCC=C,C=CCOC(=O)CCCCC,0
2695,[O-][N+](=O)c1ccc(cc1)[C@@H]2O[C@H]2C(=O)c3ccccc3,O=C(c1ccccc1)[C@@H]1O[C@H]1c1ccc([N+](=O)[O-])cc1,0
6988,C=CC(=O)OCCOC(=O)C=C,C=CC(=O)OCCOC(=O)C=C,0
7190,OCC1OC(Oc2cccc3C(=O)c4cccc(O)c4C(=O)c23)C(O)C(O)C1O,O=C1c2cccc(O)c2C(=O)c2c(OC3OC(CO)C(O)C(O)C3O)cccc21,1
2694,CN(N=O)C(=N)N[N+](=O)[O-],CN(N=O)C(=N)N[N+](=O)[O-],1
113,Nc1ccccc1SCCSc2ccccc2N,Nc1ccccc1SCCSc1ccccc1N,1
4571,Oc1c2ccccc2c(O)c3c1ccc4nc5c6C(=O)c7ccccc7C(=O)c6ccc5nc34,O=C1c2ccccc2C(=O)c2c1ccc1nc3c(ccc4c(O)c5ccccc5c(O)c43)nc21,0
2793,Nc1cc(ccc1Cl)C(F)(F)F,Nc1cc(C(F)(F)F)ccc1Cl,0
5578,OCN=N,N=NCO,1
1804,Clc1ccc2c(oc3ccccc23)c1,Clc1ccc2c(c1)oc1ccccc12,1
5634,CN(C)C(=S)SSC(=S)N(C)C,CN(C)C(=S)SSC(=S)N(C)C,1
5798,COc1ccc(\C=C\C(=O)c2ccccc2)cc1,COc1ccc(/C=C/C(=O)c2ccccc2)cc1,0
5365,O=C1CCc2ccccc2O1,O=C1CCc2ccccc2O1,0
4127,OCC12COC(N1C(OC2)c3ccc(cc3)[N+](=O)[O-])c4ccc(cc4)[N+](=O)[O-],O=[N+]([O-])c1ccc(C2OCC3(CO)COC(c4ccc([N+](=O)[O-])cc4)N23)cc1,1
110,C\C=C(/Cl)\C1=CC(=O)C23CC2C(C)(C)OC3(O)C1=O,C/C=C(\Cl)C1=CC(=O)C23CC2C(C)(C)OC3(O)C1=O,1
3040,COC(C)(C)CC(=O)C,COC(C)(C)CC(C)=O,0
1612,Clc1ccc(CO[C@H](Cn2ccnc2)c3ccc(Cl)cc3Cl)cc1,Clc1ccc(CO[C@H](Cn2ccnc2)c2ccc(Cl)cc2Cl)cc1,0
5967,Oc1ccc2ccccc2c1N=Nc3ccc(cc3Cl)[N+](=O)[O-],O=[N+]([O-])c1ccc(N=Nc2c(O)ccc3ccccc23)c(Cl)c1,1
3285,Nc1nc(N)nc(Cl)n1,Nc1nc(N)nc(Cl)n1,0
7201,O1C(CCI)OC(CO)C1,OCC1COC(CCI)O1,1
3314,CCOP(=O)(C#N)N(C)C,CCOP(=O)(C#N)N(C)C,0
4172,Cc1ccc2C(=O)c3c(cccc3[N+](=O)[O-])C(=O)c2c1[N+](=O)[O-],Cc1ccc2c(c1[N+](=O)[O-])C(=O)c1cccc([N+](=O)[O-])c1C2=O,1
2678,Clc1ccc(Cl)nc1,Clc1ccc(Cl)nc1,0
70,CC1COCc2cc3c(cc12)C(C)(C)C(C)C3(C)C,CC1COCc2cc3c(cc21)C(C)(C)C(C)C3(C)C,0
6896,OC(=O)C2=C(C=C1C=CC=CC1=C2)O,O=C(O)c1cc2ccccc2cc1O,0
1840,Clc1ccc(Cl)c(Cl)c1,Clc1ccc(Cl)c(Cl)c1,0
2119,Nc1ccc(cc1)c2ccc(N)cc2[N+](=O)[O-],Nc1ccc(-c2ccc(N)cc2[N+](=O)[O-])cc1,1
677,C(=C\c1cccc(\C=C\c2ccccc2)c1)/c3ccccc3,C(=C/c1cccc(/C=C/c2ccccc2)c1)\c1ccccc1,0
5716,CC(=O)Nc1nc(\C=C/c2oc(cc2)[N+](=O)[O-])cs1,CC(=O)Nc1nc(/C=C\c2ccc([N+](=O)[O-])o2)cs1,1
2563,ClCc1cc2cccc3ccc4cc5ccccc5c1c4c23,ClCc1cc2cccc3ccc4cc5ccccc5c1c4c32,1
1869,COc1ccc2C(=CC(=O)Oc2c1)CBr,COc1ccc2c(CBr)cc(=O)oc2c1,0
5448,Cc1cccc(C)c1NO,Cc1cccc(C)c1NO,1
858,CC(=O)c1cc(N)ccc1OCC(O)CNC(C)(C)C,CC(=O)c1cc(N)ccc1OCC(O)CNC(C)(C)C,0
5551,CC(Cl)c1ccccc1,CC(Cl)c1ccccc1,0
7198,O=NN1CCN(N=O)CC1C,CC1CN(N=O)CCN1N=O,1
5369,CCCCC[C@@H](CC)OC(=O)c1cccc(c1)C(=O)O[C@H](CC)CCCCC,CCCCC[C@@H](CC)OC(=O)c1cccc(C(=O)O[C@H](CC)CCCCC)c1,0
2814,COc1ccc(cc1[N+](=O)[O-])[N+](=O)[O-],COc1ccc([N+](=O)[O-])cc1[N+](=O)[O-],1
2481,CCCC[C@@H](CC)CN,CCCC[C@@H](CC)CN,0
1314,Clc1c(Cl)c(Cl)c(C=C)c(Cl)c1Cl,C=Cc1c(Cl)c(Cl)c(Cl)c(Cl)c1Cl,0
4513,Nc1ccc(O)cc1,Nc1ccc(O)cc1,0
3283,CN(C)CCCNc1c2ccccc2nc3c(Cl)ccc(c13)[N+](=O)[O-],CN(C)CCCNc1c2ccccc2nc2c(Cl)ccc([N+](=O)[O-])c12,1
4563,N[C@@H](CCC(=O)N[C@@H](CSC(=C(Cl)Cl)Cl)C(=O)NCC(=O)O)C(=O)O,N[C@@H](CCC(=O)N[C@@H](CSC(Cl)=C(Cl)Cl)C(=O)NCC(=O)O)C(=O)O,1
3719,ClC[C@@H]1O[C@H](CCl)O[C@H](CCl)O1,ClC[C@H]1O[C@@H](CCl)O[C@@H](CCl)O1,1
6435,CCCCCCCCS(=O)C(C)Cc1ccc2OCOc2c1,CCCCCCCC[S+]([O-])C(C)Cc1ccc2c(c1)OCO2,0
3580,CCN(N=O)C(=O)N(C)C,CCN(N=O)C(=O)N(C)C,1
6848,C(CCC1CO1)CC2CO2,C(CCC1CO1)CC1CO1,1
4124,CCC\C=C\C(=O)OC1C(C)(C)CC2C1(O)C=C(C=O)C34CC23C(=O)OC4O,CCC/C=C/C(=O)OC1C(C)(C)CC2C1(O)C=C(C=O)C13CC21C(=O)OC3O,1
1818,CCCCOC(=O)COc1ccc(Cl)cc1Cl,CCCCOC(=O)COc1ccc(Cl)cc1Cl,0
4390,CCN(CCCl)CCCNc1c2ccccc2nc3c1ccc4ccccc34,CCN(CCCl)CCCNc1c2ccccc2nc2c1ccc1ccccc12,1
2951,CC(C)(c1ccc(OCC(O)CO)cc1)c2ccc(OCC(O)CO)cc2,CC(C)(c1ccc(OCC(O)CO)cc1)c1ccc(OCC(O)CO)cc1,0
2977,[O-][N+](=O)c1cc2cccc3c4ccccc4c(c1[N+](=O)[O-])c23,O=[N+]([O-])c1cc2cccc3c2c(c1[N+](=O)[O-])-c1ccccc1-3,1
4328,CN(C)c1ccc(cc1)N=Nc2ccccc2COC(=O)C,CC(=O)OCc1ccccc1N=Nc1ccc(N(C)C)cc1,1
5770,O1OC2c3ccccc3C1c4ccccc24,c1ccc2c(c1)C1OOC2c2ccccc21,0
257,CC1Cc2c(O)c(C)c3C4C(CCC(=C)c3c2C1=O)C4(C)C,C=C1CCC2C(c3c(C)c(O)c4c(c31)C(=O)C(C)C4)C2(C)C,0
5999,CCn1c(N)nc2c3cccnc3cc(C)c12,CCn1c(N)nc2c3cccnc3cc(C)c21,1
1028,Nc1ccc(O)c2C(=O)c3c(N)ccc(O)c3C(=O)c12,Nc1ccc(O)c2c1C(=O)c1c(O)ccc(N)c1C2=O,1
3793,CCCCCCCCCCCCCC(=O)N(O)c1ccc2c(Cc3ccccc23)c1,CCCCCCCCCCCCCC(=O)N(O)c1ccc2c(c1)Cc1ccccc1-2,1
6665,C(CC1=CC=C(C=C1)C2=CC=CC=C2)C3CO3,c1ccc(-c2ccc(CCC3CO3)cc2)cc1,1
2755,OC(=O)\C=C\c1ccc(O)c(O)c1,O=C(O)/C=C/c1ccc(O)c(O)c1,0
4553,CC(=O)CCl,CC(=O)CCl,0
1876,C[C@@H](O)CNC[C@@H](C)O,C[C@@H](O)CNC[C@@H](C)O,0
5175,O=NN1CCNC1=O,O=NN1CCNC1=O,1
2555,Nc1ccc(cc1)S(=O)(=O)c2ccc(N)cc2,Nc1ccc(S(=O)(=O)c2ccc(N)cc2)cc1,0
3158,Nc1cccc2cc3ccccc3cc12,Nc1cccc2cc3ccccc3cc12,1
6533,CCOC(=O)C1OC1(C)c2ccccc2,CCOC(=O)C1OC1(C)c1ccccc1,0
2202,O=NN1CCC(=O)NC1=O,O=NN1CCC(=O)NC1=O,1
5989,C(OCc1cccc2ccccc12)C3CO3,c1ccc2c(COCC3CO3)cccc2c1,1
573,COc1c(C(=O)O)c(O)nc2ccccc12,COc1c(C(=O)O)c(O)nc2ccccc12,0
2956,CCCC(=O)C1c2cccc(O)c2C(=O)c3c(O)cccc13,CCCC(=O)C1c2cccc(O)c2C(=O)c2c(O)cccc21,1
2687,CCCN(CCC)c1c(cc(cc1[N+](=O)[O-])C(F)(F)F)[N+](=O)[O-],CCCN(CCC)c1c([N+](=O)[O-])cc(C(F)(F)F)cc1[N+](=O)[O-],1
4069,CC1(CO)C(O)CCC2(C)C1CCC3CC4CC23CCC4(O)CO,CC1(CO)C(O)CCC2(C)C1CCC1CC3CC12CCC3(O)CO,0
2030,Cc1ccc2cc3ccc4ccccc4c3cc2c1,Cc1ccc2cc3ccc4ccccc4c3cc2c1,1
818,CC(=O)OC1Cc2c(C)ccc3cc4c(ccc5ccccc45)c1c23,CC(=O)OC1Cc2c(C)ccc3cc4c(ccc5ccccc54)c1c23,1
222,ClCC1=C(Br)C(=O)OC1,O=C1OCC(CCl)=C1Br,1
1454,CC(=O)c1ccc(NO)cc1,CC(=O)c1ccc(NO)cc1,1
3231,CC1CN(CC(C)O1)N=O,CC1CN(N=O)CC(C)O1,1
4945,N1C2C1c3cc4ccccc4cc3c5ccccc25,c1ccc2c(c1)-c1cc3ccccc3cc1C1NC21,1
6951,OC1C(=O)C(=O)C1=O,O=C1C(=O)C(O)C1=O,0
5480,CCNC(=S)NCC,CCNC(=S)NCC,0
3611,CCN(CC)S(=O)(=O)c1ccc(NC(=O)C)cc1,CCN(CC)S(=O)(=O)c1ccc(NC(C)=O)cc1,0
5929,O[C@H](C#N)c1ccccc1,N#C[C@@H](O)c1ccccc1,0
3403,Nc1snc2ccc(cc12)[N+](=O)[O-],Nc1snc2ccc([N+](=O)[O-])cc12,1
5951,Nc1c(Br)cc(cc1[N+](=O)[O-])[N+](=O)[O-],Nc1c(Br)cc([N+](=O)[O-])cc1[N+](=O)[O-],1
5920,OC(=O)C1CSCN1N=O,O=NN1CSCC1C(=O)O,0
5810,CCN(CC)c1ccc(cc1)N=O,CCN(CC)c1ccc(N=O)cc1,1
4561,CC(C=C)C#N,C=CC(C)C#N,0
4927,c1ccc2c(c1)[nH]c3cnccc23,c1ccc2c(c1)[nH]c1cnccc12,1
3531,COc1cccc2C(=O)c3c(O)c4C[C@](O)(C[C@H](O)c4c(O)c3C(=O)c12)C(=O)C,COc1cccc2c1C(=O)c1c(O)c3c(c(O)c1C2=O)C[C@@](O)(C(C)=O)C[C@@H]3O,1
718,Cc1oc(C)cc1,Cc1ccc(C)o1,0
3123,Oc1ccc(cc1)C2=COc3cc(O)ccc3C2=O,O=c1c(-c2ccc(O)cc2)coc2cc(O)ccc12,0
1430,CCCCOCC(=O)O,CCCCOCC(=O)O,0
5111,Nc1ccc(N)c2ccccc12,Nc1ccc(N)c2ccccc12,1
2878,Cc1cnc2cc(CO)c3c(nc(N)n3C)c2n1,Cc1cnc2cc(CO)c3c(nc(N)n3C)c2n1,1
613,CN(C)C1=C(C)N(C)N(C1=O)c2ccccc2,Cc1c(N(C)C)c(=O)n(-c2ccccc2)n1C,1
2891,CSCCC(N)C(=O)O,CSCCC(N)C(=O)O,0
5981,O=NN1CCCNC1=O,O=NN1CCCNC1=O,1
4650,Nc1ccc(Cc2ccc(N)cc2[N+](=O)[O-])c(c1)[N+](=O)[O-],Nc1ccc(Cc2ccc(N)cc2[N+](=O)[O-])c([N+](=O)[O-])c1,1
2836,CC(C)Cl,CC(C)Cl,1
3979,Cc1ccc(NS(=O)(=O)c2cccc3cccnc23)cc1,Cc1ccc(NS(=O)(=O)c2cccc3cccnc23)cc1,0
5702,Nc1ccc(O)c(c1)[N+](=O)[O-],Nc1ccc(O)c([N+](=O)[O-])c1,1
5468,O=C(ON=C1C=CC(=NOC(=O)c2ccccc2)C=C1)c3ccccc3,O=C(ON=C1C=CC(=NOC(=O)c2ccccc2)C=C1)c1ccccc1,1
1018,CC(=O)C(=C)Br,C=C(Br)C(C)=O,1
6992,CC(C)(C)C1=C(C(=CC(=C1)C=CC2=CC(=C(C(=C2)C(C)(C)C)O)C(C)(C)C)C(C)(C)C)O,CC(C)(C)c1cc(C=Cc2cc(C(C)(C)C)c(O)c(C(C)(C)C)c2)cc(C(C)(C)C)c1O,0
2403,Clc1cccc(Br)c1,Clc1cccc(Br)c1,0
7052,O=C1CC(=O)C1=O,O=C1CC(=O)C1=O,0
671,O=C1c2ccc3ccccc3c2c4c1ccc5ccccc45,O=C1c2ccc3ccccc3c2-c2c1ccc1ccccc21,1
4626,Nc1nc(Cl)c2ncn(CC(O)CN=N#N)c2n1,[N-]=[N+]=NCC(O)Cn1cnc2c(Cl)nc(N)nc21,1
464,COc1ccc(OC)c(c1)N=Nc2c(O)ccc3ccccc23,COc1ccc(OC)c(N=Nc2c(O)ccc3ccccc23)c1,1
5658,c1cnc2c(c1)ccc3ncccc23,c1cnc2c(c1)ccc1ncccc12,1
3675,Clc1ccc2Oc3cc(Cl)ccc3Oc2c1,Clc1ccc2c(c1)Oc1ccc(Cl)cc1O2,0
2785,[O-][N+](=O)c1ccc2oc3ccc(cc3c2c1)[N+](=O)[O-],O=[N+]([O-])c1ccc2oc3ccc([N+](=O)[O-])cc3c2c1,1
6924,CN(C)C1=CC=C(C=C1)N=NC2=CN=CC=C2,CN(C)c1ccc(N=Nc2cccnc2)cc1,0
5010,Oc1cc2cccc3ccc4c(ccc1c4c23)[N+](=O)[O-],O=[N+]([O-])c1ccc2c(O)cc3cccc4ccc1c2c43,1
2217,Nc1c2ncn(Cc3ccccc3)c2nc[n+]1[O-],Nc1c2ncn(Cc3ccccc3)c2nc[n+]1[O-],1
6827,[N-]=[N+]=NCC1=CC=CC=C1,[N-]=[N+]=NCc1ccccc1,1
3372,ClCCN(CCCl)P1(=O)OCCCN1CCCl,O=P1(N(CCCl)CCCl)OCCCN1CCCl,1
5894,CCCCN(CCO[N+](=O)[O-])[N+](=O)[O-],CCCCN(CCO[N+](=O)[O-])[N+](=O)[O-],1
2391,CC(=O)c1ccc2OC3(CC3)C(=O)c2c1,CC(=O)c1ccc2c(c1)C(=O)C1(CC1)O2,0
3766,Oc1cc2C(=O)c3ccccc3C(=O)c2c(O)c1C=O,O=Cc1c(O)cc2c(c1O)C(=O)c1ccccc1C2=O,0
6350,[O-][N+](=O)c1cccc2c1OC(=O)c3ccccc23,O=c1oc2c([N+](=O)[O-])cccc2c2ccccc12,1
974,Clc1ccccc1NS(=O)(=O)c2cccc3cccnc23,O=S(=O)(Nc1ccccc1Cl)c1cccc2cccnc12,0
4406,NNc1nncc2ncccc12,NNc1nncc2ncccc12,1
701,OC(=O)COc1ccc(cc1)N(CCCl)CCCl,O=C(O)COc1ccc(N(CCCl)CCCl)cc1,1
7169,C1Cc2cc3ccc4cccc5ccc(c2C2OC12)c3c45,c1cc2ccc3cc4c(c5ccc(c1)c2c35)C1OC1CC4,1
2720,CC(=O)Nc1nc(cs1)c2oc(cc2)[N+](=O)[O-],CC(=O)Nc1nc(-c2ccc([N+](=O)[O-])o2)cs1,1
5711,C(C1CO1)c2ccccc2,c1ccc(CC2CO2)cc1,1
2710,COc1ccc2cc3N(C)CCc4cc(OC)c(OC)c(c2c1)c34,COc1ccc2cc3c4c(cc(OC)c(OC)c4c2c1)CCN3C,0
1311,Fc1ccc(cc1)C(=O)\C=C\c2ccccc2,O=C(/C=C/c1ccccc1)c1ccc(F)cc1,0
6409,[O-][N+](=O)c1cc(Cl)c(Cl)c(Cl)c1,O=[N+]([O-])c1cc(Cl)c(Cl)c(Cl)c1,1
6007,COc1ccc(cc1)C(=O)C2OC2c3ccccc3,COc1ccc(C(=O)C2OC2c2ccccc2)cc1,0
2204,FC(F)(F)C(F)(F)C(F)(F)C(F)(F)I,FC(F)(F)C(F)(F)C(F)(F)C(F)(F)I,0
5944,OCc1cc2c3ccccc3cc4ccc5cccc1c5c24,OCc1cc2c3ccccc3cc3ccc4cccc1c4c32,0
1277,Brc1ccc(cc1)C(=O)\C=C\c2ccccc2,O=C(/C=C/c1ccccc1)c1ccc(Br)cc1,0
3981,CC(=O)OCc1occc1,CC(=O)OCc1ccco1,1
6590,CC(=O)N1CCCC1C(=O)N(CC(O)=O)N=O,CC(=O)N1CCCC1C(=O)N(CC(=O)O)N=O,1
6750,[O-][N+](=O)C1=CC=C(C=C1)OC2CO2,O=[N+]([O-])c1ccc(OC2CO2)cc1,1
5977,Oc1cc(O)c2C(=O)c3c(O)ccc(O)c3Oc2c1,O=c1c2c(O)cc(O)cc2oc2c(O)ccc(O)c12,1
6246,COc1ccc2c(c1)C(=O)c3nccc4cc5OCOc5c2c34,COc1ccc2c(c1)C(=O)c1nccc3cc4c(c-2c13)OCO4,1
2712,COc1ccc(cc1)c2nc(c3ccccc3)c([nH]2)c4ccccc4,COc1ccc(-c2nc(-c3ccccc3)c(-c3ccccc3)[nH]2)cc1,1
1354,CC(Br)(CBr)COP(=O)(OCC(C)(Br)CBr)OCC(C)(Br)CBr,CC(Br)(CBr)COP(=O)(OCC(C)(Br)CBr)OCC(C)(Br)CBr,0
5148,Cc1ccc(Cl)cc1,Cc1ccc(Cl)cc1,0
2682,Clc1cc(Cl)cc(c1)N2C(=O)N3C[C@H](C[C@@]3(Cc4ccc(cc4)C#N)C2=O)N=[N+]=[N-],N#Cc1ccc(C[C@@]23C[C@H](N=[N+]=[N-])CN2C(=O)N(c2cc(Cl)cc(Cl)c2)C3=O)cc1,1
1662,CCCCCCCCCCCCS,CCCCCCCCCCCCS,0
4161,COC1=CC=CC=CC1,COC1=CC=CC=CC1,1
215,N#CCCNCCC#N,N#CCCNCCC#N,0
2692,CCOC(=O)CC(C)C,CCOC(=O)CC(C)C,0
2674,Cc1oc(C=O)cc1,Cc1ccc(C=O)o1,0
5019,Nc1cc(Cl)ccc1O,Nc1cc(Cl)ccc1O,1
6989,CCC(C)NC1=CC=C(C=C1)NC(C)CC,CCC(C)Nc1ccc(NC(C)CC)cc1,0
6333,CCc1c(Br)c(Br)c(Br)c(Br)c1Br,CCc1c(Br)c(Br)c(Br)c(Br)c1Br,0
5151,Cc1cc(C)c2nsnc2c1N,Cc1cc(C)c2nsnc2c1N,1
5904,COC(=O)Nc1nc2cc(OS(=O)(=O)c3ccc(F)cc3)ccc2[nH]1,COC(=O)Nc1nc2cc(OS(=O)(=O)c3ccc(F)cc3)ccc2[nH]1,0
1067,Oc1ccccc1C(=O)Oc2ccccc2,O=C(Oc1ccccc1)c1ccccc1O,0
6828,COC1=C(C=CC(=C1)NS(C)(=O)=O)NC3=C2C=CC(=CC2=NC4=CC=CC=C34)N=[N+]=[N-],COc1cc(NS(C)(=O)=O)ccc1Nc1c2ccccc2nc2cc(N=[N+]=[N-])ccc12,1
3505,Nc1cc(Cl)cc(Cl)c1,Nc1cc(Cl)cc(Cl)c1,0
562,[O-][N+](=O)c1ccc2c3ccccc3c4cccc1c24,O=[N+]([O-])c1ccc2c3c(cccc13)-c1ccccc1-2,1
561,CC(=O)Nc1ccc(cc1)C(=O)\C=C\c2ccccc2,CC(=O)Nc1ccc(C(=O)/C=C/c2ccccc2)cc1,0
1758,CN[C@H](C)[C@@H](O)c1ccccc1,CN[C@H](C)[C@@H](O)c1ccccc1,0
3246,Cn1c(NO)nc2c3cccnc3ccc12,Cn1c(NO)nc2c3cccnc3ccc21,1
3723,CN(C)CCNS(=O)(=O)c1cccc2cccnc12,CN(C)CCNS(=O)(=O)c1cccc2cccnc12,0
7062,CCCCC(CC)COS(O)(=O)=O,CCCCC(CC)COS(=O)(=O)O,0
3129,Cc1cc2ccccc2c3cc4C(O)C(O)C=Cc4cc13,Cc1cc2ccccc2c2cc3c(cc12)C=CC(O)C3O,1
502,Clc1ccc2ncccc2c1,Clc1ccc2ncccc2c1,1
2583,Nc1ccccc1S(=O)(=O)O,Nc1ccccc1S(=O)(=O)O,1
1743,Oc1c(cc2c3cc(ccc3[nH]c2c1[N+](=O)[O-])[N+](=O)[O-])[N+](=O)[O-],O=[N+]([O-])c1ccc2[nH]c3c([N+](=O)[O-])c(O)c([N+](=O)[O-])cc3c2c1,1
2255,N=C(Nc1ccccc1)Nc2ccccc2,N=C(Nc1ccccc1)Nc1ccccc1,1
2448,CCOCN1C=C(F)C(=O)N(C(=O)c2cccc(c2)C(=O)Oc3nc(OC(=O)c4ccccc4)ccc3C#N)C1=O,CCOCn1cc(F)c(=O)n(C(=O)c2cccc(C(=O)Oc3nc(OC(=O)c4ccccc4)ccc3C#N)c2)c1=O,0
2549,CCCCSCCC(N)C(=O)O,CCCCSCCC(N)C(=O)O,0
3196,CC1(C)[C@H]2CC[C@]1(C)C(=O)C2,CC1(C)[C@H]2CC[C@]1(C)C(=O)C2,0
6771,OC1CC2=C4C1=CC=C5C=CC3=CC=CC(=C2)C3=C45,OC1Cc2cc3cccc4ccc5ccc1c2c5c43,1
481,CCCOS(=O)(=O)C,CCCOS(C)(=O)=O,1
1993,CN(CCC#N)c1ccc(cc1)N=Nc2ccccc2,CN(CCC#N)c1ccc(N=Nc2ccccc2)cc1,1
924,Cc1cnc2ccc3c(ncn3C)c2n1,Cc1cnc2ccc3c(ncn3C)c2n1,0
1827,Cc1ccc(c(C)c1[N+](=O)[O-])[N+](=O)[O-],Cc1ccc([N+](=O)[O-])c(C)c1[N+](=O)[O-],1
2256,CCOC(=O)CC(C)O,CCOC(=O)CC(C)O,0
6550,COC1=C(C=C(C=C1)N)N,COc1ccc(N)cc1N,1
1661,O=C=Nc1cccc2c(cccc12)N=C=O,O=C=Nc1cccc2c(N=C=O)cccc12,0
7195,COc1cc2OC3OC=CC3c2c2oc(=O)c3C(O)CC(O)c3c12,COc1cc2c(c3oc(=O)c4c(c13)C(O)CC4O)C1C=COC1O2,1
2875,BrCc1c2ccccc2cc3ccc4ccccc4c13,BrCc1c2ccccc2cc2ccc3ccccc3c12,1
2859,CCOc1cc2C(=O)CCc2c3ccc4ccccc4c13,CCOc1cc2c(c3ccc4ccccc4c13)CCC2=O,0
273,[O-][N+](=O)c1ccc2c(oc3ccc(cc23)[N+](=O)[O-])c1,O=[N+]([O-])c1ccc2c(c1)oc1ccc([N+](=O)[O-])cc12,1
3481,Nc1ccc(Oc2ccc(Cl)cc2Cl)cc1,Nc1ccc(Oc2ccc(Cl)cc2Cl)cc1,1
7127,O=C(OCC(CCCC)CC)c1cccc(C(=O)OCC(CCCC)CC)c1,CCCCC(CC)COC(=O)c1cccc(C(=O)OCC(CC)CCCC)c1,0
624,Oc1c(Br)cc(Br)cc1Br,Oc1c(Br)cc(Br)cc1Br,0
6386,C(N1CCN=N1)c2ccccc2,c1ccc(CN2CCN=N2)cc1,1
3309,COc1ccc2c(OC)c3ccoc3nc2c1,COc1ccc2c(OC)c3ccoc3nc2c1,1
6300,CC(C)NC(=O)\C=C/c1oc(cc1)[N+](=O)[O-],CC(C)NC(=O)/C=C\c1ccc([N+](=O)[O-])o1,1
5179,[O-][N+](=O)c1ccc(OC[C@H]2CO2)cc1,O=[N+]([O-])c1ccc(OC[C@H]2CO2)cc1,1
2,O=C1c2ccccc2C(=O)c3c1ccc4c3[nH]c5c6C(=O)c7ccccc7C(=O)c6c8[nH]c9c%10C(=O)c%11ccccc%11C(=O)c%10ccc9c8c45,O=c1c2ccccc2c(=O)c2c1ccc1c2[nH]c2c3c(=O)c4ccccc4c(=O)c3c3[nH]c4c(ccc5c(=O)c6ccccc6c(=O)c54)c3c12,0
6881,CC(O)C[N+](C)(C)NC(=O)C(C)=C,C=C(C)C(=O)N[N+](C)(C)CC(C)O,0
4782,Nc1ccc2c(no[n+]2[O-])n1,Nc1ccc2c(no[n+]2[O-])n1,1
1076,CC(=O)N(O)c1ccccc1,CC(=O)N(O)c1ccccc1,0
3677,CC(C)[N+](C)(CCOC(=O)C1c2ccccc2Oc3ccccc13)C(C)C,CC(C)[N+](C)(CCOC(=O)C1c2ccccc2Oc2ccccc21)C(C)C,0
4465,CN1CCC=C2C1CCc3sc(N)nc23,CN1CCC=C2c3nc(N)sc3CCC21,1
4562,Oc1ccc2C(=O)c3ccccc3C(=O)c2c1O,O=C1c2ccccc2C(=O)c2c1ccc(O)c2O,1
4897,Nc1cc(ccc1CO)[N+](=O)[O-],Nc1cc([N+](=O)[O-])ccc1CO,1
3933,CC(=O)c1c(O)cc(O)c2C(=O)c3c(O)cc(O)cc3C(=O)c12,CC(=O)c1c(O)cc(O)c2c1C(=O)c1cc(O)cc(O)c1C2=O,0
244,NCCCNCCCN,NCCCNCCCN,0
6673,OC3C=CC2=C(C1=CC=CC=C1C=C2C3O)[N+]([O-])=O,O=[N+]([O-])c1c2c(cc3ccccc13)C(O)C(O)C=C2,1
5004,S=C1SSC2=NCCN12,S=C1SSC2=NCCN12,0
5968,CC(=O)Nc1ccc2ccc3ccc(O)c4ccc1c2c34,CC(=O)Nc1ccc2ccc3ccc(O)c4ccc1c2c34,1
5590,Cc1cc2c3ccccc3[nH]c2nc1N,Cc1cc2c(nc1N)[nH]c1ccccc12,1
470,CC(=O)Nc1ccc2c(Cc3ccccc23)c1O,CC(=O)Nc1ccc2c(c1O)Cc1ccccc1-2,0
6560,O=CC1CC(=O)C(=O)CO1,O=CC1CC(=O)C(=O)CO1,1
3584,Cc1ccc(cc1N=O)[N+](=O)[O-],Cc1ccc([N+](=O)[O-])cc1N=O,1
5732,[O-][N+](=O)c1ccc(Nc2ncnc3c2ncn3c4ccc(cc4)[N+](=O)[O-])cc1,O=[N+]([O-])c1ccc(Nc2ncnc3c2ncn3-c2ccc([N+](=O)[O-])cc2)cc1,1
398,Cc1c(Cl)cnc2ccccc12,Cc1c(Cl)cnc2ccccc12,0
4223,COP(=S)(OC)Oc1ccc(N)c(C)c1,COP(=S)(OC)Oc1ccc(N)c(C)c1,1
6532,CC1(C2C(C(=O)O)C3(CC(=C)C4(O)C3)C(CC4)C52OC1=O)C(O)C=C5,C=C1CC23CC1(O)CCC2C12C=CC(O)C(C)(C(=O)O1)C2C3C(=O)O,0
2360,[O-][N+](=O)c1ccc2c(cc3ccccc3c2c1)[N+](=O)[O-],O=[N+]([O-])c1ccc2c([N+](=O)[O-])cc3ccccc3c2c1,1
3777,ClCC(=O)Nc1snc2cc(Cl)ccc12,O=C(CCl)Nc1snc2cc(Cl)ccc12,1
7272,O=C1C(=C(C)C)CCC(C)C1,CC(C)=C1CCC(C)CC1=O,0
486,CC(=O)C1(CCNCC1)c2ccccc2,CC(=O)C1(c2ccccc2)CCNCC1,0
4460,Oc1ccc2ccccc2c1N=Nc3ccc(cc3[N+](=O)[O-])[N+](=O)[O-],O=[N+]([O-])c1ccc(N=Nc2c(O)ccc3ccccc23)c([N+](=O)[O-])c1,1
1370,[O-][N+](=O)c1cc2CCc3cc4CCCCc4c5CCc(c1)c2c35,O=[N+]([O-])c1cc2c3c(c1)CCc1c4c(cc(c1-3)CC2)CCCC4,1
6540,O=NN1CCCC1,O=NN1CCCC1,1
6343,OC1C=Cc2ccc3c4ccccc4sc3c2C1O,OC1C=Cc2ccc3c(sc4ccccc43)c2C1O,0
4639,[O-][n+]1cc2ccccc2cn1,[O-][n+]1cc2ccccc2cn1,0
637,CC(C)COC(=O)C=C,C=CC(=O)OCC(C)C,0
2226,COc1ccc(CCC2CO2)cc1,COc1ccc(CCC2CO2)cc1,1
2235,CCN=NO,CCN=NO,1
5361,CN(C)CCN(Cc1ccsc1)c2ccccn2,CN(C)CCN(Cc1ccsc1)c1ccccn1,0
4565,Oc1ccc(N=Nc2ccc(cc2)S(=O)(=O)O)c3ccccc13,O=S(=O)(O)c1ccc(N=Nc2ccc(O)c3ccccc23)cc1,0
5545,CC(C)NC[C@@H](O)COc1cccc2C[C@@H](COc12)O[N+](=O)[O-],CC(C)NC[C@@H](O)COc1cccc2c1OC[C@@H](O[N+](=O)[O-])C2,0
4022,Nc1ccc(c(Cl)c1)c2ccc(N)cc2Cl,Nc1ccc(-c2ccc(N)cc2Cl)c(Cl)c1,1
5817,C=CCc1ccc2OCOc2c1,C=CCc1ccc2c(c1)OCO2,0
3590,O=C1c2ccccc2CCc3ccccc13,O=C1c2ccccc2CCc2ccccc21,0
4836,CC(=C)C(=O)OCC(C)(C)C,C=C(C)C(=O)OCC(C)(C)C,0
332,OC(Cn1ccnc1)c2ccc(CCc3ccccc3)cc2,OC(Cn1ccnc1)c1ccc(CCc2ccccc2)cc1,0
328,COc1cc2O[C@@H]3OC=C[C@H]3c2c4Oc5cccc(O)c5C(=O)c14,COc1cc2c(c3oc4cccc(O)c4c(=O)c13)[C@@H]1C=CO[C@H]1O2,1
2014,Cn1cccc1,Cn1cccc1,0
3274,[O-][N+](=O)c1ccc(Cl)c(Cl)c1Cl,O=[N+]([O-])c1ccc(Cl)c(Cl)c1Cl,1
6860,COC24C1NC1CN2C3=C(C(=C(C(=C3O)C)N)O)C4=COC(N)=O,COC12C(=COC(N)=O)c3c(O)c(N)c(C)c(O)c3N1CC1NC12,1
1054,CN(C)CCNC(=O)c1cccc2C(=O)c3ccccc3Sc12,CN(C)CCNC(=O)c1cccc2c(=O)c3ccccc3sc12,1
6700,COC(=O)C12CC1(C=O)C(C=O)C=C3CC(C)(C)CC23,COC(=O)C12CC1(C=O)C(C=O)C=C1CC(C)(C)CC12,1
650,Cc1c(N)ccc(N=Nc2ccccc2)c1N,Cc1c(N)ccc(N=Nc2ccccc2)c1N,1
5733,CC(CO[N+](=O)[O-])(CO[N+](=O)[O-])CO[N+](=O)[O-],CC(CO[N+](=O)[O-])(CO[N+](=O)[O-])CO[N+](=O)[O-],0
6833,OC5C=C3C2=C(C1=CC=CC=C1C=C2)C4=C3C(=CC=C4)C5O,OC1C=C2c3ccc4ccccc4c3-c3cccc(c32)C1O,1
4822,Cc1ccnc2ccccc12,Cc1ccnc2ccccc12,1
4551,C[C@@H](O)c1cc2ccc3cccc4ccc(c1)c2c34,C[C@@H](O)c1cc2ccc3cccc4ccc(c1)c2c34,1
550,Cc1ccc2[nH]nnc2c1,Cc1ccc2[nH]nnc2c1,0
3898,COc1ccc(Cc2nccc3cc(OC)c(OC)cc23)cc1OC,COc1ccc(Cc2nccc3cc(OC)c(OC)cc23)cc1OC,0
4554,Clc1ccc(NC(=O)Nc2ccc(Cl)c(Cl)c2)cc1,O=C(Nc1ccc(Cl)cc1)Nc1ccc(Cl)c(Cl)c1,0
6838,C1=CC3=C(C=C1)C2=CC=CC=C2C=C3,c1ccc2c(c1)ccc1ccccc12,1
2134,CCc1cc(c(O)c(c1)C(C)(C)C)C(C)(C)C,CCc1cc(C(C)(C)C)c(O)c(C(C)(C)C)c1,0
6638,COC1=C(C=CC(=C1)N)N,COc1cc(N)ccc1N,1
6396,[O-][N+](=O)c1ccc(Cl)cc1Cl,O=[N+]([O-])c1ccc(Cl)cc1Cl,1
3202,[O-][N+](=O)c1ccc2N(S\C(=N/C(=O)CCCl)\c2c1)C(=O)CCCl,O=C(CCCl)/N=c1\sn(C(=O)CCCl)c2ccc([N+](=O)[O-])cc12,1
4506,CCCN(CCC)C(=O)SCC,CCCN(CCC)C(=O)SCC,0
2747,CC(C)(C)OC(=O)NC(CN=N#N)C(=O)O,CC(C)(C)OC(=O)NC(CN=[N+]=[N-])C(=O)O,1
1866,Cc1nccc2c3ccccc3[nH]c12,Cc1nccc2c1[nH]c1ccccc12,1
7151,c1c(C)c(=O)[nH]c(=O)n1C1OC(CO)C(N=N#N)C1,Cc1cn(C2CC(N=[N+]=[N-])C(CO)O2)c(=O)[nH]c1=O,1
6695,CCCCN(CC(O)C1=CC(=[N+]=[N-])C(=O)C=C1)N=O,CCCCN(CC(O)C1=CC(=[N+]=[N-])C(=O)C=C1)N=O,1
3780,ONc1cc2ccccc2[nH]1,ONc1cc2ccccc2[nH]1,1
3965,CC(=O)OCc1c2ccccc2c(C)c3ccc4ccccc4c13,CC(=O)OCc1c2ccccc2c(C)c2ccc3ccccc3c12,1
2581,[O-][N+](=O)c1ccc(O[C@H]2CO2)cc1,O=[N+]([O-])c1ccc(O[C@H]2CO2)cc1,1
5060,CCCCOC(=O)C,CCCCOC(C)=O,0
5157,Oc1cc2c(ccc3ccc4cccc1c4c23)[N+](=O)[O-],O=[N+]([O-])c1ccc2ccc3cccc4c(O)cc1c2c34,1
1836,CCC(C)N1C(=O)NC(=C(Br)C1=O)C,CCC(C)n1c(=O)[nH]c(C)c(Br)c1=O,0
4882,C1COCOC1,C1COCOC1,1
282,Nc1ccc(cc1)C(=O)O,Nc1ccc(C(=O)O)cc1,0
1674,Nc1ccc2ncccc2c1,Nc1ccc2ncccc2c1,0
3190,CCOCCOCC,CCOCCOCC,1
2486,CC(C)[C@@H]1CC[C@@H](C)CC1=O,CC(C)[C@@H]1CC[C@@H](C)CC1=O,1
121,Cc1cc(c(N)cc1Cl)S(=O)(=O)O,Cc1cc(S(=O)(=O)O)c(N)cc1Cl,1
1948,CCCCCCCCCCCC[C@H]1CO1,CCCCCCCCCCCC[C@H]1CO1,0
1080,C(N1C2C1c3ccccc3c4ccccc24)c5ccccc5,c1ccc(CN2C3c4ccccc4-c4ccccc4C32)cc1,1
6068,CC(C)Cc1ccc(cc1)C(C)C(=O)O,CC(C)Cc1ccc(C(C)C(=O)O)cc1,0
6791,C(CCOCC1CO1)COCC2CO2,C(CCOCC1CO1)COCC1CO1,1
2237,O1C2C1C3N=NC2C4OC34,N1=NC2C3OC3C1C1OC21,0
2995,OCCc1ccc(cc1)[N+](=O)[O-],O=[N+]([O-])c1ccc(CCO)cc1,1
6033,CC(=O)Nc1ccc(Oc2ccc(cc2)[N+](=O)[O-])cc1,CC(=O)Nc1ccc(Oc2ccc([N+](=O)[O-])cc2)cc1,1
3212,COc1cc(O[C@@H]2O[C@H](CO)[C@@H](O)[C@H](O)[C@H]2O)c3C(=O)c4c(O)ccc(O)c4Oc3c1,COc1cc(O[C@@H]2O[C@H](CO)[C@@H](O)[C@H](O)[C@H]2O)c2c(=O)c3c(O)ccc(O)c3oc2c1,1
5956,CC1CC2C(CCC3(C)C2CCC3(OC(=O)C)C(=O)C)C4(C)CCC(=O)C=C14,CC(=O)OC1(C(C)=O)CCC2C3CC(C)C4=CC(=O)CCC4(C)C3CCC21C,0
4771,CN(C)CCNC(=O)c1cc2ccccc2c3cccnc13,CN(C)CCNC(=O)c1cc2ccccc2c2cccnc12,1
4193,C\C(=C(\OCCOc1ccc(Cl)cc1)/c2ccc(Cl)cc2Cl)\n3ccnc3,C/C(=C(/OCCOc1ccc(Cl)cc1)c1ccc(Cl)cc1Cl)n1ccnc1,0
3084,CN(C)C(=N)N(C)C,CN(C)C(=N)N(C)C,0
1126,OS(=O)(=O)Oc1ccc2cc3ccc4cccc5ccc(c2c1)c3c45,O=S(=O)(O)Oc1ccc2cc3ccc4cccc5ccc(c2c1)c3c45,0
4792,OC(=O)c1ccc(cc1)S(=O)(=O)N(Cl)Cl,O=C(O)c1ccc(S(=O)(=O)N(Cl)Cl)cc1,1
223,CN1CCN(CC1)C2=Nc3ccccc3Oc4ccc(Cl)cc24,CN1CCN(C2=Nc3ccccc3Oc3ccc(Cl)cc32)CC1,0
6739,COC(=O)C12OC1(C)C(C)(O)NC2=O,COC(=O)C12OC1(C)C(C)(O)NC2=O,1
7260,N(=O)N1CCCCC1C,CC1CCCCN1N=O,1
5543,CC[C@@]1(CC(=O)O)OCCc2c1n(C)c3ccccc23,CC[C@@]1(CC(=O)O)OCCc2c1n(C)c1ccccc21,0
4435,Nc1ccc2cccnc2c1,Nc1ccc2cccnc2c1,1
5385,Oc1cccc2C(=O)c3c(O)cccc3C(=O)c12,O=C1c2cccc(O)c2C(=O)c2cccc(O)c21,1
6437,CC(O)CN(CC(C)O)CC(C)O,CC(O)CN(CC(C)O)CC(C)O,0
5785,[O-][N+](=Nc1ccc(Cl)c(Cl)c1)c2ccc(Cl)c(Cl)c2,[O-][N+](=Nc1ccc(Cl)c(Cl)c1)c1ccc(Cl)c(Cl)c1,0
509,[O-][N+](=O)c1oc(\C=C\C=N\N2CC(=O)NC2=O)cc1,O=C1CN(/N=C/C=C/c2ccc([N+](=O)[O-])o2)C(=O)N1,1
5052,C[C@H](CCc1ccccc1)c2ccccc2,C[C@H](CCc1ccccc1)c1ccccc1,0
1750,CC1=C(O)C(=O)CO1,CC1=C(O)C(=O)CO1,1
1297,C\C=C(/Cl)\C=O,C/C=C(\Cl)C=O,1
3152,Nc1cc(Cl)cc(Cl)c1O,Nc1cc(Cl)cc(Cl)c1O,0
4325,NCCCNCCCCN(CCCN)N(O)N=O,NCCCNCCCCN(CCCN)N(O)N=O,1
5678,CN1N(C(=O)C=C1C)c2ccccc2,Cc1cc(=O)n(-c2ccccc2)n1C,0
5913,C\C=C\1/CC(C)C(C)(O)C(=O)OCC2=CC[N+]3(C)CCC(OC1=O)C23O,C/C=C1\CC(C)C(C)(O)C(=O)OCC2=CC[N+]3(C)CCC(OC1=O)C23O,1
3393,ClC(C(=O)Cl)c1ccccc1,O=C(Cl)C(Cl)c1ccccc1,1
6090,C=CCN=C=S,C=CCN=C=S,1
6162,C[C@@H]1CCCCN1N=O,C[C@@H]1CCCCN1N=O,1
454,CC(C)(O)C#N,CC(C)(O)C#N,0
1984,CN(C)c1ccc(N=Nc2ccccc2)c(C)c1,Cc1cc(N(C)C)ccc1N=Nc1ccccc1,1
3852,CC(C)NCC(O)COc1cccc2CC=Cc12,CC(C)NCC(O)COc1cccc2c1C=CC2,0
1981,OC(=O)CCC(=O)Nc1ccc(Cl)c(Cl)c1,O=C(O)CCC(=O)Nc1ccc(Cl)c(Cl)c1,0
3984,Cc1cccc2c(C)c3ccc4ccccc4c3nc12,Cc1c2cccc(C)c2nc2c1ccc1ccccc12,1
7152,C1(=O)NC(=O)N(C)C(=O)C1(C(C)C#CCC)CC=C,C=CCC1(C(C)C#CCC)C(=O)NC(=O)N(C)C1=O,0
5442,COc1nsc2cc(ccc12)[N+](=O)[O-],COc1nsc2cc([N+](=O)[O-])ccc12,1
2522,c1ccc2cc3c(ccc4ccccc34)cc2c1,c1ccc2cc3c(ccc4ccccc43)cc2c1,1
3841,[O-][N+](=O)c1ccc2c(CCc3cc4c(CCc5ccccc45)cc23)c1,O=[N+]([O-])c1ccc2c(c1)CCc1cc3c(cc1-2)CCc1ccccc1-3,1
4659,[O-][N+](=O)c1cc2CCc3cc(cc4ccc(c1)c2c34)[N+](=O)[O-],O=[N+]([O-])c1cc2c3c(ccc4cc([N+](=O)[O-])cc(c43)CC2)c1,1
6600,OCC(O)CI,OCC(O)CI,1
3104,Cc1ccc(O)cc1O[P@](=O)(Oc2ccc(O)cc2C)Oc3c(C)cccc3O,Cc1cc(O)ccc1O[P@@](=O)(Oc1cc(O)ccc1C)Oc1c(C)cccc1O,0
2515,O(c1ccccc1)c2ccccc2,c1ccc(Oc2ccccc2)cc1,0
1568,CCC(=O)OCc1ccc(cc1)[N+](=O)[O-],CCC(=O)OCc1ccc([N+](=O)[O-])cc1,1
4739,CCN(CCCl)CCCNc1c2ccccc2nc3c(OC)cccc13,CCN(CCCl)CCCNc1c2ccccc2nc2c(OC)cccc12,1
710,CC1\C=C(\C=C)/C(=O)OC2CC[N+]3(C)CC=C(COC(=O)C1(C)OC(=O)C)C23O,C=C/C1=C/C(C)C(C)(OC(C)=O)C(=O)OCC2=CC[N+]3(C)CCC(OC1=O)C23O,1
2870,[O-][N+](=O)c1c2ccccc2cc3c1ccc4ccccc34,O=[N+]([O-])c1c2ccccc2cc2c1ccc1ccccc12,0
6986,CCCC=[N+](O)[O-],CCCC=[N+]([O-])O,0
3900,Clc1ccc(cc1)c2oc3ccccc3n2,Clc1ccc(-c2nc3ccccc3o2)cc1,0
6025,Cc1c2ccccc2cc3c4C=CC(=O)C(=O)c4ccc13,Cc1c2ccccc2cc2c3c(ccc12)C(=O)C(=O)C=C3,1
2898,NC(=O)N(CC(=O)O)N=O,NC(=O)N(CC(=O)O)N=O,0
527,CC(C)(N=O)[N+](=O)[O-],CC(C)(N=O)[N+](=O)[O-],1
2529,ClCc1ccccn1,ClCc1ccccn1,1
5936,CC(Cl)C(=O)NCc1ccccc1,CC(Cl)C(=O)NCc1ccccc1,0
5811,OC(=O)c1oc(c(c2ccccc2)c1c3ccccc3)[N+](=O)[O-],O=C(O)c1oc([N+](=O)[O-])c(-c2ccccc2)c1-c1ccccc1,1
4055,[O-][N+](=O)c1cc(cs1)C(=O)Nc2ccc(F)cc2,O=C(Nc1ccc(F)cc1)c1csc([N+](=O)[O-])c1,1
1748,CC(C)(C)C1=CC(=CC=C2C=C(C(=O)C(=C2)C(C)(C)C)C(C)(C)C)C=C(C1=O)C(C)(C)C,CC(C)(C)C1=CC(=CC=C2C=C(C(C)(C)C)C(=O)C(C(C)(C)C)=C2)C=C(C(C)(C)C)C1=O,0
2758,CCCCCl,CCCCCl,0
1121,C\C=C/1\CC(=C)[C@@](C)(O)C(=O)OCC2=CCN3CC[C@H](OC1=O)[C@@H]23,C=C1C/C(=C/C)C(=O)O[C@H]2CCN3CC=C(COC(=O)[C@]1(C)O)[C@H]23,1
6374,O=C(C1OC1c2ccc(Oc3ccccc3)cc2)c4ccccc4,O=C(c1ccccc1)C1OC1c1ccc(Oc2ccccc2)cc1,0
3594,Cc1cccc2cccnc12,Cc1cccc2cccnc12,1
2877,CCC(C)Nc1snc2ccccc12,CCC(C)Nc1snc2ccccc12,0
2212,Cc1cccc2cc3ccccc3cc12,Cc1cccc2cc3ccccc3cc12,0
4858,Cc1c2C(O)C(O)c3ccccc3c2cc4ccccc14,Cc1c2c(cc3ccccc13)-c1ccccc1C(O)C2O,1
3823,Cc1ccc(cc1)S(=O)(=O)OCc2ccc(cc2)[N+](=O)[O-],Cc1ccc(S(=O)(=O)OCc2ccc([N+](=O)[O-])cc2)cc1,1
6589,O=C2CC(=NC1=CC=CC=C1)C(=O)C3=C2C=CC=C3,O=C1CC(=Nc2ccccc2)C(=O)c2ccccc21,1
1009,COc1cc(N)c(cc1N)[N+](=O)[O-],COc1cc(N)c([N+](=O)[O-])cc1N,1
7249,C1OC1c1cc2c3ccccc3ccc2c2ccccc12,c1ccc2c(c1)ccc1c3ccccc3c(C3CO3)cc21,1
2369,CCCCCCCCCCCCCC[N+](C)(C)Cc1ccccc1,CCCCCCCCCCCCCC[N+](C)(C)Cc1ccccc1,0
3807,ClC1(Cl)C2(Cl)C3(Cl)C4(Cl)C(=O)C5(Cl)C(Cl)(C1(Cl)C35Cl)C24Cl,O=C1C2(Cl)C3(Cl)C4(Cl)C(Cl)(Cl)C5(Cl)C3(Cl)C1(Cl)C5(Cl)C24Cl,0
1437,CCOc1ccc(NC(=O)C[C@@H](C)O)cc1,CCOc1ccc(NC(=O)C[C@@H](C)O)cc1,1
3293,[O-][N+](=O)C1CCCC1,O=[N+]([O-])C1CCCC1,1
2040,Nc1cnc2c(c1)nc3ccccn23,Nc1cnc2c(c1)nc1ccccn12,1
5324,Cc1cc(O)cc2OC(=O)c3c(O)cc(O)cc3c12,Cc1cc(O)cc2oc(=O)c3c(O)cc(O)cc3c12,0
5373,[O-][N+](=O)c1cc(cc(c1)[N+](=O)[O-])[N+](=O)[O-],O=[N+]([O-])c1cc([N+](=O)[O-])cc([N+](=O)[O-])c1,1
1428,CC[C@@H](C)OC(=O)\C=C\c1oc(cc1)[N+](=O)[O-],CC[C@@H](C)OC(=O)/C=C/c1ccc([N+](=O)[O-])o1,1
4984,CCNCC#CC(C)(C)OC(=O)C(O)(C1CCCCC1)c2ccccc2,CCNCC#CC(C)(C)OC(=O)C(O)(c1ccccc1)C1CCCCC1,0
4970,Oc1cc(ccc1[N+](=O)[O-])[N+](=O)[O-],O=[N+]([O-])c1ccc([N+](=O)[O-])c(O)c1,1
5997,COc1cccc2c1ccc3c(cc4OCOc4c23)C(=O)O,COc1cccc2c1ccc1c(C(=O)O)cc3c(c12)OCO3,1
2351,CC(=CCC\C(=C/COC(=O)C)\C)C,CC(=O)OC/C=C(/C)CCC=C(C)C,0
3626,O=NN1CCC[C@@H]1c2cccnc2,O=NN1CCC[C@@H]1c1cccnc1,1
1014,NC(=O)\C(=C/c1oc(cc1)[N+](=O)[O-])\c2occc2,NC(=O)/C(=C\c1ccc([N+](=O)[O-])o1)c1ccco1,1
1647,COc1cc2N3[C@H]4[C@@H]5[C@@H](CC3=O)OCC=C6CN7CC[C@]4([C@H]7C[C@@H]56)c2cc1OC,COc1cc2c(cc1OC)[C@@]13CCN4CC5=CCO[C@@H]6CC(=O)N2[C@H]1[C@H]6[C@@H]5C[C@@H]43,0
7132,O=C1C2(C(C3(C(C(C4(C(C3C=C(C2)CO)C4(C)C)OC(=O)C)OC(=O)CCCCCCCCCCCCC)C)O)C=C1C)O,CCCCCCCCCCCCCC(=O)OC1C(C)C2(O)C(C=C(CO)CC3(O)C(=O)C(C)=CC32)C2C(C)(C)C12OC(C)=O,0
1787,CC(=O)Nc1ccc(cc1)C(=O)CCl,CC(=O)Nc1ccc(C(=O)CCl)cc1,1
120,CCCCOc1ccc(cc1)N=O,CCCCOc1ccc(N=O)cc1,1
1734,CCCCOc1ccc(CC(=O)NO)cc1,CCCCOc1ccc(CC(=O)NO)cc1,1
3004,CCC(CCC(=O)C)COC(=O)c1ccccc1C(=O)O,CCC(CCC(C)=O)COC(=O)c1ccccc1C(=O)O,0
1600,[O-][N+](=O)c1cc(cs1)C(=O)Nc2cccc(Cl)c2,O=C(Nc1cccc(Cl)c1)c1csc([N+](=O)[O-])c1,1
2797,Nc1ccc(Cc2cc(O)c(N)c(Cl)c2)cc1Cl,Nc1ccc(Cc2cc(O)c(N)c(Cl)c2)cc1Cl,0
570,CCCCCCCCCCCOC(=O)c1ccccc1C(=O)OCCCCCCCCCCC,CCCCCCCCCCCOC(=O)c1ccccc1C(=O)OCCCCCCCCCCC,0
5212,CCC\C=C\C=O,CCC/C=C/C=O,1
2003,OCC1OC(OC2(CO)OC(CO)C(O)C2O)C(O)C(O)C1O,OCC1OC(OC2(CO)OC(CO)C(O)C2O)C(O)C(O)C1O,0
2084,ON(N=O)c1ccccc1,O=NN(O)c1ccccc1,1
10,Nc1nc(N)nc(N)n1,Nc1nc(N)nc(N)n1,0
686,OC(=O)Cc1ccccc1Cl,O=C(O)Cc1ccccc1Cl,0
2034,OC[C@H]1O[C@H](C[C@H]1O)N2C=C(CO)C(=O)NC2=O,O=c1[nH]c(=O)n([C@H]2C[C@@H](O)[C@@H](CO)O2)cc1CO,1
1525,Clc1cccc(Cl)c1NC2=NCCN2,Clc1cccc(Cl)c1NC1=NCCN1,0
29,Cc1nc(N)nc(N)n1,Cc1nc(N)nc(N)n1,0
6952,O[N+]([O-])=C,C=[N+]([O-])O,0
6758,NC(CCC(=O)NC(CSCCCl)C(=O)NCC(O)=O)C(O)=O,NC(CCC(=O)NC(CSCCCl)C(=O)NCC(=O)O)C(=O)O,1
6717,COC1=CC4=C3C(=C1OC)C2=CC5=C(C=C2CC3N(CC4)C)OCO5,COc1cc2c3c(c1OC)-c1cc4c(cc1CC3N(C)CC2)OCO4,1
2423,[O-][N+](=O)c1ccccc1Cl,O=[N+]([O-])c1ccccc1Cl,1
3744,FC(F)C(F)C(F)(F)F,FC(F)C(F)C(F)(F)F,0
1570,CCOC(=O)[C@H](CCSC)NC(=O)[C@H](Cc1cccc(c1)N(CCCl)CCCl)NC(=O)[C@@H](N)Cc2ccc(F)cc2,CCOC(=O)[C@H](CCSC)NC(=O)[C@H](Cc1cccc(N(CCCl)CCCl)c1)NC(=O)[C@@H](N)Cc1ccc(F)cc1,1
6819,CN1CN=C2C(=[N+](O)[C-]N=C12)N,CN1CN=C2C1=N[C-][N+](O)=C2N,1
2325,CCCCCN(CCCCC)N=O,CCCCCN(CCCCC)N=O,1
2059,CC1=CC2OC3C(O)CC(C)(C34CO4)C2(CO)C(O)C1=O,CC1=CC2OC3C(O)CC(C)(C34CO4)C2(CO)C(O)C1=O,0
4308,OC(=O)CCc1ccccc1,O=C(O)CCc1ccccc1,0
7196,O=NN1CC(O)CCC1,O=NN1CCCC(O)C1,1
883,COc1ccc2c(ccc3oc(cc23)[N+](=O)[O-])c1,COc1ccc2c(ccc3oc([N+](=O)[O-])cc32)c1,1
4987,CNC,CNC,0
6123,O1C2C1c3cc4c(cc3c5ccccc25)C6OC6c7ccccc47,c1ccc2c(c1)-c1cc3c(cc1C1OC21)-c1ccccc1C1OC31,1
5270,Fc1ccc2ncccc2c1F,Fc1ccc2ncccc2c1F,1
1618,CC(C)(c1ccc(OCC(O)CO)cc1)c2ccc(OCC3CO3)cc2,CC(C)(c1ccc(OCC(O)CO)cc1)c1ccc(OCC2CO2)cc1,1
2271,CN(C)C(=S)SNCCNSC(=S)N(C)C,CN(C)C(=S)SNCCNSC(=S)N(C)C,1
275,C1CSCN1,C1CSCN1,1
2874,CC(=O)c1cccc2c1OC3(C)OOC23C,CC(=O)c1cccc2c1OC1(C)OOC21C,1
5572,c1ccc2c(c1)ccc3c4ccncc4ccc23,c1ccc2c(c1)ccc1c3ccncc3ccc21,1
4295,COc1c(Cl)cc2c(N(C)C3N4C(=O)C5(C)SSC4(C(O)C23O)C(=O)N5C)c1OC,COc1c(Cl)cc2c(c1OC)N(C)C1N3C(=O)C4(C)SSC3(C(=O)N4C)C(O)C21O,0
3234,C1=Cc2c3ccccc3cc4cc5ccccc5c1c24,C1=Cc2c3ccccc3cc3cc4ccccc4c1c23,1
6861,OCC1OC(C(O)C1O)[N]2C=NC3=C(S)N=CN=C23,OCC1OC(n2cnc3c(S)ncnc32)C(O)C1O,1
5513,NC(=S)c1c(Cl)cccc1Cl,NC(=S)c1c(Cl)cccc1Cl,1
5776,C1=Cc2cc3c4ccccc4ccc3c5cccc1c25,C1=Cc2cc3c4ccccc4ccc3c3cccc1c23,1
3737,CN(C)C(=O)\C=C\c1oc(cc1)[N+](=O)[O-],CN(C)C(=O)/C=C/c1ccc([N+](=O)[O-])o1,1
2595,Oc1ccc2ccccc2c1N=Nc3ccc(c4ccc(cc4S(=O)(=O)O)N=Nc5c(O)ccc6ccccc56)c(c3)S(=O)(=O)O,O=S(=O)(O)c1cc(N=Nc2c(O)ccc3ccccc23)ccc1-c1ccc(N=Nc2c(O)ccc3ccccc23)cc1S(=O)(=O)O,0
966,OCCS,OCCS,0
2846,CC(=O)OCCOCCOCCOC(=O)C,CC(=O)OCCOCCOCCOC(C)=O,1
1243,Oc1ccccc1O,Oc1ccccc1O,0
5176,CCc1cccc2c3CCOC(CC)(CC(=O)O)c3[nH]c12,CCc1cccc2c3c([nH]c12)C(CC)(CC(=O)O)OCC3,0
323,CCCCCCCCCCO,CCCCCCCCCCO,0
4103,C1C\C=C\CCC2OC2CC\C=C/1,C1=C\CCC2OC2CC/C=C/CC/1,0
6146,Oc1cccc(c1[N+](=O)[O-])[N+](=O)[O-],O=[N+]([O-])c1cccc(O)c1[N+](=O)[O-],1
76,CC(=O)N(O)c1ccc(Oc2ccccc2)cc1,CC(=O)N(O)c1ccc(Oc2ccccc2)cc1,1
2223,CC(=O)c1ccccc1,CC(=O)c1ccccc1,0
5437,CC(C)(C)NCC(O)COc1ccccc1C2CCCC2,CC(C)(C)NCC(O)COc1ccccc1C1CCCC1,1
6882,OCC(O)C1=C(C(=C(O1)O)O)O,OCC(O)c1oc(O)c(O)c1O,0
1317,O=C(OCC1CCC2OC2C1)C3CCC4OC4C3,O=C(OCC1CCC2OC2C1)C1CCC2OC2C1,1
5565,CC(=O)c1ccccc1[N+](=O)[O-],CC(=O)c1ccccc1[N+](=O)[O-],0
162,C1Cc2ccc3ccc4ccccc4c3c2C1,c1ccc2c(c1)ccc1ccc3c(c12)CCC3,1
6874,OCC1OC(C(O)C1O)[N]2C=NC3=C(NO)N=CN=C23,OCC1OC(n2cnc3c(NO)ncnc32)C(O)C1O,1
5092,CCOC(=O)[C@H](CCc1ccccc1)N[C@@H](C)C(=O)N(CC(=O)O)C2Cc3ccccc3C2,CCOC(=O)[C@H](CCc1ccccc1)N[C@@H](C)C(=O)N(CC(=O)O)C1Cc2ccccc2C1,0
905,C(C1CO1)c2ccc(cc2)c3ccccc3,c1ccc(-c2ccc(CC3CO3)cc2)cc1,1
1431,CN(C)[P+](On1nnc2ccccc12)(N(C)C)N(C)C,CN(C)[P+](On1nnc2ccccc21)(N(C)C)N(C)C,0
2979,Nc1nc(cs1)c2cccnc2,Nc1nc(-c2cccnc2)cs1,0
1397,NC(CSC(F)(F)C(F)F)C(=O)O,NC(CSC(F)(F)C(F)F)C(=O)O,0
5823,Cc1ccc2nc3c(ccc4ccccc34)cc2c1,Cc1ccc2nc3c(ccc4ccccc43)cc2c1,1
3495,[O-][N+](=O)c1c2ccccc2c(c3ccccc13)[N+](=O)[O-],O=[N+]([O-])c1c2ccccc2c([N+](=O)[O-])c2ccccc12,0
2614,Cc1ncc([N+](=O)[O-])n1CCO,Cc1ncc([N+](=O)[O-])n1CCO,1
4866,ClC\C=C/Cl,Cl/C=C\CCl,1
5801,CC(=O)OCc1c2ccccc2c(C)c3ccccc13,CC(=O)OCc1c2ccccc2c(C)c2ccccc12,1
831,OC1CN(CCO1)N=O,O=NN1CCOC(O)C1,1
7273,OCCOCCCCCCCCCCCC,CCCCCCCCCCCCOCCO,0
6953,CC(C)CC(C)N,CC(C)CC(C)N,0
6792,COP(=O)(OC)C(O)C(Cl)(Cl)Cl,COP(=O)(OC)C(O)C(Cl)(Cl)Cl,1
4052,CC(=O)Nc1snc2ccccc12,CC(=O)Nc1snc2ccccc12,1
6501,CC(C)CN(N=O)C(=N)NN(O)O,CC(C)CN(N=O)C(=N)NN(O)O,1
56,Nc1snc2c(Cl)cc(Cl)cc12,Nc1snc2c(Cl)cc(Cl)cc12,1
4533,ClCCNCCCNc1c2ccccc2nc3ccccc13,ClCCNCCCNc1c2ccccc2nc2ccccc12,1
6906,OC(C(O)C(O)=O)C(O)=O,O=C(O)C(O)C(O)C(=O)O,0
2516,[O-][N+](=O)c1ccc2[nH]ccc2c1,O=[N+]([O-])c1ccc2[nH]ccc2c1,1
949,ClCc1cc2c3ccccc3c4cccc(c1)c24,ClCc1cc2c3c(cccc3c1)-c1ccccc1-2,1
5882,NNc1nncc2cccnc12,NNc1nncc2cccnc12,1
6456,CCOC(=O)CC(SP(=O)(OC)OC)C(=O)OCC,CCOC(=O)CC(SP(=O)(OC)OC)C(=O)OCC,0
368,NC(=O)c1cnccn1,NC(=O)c1cnccn1,0
3225,Oc1cccc2Oc3c4C5CCOC5Oc4cc(O)c3C(=O)c12,O=c1c2c(O)cccc2oc2c3c(cc(O)c12)OC1OCCC31,0
4766,Cc1cc2nccnc2c3nc(N)n(C)c13,Cc1cc2nccnc2c2nc(N)n(C)c12,1
2236,CNC(=O)CC(N)C(=O)NC(C(=O)NC1C2SC(C)(C)C(N2C1=O)C(=O)O)c3ccc(O)cc3,CNC(=O)CC(N)C(=O)NC(C(=O)NC1C(=O)N2C1SC(C)(C)C2C(=O)O)c1ccc(O)cc1,0
1929,Cn1c(N)nc2cc(O)ccc12,Cn1c(N)nc2cc(O)ccc21,0
2125,Cc1ccc2cc3c(ccc4ccccc34)c5C(Cc1c25)OS(=O)(=O)O,Cc1ccc2cc3c(ccc4ccccc43)c3c2c1CC3OS(=O)(=O)O,1
6788,COC(=COC(N)=O)C1=C(C(=C(C(=C1O)N2CC2)C)O)N3CC3,COC(=COC(N)=O)c1c(O)c(N2CC2)c(C)c(O)c1N1CC1,1
7266,O=[Cl](=O)O,[O-][Cl+2]([O-])O,0
854,CCN(CC)CCn1nc2ccc(CO)c3c4ccc(Cl)cc4Sc1c23,CCN(CC)CCn1nc2ccc(CO)c3c2c1Sc1cc(Cl)ccc1-3,1
3676,Nc1c(Cl)cc(cc1Cl)[N+](=O)[O-],Nc1c(Cl)cc([N+](=O)[O-])cc1Cl,1
567,CNCCN(Cc1ccc(OC)cc1)c2ccccn2,CNCCN(Cc1ccc(OC)cc1)c1ccccn1,0
1244,NC(CSC\C=C\Cl)C(=O)O,NC(CSC/C=C/Cl)C(=O)O,0
1977,[O-][N+](=O)c1ccc2ncccc2c1,O=[N+]([O-])c1ccc2ncccc2c1,1
4633,OCCC#N,N#CCCO,0
855,CCOc1ccc2nc(N)sc2c1,CCOc1ccc2nc(N)sc2c1,1
3809,OC[C@H]1O[C@@H](Oc2cccc3C(=O)c4cccc(O)c4C(=O)c23)[C@H](O)[C@@H](O)[C@@H]1O,O=C1c2cccc(O)c2C(=O)c2c(O[C@@H]3O[C@H](CO)[C@@H](O)[C@H](O)[C@H]3O)cccc21,1
5007,O=C1CCCCCN1,O=C1CCCCCN1,0
6572,CC1CNCC(C)O1,CC1CNCC(C)O1,1
3800,CCN(CCCl)CCCNc1c2ccc(Cl)cc2nc3ccc(OC)cc13,CCN(CCCl)CCCNc1c2ccc(Cl)cc2nc2ccc(OC)cc12,1
487,NCCCCC(N)C(=O)NC(Cc1c[nH]c2ccccc12)C(=O)NC(CCCCN)C(=O)O,NCCCCC(N)C(=O)NC(Cc1c[nH]c2ccccc12)C(=O)NC(CCCCN)C(=O)O,0
2586,Cc1ccc2c(ccc3cc4ccccc4cc23)c1,Cc1ccc2c(ccc3cc4ccccc4cc32)c1,1
5166,COc1cc(N)c(OC)cc1N,COc1cc(N)c(OC)cc1N,1
2730,BrCCOC(=O)C=C,C=CC(=O)OCCBr,1
4829,O[C@@H]1[C@H]2O[C@H]2c3cc4ccc5cccc6ccc(c3[C@@H]1O)c4c56,O[C@H]1c2c(cc3ccc4cccc5ccc2c3c45)[C@@H]2O[C@@H]2[C@H]1O,1
6913,CCCCCCCCCCCCCCCCC1CO1,CCCCCCCCCCCCCCCCC1CO1,0
4473,CCN(CC)c1ccc(cc1)N=Nc2ccc(cc2Cl)[N+](=O)[O-],CCN(CC)c1ccc(N=Nc2ccc([N+](=O)[O-])cc2Cl)cc1,1
3106,CC(=O)N(O)c1ccc(Sc2ccccc2)cc1,CC(=O)N(O)c1ccc(Sc2ccccc2)cc1,1
49,CCSCCSP(=O)(OC)OC,CCSCCSP(=O)(OC)OC,0
6813,OP1(=NCCCO1)N(CCCl)CCCl,OP1(N(CCCl)CCCl)=NCCCO1,1
903,CC(=CC=O)C,CC(C)=CC=O,0
985,C[C@@]12CCC[C@](C)([C@H]1CC[C@]34CC(=C)[C@](CC[C@@H]23)(C4)O[C@@H]5O[C@H](CO)[C@@H](O)[C@H](O)[C@H]5O[C@@H]6O[C@H](CO)[C@@H](O)[C@H](O)[C@H]6O)C(=O)O,C=C1C[C@@]23CC[C@H]4[C@@](C)(CCC[C@@]4(C)C(=O)O)[C@@H]2CC[C@]1(O[C@@H]1O[C@H](CO)[C@@H](O)[C@H](O)[C@H]1O[C@@H]1O[C@H](CO)[C@@H](O)[C@H](O)[C@H]1O)C3,0
1050,[O-][N+](=O)c1ccccc1SSC(=C(Cl)Cl)Cl,O=[N+]([O-])c1ccccc1SSC(Cl)=C(Cl)Cl,1
5483,ClCCNC(=O)Sc1[nH]cnc2ncnc12,O=C(NCCCl)Sc1[nH]cnc2ncnc1-2,1
1741,CC12CCC3C(CC=C4CC(O)CCC34C)C1CCC2=O,CC12CCC3C(CC=C4CC(O)CCC43C)C1CCC2=O,0
4155,CN(CCO[N+](=O)[O-])[N+](=O)[O-],CN(CCO[N+](=O)[O-])[N+](=O)[O-],1
6628,CCN(CC)CCNC2=C1C(C3=C(SC1=C(C=C2)CO)C=CC=C3)=O,CCN(CC)CCNc1ccc(CO)c2sc3ccccc3c(=O)c12,1
5576,CCCCCCCCCCCCCC(=O)ON(C(=O)C)c1ccc2c(Cc3ccccc23)c1,CCCCCCCCCCCCCC(=O)ON(C(C)=O)c1ccc2c(c1)Cc1ccccc1-2,1
943,C[N+](C)(C)CC1CO1,C[N+](C)(C)CC1CO1,1
4625,CC(=C[C@H]1[C@H](C(=O)OCc2oc(CC#C)cc2)C1(C)C)C,C#CCc1ccc(COC(=O)[C@H]2[C@H](C=C(C)C)C2(C)C)o1,1
1063,Cc1c(c2ccccc2c3ccc4ccccc4c13)[N+](=O)[O-],Cc1c([N+](=O)[O-])c2ccccc2c2ccc3ccccc3c12,1
2904,CC(=O)OCC12OOC1(C)c3ccccc3O2,CC(=O)OCC12OOC1(C)c1ccccc1O2,1
1752,COC(=O)c1cc(Cc2ccc(N)c(c2)C(=O)OC)ccc1N,COC(=O)c1cc(Cc2ccc(N)c(C(=O)OC)c2)ccc1N,1
2610,CCc1c2C3OC3c4ccccc4c2cc5ccccc15,CCc1c2c(cc3ccccc13)-c1ccccc1C1OC21,1
3346,O=C1c2ccccc2c3ccc4ccc5ccccc5c4c13,O=C1c2ccccc2-c2ccc3ccc4ccccc4c3c21,0
2378,CCCCCCCCCCCCCCCCCC(=O)OCC1=CC=C2C(=CC[C@H](C=C12)C(=C)C)C,C=C(C)[C@H]1C=C2C(COC(=O)CCCCCCCCCCCCCCCCC)=CC=C2C(C)=CC1,1
2603,ON1C(=O)CCC1=O,O=C1CCC(=O)N1O,0
309,CCOc1ccc(NC(=O)C)cc1[N+](=O)[O-],CCOc1ccc(NC(C)=O)cc1[N+](=O)[O-],1
246,COC(=O)[C@]12O[C@@]1(C)[C@@](O)(NC2=O)C(C)C,COC(=O)[C@]12O[C@@]1(C)[C@](O)(C(C)C)NC2=O,1
4259,Oc1cc2OCOc2cc1N=O,O=Nc1cc2c(cc1O)OCO2,1
6808,CCC1=C(C(=CC=C1)CC)N(COC)C(=O)CCl,CCc1cccc(CC)c1N(COC)C(=O)CCl,1
2872,CCCCCCCCCCCCOS(=O)(=O)O,CCCCCCCCCCCCOS(=O)(=O)O,0
6212,Cc1cccc2cc3ccc4cccc5ccc(c12)c3c45,Cc1cccc2cc3ccc4cccc5ccc(c12)c3c45,1
7179,N#CC(CCC#N)C,CC(C#N)CCC#N,1
5181,Oc1ccccc1Nc2ccc(cc2[N+](=O)[O-])[N+](=O)[O-],O=[N+]([O-])c1ccc(Nc2ccccc2O)c([N+](=O)[O-])c1,1
1684,O[C@H]1CCCN(C1)N=O,O=NN1CCC[C@H](O)C1,1
6645,CCOCC1CO1,CCOCC1CO1,1
3938,[O-][N+](=O)c1ccccc1C(=O)Cl,O=C(Cl)c1ccccc1[N+](=O)[O-],1
6122,Cc1cccc2nc3c(ccc4ccccc34)cc12,Cc1cccc2nc3c(ccc4ccccc43)cc12,1
495,Oc1ccc(cc1[N+](=O)[O-])c2cccc(c2)[N+](=O)[O-],O=[N+]([O-])c1cccc(-c2ccc(O)c([N+](=O)[O-])c2)c1,1
2650,BrC(Br)C(Br)Br,BrC(Br)C(Br)Br,0
5240,CC(C)(C)OC(=O)CN=N#N,CC(C)(C)OC(=O)CN=[N+]=[N-],1
3776,CC(=O)N1N=CC(=C(Cl)C1=O)Cl,CC(=O)n1ncc(Cl)c(Cl)c1=O,0
6706,CC1=C(C=CC=C1)OCC2CO2,Cc1ccccc1OCC1CO1,1
1581,CC(=O)Nc1ccc(C)cc1,CC(=O)Nc1ccc(C)cc1,1
4665,Cc1c2ccccc2cc3ccccc13,Cc1c2ccccc2cc2ccccc12,1
6270,CC1=CC(=O)C=C2CCC3C4CCC(=O)C4(C)CCC3C12C,CC1=CC(=O)C=C2CCC3C4CCC(=O)C4(C)CCC3C12C,0
1879,COP(=O)(OC)SC,COP(=O)(OC)SC,0
3128,COc1ccc(CN(CCN(C)C)c2ccccn2)cc1,COc1ccc(CN(CCN(C)C)c2ccccn2)cc1,0
6284,CN1[C@@H](CSCC(F)(F)F)Nc2cc(Cl)c(cc2S1(=O)=O)S(=O)(=O)N,CN1[C@@H](CSCC(F)(F)F)Nc2cc(Cl)c(S(N)(=O)=O)cc2S1(=O)=O,0
2707,CN(C)CCOC(=O)C=C,C=CC(=O)OCCN(C)C,0
4965,C=C1CC(=O)O1,C=C1CC(=O)O1,0
5186,CC(=O)c1ccc(cc1)[N+](=O)[O-],CC(=O)c1ccc([N+](=O)[O-])cc1,1
2008,COC(=O)c1cc2OCOc2c3c4cccc(OC)c4cc(c13)[N+](=O)[O-],COC(=O)c1cc2c(c3c1c([N+](=O)[O-])cc1c(OC)cccc13)OCO2,1
1934,COC(=O)C,COC(C)=O,0
3663,NNc1nc(cs1)c2ccc(N)cc2,NNc1nc(-c2ccc(N)cc2)cs1,1
6199,COc1ccc(cn1)N=Nc2ccc(cc2)N(C)C,COc1ccc(N=Nc2ccc(N(C)C)cc2)cn1,1
2931,COCC(COC(=O)c1ccccc1)(COC(=O)c2ccccc2)COC(=O)c3ccccc3,COCC(COC(=O)c1ccccc1)(COC(=O)c1ccccc1)COC(=O)c1ccccc1,0
932,NC(=N)c1ccc2c(N)c([nH]c2c1)C(=N)N,N=C(N)c1ccc2c(N)c(C(=N)N)[nH]c2c1,0
1338,C[C@@H](O)CCl,C[C@@H](O)CCl,1
2503,CCOP(=O)(C)SCCN(C(C)C)C(C)C,CCOP(C)(=O)SCCN(C(C)C)C(C)C,0
5121,CC(=O)C1=CCC2C3=CCC4=CC(O)C(O)CC4(C)C3CC(O)C12C,CC(=O)C1=CCC2C3=CCC4=CC(O)C(O)CC4(C)C3CC(O)C12C,0
2902,O=C(ON(OCc1ccccc1)C(=O)c2ccccc2)c3ccccc3,O=C(ON(OCc1ccccc1)C(=O)c1ccccc1)c1ccccc1,1
663,NCCCS(=O)(=O)Nc1ccc(Nc2c3ccc(cc3nc4ccc(cc24)N=N#N)N=N#N)cc1,[N-]=[N+]=Nc1ccc2c(Nc3ccc(NS(=O)(=O)CCCN)cc3)c3cc(N=[N+]=[N-])ccc3nc2c1,1
3866,O=C1C(C(=O)c2ccccc12)c3ccc4ccccc4n3,O=C1c2ccccc2C(=O)C1c1ccc2ccccc2n1,1
1717,Fc1cnc2ccccc2c1,Fc1cnc2ccccc2c1,0
3602,Cc1cc2CCCc2c3ccc4C(O)C(O)C5OC5c4c13,Cc1cc2c(c3ccc4c(c13)C1OC1C(O)C4O)CCC2,1
3199,CC(C)C(O)(C(C)O)C(=O)OCC1CCN2CCCC12,CC(C)C(O)(C(=O)OCC1CCN2CCCC12)C(C)O,0
553,N1C2C1c3cc4c(ccc5ccccc45)cc3c6ccccc26,c1ccc2c(c1)-c1cc3ccc4ccccc4c3cc1C1NC21,1
2843,OC(=O)C(Cc1c[nH]c2ccccc12)NC(=O)COc3cc(Cl)c(Cl)cc3Cl,O=C(COc1cc(Cl)c(Cl)cc1Cl)NC(Cc1c[nH]c2ccccc12)C(=O)O,0
3175,Cn1cnc2c(N)ncnc12,Cn1cnc2c(N)ncnc21,1
6734,CC1=CC=C(C=C1)OCC2CO2,Cc1ccc(OCC2CO2)cc1,1
572,CC(Cl)C(=C)C,C=C(C)C(C)Cl,1
1245,CC(=O)O[C@@H]1Cc2c3ccc4ccccc4c3cc5ccc(C)c1c25,CC(=O)O[C@@H]1Cc2c3ccc4ccccc4c3cc3ccc(C)c1c23,1
856,Cc1c(C(=O)O)c(O)cc2C(=O)c3c(O)c(O)c([C@H]4O[C@@H](CO)[C@H](O)[C@@H](O)[C@@H]4O)c(O)c3C(=O)c12,Cc1c(C(=O)O)c(O)cc2c1C(=O)c1c(O)c([C@H]3O[C@@H](CO)[C@H](O)[C@@H](O)[C@@H]3O)c(O)c(O)c1C2=O,1
3589,NNc1ccccc1,NNc1ccccc1,1
341,CC1(C)C2CCC(=C)C1C2,C=C1CCC2CC1C2(C)C,0
6837,OP(O)(=N)N(CCCl)CCCl,N=P(O)(O)N(CCCl)CCCl,1
4195,O=C(OC1CCCCC1)c2ccccc2C(=O)OC3CCCCC3,O=C(OC1CCCCC1)c1ccccc1C(=O)OC1CCCCC1,0
3149,Cc1c(\C=N\OCc2ccc(Cl)cc2Cl)c3cc(ccc3n1Cc4ccc(Cl)cc4)[N+](=O)[O-],Cc1c(/C=N/OCc2ccc(Cl)cc2Cl)c2cc([N+](=O)[O-])ccc2n1Cc1ccc(Cl)cc1,0
4564,Nc1cccc2ccc3ccccc3c12,Nc1cccc2ccc3ccccc3c12,0
4960,CC12CCCC(C)(C1CCC34CC(CCC23)C(=C)C4)C(=O)O,C=C1CC23CCC4C(C)(C(=O)O)CCCC4(C)C2CCC1C3,0
3597,CC(C)(C)c1cc(O)ccc1O,CC(C)(C)c1cc(O)ccc1O,0
437,COc1cc(ccc1O)C2=C(O)C(=O)c3c(O)cc(O)cc3O2,COc1cc(-c2oc3cc(O)cc(O)c3c(=O)c2O)ccc1O,0
6636,CCOC1=CC(=O)C(CC1=O)=NC(C)=O,CCOC1=CC(=O)C(=NC(C)=O)CC1=O,1
3402,Cc1ccc2c(C)c3ccccc3c(C)c2c1,Cc1ccc2c(C)c3ccccc3c(C)c2c1,1
6219,C(C(C1CCCCC1)C2CCCCC2)[C@H]3CCCCN3,C1CCC(C(C[C@H]2CCCCN2)C2CCCCC2)CC1,0
2273,Nc1ccc2N=C3C(=CC(=N)c4ccccc34)Oc2c1,N=c1cc2oc3cc(N)ccc3nc-2c2ccccc12,1
1319,C[N+](C)(C)CCCl,C[N+](C)(C)CCCl,0
6207,OCCOCCOCCO,OCCOCCOCCO,1
4142,Cc1nnc(O)nc1O,Cc1nnc(O)nc1O,0
3989,CC(=CCCC(=C)C=C)C,C=CC(=C)CCC=C(C)C,0
4331,CCCCCCCCCCCCOC(=O)CCSCCC(=O)OCCCCCCCCCCCC,CCCCCCCCCCCCOC(=O)CCSCCC(=O)OCCCCCCCCCCCC,0
6823,CC(O)CN(C)C1=NN=C(C=C1)NN,CC(O)CN(C)c1ccc(NN)nn1,1
4598,Nc1ccc2c(ccc3c4ccccc4ccc23)c1,Nc1ccc2c(ccc3c4ccccc4ccc23)c1,1
4451,OC1C2OC2c3c(ccc4nc5c(ccc6ccccc56)cc34)C1O,OC1c2ccc3nc4c(ccc5ccccc54)cc3c2C2OC2C1O,0
5133,O[C@@H]1CCO[P@](=O)(N1)N(CCCl)CCCl,O=[P@]1(N(CCCl)CCCl)N[C@H](O)CCO1,1
3511,OC1OC(=O)C=C1CCl,O=C1C=C(CCl)C(O)O1,1
3407,CN(C)c1ccc(cc1)N=Nc2ccccc2,CN(C)c1ccc(N=Nc2ccccc2)cc1,1
2713,Clc1ccc(NS(=O)(=O)c2cccc3cccnc23)cc1,O=S(=O)(Nc1ccc(Cl)cc1)c1cccc2cccnc12,0
2609,Nc1ccc(cc1)c2ccccc2,Nc1ccc(-c2ccccc2)cc1,1
891,[O-][N+](=O)c1ccccc1C=O,O=Cc1ccccc1[N+](=O)[O-],1
2165,OC[C@@H](O)[C@@H](O)[C@@H](O)[C@@H](O)[C@H]1SCCN1N=O,O=NN1CCS[C@@H]1[C@H](O)[C@H](O)[C@H](O)[C@H](O)CO,1
3689,Cn1cnc2cc(ccc12)[N+](=O)[O-],Cn1cnc2cc([N+](=O)[O-])ccc21,0
2887,Cc1ccc2nsc(NC(=O)C(Cl)(Cl)Cl)c2c1,Cc1ccc2nsc(NC(=O)C(Cl)(Cl)Cl)c2c1,1
4104,Nc1c2[nH]cnc2nc[n+]1[O-],Nc1c2[nH]cnc2nc[n+]1[O-],1
4968,Cn1c(ncc1[N+](=O)[O-])[C@H]2NC(CO)(CO)CO2,Cn1c([N+](=O)[O-])cnc1[C@H]1NC(CO)(CO)CO1,1
4009,Nc1ccc2sncc2c1,Nc1ccc2sncc2c1,1
2734,COP(=S)(Cl)OC,COP(=S)(Cl)OC,0
5392,Cc1cccc(C)c1,Cc1cccc(C)c1,0
2672,BrCC(Br)C=O,O=CC(Br)CBr,1
4215,CN(C)c1ccc(cc1)C(=O)c2ccc(cc2)N(C)C,CN(C)c1ccc(C(=O)c2ccc(N(C)C)cc2)cc1,1
3700,CNc1ccc(NCCO)c2C(=O)c3ccccc3C(=O)c12,CNc1ccc(NCCO)c2c1C(=O)c1ccccc1C2=O,1
5774,CSC(C)(C)\C=N/O,CSC(C)(C)/C=N\O,0
4736,CCc1cccc(C)c1N,CCc1cccc(C)c1N,1
7164,N#CC(Br)(CCC#N)CBr,N#CCCC(Br)(C#N)CBr,0
46,C\C(=C/C(=C/C1=CCOC1=O)/C)\C=C\C=C(/C)\C(=O)C23OC2C(O)(CCO)NC3=O,CC(=C\C1=CCOC1=O)/C=C(C)/C=C/C=C(\C)C(=O)C12OC1C(O)(CCO)NC2=O,1
6603,NC2=C1C=CC=CC1=NC3=CC=CC=C23,Nc1c2ccccc2nc2ccccc12,1
1305,COc1ccc(cc1)S(=O)(=O)N2N=CC(=C(Cl)C2=O)Cl,COc1ccc(S(=O)(=O)n2ncc(Cl)c(Cl)c2=O)cc1,0
3378,[O-][N+](=O)c1ccc2ccc3cccc4[C@H]5O[C@H]5c1c2c34,O=[N+]([O-])c1ccc2ccc3cccc4c3c2c1[C@@H]1O[C@H]41,1
633,Nc1ccc(N=Nc2ccccc2)c(N)c1,Nc1ccc(N=Nc2ccccc2)c(N)c1,1
4741,CN(C)c1ccc(cc1)N=Nc2ccc(C=O)cc2,CN(C)c1ccc(N=Nc2ccc(C=O)cc2)cc1,1
2756,Fc1cnc2cccc(F)c2c1,Fc1cnc2cccc(F)c2c1,0
2478,Cc1cc(O)c(cc1Sc2cc(c(O)cc2C)C(C)(C)C)C(C)(C)C,Cc1cc(O)c(C(C)(C)C)cc1Sc1cc(C(C)(C)C)c(O)cc1C,0
2548,Oc1ncc(F)c(O)n1,Oc1ncc(F)c(O)n1,0
2284,C=CCCC1CO1,C=CCCC1CO1,1
3265,CCN(N)CC,CCN(N)CC,0
5668,Cc1c2ccccc2c(C)c3c4C=CC(=O)C(=O)c4ccc13,Cc1c2ccccc2c(C)c2c3c(ccc12)C(=O)C(=O)C=C3,0
3409,C=CCCCC[C@H]1CO1,C=CCCCC[C@H]1CO1,1
6919,CC(=O)C1C(=O)OC(=CC1=O)C,CC(=O)C1C(=O)C=C(C)OC1=O,0
785,CC(=O)c1cc(Cc2ccc(N)c(c2)C(=O)C)ccc1N,CC(=O)c1cc(Cc2ccc(N)c(C(C)=O)c2)ccc1N,1
593,Nc1cc(N)c(cc1N=Nc2ccc(cc2)S(=O)(=O)N)N=Nc3ccc(cc3)S(=O)(=O)N,Nc1cc(N)c(N=Nc2ccc(S(N)(=O)=O)cc2)cc1N=Nc1ccc(S(N)(=O)=O)cc1,1
3577,Cc1c2C3NC3c4ccccc4c2c(C)c5ccccc15,Cc1c2c(c(C)c3ccccc13)C1NC1c1ccccc1-2,1
1854,c1ccc2c(c1)cc3sc4cccc5ccc2c3c45,c1ccc2c(c1)cc1sc3cccc4ccc2c1c43,1
6369,CCCCNC(=O)\C=C\c1oc(cc1)[N+](=O)[O-],CCCCNC(=O)/C=C/c1ccc([N+](=O)[O-])o1,1
6158,[O-][N+](=O)C1=Cc2ccc3ccc4cccc5cc1c2c3c45,O=[N+]([O-])C1=Cc2ccc3ccc4cccc5cc1c2c3c45,1